down_t1,down_t2,down_t3,up_t1,up_t2,up_t3,down_class_t1,down_class_t2,down_class_t3,up_class_t1,up_class_t2,up_class_t3,down_delta1,down_delta2,up_delta1,up_delta2,avg_down,avg_up,burst_down,burst_up,ratio,priority,protocol,next_down_class,next_up_class
1031214.3,3404.3,4067.6,89757.1,365.2,336.2,3,0,0,1,0,0,-1027810.0,663.2999999999997,-89391.90000000001,-29.0,346228.73333333334,30152.833333333332,1027810.0,89420.90000000001,0.08263284667944748,1,22,0,0
3404.3,4067.6,5216.6,365.2,336.2,4950.0,0,0,0,0,0,0,663.2999999999997,1149.0000000000005,-29.0,4613.8,4229.5,1883.8,1812.3000000000002,4613.8,0.9487120515179392,1,22,0,0
4067.6,5216.6,4734.7,336.2,4950.0,7303.9,0,0,0,0,0,0,1149.0000000000005,-481.90000000000055,4613.8,2353.8999999999996,4672.966666666667,4196.7,1149.0000000000005,6967.7,1.5423063116329159,1,22,0,0
5216.6,4734.7,6456.3,4950.0,7303.9,6313.4,0,0,0,0,0,0,-481.90000000000055,1721.6000000000004,2353.8999999999996,-990.5,5469.2,6189.099999999999,1721.6000000000004,2353.8999999999996,0.9777151441004753,1,22,0,0
4734.7,6456.3,1000.4,7303.9,6313.4,6704.8,0,0,0,0,0,0,1721.6000000000004,-5455.900000000001,-990.5,391.40000000000055,4063.7999999999997,6774.033333333333,5455.900000000001,990.5,6.69542640303575,1,22,0,0
6456.3,1000.4,629.1,6313.4,6704.8,767.3,0,0,0,0,0,0,-5455.900000000001,-371.29999999999995,391.40000000000055,-5937.5,2695.266666666667,4595.166666666667,5827.2,5937.5,1.2177432153626406,1,22,0,0
1000.4,629.1,3058.3,6704.8,767.3,3247.8,0,0,0,0,0,0,-371.29999999999995,2429.2000000000003,-5937.5,2480.5,1562.6000000000001,3573.3000000000006,2429.2000000000003,5937.5,1.0616154022161932,1,22,3,1
629.1,3058.3,827530.7,767.3,3247.8,97446.0,0,0,3,0,0,1,2429.2000000000003,824472.3999999999,2480.5,94198.2,277072.7,33820.36666666667,826901.6,96678.7,0.11775500563905891,3,0,0,0
3058.3,827530.7,3348.1,3247.8,97446.0,5822.9,0,3,0,0,1,0,824472.3999999999,-824182.6,94198.2,-91623.1,277979.0333333333,35505.566666666666,824472.3999999999,94198.2,1.7386462034576453,1,22,1,0
827530.7,3348.1,173032.8,97446.0,5822.9,47033.5,3,0,1,1,0,0,-824182.6,169684.69999999998,-91623.1,41210.6,334637.19999999995,50100.799999999996,824182.6,91623.1,0.2718168357858407,2,6,0,0
3348.1,173032.8,13935.8,5822.9,47033.5,19776.1,0,1,0,0,0,0,169684.69999999998,-159097.0,41210.6,-27257.4,63438.899999999994,24210.833333333332,169684.69999999998,41210.6,1.4189842718558061,2,6,0,0
173032.8,13935.8,684.3,47033.5,19776.1,2171.8,1,0,0,0,0,0,-159097.0,-13251.5,-27257.4,-17604.3,62550.96666666665,22993.800000000003,172348.5,44861.7,3.1691230118196416,1,22,0,0
13935.8,684.3,2259.9,19776.1,2171.8,5757.6,0,0,0,0,0,0,-13251.5,1575.6000000000001,-17604.3,3585.8,5626.666666666667,9235.166666666666,13251.5,17604.3,2.5465964881241985,1,22,0,0
684.3,2259.9,2271.5,2171.8,5757.6,1545.6,0,0,0,0,0,0,1575.6000000000001,11.599999999999909,3585.8,-4212.0,1738.5666666666666,3158.3333333333335,1587.2,4212.0,0.6801320132013201,1,22,0,0
2259.9,2271.5,7496.4,5757.6,1545.6,5867.5,0,0,0,0,0,0,11.599999999999909,5224.9,-4212.0,4321.9,4009.2666666666664,4390.233333333334,5236.5,4321.9,0.7826046362739083,1,22,0,0
2271.5,7496.4,880.6,1545.6,5867.5,4388.3,0,0,0,0,0,0,5224.9,-6615.799999999999,4321.9,-1479.1999999999998,3549.5,3933.8000000000006,6615.799999999999,4321.9,4.977654264972776,1,22,0,0
7496.4,880.6,3066.7,5867.5,4388.3,8906.8,0,0,0,0,0,0,-6615.799999999999,2186.1,-1479.1999999999998,4518.499999999999,3814.566666666667,6387.533333333333,6615.799999999999,4518.499999999999,2.9034129804087754,1,22,1,1
880.6,3066.7,113605.2,4388.3,8906.8,55399.9,0,0,1,0,0,1,2186.1,110538.5,4518.499999999999,46493.100000000006,39184.166666666664,22898.333333333332,112724.59999999999,51011.6,0.4876485614341471,2,6,0,0
3066.7,113605.2,3902.4,8906.8,55399.9,993.3,0,1,0,0,1,0,110538.5,-109702.8,46493.100000000006,-54406.6,40191.43333333333,21766.666666666668,110538.5,54406.6,0.254470461648819,1,22,0,0
113605.2,3902.4,2557.9,55399.9,993.3,2482.9,1,0,0,1,0,0,-109702.8,-1344.5,-54406.6,1489.6000000000001,40021.83333333333,19625.36666666667,111047.3,54406.6,0.9702997381687444,1,22,0,0
3902.4,2557.9,7546.1,993.3,2482.9,7899.7,0,0,0,0,0,0,-1344.5,4988.200000000001,1489.6000000000001,5416.799999999999,4668.8,3791.9666666666667,4988.200000000001,6906.4,1.0467199321593723,1,22,0,0
2557.9,7546.1,3960.2,2482.9,7899.7,2829.9,0,0,0,0,0,0,4988.200000000001,-3585.9000000000005,5416.799999999999,-5069.799999999999,4688.066666666667,4404.166666666667,4988.200000000001,5416.799999999999,0.7144047258406544,1,22,2,0
7546.1,3960.2,394138.9,7899.7,2829.9,16919.6,0,0,2,0,0,0,-3585.9000000000005,390178.7,-5069.799999999999,14089.699999999999,135215.06666666668,9216.4,390178.7,14089.699999999999,0.04292790453339029,4,8,0,0
3960.2,394138.9,4512.9,2829.9,16919.6,2438.4,0,2,0,0,0,0,390178.7,-389626.0,14089.699999999999,-14481.199999999999,134204.00000000003,7395.966666666667,390178.7,14481.199999999999,0.5401980548970957,1,22,0,0
394138.9,4512.9,4492.2,16919.6,2438.4,2426.4,2,0,0,0,0,0,-389626.0,-20.699999999999818,-14481.199999999999,-12.0,134381.33333333334,7261.466666666667,389646.7,14493.199999999999,0.5400160242143685,1,22,0,0
4512.9,4492.2,7980.4,2438.4,2426.4,4634.8,0,0,0,0,0,0,-20.699999999999818,3488.2,-12.0,2208.4,5661.833333333333,3166.5333333333333,3488.2,2208.4,0.5807001277971283,1,22,0,0
4492.2,7980.4,424.6,2426.4,4634.8,1075.9,0,0,0,0,0,0,3488.2,-7555.799999999999,2208.4,-3558.9,4299.066666666667,2712.366666666667,7555.799999999999,3558.9,2.5279605263157894,1,22,1,0
7980.4,424.6,159455.5,4634.8,1075.9,34928.5,0,0,1,0,0,0,-7555.799999999999,159030.9,-3558.9,33852.6,55953.5,13546.4,159030.9,33852.6,0.2190472009607636,2,6,0,0
424.6,159455.5,3083.9,1075.9,34928.5,8965.5,0,1,0,0,0,0,159030.9,-156371.6,33852.6,-25963.0,54321.333333333336,14989.966666666667,159030.9,33852.6,2.9062530389964016,1,22,0,0
159455.5,3083.9,4856.3,34928.5,8965.5,5171.6,1,0,0,0,0,0,-156371.6,1772.4,-25963.0,-3793.8999999999996,55798.56666666666,16355.199999999999,156371.6,29756.9,1.06470673007638,1,22,0,0
3083.9,4856.3,5779.7,8965.5,5171.6,6167.2,0,0,0,0,0,0,1772.4,923.3999999999996,-3793.8999999999996,995.5999999999995,4573.3,6768.099999999999,2695.7999999999997,3793.8999999999996,1.066860414828654,1,22,0,0
4856.3,5779.7,1356.1,5171.6,6167.2,3863.7,0,0,0,0,0,0,923.3999999999996,-4423.6,995.5999999999995,-2303.5,3997.366666666667,5067.5,4423.6,2303.5,2.8470267482131013,1,22,0,0
5779.7,1356.1,3506.4,6167.2,3863.7,4138.1,0,0,0,0,0,0,-4423.6,2150.3,-2303.5,274.40000000000055,3547.3999999999996,4723.0,4423.6,2303.5,1.1798198095455323,1,22,1,0
1356.1,3506.4,176412.1,3863.7,4138.1,46874.5,0,0,1,0,0,0,2150.3,172905.7,274.40000000000055,42736.4,60424.86666666667,18292.100000000002,175056.0,43010.8,0.2657087257125463,5,14,0,0
3506.4,176412.1,917.9,4138.1,46874.5,5480.1,0,1,0,0,0,0,172905.7,-175494.2,42736.4,-41394.4,60278.799999999996,18830.899999999998,175494.2,42736.4,5.963761018609207,1,22,0,0
176412.1,917.9,632.0,46874.5,5480.1,976.5,1,0,0,0,0,0,-175494.2,-285.9,-41394.4,-4503.6,59320.666666666664,17777.033333333333,175780.1,45898.0,1.542654028436019,1,22,0,0
917.9,632.0,789.6,5480.1,976.5,4586.9,0,0,0,0,0,0,-285.9,157.60000000000002,-4503.6,3610.3999999999996,779.8333333333334,3681.1666666666665,285.9,4503.6,5.801796104224639,1,22,0,0
632.0,789.6,3899.8,976.5,4586.9,3205.6,0,0,0,0,0,0,157.60000000000002,3110.2000000000003,3610.3999999999996,-1381.2999999999997,1773.8,2923.0,3267.8,3610.3999999999996,0.821780147662018,1,22,0,0
789.6,3899.8,2627.0,4586.9,3205.6,273.3,0,0,0,0,0,0,3110.2000000000003,-1272.8000000000002,-1381.2999999999997,-2932.2999999999997,2438.8,2688.6,3110.2000000000003,4313.599999999999,0.10399543378995434,1,22,3,0
3899.8,2627.0,709041.4,3205.6,273.3,42424.9,0,0,3,0,0,0,-1272.8000000000002,706414.4,-2932.2999999999997,42151.6,238522.73333333337,15301.266666666668,706414.4,42151.6,0.05983408044427244,4,8,0,0
2627.0,709041.4,422.9,273.3,42424.9,6158.3,0,3,0,0,0,0,706414.4,-708618.5,42151.6,-36266.6,237363.7666666667,16285.500000000002,708618.5,42151.6,14.527718801604154,1,22,0,1
709041.4,422.9,26274.2,42424.9,6158.3,78038.7,3,0,0,0,0,1,-708618.5,25851.3,-36266.6,71880.4,245246.16666666666,42207.299999999996,708618.5,71880.4,2.9700516075995615,5,14,0,0
422.9,26274.2,6096.8,6158.3,78038.7,6915.9,0,0,0,0,1,0,25851.3,-20177.4,71880.4,-71122.8,10931.300000000001,30370.966666666664,25851.3,71880.4,1.1341631408048805,1,22,0,0
26274.2,6096.8,3828.5,78038.7,6915.9,4993.3,0,0,0,1,0,0,-20177.4,-2268.3,-71122.8,-1922.5999999999995,12066.5,29982.63333333333,22445.7,73045.4,1.303903903903904,1,22,0,0
6096.8,3828.5,6985.8,6915.9,4993.3,3865.9,0,0,0,0,0,0,-2268.3,3157.3,-1922.5999999999995,-1127.4,5637.033333333333,5258.366666666667,3157.3,3049.9999999999995,0.5533148222362169,1,22,0,0
3828.5,6985.8,4337.4,4993.3,3865.9,6596.4,0,0,0,0,0,0,3157.3,-2648.4000000000005,-1127.4,2730.4999999999995,5050.566666666667,5151.866666666667,3157.3,2730.4999999999995,1.5204683754379495,1,22,0,0
6985.8,4337.4,2528.1,3865.9,6596.4,8956.8,0,0,0,0,0,0,-2648.4000000000005,-1809.2999999999997,2730.4999999999995,2360.3999999999996,4617.1,6473.033333333333,4457.700000000001,5090.9,3.541496975208572,1,22,1,0
4337.4,2528.1,90429.5,6596.4,8956.8,42370.9,0,0,1,0,0,0,-1809.2999999999997,87901.4,2360.3999999999996,33414.100000000006,32431.666666666668,19308.033333333333,87901.4,35774.5,0.46854656338292944,2,6,0,0
2528.1,90429.5,1836.3,8956.8,42370.9,3109.0,0,1,0,0,0,0,87901.4,-88593.2,33414.100000000006,-39261.9,31597.96666666667,18145.566666666666,88593.2,39261.9,1.6921569694660643,1,22,0,0
90429.5,1836.3,1173.7,42370.9,3109.0,1360.3,1,0,0,0,0,0,-88593.2,-662.5999999999999,-39261.9,-1748.7,31146.5,15613.400000000001,89255.8,41010.6,1.1579977866689366,1,22,0,0
1836.3,1173.7,5067.3,3109.0,1360.3,2137.6,0,0,0,0,0,0,-662.5999999999999,3893.6000000000004,-1748.7,777.3,2692.4333333333334,2202.2999999999997,3893.6000000000004,1748.7,0.42175877513170096,1,22,3,0
1173.7,5067.3,694726.6,1360.3,2137.6,8188.6,0,0,3,0,0,0,3893.6000000000004,689659.2999999999,777.3,6051.0,233655.86666666667,3895.5,693552.9,6828.3,0.011786778011986281,4,8,0,0
5067.3,694726.6,5368.4,2137.6,8188.6,2006.7,0,3,0,0,0,0,689659.2999999999,-689358.2,6051.0,-6181.900000000001,235054.1,4110.966666666667,689659.2999999999,6181.900000000001,0.37372890825790595,1,22,0,0
694726.6,5368.4,7487.3,8188.6,2006.7,5182.3,3,0,0,0,0,0,-689358.2,2118.9000000000005,-6181.900000000001,3175.6000000000004,235860.7666666667,5125.866666666668,689358.2,6181.900000000001,0.6920529359133581,1,22,0,0
5368.4,7487.3,4724.9,2006.7,5182.3,5671.7,0,0,0,0,0,0,2118.9000000000005,-2762.4000000000005,3175.6000000000004,489.39999999999964,5860.2,4286.900000000001,2762.4000000000005,3665.0,1.2001311919422757,1,22,0,0
7487.3,4724.9,820.6,5182.3,5671.7,3936.4,0,0,0,0,0,0,-2762.4000000000005,-3904.2999999999997,489.39999999999964,-1735.2999999999997,4344.266666666667,4930.133333333333,6666.7,1735.2999999999997,4.791139240506329,1,22,0,0
4724.9,820.6,2844.8,5671.7,3936.4,5130.6,0,0,0,0,0,0,-3904.2999999999997,2024.2000000000003,-1735.2999999999997,1194.2000000000003,2796.7666666666664,4912.900000000001,3904.2999999999997,1735.2999999999997,1.8028673835125448,1,22,1,0
820.6,2844.8,196912.2,3936.4,5130.6,9676.6,0,0,1,0,0,0,2024.2000000000003,194067.40000000002,1194.2000000000003,4546.0,66859.2,6247.866666666666,196091.6,5740.200000000001,0.049141449125807715,2,6,0,0
2844.8,196912.2,2088.7,5130.6,9676.6,6045.5,0,1,0,0,0,0,194067.40000000002,-194823.5,4546.0,-3631.1000000000004,67281.90000000001,6950.900000000001,194823.5,4546.0,2.8929989950710633,1,22,0,0
196912.2,2088.7,1562.2,9676.6,6045.5,4092.7,1,0,0,0,0,0,-194823.5,-526.4999999999998,-3631.1000000000004,-1952.8000000000002,66854.36666666668,6604.933333333333,195350.0,5583.900000000001,2.6181550665301945,1,22,0,0
2088.7,1562.2,1729.0,6045.5,4092.7,1823.7,0,0,0,0,0,0,-526.4999999999998,166.79999999999995,-1952.8000000000002,-2269.0,1793.3,3987.3000000000006,526.4999999999998,4221.8,1.0541618497109826,1,22,2,0
1562.2,1729.0,382348.1,4092.7,1823.7,43760.7,0,0,2,0,0,0,166.79999999999995,380619.1,-2269.0,41937.0,128546.43333333333,16559.033333333333,380785.89999999997,41937.0,0.11445221134298472,4,8,0,0
1729.0,382348.1,281.4,1823.7,43760.7,5995.7,0,2,0,0,0,0,380619.1,-382066.69999999995,41937.0,-37765.0,128119.5,17193.366666666665,382066.69999999995,41937.0,21.231232294617566,1,22,0,0
382348.1,281.4,4848.1,43760.7,5995.7,3712.8,2,0,0,0,0,0,-382066.69999999995,4566.700000000001,-37765.0,-2282.8999999999996,129159.2,17823.066666666666,382066.69999999995,40047.899999999994,0.7656678558907838,1,22,0,0
281.4,4848.1,914.9,5995.7,3712.8,1994.0,0,0,0,0,0,0,4566.700000000001,-3933.2000000000003,-2282.8999999999996,-1718.8000000000002,2014.8,3900.8333333333335,4566.700000000001,4001.7,2.1770935691669395,1,22,0,0
4848.1,914.9,3238.3,3712.8,1994.0,621.9,0,0,0,0,0,0,-3933.2000000000003,2323.4,-1718.8000000000002,-1372.1,3000.433333333333,2109.5666666666666,3933.2000000000003,3090.9,0.1919859228845738,1,22,0,0
914.9,3238.3,5913.0,1994.0,621.9,1929.9,0,0,0,0,0,0,2323.4,2674.7,-1372.1,1308.0,3355.4,1515.2666666666667,4998.1,1372.1,0.32632735880960434,1,22,1,1
3238.3,5913.0,152852.3,621.9,1929.9,96141.3,0,0,1,0,0,1,2674.7,146939.3,1308.0,94211.40000000001,54001.19999999999,32897.700000000004,149614.0,95519.40000000001,0.6289775883150708,5,1,1,1
5913.0,152852.3,199130.3,1929.9,96141.3,87807.6,0,1,1,0,1,1,146939.3,46278.0,94211.40000000001,-8333.699999999997,119298.53333333333,61959.6,193217.3,94211.40000000001,0.440953280574174,5,14,2,0
152852.3,199130.3,274455.4,96141.3,87807.6,33187.2,1,1,2,1,1,0,46278.0,75325.10000000003,-8333.699999999997,-54620.40000000001,208812.66666666666,72378.70000000001,121603.10000000003,62954.100000000006,0.12091975264559324,3,0,2,1
199130.3,274455.4,447508.2,87807.6,33187.2,185548.8,1,2,2,1,0,1,75325.10000000003,173052.8,-54620.40000000001,152361.59999999998,307031.3,102181.2,248377.90000000002,152361.59999999998,0.41462566579636795,1,5,1,1
274455.4,447508.2,132889.6,33187.2,185548.8,60496.9,2,2,1,0,1,1,173052.8,-314618.6,152361.59999999998,-125051.9,284951.0666666667,93077.63333333335,314618.6,152361.59999999998,0.4552383690042787,3,0,0,0
447508.2,132889.6,4268.0,185548.8,60496.9,986.7,2,1,0,1,1,0,-314618.6,-128621.6,-125051.9,-59510.200000000004,194888.6,82344.13333333333,443240.2,184562.09999999998,0.23113141250878427,1,22,1,1
132889.6,4268.0,148066.9,60496.9,986.7,96456.2,1,0,1,1,0,1,-128621.6,143798.9,-59510.200000000004,95469.5,95074.83333333333,52646.6,143798.9,95469.5,0.6514322145448136,1,5,0,0
4268.0,148066.9,3385.8,986.7,96456.2,1449.5,0,1,0,0,1,0,143798.9,-144681.1,95469.5,-95006.7,51906.899999999994,32964.13333333333,144681.1,95469.5,0.42798511869611433,1,22,0,0
148066.9,3385.8,7127.8,96456.2,1449.5,2291.3,1,0,0,1,0,0,-144681.1,3742.0,-95006.7,841.8000000000002,52860.16666666666,33399.0,144681.1,95006.7,0.3214145438222422,1,22,0,0
3385.8,7127.8,3108.3,1449.5,2291.3,2544.4,0,0,0,0,0,0,3742.0,-4019.5,841.8000000000002,253.0999999999999,4540.633333333334,2095.066666666667,4019.5,1094.9,0.8183192358408645,1,22,0,0
7127.8,3108.3,2628.2,2291.3,2544.4,5611.5,0,0,0,0,0,0,-4019.5,-480.10000000000036,253.0999999999999,3067.1,4288.099999999999,3482.4,4499.6,3320.2,2.134299406663624,1,22,0,0
3108.3,2628.2,5743.7,2544.4,5611.5,2224.3,0,0,0,0,0,0,-480.10000000000036,3115.5,3067.1,-3387.2,3826.7333333333336,3460.066666666667,3115.5,3387.2,0.38719167232405527,1,22,0,0
2628.2,5743.7,4056.4,5611.5,2224.3,2170.0,0,0,0,0,0,0,3115.5,-1687.2999999999997,-3387.2,-54.30000000000018,4142.766666666666,3335.2666666666664,3115.5,3441.5,0.5348252575540987,1,22,0,0
5743.7,4056.4,4531.0,2224.3,2170.0,600.5,0,0,0,0,0,0,-1687.2999999999997,474.5999999999999,-54.30000000000018,-1569.5,4777.033333333334,1664.9333333333334,1687.2999999999997,1623.8000000000002,0.13250220653133274,1,22,0,0
4056.4,4531.0,5990.9,2170.0,600.5,6973.1,0,0,0,0,0,0,474.5999999999999,1459.8999999999996,-1569.5,6372.6,4859.433333333333,3247.866666666667,1934.4999999999995,6372.6,1.1637544017757306,1,22,0,0
4531.0,5990.9,1744.6,600.5,6973.1,2460.3,0,0,0,0,0,0,1459.8999999999996,-4246.299999999999,6372.6,-4512.8,4088.8333333333335,3344.6333333333337,4246.299999999999,6372.6,1.4094294225481212,1,22,1,1
5990.9,1744.6,177364.2,6973.1,2460.3,133097.8,0,0,1,0,0,1,-4246.299999999999,175619.6,-4512.8,130637.49999999999,61699.9,47510.399999999994,175619.6,130637.49999999999,0.7504166544508166,5,14,0,0
1744.6,177364.2,1013.9,2460.3,133097.8,5852.8,0,1,0,0,1,0,175619.6,-176350.30000000002,130637.49999999999,-127244.99999999999,60040.9,47136.96666666665,176350.30000000002,130637.49999999999,5.766873583604296,1,22,1,1
177364.2,1013.9,124277.2,133097.8,5852.8,79004.2,1,0,1,1,0,1,-176350.30000000002,123263.3,-127244.99999999999,73151.4,100885.09999999999,72651.59999999999,176350.30000000002,127244.99999999999,0.6357044115540779,2,6,0,1
1013.9,124277.2,6525.5,5852.8,79004.2,65734.1,0,1,0,0,1,1,123263.3,-117751.7,73151.4,-13270.099999999991,43938.86666666666,50197.03333333333,123263.3,73151.4,10.071876197042826,2,6,0,0
124277.2,6525.5,4007.3,79004.2,65734.1,6578.6,1,0,0,1,1,0,-117751.7,-2518.2,-13270.099999999991,-59155.50000000001,44936.666666666664,50438.96666666667,120269.9,72425.59999999999,1.6412444178329966,1,22,0,0
6525.5,4007.3,967.7,65734.1,6578.6,1052.6,0,0,0,1,0,0,-2518.2,-3039.6000000000004,-59155.50000000001,-5526.0,3833.5,24455.100000000006,5557.8,64681.50000000001,1.086610921854031,1,22,0,0
4007.3,967.7,1383.6,6578.6,1052.6,3648.7,0,0,0,0,0,0,-3039.6000000000004,415.89999999999986,-5526.0,2596.1,2119.5333333333333,3759.966666666667,3039.6000000000004,5526.0,2.635201502238914,1,22,2,1
967.7,1383.6,345216.1,1052.6,3648.7,65252.6,0,0,2,0,0,1,415.89999999999986,343832.5,2596.1,61603.9,115855.79999999999,23317.966666666664,344248.39999999997,64200.0,0.18901902599842246,3,0,0,0
1383.6,345216.1,3933.8,3648.7,65252.6,8157.5,0,2,0,0,1,0,343832.5,-341282.3,61603.9,-57095.1,116844.49999999999,25686.266666666666,343832.5,61603.9,2.0731676324082544,1,22,0,0
345216.1,3933.8,552.3,65252.6,8157.5,1751.9,2,0,0,1,0,0,-341282.3,-3381.5,-57095.1,-6405.6,116567.39999999998,25054.0,344663.8,63500.7,3.1662750768118566,1,22,0,0
3933.8,552.3,78.2,8157.5,1751.9,6963.0,0,0,0,0,0,0,-3381.5,-474.09999999999997,-6405.6,5211.1,1521.4333333333334,5624.133333333334,3855.6000000000004,6405.6,87.91666666666666,1,22,1,1
552.3,78.2,56081.3,1751.9,6963.0,59816.0,0,0,1,0,0,1,-474.09999999999997,56003.100000000006,5211.1,52853.0,18903.933333333334,22843.63333333333,56003.100000000006,58064.1,1.0665753722654028,2,6,0,0
78.2,56081.3,2155.6,6963.0,59816.0,107.5,0,1,0,0,1,0,56003.100000000006,-53925.700000000004,52853.0,-59708.5,19438.366666666665,22295.5,56003.100000000006,59708.5,0.04984698135954744,1,22,0,0
56081.3,2155.6,7070.7,59816.0,107.5,8145.0,1,0,0,1,0,0,-53925.700000000004,4915.1,-59708.5,8037.5,21769.2,22689.5,53925.700000000004,59708.5,1.1517739723121738,1,22,0,0
2155.6,7070.7,4177.9,107.5,8145.0,3515.9,0,0,0,0,0,0,4915.1,-2892.8,8037.5,-4629.1,4468.066666666667,3922.7999999999997,4915.1,8037.5,0.8413458087056404,1,22,0,0
7070.7,4177.9,1063.2,8145.0,3515.9,2843.5,0,0,0,0,0,0,-2892.8,-3114.7,-4629.1,-672.4000000000001,4103.933333333333,4834.8,6007.5,5301.5,2.6719601578650627,1,22,0,0
4177.9,1063.2,1602.4,3515.9,2843.5,1298.0,0,0,0,0,0,0,-3114.7,539.2,-672.4000000000001,-1545.5,2281.1666666666665,2552.4666666666667,3114.7,2217.9,0.8095297492827741,1,22,0,0
1063.2,1602.4,459.6,2843.5,1298.0,411.8,0,0,0,0,0,0,539.2,-1142.8000000000002,-1545.5,-886.2,1041.7333333333333,1517.7666666666667,1142.8000000000002,2431.7,0.8940512375162831,1,22,0,0
1602.4,459.6,6251.9,1298.0,411.8,7968.8,0,0,0,0,0,0,-1142.8000000000002,5792.299999999999,-886.2,7557.0,2771.2999999999997,3226.2000000000003,5792.299999999999,7557.0,1.2744166706648117,1,22,0,0
459.6,6251.9,3754.3,411.8,7968.8,1166.4,0,0,0,0,0,0,5792.299999999999,-2497.5999999999995,7557.0,-6802.4,3488.6,3182.3333333333335,5792.299999999999,7557.0,0.31060101722898303,1,22,1,1
6251.9,3754.3,174275.1,7968.8,1166.4,146668.8,0,0,1,0,0,1,-2497.5999999999995,170520.80000000002,-6802.4,145502.4,61427.100000000006,51934.666666666664,170520.80000000002,145502.4,0.8415887204269547,5,14,2,0
3754.3,174275.1,267982.4,1166.4,146668.8,24461.5,0,1,2,0,1,0,170520.80000000002,93707.30000000002,145502.4,-122207.29999999999,148670.6,57432.23333333333,264228.10000000003,145502.4,0.09127990763606998,5,1,2,1
174275.1,267982.4,531668.9,146668.8,24461.5,93427.5,1,2,2,1,0,1,93707.30000000002,263686.5,-122207.29999999999,68966.0,324642.13333333336,88185.93333333333,357393.80000000005,122207.29999999999,0.17572463665894947,3,0,2,1
267982.4,531668.9,263297.3,24461.5,93427.5,165934.9,2,2,2,0,1,1,263686.5,-268371.60000000003,68966.0,72507.4,354316.2,94607.96666666667,268371.60000000003,141473.4,0.6302163743556263,5,1,0,0
531668.9,263297.3,6309.6,93427.5,165934.9,1062.1,2,2,0,1,1,0,-268371.60000000003,-256987.69999999998,72507.4,-164872.8,267091.9333333333,86808.16666666667,525359.3,164872.8,0.16830412322124677,1,22,0,0
263297.3,6309.6,1724.3,165934.9,1062.1,372.5,2,0,0,1,0,0,-256987.69999999998,-4585.3,-164872.8,-689.5999999999999,90443.73333333332,55789.833333333336,261573.0,165562.4,0.21590448038022372,1,22,1,1
6309.6,1724.3,154281.9,1062.1,372.5,74934.4,0,0,1,0,0,1,-4585.3,152557.6,-689.5999999999999,74561.9,54105.26666666666,25456.333333333332,152557.6,74561.9,0.48569478535858474,5,1,1,0
1724.3,154281.9,91450.8,372.5,74934.4,24259.6,0,1,1,0,1,0,152557.6,-62831.09999999999,74561.9,-50674.799999999996,82485.66666666667,33188.833333333336,152557.6,74561.9,0.2652719793377495,5,1,0,0
154281.9,91450.8,2659.7,74934.4,24259.6,7792.7,1,1,0,1,0,0,-62831.09999999999,-88791.1,-50674.799999999996,-16466.899999999998,82797.46666666667,35662.23333333333,151622.19999999998,67141.7,2.928815725185102,1,22,2,2
91450.8,2659.7,267475.0,24259.6,7792.7,210370.4,1,0,2,0,0,2,-88791.1,264815.3,-16466.899999999998,202577.69999999998,120528.5,80807.56666666667,264815.3,202577.69999999998,0.7865019665315767,1,5,0,0
2659.7,267475.0,5888.4,7792.7,210370.4,3799.9,0,2,0,0,2,0,264815.3,-261586.6,202577.69999999998,-206570.5,92007.70000000001,73987.66666666667,264815.3,206570.5,0.645210038374028,1,22,0,1
267475.0,5888.4,31914.9,210370.4,3799.9,145856.1,2,0,0,2,0,1,-261586.6,26026.5,-206570.5,142056.2,101759.43333333335,120008.8,261586.6,206570.5,4.570013692234904,5,14,0,0
5888.4,31914.9,7702.1,3799.9,145856.1,2462.7,0,0,0,0,1,0,26026.5,-24212.800000000003,142056.2,-143393.4,15168.466666666667,50706.23333333334,26026.5,143393.4,0.31970245745219456,1,22,0,0
31914.9,7702.1,3504.8,145856.1,2462.7,6584.1,0,0,0,1,0,0,-24212.800000000003,-4197.3,-143393.4,4121.400000000001,14373.933333333334,51634.30000000001,28410.100000000002,143393.4,1.8780592161560843,1,22,0,0
7702.1,3504.8,3668.8,2462.7,6584.1,3628.8,0,0,0,0,0,0,-4197.3,164.0,4121.400000000001,-2955.3,4958.566666666667,4225.2,4197.3,4121.400000000001,0.9888277290315548,1,22,0,0
3504.8,3668.8,3493.4,6584.1,3628.8,1857.6,0,0,0,0,0,0,164.0,-175.4000000000001,-2955.3,-1771.2000000000003,3555.6666666666665,4023.5000000000005,175.4000000000001,4726.5,0.5315934065934066,1,22,1,1
3668.8,3493.4,52452.4,3628.8,1857.6,92929.6,0,0,1,0,0,1,-175.4000000000001,48959.0,-1771.2000000000003,91072.0,19871.533333333336,32805.333333333336,48959.0,91072.0,1.7716601783678465,3,0,0,0
3493.4,52452.4,3605.6,1857.6,92929.6,4464.6,0,1,0,0,1,0,48959.0,-48846.8,91072.0,-88465.0,19850.466666666667,33083.93333333334,48959.0,91072.0,1.2378971884877725,1,22,1,0
52452.4,3605.6,76023.2,92929.6,4464.6,7458.0,1,0,1,1,0,0,-48846.8,72417.59999999999,-88465.0,2993.3999999999996,44027.06666666667,34950.73333333334,72417.59999999999,88465.0,0.09810034173329019,2,6,1,0
3605.6,76023.2,69389.0,4464.6,7458.0,26485.4,0,1,1,0,0,0,72417.59999999999,-6634.199999999997,2993.3999999999996,19027.4,49672.6,12802.666666666666,72417.59999999999,22020.800000000003,0.3816890041792766,2,6,0,0
76023.2,69389.0,3626.8,7458.0,26485.4,1271.3,1,1,0,0,0,0,-6634.199999999997,-65762.2,19027.4,-25214.100000000002,49679.666666666664,11738.233333333335,72396.4,25214.100000000002,0.3504327691713986,1,22,0,0
69389.0,3626.8,2497.7,26485.4,1271.3,2876.6,1,0,0,0,0,0,-65762.2,-1129.1000000000004,-25214.100000000002,1605.3,25171.166666666668,10211.1,66891.3,25214.100000000002,1.1512386440949294,1,22,0,0
3626.8,2497.7,833.5,1271.3,2876.6,3001.1,0,0,0,0,0,0,-1129.1000000000004,-1664.1999999999998,1605.3,124.5,2319.3333333333335,2383.0,2793.3,1729.8,3.5962852007189934,1,22,1,1
2497.7,833.5,138690.4,2876.6,3001.1,136392.8,0,0,1,0,0,1,-1664.1999999999998,137856.9,124.5,133391.69999999998,47340.53333333333,47423.5,137856.9,133516.19999999998,0.9834265138285431,5,14,0,0
833.5,138690.4,1525.7,3001.1,136392.8,3310.2,0,1,0,0,1,0,137856.9,-137164.69999999998,133391.69999999998,-133082.59999999998,47016.53333333333,47568.03333333333,137856.9,133391.69999999998,2.168205934368245,1,22,0,0
138690.4,1525.7,2331.0,136392.8,3310.2,3926.0,1,0,0,1,0,0,-137164.69999999998,805.3,-133082.59999999998,615.8000000000002,47515.700000000004,47876.333333333336,137164.69999999998,133082.59999999998,1.683533447684391,1,22,0,0
1525.7,2331.0,3283.9,3310.2,3926.0,2816.7,0,0,0,0,0,0,805.3,952.9000000000001,615.8000000000002,-1109.3000000000002,2380.2000000000003,3350.9666666666667,1758.2,1109.3000000000002,0.8574690249322657,1,22,0,0
2331.0,3283.9,1345.1,3926.0,2816.7,3365.0,0,0,0,0,0,0,952.9000000000001,-1938.8000000000002,-1109.3000000000002,548.3000000000002,2320.0,3369.2333333333336,1938.8000000000002,1109.3000000000002,2.499814278285417,1,22,3,0
3283.9,1345.1,647018.6,2816.7,3365.0,12636.1,0,0,3,0,0,0,-1938.8000000000002,645673.5,548.3000000000002,9271.1,217215.86666666667,6272.599999999999,645673.5,9819.400000000001,0.019529702036847108,4,8,0,0
1345.1,647018.6,4147.8,3365.0,12636.1,5733.2,0,3,0,0,0,0,645673.5,-642870.7999999999,9271.1,-6902.900000000001,217503.83333333334,7244.766666666666,645673.5,9271.1,1.381893559583494,1,22,0,0
647018.6,4147.8,4925.1,12636.1,5733.2,5282.9,3,0,0,0,0,0,-642870.7999999999,777.3000000000002,-6902.900000000001,-450.3000000000002,218697.16666666666,7884.066666666666,642870.7999999999,7353.200000000001,1.0724305231318891,1,22,0,0
4147.8,4925.1,48804.9,5733.2,5282.9,17532.1,0,0,0,0,0,0,777.3000000000002,43879.8,-450.3000000000002,12249.199999999999,19292.600000000002,9516.066666666666,44657.1,12249.199999999999,0.35922091386492205,2,6,0,0
4925.1,48804.9,1996.5,5282.9,17532.1,4328.7,0,0,0,0,0,0,43879.8,-46808.4,12249.199999999999,-13203.399999999998,18575.5,9047.9,46808.4,13203.399999999998,2.1670588235294117,1,22,0,0
48804.9,1996.5,456.9,17532.1,4328.7,1716.3,0,0,0,0,0,0,-46808.4,-1539.6,-13203.399999999998,-2612.3999999999996,17086.100000000002,7859.033333333333,48348.0,15815.8,3.748198296571304,1,22,0,1
1996.5,456.9,42914.9,4328.7,1716.3,56315.6,0,0,0,0,0,1,-1539.6,42458.0,-2612.3999999999996,54599.299999999996,15122.766666666668,20786.866666666665,42458.0,54599.299999999996,1.312231597146978,2,6,0,0
456.9,42914.9,1242.6,1716.3,56315.6,3953.5,0,0,0,0,1,0,42458.0,-41672.3,54599.299999999996,-52362.1,14871.466666666667,20661.8,42458.0,54599.299999999996,3.1790768735927952,1,22,0,0
42914.9,1242.6,6020.2,56315.6,3953.5,6953.4,0,0,0,1,0,0,-41672.3,4777.6,-52362.1,2999.8999999999996,16725.899999999998,22407.5,41672.3,52362.1,1.1548196372816049,1,22,0,0
1242.6,6020.2,3429.9,3953.5,6953.4,1665.4,0,0,0,0,0,0,4777.6,-2590.2999999999997,2999.8999999999996,-5288.0,3564.233333333333,4190.766666666666,4777.6,5288.0,0.4854119910227637,1,22,1,0
6020.2,3429.9,108412.0,6953.4,1665.4,17030.6,0,0,1,0,0,0,-2590.2999999999997,104982.1,-5288.0,15365.199999999999,39287.36666666667,8549.8,104982.1,15365.199999999999,0.15709001687989446,5,14,0,0
3429.9,108412.0,6794.3,1665.4,17030.6,4162.5,0,1,0,0,0,0,104982.1,-101617.7,15365.199999999999,-12868.099999999999,39545.4,7619.5,104982.1,15365.199999999999,0.6125557370535517,1,22,2,1
108412.0,6794.3,210246.0,17030.6,4162.5,197820.6,1,0,2,0,0,1,-101617.7,203451.7,-12868.099999999999,193658.1,108484.09999999999,73004.56666666667,203451.7,193658.1,0.9408961840121381,5,1,0,0
6794.3,210246.0,4751.7,4162.5,197820.6,5354.0,0,2,0,0,1,0,203451.7,-205494.3,193658.1,-192466.6,73930.66666666667,69112.36666666667,205494.3,193658.1,1.1265175584404654,1,22,0,0
210246.0,4751.7,3604.8,197820.6,5354.0,3053.4,2,0,0,1,0,0,-205494.3,-1146.8999999999996,-192466.6,-2300.6,72867.5,68742.66666666667,206641.2,194767.2,0.8468023739530756,1,22,0,0
4751.7,3604.8,2784.6,5354.0,3053.4,3599.1,0,0,0,0,0,0,-1146.8999999999996,-820.2000000000003,-2300.6,545.6999999999998,3713.7000000000003,4002.1666666666665,1967.1,2300.6,1.2920376220562895,1,22,3,0
3604.8,2784.6,738277.9,3053.4,3599.1,29623.2,0,0,3,0,0,0,-820.2000000000003,735493.3,545.6999999999998,26024.100000000002,248222.43333333335,12091.9,735493.3,26569.8,0.04012467375134248,3,0,0,0
2784.6,738277.9,5119.4,3599.1,29623.2,6915.7,0,3,0,0,0,0,735493.3,-733158.5,26024.100000000002,-22707.5,248727.30000000002,13379.333333333334,735493.3,26024.100000000002,1.3506171392859934,1,22,0,0
738277.9,5119.4,3144.9,29623.2,6915.7,1683.9,3,0,0,0,0,0,-733158.5,-1974.4999999999995,-22707.5,-5231.799999999999,248847.40000000002,12740.933333333334,735133.0,27939.3,0.5352681267681745,1,22,0,0
5119.4,3144.9,2321.5,6915.7,1683.9,2518.3,0,0,0,0,0,0,-1974.4999999999995,-823.4000000000001,-5231.799999999999,834.4000000000001,3528.6,3705.966666666667,2797.8999999999996,5231.799999999999,1.0843057050592035,1,22,0,0
3144.9,2321.5,3277.7,1683.9,2518.3,1054.8,0,0,0,0,0,0,-823.4000000000001,956.1999999999998,834.4000000000001,-1463.5000000000002,2914.6999999999994,1752.3333333333337,956.1999999999998,1463.5000000000002,0.321712874004941,1,22,0,0
2321.5,3277.7,5566.9,2518.3,1054.8,6387.1,0,0,0,0,0,0,956.1999999999998,2289.2,-1463.5000000000002,5332.3,3722.033333333333,3320.066666666667,3245.3999999999996,5332.3,1.1471290791860487,1,22,0,0
3277.7,5566.9,3290.4,1054.8,6387.1,4929.2,0,0,0,0,0,0,2289.2,-2276.4999999999995,5332.3,-1457.9000000000005,4044.9999999999995,4123.7,2289.2,5332.3,1.4975998055538675,1,22,0,0
5566.9,3290.4,1304.5,6387.1,4929.2,2999.0,0,0,0,0,0,0,-2276.4999999999995,-1985.9,-1457.9000000000005,-1930.1999999999998,3387.2666666666664,4771.766666666666,4262.4,3388.1000000000004,2.2972041363462274,1,22,2,0
3290.4,1304.5,488059.6,4929.2,2999.0,36298.5,0,0,2,0,0,0,-1985.9,486755.1,-1930.1999999999998,33299.5,164218.16666666666,14742.233333333332,486755.1,33299.5,0.07437293647551145,4,8,0,0
1304.5,488059.6,3851.4,2999.0,36298.5,1583.5,0,2,0,0,0,0,486755.1,-484208.19999999995,33299.5,-34715.0,164405.16666666666,13627.0,486755.1,34715.0,0.41104246703353753,1,22,0,0
488059.6,3851.4,2846.5,36298.5,1583.5,6805.9,2,0,0,0,0,0,-484208.19999999995,-1004.9000000000001,-34715.0,5222.4,164919.16666666666,14895.966666666667,485213.1,34715.0,2.390131694468832,1,22,0,0
3851.4,2846.5,4771.8,1583.5,6805.9,1734.2,0,0,0,0,0,0,-1004.9000000000001,1925.3000000000002,5222.4,-5071.7,3823.2333333333336,3374.5333333333333,1925.3000000000002,5222.4,0.3633506537043245,1,22,3,1
2846.5,4771.8,841891.8,6805.9,1734.2,62309.0,0,0,3,0,0,1,1925.3000000000002,837120.0,-5071.7,60574.8,283170.0333333334,23616.36666666667,839045.3,60574.8,0.07401061037699812,3,0,0,0
4771.8,841891.8,1794.4,1734.2,62309.0,3978.9,0,3,0,0,1,0,837120.0,-840097.4,60574.8,-58330.1,282819.3333333334,22674.03333333333,840097.4,60574.8,2.216163529018603,1,22,0,0
841891.8,1794.4,2722.2,62309.0,3978.9,6144.4,3,0,0,1,0,0,-840097.4,927.7999999999997,-58330.1,2165.4999999999995,282136.13333333336,24144.099999999995,840097.4,58330.1,2.256316098707403,1,22,0,0
1794.4,2722.2,1057.1,3978.9,6144.4,3325.0,0,0,0,0,0,0,927.7999999999997,-1665.1,2165.4999999999995,-2819.3999999999996,1857.9000000000003,4482.766666666666,1665.1,2819.3999999999996,3.142425101597203,1,22,0,0
2722.2,1057.1,4996.9,6144.4,3325.0,340.0,0,0,0,0,0,0,-1665.1,3939.7999999999997,-2819.3999999999996,-2985.0,2925.3999999999996,3269.7999999999997,3939.7999999999997,5804.4,0.06802857200024011,1,22,0,0
1057.1,4996.9,3421.2,3325.0,340.0,287.0,0,0,0,0,0,0,3939.7999999999997,-1575.6999999999998,-2985.0,-53.0,3158.4,1317.3333333333333,3939.7999999999997,3038.0,0.08386418093623985,1,22,0,0
4996.9,3421.2,31461.4,340.0,287.0,38012.5,0,0,0,0,0,0,-1575.6999999999998,28040.2,-53.0,37725.5,13293.166666666666,12879.833333333334,28040.2,37725.5,1.2081881865337671,2,6,0,0
3421.2,31461.4,3063.9,287.0,38012.5,1983.8,0,0,0,0,0,0,28040.2,-28397.5,37725.5,-36028.7,12648.833333333334,13427.766666666668,28397.5,37725.5,0.6472641848021142,1,22,0,0
31461.4,3063.9,4586.5,38012.5,1983.8,2716.0,0,0,0,0,0,0,-28397.5,1522.6,-36028.7,732.2,13037.266666666668,14237.433333333334,28397.5,36028.7,0.5920435967302452,1,22,3,0
3063.9,4586.5,1256290.2,1983.8,2716.0,28965.8,0,0,3,0,0,0,1522.6,1251703.7,732.2,26249.8,421313.53333333327,11221.866666666667,1253226.3,26982.0,0.023056597069214528,3,0,0,0
4586.5,1256290.2,204.1,2716.0,28965.8,4900.8,0,3,0,0,0,0,1251703.7,-1256086.0999999999,26249.8,-24065.0,420360.26666666666,12194.199999999999,1256086.0999999999,26249.8,23.8946855192589,1,22,2,0
1256290.2,204.1,207482.2,28965.8,4900.8,20204.0,3,0,2,0,0,0,-1256086.0999999999,207278.1,-24065.0,15303.2,487992.1666666667,18023.533333333333,1256086.0999999999,24065.0,0.09737655868041364,2,22,2,1
204.1,207482.2,205973.8,4900.8,20204.0,155762.0,0,2,2,0,0,1,207278.1,-1508.4000000000233,15303.2,135558.0,137886.69999999998,60288.93333333333,207278.1,150861.2,0.7562187219019026,5,1,0,0
207482.2,205973.8,47878.5,20204.0,155762.0,12853.2,2,2,0,0,1,0,-1508.4000000000233,-158095.3,135558.0,-142908.8,153778.16666666666,62939.73333333334,159603.7,142908.8,0.26844891863950127,5,14,0,0
205973.8,47878.5,1053.5,155762.0,12853.2,6058.2,2,0,0,1,0,0,-158095.3,-46825.0,-142908.8,-6795.000000000001,84968.59999999999,58224.466666666674,204920.3,149703.8,5.745092460881934,1,22,0,0
47878.5,1053.5,1113.3,12853.2,6058.2,4211.8,0,0,0,0,0,0,-46825.0,59.799999999999955,-6795.000000000001,-1846.3999999999996,16681.766666666666,7707.733333333334,46825.0,8641.400000000001,3.7797720542044337,1,22,2,1
1053.5,1113.3,293294.3,6058.2,4211.8,62688.5,0,0,2,0,0,1,59.799999999999955,292181.0,-1846.3999999999996,58476.7,98487.03333333333,24319.5,292240.8,58476.7,0.2137385085952622,3,0,2,1
1113.3,293294.3,216072.7,4211.8,62688.5,82833.6,0,2,2,0,1,1,292181.0,-77221.59999999998,58476.7,20145.100000000006,170160.1,49911.30000000001,292181.0,78621.8,0.38335808569020663,3,0,1,1
293294.3,216072.7,164859.2,62688.5,82833.6,56419.6,2,2,1,1,1,1,-77221.59999999998,-51213.5,20145.100000000006,-26414.000000000007,224742.06666666665,67313.90000000001,128435.09999999998,26414.000000000007,0.34222692924065357,1,5,0,0
216072.7,164859.2,4089.9,82833.6,56419.6,6711.4,2,1,0,1,1,0,-51213.5,-160769.30000000002,-26414.000000000007,-49708.2,128340.60000000002,48654.86666666667,211982.80000000002,76122.20000000001,1.6405680901513113,1,22,0,0
164859.2,4089.9,4312.9,56419.6,6711.4,624.4,1,0,0,1,0,0,-160769.30000000002,222.99999999999955,-49708.2,-6087.0,57754.0,21251.8,160769.30000000002,55795.2,0.14474141727902826,1,22,1,0
4089.9,4312.9,127312.3,6711.4,624.4,9948.3,0,0,1,0,0,0,222.99999999999955,122999.40000000001,-6087.0,9323.9,45238.36666666667,5761.366666666666,123222.40000000001,9323.9,0.0781403042730021,2,6,3,1
4312.9,127312.3,1282925.2,624.4,9948.3,62039.1,0,1,3,0,0,1,122999.40000000001,1155612.9,9323.9,52090.8,471516.8,24203.933333333334,1278612.3,61414.7,0.048357497103106946,3,0,0,0
127312.3,1282925.2,7871.6,9948.3,62039.1,7065.5,1,3,0,0,1,0,1155612.9,-1275053.5999999999,52090.8,-54973.6,472703.0333333334,26350.966666666664,1275053.5999999999,54973.6,0.897479866880065,1,22,0,0
1282925.2,7871.6,2616.0,62039.1,7065.5,2656.9,3,0,0,1,0,0,-1275053.5999999999,-5255.6,-54973.6,-4408.6,431137.60000000003,23920.5,1280309.2,59382.2,1.0152464654184181,1,22,0,0
7871.6,2616.0,1725.9,7065.5,2656.9,5105.0,0,0,0,0,0,0,-5255.6,-890.0999999999999,-4408.6,2448.1,4071.1666666666665,4942.466666666666,6145.700000000001,4408.6,2.9561642249116913,1,22,1,1
2616.0,1725.9,58495.5,2656.9,5105.0,192941.8,0,0,1,0,0,1,-890.0999999999999,56769.6,2448.1,187836.8,20945.8,66901.23333333332,56769.6,190284.9,3.2983477643961603,5,1,1,1
1725.9,58495.5,166597.9,5105.0,192941.8,57170.1,0,1,1,0,1,1,56769.6,108102.4,187836.8,-135771.69999999998,75606.43333333333,85072.3,164872.0,187836.8,0.3431601289084142,2,6,0,0
58495.5,166597.9,4424.1,192941.8,57170.1,6761.8,1,1,0,1,1,0,108102.4,-162173.8,-135771.69999999998,-50408.299999999996,76505.83333333333,85624.56666666667,162173.8,186180.0,1.5280558631443357,1,22,0,0
166597.9,4424.1,6475.2,57170.1,6761.8,4889.7,1,0,0,1,0,0,-162173.8,2051.0999999999995,-50408.299999999996,-1872.1000000000004,59165.73333333334,22940.533333333336,162173.8,52280.4,0.7550260955498594,1,22,0,0
4424.1,6475.2,2194.8,6761.8,4889.7,4399.6,0,0,0,0,0,0,2051.0999999999995,-4280.4,-1872.1000000000004,-490.09999999999945,4364.7,5350.366666666667,4280.4,2362.2,2.003643319063667,1,22,0,0
6475.2,2194.8,6821.1,4889.7,4399.6,7493.5,0,0,0,0,0,0,-4280.4,4626.3,-490.09999999999945,3093.8999999999996,5163.7,5594.266666666666,4626.3,3093.8999999999996,1.0984154439248912,1,22,0,0
2194.8,6821.1,7059.0,4399.6,7493.5,2270.4,0,0,0,0,0,0,4626.3,237.89999999999964,3093.8999999999996,-5223.1,5358.3,4721.166666666667,4864.2,5223.1,0.321586402266289,1,22,0,0
6821.1,7059.0,3693.2,7493.5,2270.4,2715.0,0,0,0,0,0,0,237.89999999999964,-3365.8,-5223.1,444.5999999999999,5857.766666666666,4159.633333333333,3365.8,5223.1,0.7349358453792432,1,22,0,0
7059.0,3693.2,6815.1,2270.4,2715.0,1718.4,0,0,0,0,0,0,-3365.8,3121.9000000000005,444.5999999999999,-996.5999999999999,5855.766666666667,2234.6,3365.8,996.5999999999999,0.25210897727439446,1,22,0,0
3693.2,6815.1,6392.8,2715.0,1718.4,3129.0,0,0,0,0,0,0,3121.9000000000005,-422.3000000000002,-996.5999999999999,1410.6,5633.7,2520.7999999999997,3121.9000000000005,1410.6,0.4893803372016641,1,22,0,0
6815.1,6392.8,1417.3,1718.4,3129.0,450.6,0,0,0,0,0,0,-422.3000000000002,-4975.5,1410.6,-2678.4,4875.066666666667,1766.0,5397.8,2678.4,0.3177042938729465,1,22,0,0
6392.8,1417.3,7587.1,3129.0,450.6,862.0,0,0,0,0,0,0,-4975.5,6169.8,-2678.4,411.4,5132.400000000001,1480.5333333333335,6169.8,2678.4,0.11359892463198956,1,22,3,1
1417.3,7587.1,758437.9,450.6,862.0,77025.6,0,0,3,0,0,1,6169.8,750850.8,411.4,76163.6,255814.1,26112.733333333337,757020.6,76575.0,0.10155808200238675,3,0,1,0
7587.1,758437.9,130951.1,862.0,77025.6,40284.1,0,3,1,0,1,0,750850.8,-627486.8,76163.6,-36741.50000000001,298992.0333333333,39390.56666666667,750850.8,76163.6,0.3076246963584394,2,6,1,1
758437.9,130951.1,55124.4,77025.6,40284.1,59887.4,3,1,1,1,0,1,-627486.8,-75826.70000000001,-36741.50000000001,19603.300000000003,314837.8,59065.700000000004,703313.5,36741.50000000001,1.0863848606994235,5,1,1,0
130951.1,55124.4,64710.2,40284.1,59887.4,47361.3,1,1,1,0,1,0,-75826.70000000001,9585.799999999996,19603.300000000003,-12526.099999999999,83595.23333333334,49177.6,75826.70000000001,19603.300000000003,0.7318872158142641,2,6,0,0
55124.4,64710.2,3223.1,59887.4,47361.3,3036.0,1,1,0,1,0,0,9585.799999999996,-61487.1,-12526.099999999999,-44325.3,41019.23333333334,36761.56666666667,61487.1,56851.4,0.9416581371545548,1,22,2,1
64710.2,3223.1,529647.4,47361.3,3036.0,71771.2,1,0,2,0,0,1,-61487.1,526424.3,-44325.3,68735.2,199193.56666666668,40722.833333333336,526424.3,68735.2,0.13550725349118395,3,0,0,0
3223.1,529647.4,2048.7,3036.0,71771.2,1173.8,0,2,0,0,1,0,526424.3,-527598.7000000001,68735.2,-70597.4,178306.4,25327.0,527598.7000000001,70597.4,0.5726691710982095,1,22,0,0
529647.4,2048.7,1000.5,71771.2,1173.8,4869.2,2,0,0,1,0,0,-527598.7000000001,-1048.1999999999998,-70597.4,3695.3999999999996,177565.53333333333,25938.066666666666,528646.9,70597.4,4.8619071392910636,1,22,2,0
2048.7,1000.5,318467.3,1173.8,4869.2,25556.5,0,0,2,0,0,0,-1048.1999999999998,317466.8,3695.3999999999996,20687.3,107172.16666666667,10533.166666666666,317466.8,24382.7,0.08024817540709704,3,0,0,0
1000.5,318467.3,3631.2,4869.2,25556.5,5860.8,0,2,0,0,0,0,317466.8,-314836.1,20687.3,-19695.7,107699.66666666667,12095.5,317466.8,20687.3,1.6135675348273775,1,22,0,0
318467.3,3631.2,1436.5,25556.5,5860.8,648.1,2,0,0,0,0,0,-314836.1,-2194.7,-19695.7,-5212.7,107845.0,10688.466666666665,317030.8,24908.4,0.4508521739130435,1,22,0,0
3631.2,1436.5,1858.5,5860.8,648.1,1697.0,0,0,0,0,0,0,-2194.7,422.0,-5212.7,1048.9,2308.733333333333,2735.3000000000006,2194.7,5212.7,0.9126109169131487,1,22,0,0
1436.5,1858.5,4296.4,648.1,1697.0,2541.4,0,0,0,0,0,0,422.0,2437.8999999999996,1048.9,844.4000000000001,2530.4666666666667,1628.8333333333333,2859.8999999999996,1893.3000000000002,0.5913808349234422,1,22,2,2
1858.5,4296.4,432015.4,1697.0,2541.4,224354.3,0,0,2,0,0,2,2437.8999999999996,427719.0,844.4000000000001,221812.9,146056.7666666667,76197.56666666667,430156.9,222657.3,0.5193189425216265,1,5,0,0
4296.4,432015.4,6954.3,2541.4,224354.3,4468.8,0,2,0,0,2,0,427719.0,-425061.10000000003,221812.9,-219885.5,147755.36666666667,77121.49999999999,427719.0,221812.9,0.6425028395611979,1,22,0,0
432015.4,6954.3,1169.4,224354.3,4468.8,730.6,2,0,0,2,0,0,-425061.10000000003,-5784.9,-219885.5,-3738.2000000000003,146713.03333333335,76517.9,430846.0,223623.69999999998,0.6242310321257689,1,22,0,0
6954.3,1169.4,1171.4,4468.8,730.6,454.5,0,0,0,0,0,0,-5784.9,2.0,-3738.2000000000003,-276.1,3098.366666666667,1884.6333333333334,5784.9,4014.3,0.3876663254861822,1,22,1,1
1169.4,1171.4,100768.5,730.6,454.5,125096.2,0,0,1,0,0,1,2.0,99597.1,-276.1,124641.7,34369.76666666667,42093.76666666667,99599.1,124641.7,1.2414093550131735,5,14,0,0
1171.4,100768.5,518.6,454.5,125096.2,4443.2,0,1,0,0,1,0,99597.1,-100249.9,124641.7,-120653.0,34152.833333333336,43331.299999999996,100249.9,124641.7,8.551193225558121,1,22,0,0
100768.5,518.6,1236.1,125096.2,4443.2,5109.3,1,0,0,1,0,0,-100249.9,717.4999999999999,-120653.0,666.1000000000004,34174.4,44882.899999999994,100249.9,120653.0,4.130062242340959,1,22,0,0
518.6,1236.1,5964.0,4443.2,5109.3,917.3,0,0,0,0,0,0,717.4999999999999,4727.9,666.1000000000004,-4192.0,2572.9,3489.933333333333,5445.4,4192.0,0.15378038558256496,1,22,3,1
1236.1,5964.0,929160.6,5109.3,917.3,80120.4,0,0,3,0,0,1,4727.9,923196.6,-4192.0,79203.09999999999,312120.23333333334,28715.666666666668,927924.5,79203.09999999999,0.0862287033816292,3,0,0,0
5964.0,929160.6,4204.5,917.3,80120.4,4109.6,0,3,0,0,1,0,923196.6,-924956.1,79203.09999999999,-76010.79999999999,313109.7,28382.433333333334,924956.1,79203.09999999999,0.9771965283557247,1,22,0,0
929160.6,4204.5,5172.2,80120.4,4109.6,6931.2,3,0,0,1,0,0,-924956.1,967.6999999999998,-76010.79999999999,2821.5999999999995,312845.76666666666,30387.066666666666,924956.1,76010.79999999999,1.3398283460913942,1,22,0,0
4204.5,5172.2,3756.5,4109.6,6931.2,4306.5,0,0,0,0,0,0,967.6999999999998,-1415.6999999999998,2821.5999999999995,-2624.7,4377.733333333334,5115.766666666666,1415.6999999999998,2821.5999999999995,1.1461077844311378,1,22,3,0
5172.2,3756.5,1424005.8,6931.2,4306.5,24739.9,0,0,3,0,0,0,-1415.6999999999998,1420249.3,-2624.7,20433.4,477644.8333333333,11992.533333333335,1420249.3,20433.4,0.01737344231783163,3,0,0,0
3756.5,1424005.8,5300.4,4306.5,24739.9,1497.8,0,3,0,0,0,0,1420249.3,-1418705.4000000001,20433.4,-23242.100000000002,477687.56666666665,10181.4,1420249.3,23242.100000000002,0.2825291432451805,1,22,0,0
1424005.8,5300.4,646.8,24739.9,1497.8,123.8,3,0,0,0,0,0,-1418705.4000000001,-4653.599999999999,-23242.100000000002,-1374.0,476651.0,8787.166666666666,1423359.0,24616.100000000002,0.19110836677987034,1,22,0,0
5300.4,646.8,3595.4,1497.8,123.8,2109.7,0,0,0,0,0,0,-4653.599999999999,2948.6000000000004,-1374.0,1985.8999999999999,3180.866666666667,1243.7666666666667,4653.599999999999,1985.8999999999999,0.5866143921699477,1,22,0,0
646.8,3595.4,5670.3,123.8,2109.7,6356.6,0,0,0,0,0,0,2948.6000000000004,2074.9,1985.8999999999999,4246.900000000001,3304.1666666666665,2863.366666666667,5023.5,6232.8,1.1208364925149437,1,22,0,0
3595.4,5670.3,4149.3,2109.7,6356.6,6475.0,0,0,0,0,0,0,2074.9,-1521.0,4246.900000000001,118.39999999999964,4471.666666666667,4980.433333333333,2074.9,4365.3,1.5601281835048069,1,22,1,1
5670.3,4149.3,198765.7,6356.6,6475.0,139012.9,0,0,1,0,0,1,-1521.0,194616.40000000002,118.39999999999964,132537.9,69528.43333333333,50614.833333333336,194616.40000000002,132656.3,0.6993772095627687,5,1,1,1
4149.3,198765.7,90776.4,6475.0,139012.9,86238.7,0,1,1,0,1,1,194616.40000000002,-107989.30000000002,132537.9,-52774.2,97897.13333333335,77242.2,194616.40000000002,132537.9,0.9500018727128118,5,14,1,1
198765.7,90776.4,182140.2,139012.9,86238.7,66477.2,1,1,1,1,1,1,-107989.30000000002,91363.80000000002,-52774.2,-19761.5,157227.43333333332,97242.93333333333,107989.30000000002,72535.7,0.3649761833127266,2,6,0,0
90776.4,182140.2,1369.1,86238.7,66477.2,2837.7,1,1,0,1,1,0,91363.80000000002,-180771.1,-19761.5,-63639.5,91428.56666666665,51851.200000000004,180771.1,83401.0,2.071162688854828,1,22,3,0
182140.2,1369.1,875350.2,66477.2,2837.7,32418.0,1,0,3,1,0,0,-180771.1,873981.1,-63639.5,29580.3,352953.1666666667,33910.96666666667,873981.1,63639.5,0.03703427835593302,3,0,0,0
1369.1,875350.2,5525.0,2837.7,32418.0,6327.6,0,3,0,0,0,0,873981.1,-869825.2,29580.3,-26090.4,294081.4333333333,13861.099999999999,873981.1,29580.3,1.1450597176981543,1,22,1,1
875350.2,5525.0,105089.7,32418.0,6327.6,79131.3,3,0,1,0,0,1,-869825.2,99564.7,-26090.4,72803.7,328654.9666666666,39292.299999999996,869825.2,72803.7,0.7529809964154773,5,14,0,0
5525.0,105089.7,366.9,6327.6,79131.3,3945.1,0,1,0,0,1,0,99564.7,-104722.8,72803.7,-75186.2,36993.86666666666,29801.33333333334,104722.8,75186.2,10.723294373471052,1,22,0,0
105089.7,366.9,1562.2,79131.3,3945.1,730.2,1,0,0,1,0,0,-104722.8,1195.3000000000002,-75186.2,-3214.8999999999996,35672.93333333333,27935.533333333336,104722.8,78401.1,0.4671187308085978,1,22,2,1
366.9,1562.2,601575.2,3945.1,730.2,193799.8,0,0,2,0,0,1,1195.3000000000002,600013.0,-3214.8999999999996,193069.59999999998,201168.09999999998,66158.36666666665,601208.2999999999,193069.59999999998,0.32215336976429587,1,5,1,1
1562.2,601575.2,199918.8,730.2,193799.8,104119.4,0,2,1,0,1,1,600013.0,-401656.39999999997,193069.59999999998,-89680.4,267685.39999999997,99549.8,600013.0,193069.59999999998,0.5208058431431004,5,14,0,0
601575.2,199918.8,369.8,193799.8,104119.4,6830.8,2,1,0,1,1,0,-401656.39999999997,-199549.0,-89680.4,-97288.59999999999,267287.93333333335,101583.33333333331,601205.3999999999,186969.0,18.421790722761596,1,22,0,0
199918.8,369.8,3936.9,104119.4,6830.8,6420.9,1,0,0,1,0,0,-199549.0,3567.1,-97288.59999999999,-409.90000000000055,68075.16666666666,39123.7,199549.0,97698.5,1.630539119835445,1,22,0,0
369.8,3936.9,4703.4,6830.8,6420.9,5749.6,0,0,0,0,0,0,3567.1,766.4999999999995,-409.90000000000055,-671.2999999999993,3003.3666666666663,6333.766666666667,4333.599999999999,1081.1999999999998,1.222174985120313,1,22,0,0
3936.9,4703.4,483.5,6420.9,5749.6,2120.4,0,0,0,0,0,0,766.4999999999995,-4219.9,-671.2999999999993,-3629.2000000000003,3041.2666666666664,4763.633333333333,4219.9,4300.5,4.376470588235295,1,22,0,0
4703.4,483.5,4047.2,5749.6,2120.4,6018.4,0,0,0,0,0,0,-4219.9,3563.7,-3629.2000000000003,3897.9999999999995,3078.033333333333,4629.466666666666,4219.9,3897.9999999999995,1.486685440442666,1,22,0,0
483.5,4047.2,4186.5,2120.4,6018.4,2088.7,0,0,0,0,0,0,3563.7,139.30000000000018,3897.9999999999995,-3929.7,2905.7333333333336,3409.1666666666665,3703.0,3929.7,0.4987940298507462,1,22,1,1
4047.2,4186.5,164577.5,6018.4,2088.7,87013.5,0,0,1,0,0,1,139.30000000000018,160391.0,-3929.7,84924.8,57603.73333333334,31706.86666666667,160530.3,84924.8,0.5287051467840574,5,14,0,0
4186.5,164577.5,1941.9,2088.7,87013.5,2330.6,0,1,0,0,1,0,160391.0,-162635.6,84924.8,-84682.9,56901.96666666667,30477.600000000002,162635.6,84924.8,1.1995470688146583,1,22,2,1
164577.5,1941.9,342505.0,87013.5,2330.6,178649.1,1,0,2,1,0,1,-162635.6,340563.1,-84682.9,176318.5,169674.80000000002,89331.06666666667,340563.1,176318.5,0.5215940742643924,1,5,2,0
1941.9,342505.0,345947.2,2330.6,178649.1,17192.6,0,2,2,0,1,0,340563.1,3442.2000000000116,176318.5,-161456.5,230131.3666666667,66057.43333333333,344005.3,176318.5,0.04969703556775262,2,22,0,0
342505.0,345947.2,1190.5,178649.1,17192.6,2596.3,2,2,0,1,0,0,3442.2000000000116,-344756.7,-161456.5,-14596.3,229880.9,66146.0,344756.7,176052.80000000002,2.179018044481746,1,22,3,1
345947.2,1190.5,956842.7,17192.6,2596.3,77199.1,2,0,3,0,0,1,-344756.7,955652.2,-14596.3,74602.8,434660.1333333333,32329.333333333332,955652.2,74602.8,0.08068099314443938,3,0,0,0
1190.5,956842.7,4416.3,2596.3,77199.1,8356.3,0,3,0,0,1,0,955652.2,-952426.3999999999,74602.8,-68842.8,320816.5,29383.900000000005,955652.2,74602.8,1.8917211871505215,1,22,0,0
956842.7,4416.3,4213.6,77199.1,8356.3,937.8,3,0,0,1,0,0,-952426.3999999999,-202.69999999999982,-68842.8,-7418.499999999999,321824.2,28831.06666666667,952629.1,76261.3,0.22251221942770366,1,22,2,1
4416.3,4213.6,465323.0,8356.3,937.8,109824.4,0,0,2,0,0,1,-202.69999999999982,461109.4,-7418.499999999999,108886.59999999999,157984.30000000002,39706.166666666664,461109.4,108886.59999999999,0.23601705478333376,1,5,0,0
4213.6,465323.0,4429.2,937.8,109824.4,5015.0,0,2,0,0,1,0,461109.4,-460893.8,108886.59999999999,-104809.4,157988.6,38592.4,461109.4,108886.59999999999,1.1320030698388335,1,22,0,0
465323.0,4429.2,7938.4,109824.4,5015.0,8225.1,2,0,0,1,0,0,-460893.8,3509.2,-104809.4,3210.1000000000004,159230.2,41021.5,460893.8,104809.4,1.0359850870342848,1,22,0,0
4429.2,7938.4,775.4,5015.0,8225.1,5841.8,0,0,0,0,0,0,3509.2,-7163.0,3210.1000000000004,-2383.3,4380.999999999999,6360.633333333334,7163.0,3210.1000000000004,7.524214322514168,1,22,0,0
7938.4,775.4,3591.5,8225.1,5841.8,3077.8,0,0,0,0,0,0,-7163.0,2816.1,-2383.3,-2764.0,4101.766666666666,5714.900000000001,7163.0,5147.3,0.8567292971468338,1,22,0,0
775.4,3591.5,6686.1,5841.8,3077.8,8824.2,0,0,0,0,0,0,2816.1,3094.6000000000004,-2764.0,5746.400000000001,3684.3333333333335,5914.600000000001,5910.700000000001,5746.400000000001,1.319585470532817,1,22,0,0
3591.5,6686.1,4432.6,3077.8,8824.2,3513.9,0,0,0,0,0,0,3094.6000000000004,-2253.5,5746.400000000001,-5310.300000000001,4903.400000000001,5138.633333333333,3094.6000000000004,5746.400000000001,0.7925613496932515,1,22,2,0
6686.1,4432.6,431180.7,8824.2,3513.9,44569.7,0,0,2,0,0,0,-2253.5,426748.10000000003,-5310.300000000001,41055.799999999996,147433.13333333333,18969.266666666666,426748.10000000003,41055.799999999996,0.1033663998263377,4,8,0,0
4432.6,431180.7,1453.6,3513.9,44569.7,3181.0,0,2,0,0,0,0,426748.10000000003,-429727.10000000003,41055.799999999996,-41388.7,145688.96666666665,17088.2,429727.10000000003,41388.7,2.186855492919016,1,22,0,0
431180.7,1453.6,5610.8,44569.7,3181.0,3603.4,2,0,0,0,0,0,-429727.10000000003,4157.200000000001,-41388.7,422.4000000000001,146081.69999999998,17118.033333333333,429727.10000000003,41388.7,0.6421112655475961,1,22,1,1
1453.6,5610.8,106366.5,3181.0,3603.4,73740.1,0,0,1,0,0,1,4157.200000000001,100755.7,422.4000000000001,70136.70000000001,37810.299999999996,26841.5,104912.9,70559.1,0.6932578090112111,5,1,0,0
5610.8,106366.5,4994.5,3603.4,73740.1,2963.4,0,1,0,0,1,0,100755.7,-101372.0,70136.70000000001,-70776.70000000001,38990.6,26768.966666666664,101372.0,70776.70000000001,0.593213892503253,1,22,0,0
106366.5,4994.5,4331.7,73740.1,2963.4,3171.6,1,0,0,1,0,0,-101372.0,-662.8000000000002,-70776.70000000001,208.19999999999982,38564.23333333333,26625.033333333336,102034.8,70776.70000000001,0.7320146790684793,1,22,0,0
4994.5,4331.7,2730.8,2963.4,3171.6,2759.3,0,0,0,0,0,0,-662.8000000000002,-1600.8999999999996,208.19999999999982,-412.2999999999997,4019.0,2964.7666666666664,2263.7,412.2999999999997,1.0100666227395856,1,22,0,0
4331.7,2730.8,1196.8,3171.6,2759.3,4912.7,0,0,0,0,0,0,-1600.8999999999996,-1534.0000000000002,-412.2999999999997,2153.3999999999996,2753.1,3614.533333333333,3134.8999999999996,2153.3999999999996,4.1014359659375526,1,22,0,0
2730.8,1196.8,1190.8,2759.3,4912.7,4664.5,0,0,0,0,0,0,-1534.0000000000002,-6.0,2153.3999999999996,-248.19999999999982,1706.1333333333334,4112.166666666667,1540.0000000000002,2153.3999999999996,3.9138278234603123,1,22,0,0
1196.8,1190.8,5970.4,4912.7,4664.5,6376.5,0,0,0,0,0,0,-6.0,4779.599999999999,-248.19999999999982,1712.0,2786.0,5317.900000000001,4779.599999999999,1712.0,1.0678400375121413,1,22,1,1
1190.8,5970.4,134241.3,4664.5,6376.5,139464.0,0,0,1,0,0,1,4779.599999999999,128270.9,1712.0,133087.5,47134.166666666664,50168.333333333336,133050.5,134799.5,1.0388975755033996,5,1,2,1
5970.4,134241.3,294820.9,6376.5,139464.0,109159.2,0,1,2,0,1,1,128270.9,160579.60000000003,133087.5,-30304.800000000003,145010.86666666667,84999.90000000001,288850.5,133087.5,0.3702547198834279,5,1,0,0
134241.3,294820.9,4043.2,139464.0,109159.2,5352.6,1,2,0,1,1,0,160579.60000000003,-290777.7,-30304.800000000003,-103806.59999999999,144368.46666666667,84658.6,290777.7,134111.4,1.3235250482172,1,22,0,0
294820.9,4043.2,1754.7,109159.2,5352.6,688.4,2,0,0,1,0,0,-290777.7,-2288.5,-103806.59999999999,-4664.200000000001,100206.26666666668,38400.066666666666,293066.2,108470.8,0.39209432135330635,1,22,0,0
4043.2,1754.7,2300.9,5352.6,688.4,4348.5,0,0,0,0,0,0,-2288.5,546.2,-4664.200000000001,3660.1,2699.6,3463.1666666666665,2288.5,4664.200000000001,1.889091619966115,1,22,0,0
1754.7,2300.9,3956.3,688.4,4348.5,1165.1,0,0,0,0,0,0,546.2,1655.4,3660.1,-3183.4,2670.6333333333337,2067.3333333333335,2201.6000000000004,3660.1,0.2944179112020822,1,22,0,0
2300.9,3956.3,5817.7,4348.5,1165.1,2436.1,0,0,0,0,0,0,1655.4,1861.3999999999996,-3183.4,1271.0,4024.966666666667,2649.9,3516.7999999999997,3183.4,0.4186673999346933,1,22,1,1
3956.3,5817.7,131718.1,1165.1,2436.1,68437.7,0,0,1,0,0,1,1861.3999999999996,125900.40000000001,1271.0,66001.59999999999,47164.03333333333,24012.966666666664,127761.8,67272.59999999999,0.5195730915258303,2,6,0,0
5817.7,131718.1,4310.8,2436.1,68437.7,1582.0,0,1,0,0,1,0,125900.40000000001,-127407.3,66001.59999999999,-66855.7,47282.200000000004,24151.933333333334,127407.3,66855.7,0.36690013451458786,1,22,0,0
131718.1,4310.8,4334.8,68437.7,1582.0,5339.9,1,0,0,1,0,0,-127407.3,24.0,-66855.7,3757.8999999999996,46787.899999999994,25119.866666666665,127407.3,66855.7,1.231583560127312,1,22,0,0
4310.8,4334.8,120.0,1582.0,5339.9,149.2,0,0,0,0,0,0,24.0,-4214.8,3757.8999999999996,-5190.7,2921.866666666667,2357.0333333333333,4214.8,5190.7,1.2330578512396693,1,22,1,1
4334.8,120.0,184581.2,5339.9,149.2,79799.2,0,0,1,0,0,1,-4214.8,184461.2,-5190.7,79650.0,63012.0,28429.433333333334,184461.2,79650.0,0.4323233767936453,2,6,3,0
120.0,184581.2,679258.6,149.2,79799.2,14352.1,0,1,3,0,1,0,184461.2,494677.39999999997,79650.0,-65447.1,287986.60000000003,31433.5,679138.6,79650.0,0.0211290352024469,3,0,1,0
184581.2,679258.6,175153.0,79799.2,14352.1,36606.9,1,3,1,1,0,0,494677.39999999997,-504105.6,-65447.1,22254.800000000003,346330.93333333335,43586.06666666667,504105.6,65447.1,0.20899836715119266,2,6,1,0
679258.6,175153.0,181167.7,14352.1,36606.9,5587.3,3,1,1,0,0,0,-504105.6,6014.700000000012,22254.800000000003,-31019.600000000002,345193.10000000003,18848.766666666666,504105.6,31019.600000000002,0.030840316235641145,2,6,1,1
175153.0,181167.7,109209.3,36606.9,5587.3,87471.4,1,1,1,0,0,1,6014.700000000012,-71958.40000000001,-31019.600000000002,81884.09999999999,155176.66666666666,43221.86666666667,71958.40000000001,81884.09999999999,0.8009445995478448,5,1,0,0
181167.7,109209.3,4272.8,5587.3,87471.4,5136.8,1,1,0,0,1,0,-71958.40000000001,-104936.5,81884.09999999999,-82334.59999999999,98216.59999999999,32731.833333333332,176894.90000000002,82334.59999999999,1.2019280265805605,1,22,1,0
109209.3,4272.8,75895.6,87471.4,5136.8,34214.3,1,0,1,1,0,0,-104936.5,71622.8,-82334.59999999999,29077.500000000004,63125.9,42274.166666666664,104936.5,82334.59999999999,0.4508014851785192,5,1,0,0
4272.8,75895.6,1258.4,5136.8,34214.3,399.2,0,1,0,0,0,0,71622.8,-74637.20000000001,29077.500000000004,-33815.100000000006,27142.266666666666,13250.1,74637.20000000001,33815.100000000006,0.31697633793870095,1,22,1,0
75895.6,1258.4,157338.3,34214.3,399.2,25751.7,1,0,1,0,0,0,-74637.20000000001,156079.9,-33815.100000000006,25352.5,78164.09999999999,20121.733333333334,156079.9,33815.100000000006,0.1636698523509384,4,8,0,0
1258.4,157338.3,2079.8,399.2,25751.7,183.6,0,1,0,0,0,0,156079.9,-155258.5,25352.5,-25568.100000000002,53558.83333333332,8778.166666666666,156079.9,25568.100000000002,0.08823529411764705,1,22,2,1
157338.3,2079.8,273326.5,25751.7,183.6,141970.0,1,0,2,0,0,1,-155258.5,271246.7,-25568.100000000002,141786.4,144248.19999999998,55968.43333333333,271246.7,141786.4,0.5194135240691112,5,1,0,0
2079.8,273326.5,3561.8,183.6,141970.0,3175.5,0,2,0,0,1,0,271246.7,-269764.7,141786.4,-138794.5,92989.36666666665,48443.03333333333,271246.7,141786.4,0.8912933647692826,1,22,0,0
273326.5,3561.8,3205.5,141970.0,3175.5,2574.6,2,0,0,1,0,0,-269764.7,-356.3000000000002,-138794.5,-600.9000000000001,93364.59999999999,49240.03333333333,270121.0,139395.4,0.8029315452986122,1,22,0,0
3561.8,3205.5,6770.2,3175.5,2574.6,1873.0,0,0,0,0,0,0,-356.3000000000002,3564.7,-600.9000000000001,-701.5999999999999,4512.5,2541.0333333333333,3564.7,1302.5,0.27661271266540643,1,22,0,0
3205.5,6770.2,2940.6,2574.6,1873.0,1736.7,0,0,0,0,0,0,3564.7,-3829.6,-701.5999999999999,-136.29999999999995,4305.433333333333,2061.4333333333334,3829.6,837.8999999999999,0.5903929834103889,1,22,0,0
6770.2,2940.6,2886.8,1873.0,1736.7,5956.5,0,0,0,0,0,0,-3829.6,-53.79999999999973,-136.29999999999995,4219.8,4199.2,3188.7333333333336,3883.3999999999996,4219.8,2.062642842302098,1,22,0,0
2940.6,2886.8,5869.4,1736.7,5956.5,4641.8,0,0,0,0,0,0,-53.79999999999973,2982.5999999999995,4219.8,-1314.6999999999998,3898.933333333333,4111.666666666667,2982.5999999999995,4219.8,0.7907127282638322,1,22,0,0
2886.8,5869.4,4549.1,5956.5,4641.8,6203.6,0,0,0,0,0,0,2982.5999999999995,-1320.2999999999993,-1314.6999999999998,1561.8000000000002,4435.1,5600.633333333334,2982.5999999999995,1561.8000000000002,1.3633986066240302,1,22,1,1
5869.4,4549.1,121114.2,4641.8,6203.6,62608.6,0,0,1,0,0,1,-1320.2999999999993,116565.09999999999,1561.8000000000002,56405.0,43844.23333333334,24484.666666666668,116565.09999999999,57966.799999999996,0.5169342906588108,3,0,0,0
4549.1,121114.2,4523.7,6203.6,62608.6,1752.9,0,1,0,0,1,0,116565.09999999999,-116590.5,56405.0,-60855.7,43395.666666666664,23521.699999999997,116590.5,60855.7,0.38740689990496613,1,22,1,1
121114.2,4523.7,193907.5,62608.6,1752.9,83417.8,1,0,1,1,0,1,-116590.5,189383.8,-60855.7,81664.90000000001,106515.13333333335,49259.76666666666,189383.8,81664.90000000001,0.4301915594210672,5,1,1,1
4523.7,193907.5,126073.8,1752.9,83417.8,54865.6,0,1,1,0,1,1,189383.8,-67833.7,81664.90000000001,-28552.200000000004,108168.33333333333,46678.76666666666,189383.8,81664.90000000001,0.43518292315355644,2,6,3,1
193907.5,126073.8,1005813.2,83417.8,54865.6,84642.0,1,1,3,1,1,1,-67833.7,879739.3999999999,-28552.200000000004,29776.4,441931.5,74308.46666666666,879739.3999999999,29776.4,0.08415271925968038,3,0,1,1
126073.8,1005813.2,181163.7,54865.6,84642.0,52414.6,1,3,1,1,1,1,879739.3999999999,-824649.5,29776.4,-32227.4,437683.56666666665,63974.06666666667,879739.3999999999,32227.4,0.2893201600532554,2,6,0,0
1005813.2,181163.7,2689.7,84642.0,52414.6,4099.1,3,1,0,1,1,0,-824649.5,-178474.0,-32227.4,-48315.5,396555.53333333327,47051.9,1003123.5,80542.9,1.523432564016799,1,22,1,0
181163.7,2689.7,180693.4,52414.6,4099.1,33035.5,1,0,1,1,0,0,-178474.0,178003.69999999998,-48315.5,28936.4,121515.60000000002,29849.733333333334,178474.0,48315.5,0.18282525634441354,3,0,2,0
2689.7,180693.4,304678.1,4099.1,33035.5,17555.2,0,1,2,0,0,0,178003.69999999998,123984.69999999998,28936.4,-15480.3,162687.06666666665,18229.933333333334,301988.39999999997,28936.4,0.05761865516866763,3,0,0,0
180693.4,304678.1,4858.3,33035.5,17555.2,3208.6,1,2,0,0,0,0,123984.69999999998,-299819.8,-15480.3,-14346.6,163409.93333333332,17933.1,299819.8,29826.9,0.6603008663799312,1,22,3,0
304678.1,4858.3,672854.5,17555.2,3208.6,16563.7,2,0,3,0,0,0,-299819.8,667996.2,-14346.6,13355.1,327463.6333333333,12442.5,667996.2,14346.6,0.024617024011842067,4,8,1,1
4858.3,672854.5,160098.9,3208.6,16563.7,165167.9,0,3,1,0,0,1,667996.2,-512755.6,13355.1,148604.19999999998,279270.5666666667,61646.73333333333,667996.2,161959.3,1.031655235262483,5,1,2,0
672854.5,160098.9,541137.1,16563.7,165167.9,15941.1,3,1,2,0,1,0,-512755.6,381038.19999999995,148604.19999999998,-149226.8,458030.1666666667,65890.90000000001,512755.6,149226.8,0.029458469104282254,3,0,1,2
160098.9,541137.1,184454.2,165167.9,15941.1,291625.1,1,2,1,1,0,2,381038.19999999995,-356682.89999999997,-149226.8,275684.0,295230.06666666665,157578.03333333333,381038.19999999995,275684.0,1.5810077460543261,1,5,0,0
541137.1,184454.2,3648.7,15941.1,291625.1,3921.8,2,1,0,0,2,0,-356682.89999999997,-180805.5,275684.0,-287703.3,243080.0,103829.33333333331,537488.4,287703.3,1.0745540729375018,1,22,2,1
184454.2,3648.7,582752.6,291625.1,3921.8,141443.8,1,0,2,2,0,1,-180805.5,579103.9,-287703.3,137522.0,256951.83333333334,145663.56666666665,579103.9,287703.3,0.24271630411206382,1,5,0,1
3648.7,582752.6,33758.0,3921.8,141443.8,116583.0,0,2,0,0,1,1,579103.9,-548994.6,137522.0,-24860.79999999999,206719.76666666663,87316.2,579103.9,137522.0,3.453390207055896,5,1,0,0
582752.6,33758.0,4063.1,141443.8,116583.0,4739.2,2,0,0,1,1,0,-548994.6,-29694.9,-24860.79999999999,-111843.8,206857.9,87588.66666666667,578689.5,136704.59999999998,1.1661130385571221,1,22,0,0
33758.0,4063.1,4117.4,116583.0,4739.2,5644.7,0,0,0,1,0,0,-29694.9,54.29999999999973,-111843.8,905.5,13979.5,42322.299999999996,29694.9,111843.8,1.3706050893550894,1,22,0,0
4063.1,4117.4,1908.9,4739.2,5644.7,322.7,0,0,0,0,0,0,54.29999999999973,-2208.4999999999995,905.5,-5322.0,3363.133333333333,3568.866666666667,2208.4999999999995,5322.0,0.1689617257448034,1,22,0,0
4117.4,1908.9,1144.7,5644.7,322.7,1377.1,0,0,0,0,0,0,-2208.4999999999995,-764.2,-5322.0,1054.3999999999999,2390.333333333333,2448.1666666666665,2972.7,5322.0,1.2019725931744785,1,22,0,0
1908.9,1144.7,552.6,322.7,1377.1,7432.3,0,0,0,0,0,0,-764.2,-592.1,1054.3999999999999,6055.200000000001,1202.0666666666668,3044.0333333333333,1356.3000000000002,7109.6,13.42539739884393,1,22,2,0
1144.7,552.6,276642.6,1377.1,7432.3,23373.3,0,0,2,0,0,0,-592.1,276090.0,6055.200000000001,15941.0,92779.96666666666,10727.566666666666,276090.0,21996.2,0.08448885135965553,4,8,0,0
552.6,276642.6,7572.8,7432.3,23373.3,2808.8,0,2,0,0,0,0,276090.0,-269069.8,15941.0,-20564.5,94922.66666666664,11204.800000000001,276090.0,20564.5,0.3708574295597983,1,22,0,0
276642.6,7572.8,513.0,23373.3,2808.8,5329.2,2,0,0,0,0,0,-269069.8,-7059.8,-20564.5,2520.3999999999996,94909.46666666666,10503.766666666666,276129.6,20564.5,10.368093385214008,1,22,0,0
7572.8,513.0,3656.5,2808.8,5329.2,6067.3,0,0,0,0,0,0,-7059.8,3143.5,2520.3999999999996,738.1000000000004,3914.1,4735.099999999999,7059.8,3258.5,1.6588653451811346,1,22,3,0
513.0,3656.5,1421662.4,5329.2,6067.3,44817.0,0,0,3,0,0,0,3143.5,1418005.9,738.1000000000004,38749.7,475277.3,18737.833333333332,1421149.4,39487.8,0.03152433972767393,3,0,2,0
3656.5,1421662.4,274058.2,6067.3,44817.0,44414.0,0,3,2,0,0,0,1418005.9,-1147604.2,38749.7,-403.0,566459.0333333333,31766.100000000002,1418005.9,38749.7,0.16205987611435776,3,0,0,0
1421662.4,274058.2,3940.3,44817.0,44414.0,3732.2,3,2,0,0,0,0,-1147604.2,-270117.9,-403.0,-40681.8,566553.6333333333,30987.733333333334,1417722.0999999999,41084.8,0.9469464389922106,1,22,0,1
274058.2,3940.3,16216.1,44414.0,3732.2,61874.2,2,0,0,0,0,1,-270117.9,12275.8,-40681.8,58142.0,98071.53333333333,36673.46666666667,270117.9,58142.0,3.815367729125429,5,14,0,0
3940.3,16216.1,5707.3,3732.2,61874.2,6002.6,0,0,0,0,1,0,12275.8,-10508.8,58142.0,-55871.6,8621.233333333334,23869.666666666668,12275.8,58142.0,1.0515565054394478,1,22,0,0
16216.1,5707.3,5501.2,61874.2,6002.6,4945.7,0,0,0,1,0,0,-10508.8,-206.10000000000036,-55871.6,-1056.9000000000005,9141.533333333335,24274.166666666668,10714.900000000001,56928.5,0.8988586383628366,1,22,2,1
5707.3,5501.2,315204.3,6002.6,4945.7,149534.9,0,0,2,0,0,1,-206.10000000000036,309703.1,-1056.9000000000005,144589.19999999998,108804.26666666666,53494.399999999994,309703.1,144589.19999999998,0.47440477682323234,1,5,0,0
5501.2,315204.3,1021.2,4945.7,149534.9,7647.5,0,2,0,0,1,0,309703.1,-314183.1,144589.19999999998,-141887.4,107242.23333333334,54042.700000000004,314183.1,144589.19999999998,7.481412639405204,1,22,0,0
315204.3,1021.2,4003.6,149534.9,7647.5,4527.8,2,0,0,1,0,0,-314183.1,2982.3999999999996,-141887.4,-3119.7,106743.03333333333,53903.399999999994,314183.1,145007.1,1.130649752784298,1,22,0,0
1021.2,4003.6,136.1,7647.5,4527.8,4731.4,0,0,0,0,0,0,2982.3999999999996,-3867.5,-3119.7,203.59999999999945,1720.3000000000002,5635.566666666666,3867.5,3119.7,34.51057622173596,1,22,0,0
4003.6,136.1,1051.1,4527.8,4731.4,5124.7,0,0,0,0,0,0,-3867.5,914.9999999999999,203.59999999999945,393.3000000000002,1730.2666666666664,4794.633333333334,3867.5,596.8999999999996,4.870924817032602,1,22,0,0
136.1,1051.1,6133.0,4731.4,5124.7,1943.7,0,0,0,0,0,0,914.9999999999999,5081.9,393.3000000000002,-3181.0,2440.0666666666666,3933.2666666666664,5996.9,3181.0,0.31687316596022175,1,22,0,0
1051.1,6133.0,6964.1,5124.7,1943.7,3024.2,0,0,0,0,0,0,5081.9,831.1000000000004,-3181.0,1080.4999999999998,4716.066666666667,3364.1999999999994,5913.0,3181.0,0.4341933353433547,1,22,0,0
6133.0,6964.1,7209.2,1943.7,3024.2,125.2,0,0,0,0,0,0,831.1000000000004,245.09999999999945,1080.4999999999998,-2899.0,6768.766666666666,1697.6999999999998,1076.1999999999998,2899.0,0.017364289478793933,1,22,0,0
6964.1,7209.2,809.0,3024.2,125.2,607.0,0,0,0,0,0,0,245.09999999999945,-6400.2,-2899.0,481.8,4994.099999999999,1252.1333333333332,6400.2,2899.0,0.7493827160493827,1,22,0,0
7209.2,809.0,1437.3,125.2,607.0,5983.4,0,0,0,0,0,0,-6400.2,628.3,481.8,5376.4,3151.8333333333335,2238.5333333333333,6400.2,5858.2,4.1600500590975455,1,22,0,0
809.0,1437.3,168.1,607.0,5983.4,7130.9,0,0,0,0,0,0,628.3,-1269.2,5376.4,1147.5,804.8000000000001,4573.766666666666,1269.2,6523.9,42.16972205795387,1,22,0,0
1437.3,168.1,2624.0,5983.4,7130.9,1650.8,0,0,0,0,0,0,-1269.2,2455.9,1147.5,-5480.099999999999,1409.8,4921.7,2455.9,5480.099999999999,0.6288761904761905,1,22,0,0
168.1,2624.0,5946.7,7130.9,1650.8,4782.2,0,0,0,0,0,0,2455.9,3322.7,-5480.099999999999,3131.3999999999996,2912.933333333333,4521.299999999999,5778.599999999999,5480.099999999999,0.804041898549019,1,22,3,1
2624.0,5946.7,740556.6,1650.8,4782.2,78911.6,0,0,3,0,0,1,3322.7,734609.9,3131.3999999999996,74129.40000000001,249709.09999999998,28448.2,737932.6,77260.8,0.10655700515395428,3,0,0,0
5946.7,740556.6,572.0,4782.2,78911.6,3047.8,0,3,0,0,1,0,734609.9,-739984.6,74129.40000000001,-75863.8,249025.09999999998,28913.86666666667,739984.6,75863.8,5.319022687609075,1,22,0,1
740556.6,572.0,18239.4,78911.6,3047.8,119651.8,3,0,0,1,0,1,-739984.6,17667.4,-75863.8,116604.0,253122.66666666666,67203.73333333334,739984.6,116604.0,6.559713602771868,5,14,0,0
572.0,18239.4,2655.1,3047.8,119651.8,1886.4,0,0,0,0,1,0,17667.4,-15584.300000000001,116604.0,-117765.40000000001,7155.5,41528.666666666664,17667.4,117765.40000000001,0.7102142238620535,1,22,1,1
18239.4,2655.1,136495.2,119651.8,1886.4,169745.5,0,0,1,1,0,1,-15584.300000000001,133840.1,-117765.40000000001,167859.1,52463.23333333334,97094.56666666667,133840.1,167859.1,1.2435913966835705,1,5,0,0
2655.1,136495.2,4141.7,1886.4,169745.5,3482.9,0,1,0,0,1,0,133840.1,-132353.5,167859.1,-166262.6,47764.00000000001,58371.6,133840.1,167859.1,0.840731889830304,1,22,1,0
136495.2,4141.7,105118.0,169745.5,3482.9,8635.6,1,0,1,1,0,0,-132353.5,100976.3,-166262.6,5152.700000000001,81918.3,60621.333333333336,132353.5,166262.6,0.08215070539103303,4,8,0,0
4141.7,105118.0,356.4,3482.9,8635.6,1686.3,0,1,0,0,0,0,100976.3,-104761.6,5152.700000000001,-6949.3,36538.7,4601.599999999999,104761.6,6949.3,4.718242865137102,1,22,1,0
105118.0,356.4,111929.5,8635.6,1686.3,27364.5,1,0,1,0,0,0,-104761.6,111573.1,-6949.3,25678.2,72467.96666666666,12562.133333333333,111573.1,25678.2,0.244477599939248,2,6,2,0
356.4,111929.5,288750.6,1686.3,27364.5,14704.0,0,1,2,0,0,0,111573.1,176821.09999999998,25678.2,-12660.5,133678.83333333334,14584.933333333334,288394.19999999995,25678.2,0.05092266155408317,2,22,0,0
111929.5,288750.6,522.9,27364.5,14704.0,4225.6,1,2,0,0,0,0,176821.09999999998,-288227.69999999995,-12660.5,-10478.4,133734.33333333334,15431.366666666667,288227.69999999995,23138.9,8.065661385760642,1,22,0,0
288750.6,522.9,3289.5,14704.0,4225.6,3099.0,2,0,0,0,0,0,-288227.69999999995,2766.6,-10478.4,-1126.6000000000004,97521.0,7342.866666666666,288227.69999999995,11605.0,0.9418021577267892,1,22,2,0
522.9,3289.5,361783.4,4225.6,3099.0,47897.7,0,0,2,0,0,0,2766.6,358493.9,-1126.6000000000004,44798.7,121865.26666666668,18407.43333333333,361260.5,44798.7,0.13239293899902813,3,0,0,0
3289.5,361783.4,2744.5,3099.0,47897.7,4136.1,0,2,0,0,0,0,358493.9,-359038.9,44798.7,-43761.6,122605.8,18377.6,359038.9,44798.7,1.5065015479876163,1,22,0,0
361783.4,2744.5,642.9,47897.7,4136.1,3044.7,2,0,0,0,0,0,-359038.9,-2101.6,-43761.6,-1091.4000000000005,121723.60000000002,18359.499999999996,361140.5,44853.0,4.728529274732101,1,22,1,0
2744.5,642.9,77988.7,4136.1,3044.7,13905.8,0,0,1,0,0,0,-2101.6,77345.8,-1091.4000000000005,10861.099999999999,27125.366666666665,7028.866666666666,77345.8,10861.099999999999,0.17830303232349912,2,6,1,0
642.9,77988.7,100350.0,3044.7,13905.8,42429.7,0,1,1,0,0,0,77345.8,22361.300000000003,10861.099999999999,28523.899999999998,59660.533333333326,19793.399999999998,99707.1,39385.0,0.42281292662753733,4,8,0,0
77988.7,100350.0,817.7,13905.8,42429.7,6675.3,1,1,0,0,0,0,22361.300000000003,-99532.3,28523.899999999998,-35754.399999999994,59718.80000000001,21003.600000000002,99532.3,35754.399999999994,8.153536093807254,1,22,1,1
100350.0,817.7,180220.1,42429.7,6675.3,125563.7,1,0,1,0,0,1,-99532.3,179402.4,-35754.399999999994,118888.4,93795.93333333333,58222.9,179402.4,118888.4,0.6967203063348298,5,1,0,0
817.7,180220.1,1668.3,6675.3,125563.7,777.3,0,1,0,0,1,0,179402.4,-178551.80000000002,118888.4,-124786.4,60902.03333333333,44338.76666666666,179402.4,124786.4,0.4656442820343857,1,22,0,0
180220.1,1668.3,4018.8,125563.7,777.3,5277.0,1,0,0,1,0,0,-178551.80000000002,2350.5,-124786.4,4499.7,61969.06666666666,43872.666666666664,178551.80000000002,124786.4,1.3127518782028955,1,22,0,0
1668.3,4018.8,3633.2,777.3,5277.0,3876.8,0,0,0,0,0,0,2350.5,-385.60000000000036,4499.7,-1400.1999999999998,3106.7666666666664,3310.366666666667,2350.5,4499.7,1.0667547190578395,1,22,0,0
4018.8,3633.2,1777.7,5277.0,3876.8,3488.6,0,0,0,0,0,0,-385.60000000000036,-1855.4999999999998,-1400.1999999999998,-388.2000000000003,3143.2333333333336,4214.133333333333,2241.1000000000004,1788.4,1.961320065216169,1,22,0,0
3633.2,1777.7,5271.1,3876.8,3488.6,2095.8,0,0,0,0,0,0,-1855.4999999999998,3493.4000000000005,-388.2000000000003,-1392.7999999999997,3560.6666666666665,3153.7333333333336,3493.4000000000005,1781.0,0.3975266023026877,1,22,0,0
1777.7,5271.1,6770.7,3488.6,2095.8,3371.3,0,0,0,0,0,0,3493.4000000000005,1499.5999999999995,-1392.7999999999997,1275.5,4606.5,2985.2333333333336,4993.0,1392.7999999999997,0.49785135195002733,1,22,3,1
5271.1,6770.7,882445.0,2095.8,3371.3,81686.0,0,0,3,0,0,1,1499.5999999999995,875674.3,1275.5,78314.7,298162.26666666666,29051.033333333336,877173.9,79590.2,0.09256770385949961,3,0,0,0
6770.7,882445.0,4875.3,3371.3,81686.0,3291.9,0,3,0,0,1,0,875674.3,-877569.7,78314.7,-78394.1,298030.3333333333,29449.733333333334,877569.7,78394.1,0.6750815167237455,1,22,0,0
882445.0,4875.3,3224.2,81686.0,3291.9,206.2,3,0,0,1,0,0,-877569.7,-1651.1000000000004,-78394.1,-3085.7000000000003,296848.1666666667,28394.699999999997,879220.8,81479.8,0.06393401959568398,1,22,3,0
4875.3,3224.2,672095.6,3291.9,206.2,17035.1,0,0,3,0,0,0,-1651.1000000000004,668871.4,-3085.7000000000003,16828.899999999998,226731.69999999998,6844.399999999999,668871.4,16828.899999999998,0.025346207673123178,4,8,0,0
3224.2,672095.6,5636.5,206.2,17035.1,2850.0,0,3,0,0,0,0,668871.4,-666459.1,16828.899999999998,-14185.099999999999,226985.43333333332,6697.099999999999,668871.4,16828.899999999998,0.5055432372505543,1,22,0,0
672095.6,5636.5,116.1,17035.1,2850.0,6102.1,3,0,0,0,0,0,-666459.1,-5520.4,-14185.099999999999,3252.1000000000004,225949.4,8662.4,671979.5,14185.099999999999,52.110162254483356,1,22,0,0
5636.5,116.1,2021.9,2850.0,6102.1,894.2,0,0,0,0,0,0,-5520.4,1905.8000000000002,3252.1000000000004,-5207.900000000001,2591.5,3282.1000000000004,5520.4,5207.900000000001,0.44203865737307824,1,22,0,1
116.1,2021.9,10978.1,6102.1,894.2,60196.7,0,0,0,0,0,1,1905.8000000000002,8956.2,-5207.900000000001,59302.5,4372.033333333334,22397.666666666668,10862.0,59302.5,5.48284467761474,2,6,0,0
2021.9,10978.1,3387.7,894.2,60196.7,3134.0,0,0,0,0,1,0,8956.2,-7590.400000000001,59302.5,-57062.7,5462.566666666667,21408.3,8956.2,59302.5,0.9248384336176115,1,22,0,0
10978.1,3387.7,4351.8,60196.7,3134.0,5460.2,0,0,0,1,0,0,-7590.400000000001,964.1000000000004,-57062.7,2326.2,6239.2,22930.3,7590.400000000001,57062.7,1.254410953868774,1,22,0,0
3387.7,4351.8,452.2,3134.0,5460.2,363.0,0,0,0,0,0,0,964.1000000000004,-3899.6000000000004,2326.2,-5097.2,2730.5666666666666,2985.7333333333336,3899.6000000000004,5097.2,0.8009708737864077,1,22,0,0
4351.8,452.2,4961.8,5460.2,363.0,6098.3,0,0,0,0,0,0,-3899.6000000000004,4509.6,-5097.2,5735.3,3255.2666666666664,3973.8333333333335,4509.6,5735.3,1.228802289030386,1,22,0,0
452.2,4961.8,5312.4,363.0,6098.3,4422.4,0,0,0,0,0,0,4509.6,350.59999999999945,5735.3,-1675.9000000000005,3575.4666666666667,3627.9,4860.2,5735.3,0.8323107614709978,1,22,0,0
4961.8,5312.4,1697.1,6098.3,4422.4,5309.1,0,0,0,0,0,0,350.59999999999945,-3615.2999999999997,-1675.9000000000005,886.7000000000007,3990.433333333334,5276.6,3615.2999999999997,1675.9000000000005,3.126494317178023,1,22,0,0
5312.4,1697.1,3467.8,4422.4,5309.1,2620.9,0,0,0,0,0,0,-3615.2999999999997,1770.7000000000003,886.7000000000007,-2688.2000000000003,3492.433333333333,4117.466666666666,3615.2999999999997,2688.2000000000003,0.7555638837638377,1,22,1,1
1697.1,3467.8,99893.4,5309.1,2620.9,54036.3,0,0,1,0,0,1,1770.7000000000003,96425.59999999999,-2688.2000000000003,51415.4,35019.43333333333,20655.433333333334,98196.29999999999,51415.4,0.5409342265432298,2,6,0,0
3467.8,99893.4,3192.3,2620.9,54036.3,5434.0,0,1,0,0,1,0,96425.59999999999,-96701.09999999999,51415.4,-48602.3,35517.833333333336,20697.06666666667,96701.09999999999,51415.4,1.7016879090595933,1,22,0,0
99893.4,3192.3,2446.3,54036.3,5434.0,1980.0,1,0,0,1,0,0,-96701.09999999999,-746.0,-48602.3,-3454.0,35177.333333333336,20483.433333333334,97447.09999999999,52056.3,0.8090548768030074,1,22,0,0
3192.3,2446.3,2081.4,5434.0,1980.0,3020.3,0,0,0,0,0,0,-746.0,-364.9000000000001,-3454.0,1040.3000000000002,2573.3333333333335,3478.1,1110.9,3454.0,1.4503937764118324,1,22,0,0
2446.3,2081.4,5988.8,1980.0,3020.3,1663.7,0,0,0,0,0,0,-364.9000000000001,3907.4,1040.3000000000002,-1356.6000000000001,3505.5,2221.3333333333335,3907.4,1356.6000000000001,0.2777555177134462,1,22,0,0
2081.4,5988.8,4245.7,3020.3,1663.7,3551.8,0,0,0,0,0,0,3907.4,-1743.1000000000004,-1356.6000000000001,1888.1000000000001,4105.3,2745.2666666666664,3907.4,1888.1000000000001,0.836367061483034,1,22,0,0
5988.8,4245.7,4050.4,1663.7,3551.8,381.1,0,0,0,0,0,0,-1743.1000000000004,-195.29999999999973,1888.1000000000001,-3170.7000000000003,4761.633333333333,1865.5333333333335,1938.4,3170.7000000000003,0.09406624870415166,1,22,0,0
4245.7,4050.4,307.3,3551.8,381.1,173.1,0,0,0,0,0,0,-195.29999999999973,-3743.1,-3170.7000000000003,-208.00000000000003,2867.7999999999997,1368.6666666666667,3938.3999999999996,3378.7000000000003,0.5614661044437236,1,22,3,0
4050.4,307.3,696582.5,381.1,173.1,30909.2,0,0,3,0,0,0,-3743.1,696275.2,-208.00000000000003,30736.100000000002,233646.7333333333,10487.800000000001,696275.2,30736.100000000002,0.044372569835489935,4,8,0,0
307.3,696582.5,3556.2,173.1,30909.2,2535.3,0,3,0,0,0,0,696275.2,-693026.3,30736.100000000002,-28373.9,233482.0,11205.866666666667,696275.2,30736.100000000002,0.7127234903856967,1,22,0,0
696582.5,3556.2,215.8,30909.2,2535.3,2990.4,3,0,0,0,0,0,-693026.3,-3340.3999999999996,-28373.9,455.0999999999999,233451.5,12144.966666666667,696366.7,28373.9,13.793357933579335,1,22,1,1
3556.2,215.8,196893.8,2535.3,2990.4,169764.7,0,0,1,0,0,1,-3340.3999999999996,196678.0,455.0999999999999,166774.30000000002,66888.59999999999,58430.13333333334,196678.0,167229.40000000002,0.8622101751798423,5,1,1,0
215.8,196893.8,116097.4,2990.4,169764.7,43001.8,0,1,1,0,1,0,196678.0,-80796.4,166774.30000000002,-126762.90000000001,104402.33333333333,71918.96666666667,196678.0,166774.30000000002,0.37039097868704485,4,8,0,0
196893.8,116097.4,4731.5,169764.7,43001.8,4763.3,1,1,0,1,0,0,-80796.4,-111365.9,-126762.90000000001,-38238.5,105907.56666666665,72509.93333333333,192162.3,165001.40000000002,1.0065081880612785,1,22,0,0
116097.4,4731.5,1916.8,43001.8,4763.3,2442.6,1,0,0,0,0,0,-111365.9,-2814.7,-38238.5,-2320.7000000000003,40915.23333333333,16735.9,114180.59999999999,40559.200000000004,1.2736468870580875,1,22,0,0
4731.5,1916.8,1075.3,4763.3,2442.6,3622.3,0,0,0,0,0,0,-2814.7,-841.5,-2320.7000000000003,1179.7000000000003,2574.5333333333333,3609.4,3656.2,2320.7000000000003,3.3655114744959587,1,22,0,0
1916.8,1075.3,4104.1,2442.6,3622.3,8162.7,0,0,0,0,0,0,-841.5,3028.8,1179.7000000000003,4540.4,2365.4,4742.533333333333,3028.8,5720.1,1.9884290273074954,1,22,0,0
1075.3,4104.1,4386.1,3622.3,8162.7,5750.7,0,0,0,0,0,0,3028.8,282.0,4540.4,-2412.0,3188.5,5845.233333333334,3310.8,4540.4,1.3108203596909118,1,22,1,0
4104.1,4386.1,93792.6,8162.7,5750.7,46360.0,0,0,1,0,0,0,282.0,89406.5,-2412.0,40609.3,34094.26666666667,20091.133333333335,89688.5,40609.3,0.4942767950052029,5,1,0,0
4386.1,93792.6,4839.1,5750.7,46360.0,6865.9,0,1,0,0,0,0,89406.5,-88953.5,40609.3,-39494.1,34339.26666666667,19658.866666666665,89406.5,40609.3,1.4185450713828225,1,22,0,1
93792.6,4839.1,39543.5,46360.0,6865.9,62282.2,1,0,0,0,0,1,-88953.5,34704.4,-39494.1,55416.299999999996,46058.4,38502.700000000004,88953.5,55416.299999999996,1.5749902009128955,2,6,0,0
4839.1,39543.5,3779.6,6865.9,62282.2,4571.3,0,0,0,0,1,0,34704.4,-35763.9,55416.299999999996,-57710.899999999994,16054.066666666666,24573.13333333333,35763.9,57710.899999999994,1.209146696291594,1,22,0,0
39543.5,3779.6,5551.0,62282.2,4571.3,3995.0,0,0,0,1,0,0,-35763.9,1771.4,-57710.899999999994,-576.3000000000002,16291.366666666667,23616.166666666668,35763.9,58287.2,0.7195605187319885,1,22,1,1
3779.6,5551.0,126781.7,4571.3,3995.0,69411.3,0,0,1,0,0,1,1771.4,121230.7,-576.3000000000002,65416.3,45370.76666666666,25992.533333333336,123002.09999999999,65416.3,0.5474824246525749,2,6,0,0
5551.0,126781.7,34436.7,3995.0,69411.3,7326.3,0,1,0,0,1,0,121230.7,-92345.0,65416.3,-62085.0,55589.80000000001,26910.86666666667,121230.7,65416.3,0.2127406882573459,2,6,0,0
126781.7,34436.7,1872.7,69411.3,7326.3,1995.2,1,0,0,1,0,0,-92345.0,-32563.999999999996,-62085.0,-5331.1,54363.700000000004,26244.266666666666,124909.0,67416.1,1.0648449591716924,1,22,0,0
34436.7,1872.7,4083.3,7326.3,1995.2,2862.6,0,0,0,0,0,0,-32563.999999999996,2210.6000000000004,-5331.1,867.3999999999999,13464.233333333332,4061.366666666667,32563.999999999996,5331.1,0.7008789755894522,1,22,0,0
1872.7,4083.3,416.8,1995.2,2862.6,5838.7,0,0,0,0,0,0,2210.6000000000004,-3666.5,867.3999999999999,2976.1,2124.266666666667,3565.5,3666.5,3843.5,13.97486835806606,1,22,0,0
4083.3,416.8,6920.8,2862.6,5838.7,7712.1,0,0,0,0,0,0,-3666.5,6504.0,2976.1,1873.4000000000005,3806.966666666667,5471.133333333334,6504.0,4849.5,1.1141755034817533,1,22,0,0
416.8,6920.8,2550.1,5838.7,7712.1,2803.1,0,0,0,0,0,0,6504.0,-4370.700000000001,1873.4000000000005,-4909.0,3295.9,5451.3,6504.0,4909.0,1.0987809180353574,1,22,0,0
6920.8,2550.1,3965.3,7712.1,2803.1,5380.5,0,0,0,0,0,0,-4370.700000000001,1415.2000000000003,-4909.0,2577.4,4478.733333333334,5298.566666666667,4370.700000000001,4909.0,1.3565539671734361,1,22,0,0
2550.1,3965.3,4874.1,2803.1,5380.5,4597.7,0,0,0,0,0,0,1415.2000000000003,908.8000000000002,2577.4,-782.8000000000002,3796.5,4260.433333333333,2324.0000000000005,2577.4,0.9430986031055772,1,22,0,0
3965.3,4874.1,2895.7,5380.5,4597.7,1140.9,0,0,0,0,0,0,908.8000000000002,-1978.4000000000005,-782.8000000000002,-3456.7999999999997,3911.7000000000007,3706.366666666667,1978.4000000000005,4239.6,0.39386198087478863,1,22,0,0
4874.1,2895.7,872.8,4597.7,1140.9,8102.2,0,0,0,0,0,0,-1978.4000000000005,-2022.8999999999999,-3456.7999999999997,6961.299999999999,2880.866666666667,4613.599999999999,4001.3,6961.299999999999,9.272373540856032,1,22,0,0
2895.7,872.8,4308.7,1140.9,8102.2,3581.4,0,0,0,0,0,0,-2022.8999999999999,3435.8999999999996,6961.299999999999,-4520.799999999999,2692.4,4274.833333333333,3435.8999999999996,6961.299999999999,0.831009118964197,1,22,0,0
872.8,4308.7,2019.6,8102.2,3581.4,3996.0,0,0,0,0,0,0,3435.8999999999996,-2289.1,-4520.799999999999,414.5999999999999,2400.366666666667,5226.533333333334,3435.8999999999996,4520.799999999999,1.9776304068098585,1,22,0,0
4308.7,2019.6,3174.7,3581.4,3996.0,1195.3,0,0,0,0,0,0,-2289.1,1155.1,414.5999999999999,-2800.7,3167.6666666666665,2924.233333333333,2289.1,2800.7,0.3763894574424536,1,22,0,0
2019.6,3174.7,1754.7,3996.0,1195.3,2920.5,0,0,0,0,0,0,1155.1,-1419.9999999999998,-2800.7,1725.2,2316.333333333333,2703.9333333333334,1419.9999999999998,2800.7,1.6634390841259896,1,22,0,0
3174.7,1754.7,3619.5,1195.3,2920.5,5545.7,0,0,0,0,0,0,-1419.9999999999998,1864.8,1725.2,2625.2,2849.633333333333,3220.5,1864.8,4350.4,1.5317497583206738,1,22,0,0
1754.7,3619.5,17852.8,2920.5,5545.7,9371.5,0,0,0,0,0,0,1864.8,14233.3,2625.2,3825.8,7742.333333333333,5945.900000000001,16098.099999999999,6451.0,0.5249022617033909,2,6,1,1
3619.5,17852.8,60408.7,5545.7,9371.5,58451.2,0,0,1,0,0,1,14233.3,42555.899999999994,3825.8,49079.7,27293.666666666668,24456.13333333333,56789.2,52905.5,0.967579709881029,2,6,1,1
17852.8,60408.7,181736.8,9371.5,58451.2,70115.8,0,1,1,0,1,1,42555.899999999994,121328.09999999999,49079.7,11664.600000000006,86666.09999999999,45979.5,163884.0,60744.3,0.38580746548048894,2,6,0,0
60408.7,181736.8,3529.8,58451.2,70115.8,1075.9,1,1,0,1,1,0,121328.09999999999,-178207.0,11664.600000000006,-69039.90000000001,81891.76666666666,43214.299999999996,178207.0,69039.90000000001,0.3047184773988898,1,22,0,0
181736.8,3529.8,5808.8,70115.8,1075.9,4919.5,1,0,0,1,0,0,-178207.0,2279.0,-69039.90000000001,3843.6,63691.79999999999,25370.399999999998,178207.0,69039.90000000001,0.8467589245757169,1,22,0,0
3529.8,5808.8,3602.6,1075.9,4919.5,6572.2,0,0,0,0,0,0,2279.0,-2206.2000000000003,3843.6,1652.6999999999998,4313.733333333334,4189.2,2279.0,5496.299999999999,1.8237873237873239,1,22,0,0
5808.8,3602.6,2309.9,4919.5,6572.2,5562.5,0,0,0,0,0,0,-2206.2000000000003,-1292.6999999999998,1652.6999999999998,-1009.6999999999998,3907.1,5684.733333333334,3498.9,1652.6999999999998,2.4070708382015664,1,22,2,1
3602.6,2309.9,210931.4,6572.2,5562.5,169212.6,0,0,2,0,0,1,-1292.6999999999998,208621.5,-1009.6999999999998,163650.1,72281.3,60449.100000000006,208621.5,163650.1,0.8022124623813127,5,1,3,1
2309.9,210931.4,1043850.9,5562.5,169212.6,55007.4,0,2,3,0,1,1,208621.5,832919.5,163650.1,-114205.20000000001,419030.73333333334,76594.16666666667,1041541.0,163650.1,0.052696555900314974,3,0,1,0
210931.4,1043850.9,87564.2,169212.6,55007.4,30222.6,2,3,1,1,1,0,832919.5,-956286.7000000001,-114205.20000000001,-24784.800000000003,447448.8333333333,84814.2,956286.7000000001,138990.0,0.3451439612996944,2,6,0,0
1043850.9,87564.2,1147.2,55007.4,30222.6,1577.9,3,1,0,1,0,0,-956286.7000000001,-86417.0,-24784.800000000003,-28644.699999999997,377520.76666666666,28935.966666666664,1042703.7000000001,53429.5,1.374237937641526,1,22,1,0
87564.2,1147.2,102391.5,30222.6,1577.9,41716.0,1,0,1,0,0,0,-86417.0,101244.3,-28644.699999999997,40138.1,63700.96666666667,24505.5,101244.3,40138.1,0.4074126522938692,5,14,0,0
1147.2,102391.5,663.5,1577.9,41716.0,7615.4,0,1,0,0,0,0,101244.3,-101728.0,40138.1,-34100.6,34734.066666666666,16969.766666666666,101728.0,40138.1,11.460346124905945,1,22,0,0
102391.5,663.5,6178.5,41716.0,7615.4,7532.6,1,0,0,0,0,0,-101728.0,5515.0,-34100.6,-82.79999999999927,36411.166666666664,18954.666666666668,101728.0,34183.4,1.21896593575532,1,22,0,0
663.5,6178.5,123.6,7615.4,7532.6,538.3,0,0,0,0,0,0,5515.0,-6054.9,-82.79999999999927,-6994.3,2321.866666666667,5228.766666666666,6054.9,7077.099999999999,4.320224719101123,1,22,2,0
6178.5,123.6,240021.1,7532.6,538.3,40788.4,0,0,2,0,0,0,-6054.9,239897.5,-6994.3,40250.1,82107.73333333334,16286.433333333334,239897.5,40250.1,0.16993601839163977,3,0,0,0
123.6,240021.1,6659.2,538.3,40788.4,6962.8,0,2,0,0,0,0,239897.5,-233361.9,40250.1,-33825.6,82267.96666666667,16096.500000000002,239897.5,40250.1,1.0454340710489176,1,22,1,1
240021.1,6659.2,74695.6,40788.4,6962.8,98781.2,2,0,1,0,0,1,-233361.9,68036.40000000001,-33825.6,91818.4,107125.3,48844.13333333333,233361.9,91818.4,1.322432346318306,5,1,0,0
6659.2,74695.6,4084.1,6962.8,98781.2,1739.0,0,1,0,0,1,0,68036.40000000001,-70611.5,91818.4,-97042.2,28479.633333333335,35827.666666666664,70611.5,97042.2,0.4256933734792294,1,22,0,0
74695.6,4084.1,1766.8,98781.2,1739.0,5264.9,1,0,0,1,0,0,-70611.5,-2317.3,-97042.2,3525.8999999999996,26848.83333333334,35261.7,72928.8,97042.2,2.9782215182712974,1,22,0,0
4084.1,1766.8,3241.3,1739.0,5264.9,2235.3,0,0,0,0,0,0,-2317.3,1474.5000000000002,3525.8999999999996,-3029.5999999999995,3030.7333333333336,3079.7333333333336,2317.3,3525.8999999999996,0.6894180057366684,1,22,1,1
1766.8,3241.3,156634.2,5264.9,2235.3,170320.4,0,0,1,0,0,1,1474.5000000000002,153392.90000000002,-3029.5999999999995,168085.1,53880.76666666667,59273.53333333333,154867.40000000002,168085.1,1.087369888760636,5,1,0,0
3241.3,156634.2,5687.0,2235.3,170320.4,6892.6,0,1,0,0,1,0,153392.90000000002,-150947.2,168085.1,-163427.8,55187.5,59816.1,153392.90000000002,168085.1,1.2117791842475387,1,22,0,0
156634.2,5687.0,1748.1,170320.4,6892.6,2734.9,1,0,0,1,0,0,-150947.2,-3938.9,-163427.8,-4157.700000000001,54689.76666666667,59982.63333333333,154886.1,167585.5,1.5636041392716256,1,22,0,0
5687.0,1748.1,4832.4,6892.6,2734.9,4910.5,0,0,0,0,0,0,-3938.9,3084.2999999999997,-4157.700000000001,2175.6,4089.1666666666665,4846.0,3938.9,4157.700000000001,1.0159515041171847,1,22,1,1
1748.1,4832.4,67367.6,2734.9,4910.5,65000.6,0,0,1,0,0,1,3084.2999999999997,62535.200000000004,2175.6,60090.1,24649.36666666667,24215.333333333332,65619.5,62265.7,0.9648500933669394,5,1,1,0
4832.4,67367.6,175452.8,4910.5,65000.6,45254.2,0,1,1,0,1,0,62535.200000000004,108085.19999999998,60090.1,-19746.4,82550.93333333333,38388.433333333334,170620.4,60090.1,0.25792658808187685,2,6,0,0
67367.6,175452.8,6774.8,65000.6,45254.2,7675.4,1,1,0,1,0,0,108085.19999999998,-168678.0,-19746.4,-37578.799999999996,83198.4,39310.06666666666,168678.0,57325.2,1.1327666105847278,1,22,0,0
175452.8,6774.8,6116.8,45254.2,7675.4,2527.8,1,0,0,0,0,0,-168678.0,-658.0,-37578.799999999996,-5147.599999999999,62781.46666666665,18485.8,169336.0,42726.399999999994,0.4131877472293962,1,22,1,0
6774.8,6116.8,160511.5,7675.4,2527.8,24686.3,0,0,1,0,0,0,-658.0,154394.7,-5147.599999999999,22158.5,57801.03333333333,11629.833333333334,154394.7,22158.5,0.15379674480180672,4,8,1,1
6116.8,160511.5,52187.2,2527.8,24686.3,73157.9,0,1,1,0,0,1,154394.7,-108324.3,22158.5,48471.59999999999,72938.5,33457.333333333336,154394.7,70630.09999999999,1.4018092212415834,5,14,0,0
160511.5,52187.2,237.9,24686.3,73157.9,467.5,1,1,0,0,1,0,-108324.3,-51949.299999999996,48471.59999999999,-72690.4,70978.86666666667,32770.566666666666,160273.6,72690.4,1.9568857262452908,1,22,0,0
52187.2,237.9,1201.8,73157.9,467.5,5967.4,1,0,0,1,0,0,-51949.299999999996,963.9,-72690.4,5499.9,17875.633333333335,26530.93333333333,51949.299999999996,72690.4,4.961257066844031,1,22,0,0
237.9,1201.8,246.9,467.5,5967.4,6522.7,0,0,0,0,0,0,963.9,-954.9,5499.9,555.3000000000002,562.2,4319.2,963.9,6055.2,26.311819281968535,1,22,0,0
1201.8,246.9,3284.8,5967.4,6522.7,3186.4,0,0,0,0,0,0,-954.9,3037.9,555.3000000000002,-3336.2999999999997,1577.8333333333333,5225.499999999999,3037.9,3336.2999999999997,0.9697486152535151,1,22,0,0
246.9,3284.8,2330.7,6522.7,3186.4,7484.9,0,0,0,0,0,0,3037.9,-954.1000000000004,-3336.2999999999997,4298.5,1954.1333333333332,5731.333333333333,3037.9,4298.5,3.2100613286443367,1,22,0,1
3284.8,2330.7,32064.6,3186.4,7484.9,57031.8,0,0,0,0,0,1,-954.1000000000004,29733.899999999998,4298.5,49546.9,12560.033333333333,22567.7,29733.899999999998,53845.4,1.7785976248690187,2,6,0,0
2330.7,32064.6,111.1,7484.9,57031.8,646.7,0,0,0,0,1,0,29733.899999999998,-31953.5,49546.9,-56385.100000000006,11502.133333333331,21721.133333333335,31953.5,56385.100000000006,5.7689562890276544,1,22,0,0
32064.6,111.1,6688.0,57031.8,646.7,4984.4,0,0,0,1,0,0,-31953.5,6576.9,-56385.100000000006,4337.7,12954.566666666666,20887.633333333335,31953.5,56385.100000000006,0.7451637015996412,1,22,3,0
111.1,6688.0,815268.7,646.7,4984.4,15562.8,0,0,3,0,0,0,6576.9,808580.7,4337.7,10578.4,274022.6,7064.633333333332,815157.6,14916.099999999999,0.019089143138767452,3,0,0,0
6688.0,815268.7,2444.2,4984.4,15562.8,525.0,0,3,0,0,0,0,808580.7,-812824.5,10578.4,-15037.8,274800.3,7024.066666666666,812824.5,15037.8,0.2147063634876493,1,22,0,0
815268.7,2444.2,4779.9,15562.8,525.0,3254.1,3,0,0,0,0,0,-812824.5,2335.7,-15037.8,2729.1,274164.26666666666,6447.299999999999,812824.5,15037.8,0.6806459034909745,1,22,0,0
2444.2,4779.9,7245.9,525.0,3254.1,5411.0,0,0,0,0,0,0,2335.7,2466.0,2729.1,2156.9,4823.333333333333,3063.366666666667,4801.7,4886.0,0.7466640908526405,1,22,0,0
4779.9,7245.9,4147.2,3254.1,5411.0,2253.2,0,0,0,0,0,0,2466.0,-3098.7,2156.9,-3157.8,5391.0,3639.433333333333,3098.7,3157.8,0.5431753531652282,1,22,0,0
7245.9,4147.2,3462.4,5411.0,2253.2,5571.8,0,0,0,0,0,0,-3098.7,-684.7999999999997,-3157.8,3318.6000000000004,4951.833333333333,4412.0,3783.4999999999995,3318.6000000000004,1.6087659525321938,1,22,0,0
4147.2,3462.4,3361.7,2253.2,5571.8,6012.9,0,0,0,0,0,0,-684.7999999999997,-100.70000000000027,3318.6000000000004,441.09999999999945,3657.1,4612.633333333333,785.5,3759.7,1.7881166919439735,1,22,0,0
3462.4,3361.7,7798.5,5571.8,6012.9,702.3,0,0,0,0,0,0,-100.70000000000027,4436.8,441.09999999999945,-5310.599999999999,4874.2,4095.6666666666665,4436.8,5310.599999999999,0.09004423360471825,1,22,0,0
3361.7,7798.5,2551.4,6012.9,702.3,5930.6,0,0,0,0,0,0,4436.8,-5247.1,-5310.599999999999,5228.3,4570.533333333334,4215.266666666666,5247.1,5310.599999999999,2.3235386303087293,1,22,0,0
7798.5,2551.4,1970.6,702.3,5930.6,2847.3,0,0,0,0,0,0,-5247.1,-580.8000000000002,5228.3,-3083.3,4106.833333333333,3160.066666666667,5827.9,5228.3,1.4441570298234938,1,22,1,0
2551.4,1970.6,196302.7,5930.6,2847.3,21784.7,0,0,1,0,0,0,-580.8000000000002,194332.1,-3083.3,18937.4,66941.56666666667,10187.533333333335,194332.1,18937.4,0.110974474755188,2,6,0,0
1970.6,196302.7,6318.7,2847.3,21784.7,3168.7,0,1,0,0,0,0,194332.1,-189984.0,18937.4,-18616.0,68197.33333333334,9266.9,194332.1,18937.4,0.5014003829295695,1,22,3,1
196302.7,6318.7,960972.6,21784.7,3168.7,78292.6,1,0,3,0,0,1,-189984.0,954653.9,-18616.0,75123.90000000001,387864.6666666667,34415.333333333336,954653.9,75123.90000000001,0.08147216531234573,3,0,2,0
6318.7,960972.6,532152.0,3168.7,78292.6,9211.9,0,3,2,0,1,0,954653.9,-428820.6,75123.90000000001,-69080.70000000001,499814.4333333333,30224.399999999998,954653.9,75123.90000000001,0.017310623072687742,3,0,0,0
960972.6,532152.0,4073.1,78292.6,9211.9,1091.8,3,2,0,1,0,0,-428820.6,-528078.9,-69080.70000000001,-8120.099999999999,499065.9000000001,29532.100000000002,956899.5,77200.8,0.2679855673645713,1,22,1,1
532152.0,4073.1,155448.2,9211.9,1091.8,145170.1,2,0,1,0,0,1,-528078.9,151375.1,-8120.099999999999,144078.30000000002,230557.7666666667,51824.600000000006,528078.9,144078.30000000002,0.9338748607262051,5,1,1,0
4073.1,155448.2,163242.0,1091.8,145170.1,6921.8,0,1,1,0,1,0,151375.1,7793.799999999988,144078.30000000002,-138248.30000000002,107587.76666666668,51061.23333333333,159168.9,144078.30000000002,0.042401818148404526,2,6,3,0
155448.2,163242.0,713635.4,145170.1,6921.8,32877.0,1,1,3,1,0,0,7793.799999999988,550393.4,-138248.30000000002,25955.2,344108.5333333334,61656.299999999996,558187.2,138248.30000000002,0.046069679181162844,3,0,0,0
163242.0,713635.4,1635.8,6921.8,32877.0,473.0,1,3,0,0,0,0,550393.4,-711999.6,25955.2,-32404.0,292837.73333333334,13423.933333333334,711999.6,32404.0,0.28897849462365593,1,22,1,1
713635.4,1635.8,107922.9,32877.0,473.0,148477.2,3,0,1,0,0,1,-711999.6,106287.09999999999,-32404.0,148004.2,274398.0333333334,60609.06666666667,711999.6,148004.2,1.3757582889424864,5,14,0,0
1635.8,107922.9,1289.0,473.0,148477.2,4532.1,0,1,0,0,1,0,106287.09999999999,-106633.9,148004.2,-143945.1,36949.23333333333,51160.76666666667,106633.9,148004.2,3.5132558139534886,1,22,0,0
107922.9,1289.0,2887.9,148477.2,4532.1,7049.5,1,0,0,1,0,0,-106633.9,1598.9,-143945.1,2517.3999999999996,37366.6,53352.93333333334,106633.9,143945.1,2.440202153068642,1,22,0,0
1289.0,2887.9,1726.4,4532.1,7049.5,585.5,0,0,0,0,0,0,1598.9,-1161.5,2517.3999999999996,-6464.0,1967.7666666666664,4055.7000000000003,1598.9,6464.0,0.3389487090424916,1,22,0,0
2887.9,1726.4,5345.8,7049.5,585.5,5228.8,0,0,0,0,0,0,-1161.5,3619.4,-6464.0,4643.3,3320.0333333333333,4287.933333333333,3619.4,6464.0,0.9779307249195781,1,22,0,0
1726.4,5345.8,804.0,585.5,5228.8,1461.9,0,0,0,0,0,0,3619.4,-4541.8,4643.3,-3766.9,2625.4,2425.4,4541.8,4643.3,1.816024844720497,1,22,0,0
5345.8,804.0,2502.7,5228.8,1461.9,5549.6,0,0,0,0,0,0,-4541.8,1698.6999999999998,-3766.9,4087.7000000000003,2884.1666666666665,4080.1000000000004,4541.8,4087.7000000000003,2.2165594919519114,1,22,0,0
804.0,2502.7,4011.7,1461.9,5549.6,4376.1,0,0,0,0,0,0,1698.6999999999998,1509.0,4087.7000000000003,-1173.5,2439.4666666666667,3795.866666666667,3207.7,4087.7000000000003,1.0905624641762406,1,22,0,0
2502.7,4011.7,4839.5,5549.6,4376.1,7418.8,0,0,0,0,0,0,1509.0,827.8000000000002,-1173.5,3042.7,3784.633333333333,5781.5,2336.8,3042.7,1.532651585580002,1,22,0,0
4011.7,4839.5,1626.4,4376.1,7418.8,526.4,0,0,0,0,0,0,827.8000000000002,-3213.1,3042.7,-6892.400000000001,3492.5333333333333,4107.1,3213.1,6892.400000000001,0.32346073491458766,1,22,1,0
4839.5,1626.4,64766.7,7418.8,526.4,49004.5,0,0,1,0,0,0,-3213.1,63140.299999999996,-6892.400000000001,48478.1,23744.199999999997,18983.233333333334,63140.299999999996,48478.1,0.7566194260410668,2,6,0,0
1626.4,64766.7,4163.4,526.4,49004.5,2525.7,0,1,0,0,0,0,63140.299999999996,-60603.299999999996,48478.1,-46478.8,23518.83333333333,17352.2,63140.299999999996,48478.1,0.6064979348765729,1,22,0,0
64766.7,4163.4,6966.8,49004.5,2525.7,3237.8,1,0,0,0,0,0,-60603.299999999996,2803.4000000000005,-46478.8,712.1000000000004,25298.966666666664,18256.0,60603.299999999996,46478.8,0.4646803869227016,1,22,1,0
4163.4,6966.8,173549.9,2525.7,3237.8,29440.8,0,0,1,0,0,0,2803.4000000000005,166583.1,712.1000000000004,26203.0,61560.03333333333,11734.766666666668,169386.5,26915.1,0.16963784111750502,2,22,0,1
6966.8,173549.9,24257.8,3237.8,29440.8,99251.8,0,1,0,0,0,1,166583.1,-149292.1,26203.0,69811.0,68258.16666666666,43976.799999999996,166583.1,96014.0,4.091373027519911,5,14,0,0
173549.9,24257.8,4822.5,29440.8,99251.8,4787.9,1,0,0,0,1,0,-149292.1,-19435.3,69811.0,-94463.90000000001,67543.4,44493.5,168727.4,94463.90000000001,0.992619467191873,1,22,0,1
24257.8,4822.5,37128.1,99251.8,4787.9,95060.2,0,0,0,1,0,1,-19435.3,32305.6,-94463.90000000001,90272.3,22069.466666666664,66366.63333333333,32305.6,94463.90000000001,2.5602613583415703,5,14,0,0
4822.5,37128.1,39395.7,4787.9,95060.2,32102.0,0,0,0,0,1,0,32305.6,2267.5999999999985,90272.3,-62958.2,27115.43333333333,43983.36666666666,34573.2,90272.3,0.8148398216094243,5,1,1,1
37128.1,39395.7,128908.7,95060.2,32102.0,88913.8,0,0,1,1,0,1,2267.5999999999985,89513.0,-62958.2,56811.8,68477.5,72025.33333333333,91780.6,62958.2,0.6897370795215566,5,1,0,0
39395.7,128908.7,3037.3,32102.0,88913.8,4090.4,0,1,0,0,1,0,89513.0,-125871.4,56811.8,-84823.40000000001,57113.899999999994,41702.066666666666,125871.4,84823.40000000001,1.3462791692722904,1,22,1,1
128908.7,3037.3,80682.5,88913.8,4090.4,116831.8,1,0,1,1,0,1,-125871.4,77645.2,-84823.40000000001,112741.40000000001,70876.16666666667,69945.33333333333,125871.4,112741.40000000001,1.4480259284736037,5,14,0,0
3037.3,80682.5,2661.4,4090.4,116831.8,2418.3,0,1,0,0,1,0,77645.2,-78021.1,112741.40000000001,-114413.5,28793.733333333334,41113.5,78021.1,114413.5,0.9083158052884616,1,22,1,0
80682.5,2661.4,53674.3,116831.8,2418.3,10849.0,1,0,1,1,0,0,-78021.1,51012.9,-114413.5,8430.7,45672.73333333334,43366.36666666667,78021.1,114413.5,0.20212276410192395,2,6,3,0
2661.4,53674.3,773613.7,2418.3,10849.0,41763.8,0,1,3,0,0,0,51012.9,719939.3999999999,8430.7,30914.800000000003,276649.8,18343.7,770952.2999999999,39345.5,0.053985271996511965,3,0,0,0
53674.3,773613.7,1331.0,10849.0,41763.8,1598.7,1,3,0,0,0,0,719939.3999999999,-772282.7,30914.800000000003,-40165.100000000006,276206.3333333333,18070.5,772282.7,40165.100000000006,1.2002252252252252,1,22,0,0
773613.7,1331.0,5978.5,41763.8,1598.7,2070.5,3,0,0,0,0,0,-772282.7,4647.5,-40165.100000000006,471.79999999999995,260307.7333333333,15144.333333333334,772282.7,40165.100000000006,0.34626641023496946,1,22,2,0
1331.0,5978.5,418400.1,1598.7,2070.5,10518.7,0,0,2,0,0,0,4647.5,412421.6,471.79999999999995,8448.2,141903.19999999998,4729.3,417069.1,8920.0,0.025140230271861144,4,8,0,0
5978.5,418400.1,2315.0,2070.5,10518.7,3604.8,0,2,0,0,0,0,412421.6,-416085.1,8448.2,-6913.900000000001,142231.19999999998,5398.0,416085.1,8448.2,1.556476683937824,1,22,0,0
418400.1,2315.0,599.7,10518.7,3604.8,4805.3,2,0,0,0,0,0,-416085.1,-1715.3,-6913.900000000001,1200.5,140438.26666666666,6309.599999999999,417800.39999999997,6913.900000000001,7.99950058265357,1,22,0,0
2315.0,599.7,1666.0,3604.8,4805.3,1455.0,0,0,0,0,0,0,-1715.3,1066.3,1200.5,-3350.3,1526.8999999999999,3288.366666666667,1715.3,3350.3,0.8728254349130175,1,22,0,0
599.7,1666.0,4360.3,4805.3,1455.0,8032.9,0,0,0,0,0,0,1066.3,2694.3,-3350.3,6577.9,2208.6666666666665,4764.400000000001,3760.6000000000004,6577.9,1.841859078715062,1,22,0,0
1666.0,4360.3,3587.9,1455.0,8032.9,3716.6,0,0,0,0,0,0,2694.3,-772.4000000000001,6577.9,-4316.299999999999,3204.7333333333336,4401.5,2694.3,6577.9,1.0355819331828693,1,22,1,0
4360.3,3587.9,159770.8,8032.9,3716.6,41682.9,0,0,1,0,0,0,-772.4000000000001,156182.9,-4316.299999999999,37966.3,55906.333333333336,17810.8,156182.9,37966.3,0.26089021967581266,2,6,0,0
3587.9,159770.8,1647.8,3716.6,41682.9,1336.0,0,1,0,0,0,0,156182.9,-158123.0,37966.3,-40346.9,55002.16666666666,15578.5,158123.0,40346.9,0.8102862688015526,1,22,0,1
159770.8,1647.8,37096.7,41682.9,1336.0,119723.9,1,0,0,0,0,1,-158123.0,35448.899999999994,-40346.9,118387.9,66171.76666666666,54247.6,158123.0,118387.9,3.227259371874806,5,1,0,0
1647.8,37096.7,4837.7,1336.0,119723.9,3906.4,0,0,0,0,1,0,35448.899999999994,-32258.999999999996,118387.9,-115817.5,14527.4,41655.43333333333,35448.899999999994,118387.9,0.8073242813152294,1,22,0,0
37096.7,4837.7,458.5,119723.9,3906.4,1890.3,0,0,0,1,0,0,-32258.999999999996,-4379.2,-115817.5,-2016.1000000000001,14130.966666666665,41840.2,36638.2,117833.59999999999,4.113819368879216,1,22,2,0
4837.7,458.5,373491.3,3906.4,1890.3,16719.5,0,0,2,0,0,0,-4379.2,373032.8,-2016.1000000000001,14829.2,126262.5,7505.400000000001,373032.8,14829.2,0.044765313769520816,2,22,3,0
458.5,373491.3,1243842.1,1890.3,16719.5,12006.3,0,2,3,0,0,0,373032.8,870350.8,14829.2,-4713.200000000001,539263.9666666667,10205.366666666667,1243383.6,14829.2,0.009652583995521621,3,0,2,1
373491.3,1243842.1,485403.2,16719.5,12006.3,162493.6,2,3,2,0,0,1,870350.8,-758438.9000000001,-4713.200000000001,150487.30000000002,700912.2000000001,63739.799999999996,870350.8,150487.30000000002,0.3347593613734698,1,5,1,1
1243842.1,485403.2,72180.4,12006.3,162493.6,70480.9,3,2,1,0,1,1,-758438.9000000001,-413222.80000000005,150487.30000000002,-92012.70000000001,600475.2333333333,81660.26666666666,1171661.7000000002,150487.30000000002,0.9764412992820866,2,6,1,1
485403.2,72180.4,202744.4,162493.6,70480.9,52753.4,2,1,1,1,1,1,-413222.80000000005,130564.0,-92012.70000000001,-17727.499999999993,253442.66666666666,95242.63333333335,413222.80000000005,109740.20000000001,0.2601952991288582,5,1,2,2
72180.4,202744.4,359571.0,70480.9,52753.4,277678.1,1,1,2,1,1,2,130564.0,156826.6,-17727.499999999993,224924.69999999998,211498.6,133637.46666666665,287390.6,224924.69999999998,0.772246170447087,1,5,0,0
202744.4,359571.0,1037.1,52753.4,277678.1,1461.8,1,2,0,1,2,0,156826.6,-358533.9,224924.69999999998,-276216.3,187784.16666666666,110631.09999999999,358533.9,276216.3,1.4081495039013583,1,22,0,0
359571.0,1037.1,2615.2,277678.1,1461.8,6413.1,2,0,0,2,0,0,-358533.9,1578.1,-276216.3,4951.3,121074.43333333333,95184.33333333331,358533.9,276216.3,2.4513034171699415,1,22,0,0
1037.1,2615.2,5650.2,1461.8,6413.1,6275.0,0,0,0,0,0,0,1578.1,3035.0,4951.3,-138.10000000000036,3100.8333333333335,4716.633333333334,4613.1,4951.3,1.1103836353340883,1,22,0,0
2615.2,5650.2,1328.0,6413.1,6275.0,2576.7,0,0,0,0,0,0,3035.0,-4322.2,-138.10000000000036,-3698.3,3197.7999999999997,5088.266666666666,4322.2,3836.4000000000005,1.93882618510158,1,22,0,0
5650.2,1328.0,652.1,6275.0,2576.7,1851.8,0,0,0,0,0,0,-4322.2,-675.9,-3698.3,-724.8999999999999,2543.4333333333334,3567.8333333333335,4998.099999999999,4423.2,2.8354003981013625,1,22,0,0
1328.0,652.1,2527.8,2576.7,1851.8,1053.4,0,0,0,0,0,0,-675.9,1875.7000000000003,-724.8999999999999,-798.3999999999999,1502.6333333333332,1827.3,1875.7000000000003,1523.2999999999997,0.41656121480544134,1,22,0,1
652.1,2527.8,39296.9,1851.8,1053.4,102222.6,0,0,0,0,0,1,1875.7000000000003,36769.1,-798.3999999999999,101169.20000000001,14158.933333333334,35042.6,38644.8,101169.20000000001,2.601222966112693,5,14,3,1
2527.8,39296.9,927451.4,1053.4,102222.6,85040.4,0,0,3,0,1,1,36769.1,888154.5,101169.20000000001,-17182.20000000001,323092.0333333333,62772.13333333333,924923.6,101169.20000000001,0.09169246852992131,3,0,0,0
39296.9,927451.4,4131.4,102222.6,85040.4,218.8,0,3,0,1,1,0,888154.5,-923320.0,-17182.20000000001,-84821.59999999999,323626.5666666667,62493.93333333333,923320.0,102003.8,0.05294743974445843,1,22,0,0
927451.4,4131.4,5149.6,85040.4,218.8,5233.3,3,0,0,1,0,0,-923320.0,1018.2000000000007,-84821.59999999999,5014.5,312244.13333333336,30164.166666666668,923320.0,84821.59999999999,1.0160563817807633,1,22,1,0
4131.4,5149.6,154557.0,218.8,5233.3,34493.8,0,0,1,0,0,0,1018.2000000000007,149407.4,5014.5,29260.500000000004,54612.666666666664,13315.300000000001,150425.6,34275.0,0.22317705974456192,2,6,1,0
5149.6,154557.0,102117.4,5233.3,34493.8,50918.8,0,1,1,0,0,0,149407.4,-52439.600000000006,29260.500000000004,16425.0,87274.66666666667,30215.300000000003,149407.4,45685.5,0.498625125344698,2,6,0,0
154557.0,102117.4,7655.4,34493.8,50918.8,4398.2,1,1,0,0,0,0,-52439.600000000006,-94462.0,16425.0,-46520.600000000006,88109.93333333333,29936.933333333334,146901.6,46520.600000000006,0.5744475210281594,1,22,2,1
102117.4,7655.4,214947.5,50918.8,4398.2,73538.1,1,0,2,0,0,1,-94462.0,207292.1,-46520.600000000006,69139.90000000001,108240.09999999999,42951.700000000004,207292.1,69139.90000000001,0.34211962400295887,5,1,0,0
7655.4,214947.5,526.3,4398.2,73538.1,4012.5,0,2,0,0,1,0,207292.1,-214421.2,69139.90000000001,-69525.6,74376.4,27316.266666666666,214421.2,69525.6,7.609520197231179,1,22,0,0
214947.5,526.3,1044.0,73538.1,4012.5,3659.6,2,0,0,1,0,0,-214421.2,517.7,-69525.6,-352.9000000000001,72172.59999999999,27070.06666666667,214421.2,69878.5,3.5020095693779902,1,22,0,0
526.3,1044.0,4332.7,4012.5,3659.6,5166.0,0,0,0,0,0,0,517.7,3288.7,-352.9000000000001,1506.4,1967.6666666666667,4279.366666666667,3806.3999999999996,1506.4,1.1920529801324504,1,22,0,0
1044.0,4332.7,4879.3,3659.6,5166.0,610.0,0,0,0,0,0,0,3288.7,546.6000000000004,1506.4,-4556.0,3418.6666666666665,3145.2000000000003,3835.3,4556.0,0.1249923160461447,1,22,0,0
4332.7,4879.3,3405.0,5166.0,610.0,2301.9,0,0,0,0,0,0,546.6000000000004,-1474.3000000000002,-4556.0,1691.9,4205.666666666667,2692.633333333333,1474.3000000000002,4556.0,0.6758367586611862,1,22,0,0
4879.3,3405.0,1663.4,610.0,2301.9,1810.6,0,0,0,0,0,0,-1474.3000000000002,-1741.6,1691.9,-491.3000000000002,3315.8999999999996,1574.1666666666667,3215.9,1691.9,1.0878394616678682,1,22,0,0
3405.0,1663.4,2357.2,2301.9,1810.6,3518.9,0,0,0,0,0,0,-1741.6,693.7999999999997,-491.3000000000002,1708.3000000000002,2475.2,2543.7999999999997,1741.6,1708.3000000000002,1.492197438724451,1,22,0,0
1663.4,2357.2,1263.9,1810.6,3518.9,5198.6,0,0,0,0,0,0,693.7999999999997,-1093.2999999999997,1708.3000000000002,1679.7000000000003,1761.5,3509.366666666667,1093.2999999999997,3388.0000000000005,4.1098901098901095,1,22,0,0
2357.2,1263.9,2653.1,3518.9,5198.6,5241.4,0,0,0,0,0,0,-1093.2999999999997,1389.1999999999998,1679.7000000000003,42.79999999999927,2091.4,4652.966666666666,1389.1999999999998,1722.4999999999995,1.974831392939226,1,22,0,0
1263.9,2653.1,4597.7,5198.6,5241.4,3538.0,0,0,0,0,0,0,1389.1999999999998,1944.6,42.79999999999927,-1703.3999999999996,2838.2333333333336,4659.333333333333,3333.7999999999997,1703.3999999999996,0.7693478591775937,1,22,0,0
2653.1,4597.7,2508.8,5241.4,3538.0,1885.8,0,0,0,0,0,0,1944.6,-2088.8999999999996,-1703.3999999999996,-1652.2,3253.1999999999994,3555.066666666666,2088.8999999999996,3355.5999999999995,0.7513746115228305,1,22,0,0
4597.7,2508.8,7564.6,3538.0,1885.8,4598.5,0,0,0,0,0,0,-2088.8999999999996,5055.8,-1652.2,2712.7,4890.366666666667,3340.7666666666664,5055.8,2712.7,0.6078169609812837,1,22,2,1
2508.8,7564.6,229086.7,1885.8,4598.5,138223.8,0,0,2,0,0,1,5055.8,221522.1,2712.7,133625.3,79720.03333333334,48236.033333333326,226577.90000000002,136338.0,0.6033663090598054,1,5,0,0
7564.6,229086.7,3984.4,4598.5,138223.8,7952.8,0,2,0,0,1,0,221522.1,-225102.30000000002,133625.3,-130270.99999999999,80211.90000000001,50258.36666666666,225102.30000000002,133625.3,1.9954835148291263,1,22,1,0
229086.7,3984.4,96764.4,138223.8,7952.8,43861.9,2,0,1,1,0,0,-225102.30000000002,92780.0,-130270.99999999999,35909.1,109945.16666666667,63346.16666666666,225102.30000000002,130270.99999999999,0.4532808214506425,2,6,0,0
3984.4,96764.4,2211.5,7952.8,43861.9,3541.6,0,1,0,0,0,0,92780.0,-94552.9,35909.1,-40320.3,34320.1,18452.100000000002,94552.9,40320.3,1.6007231638418078,1,22,3,0
96764.4,2211.5,1157592.3,43861.9,3541.6,39764.0,1,0,3,0,0,0,-94552.9,1155380.8,-40320.3,36222.4,418856.06666666665,29055.833333333332,1155380.8,40320.3,0.0343505789123002,3,0,0,0
2211.5,1157592.3,3456.1,3541.6,39764.0,1443.1,0,3,0,0,0,0,1155380.8,-1154136.2,36222.4,-38320.9,387753.30000000005,14916.233333333332,1155380.8,38320.9,0.41743079459662724,1,22,0,0
1157592.3,3456.1,395.5,39764.0,1443.1,3050.3,3,0,0,0,0,0,-1154136.2,-3060.6,-38320.9,1607.2000000000003,387147.96666666673,14752.466666666667,1157196.8,38320.9,7.693064312736444,1,22,2,1
3456.1,395.5,455595.0,1443.1,3050.3,98963.6,0,0,2,0,0,1,-3060.6,455199.5,1607.2000000000003,95913.3,153148.86666666667,34485.666666666664,455199.5,97520.5,0.21721788602182637,3,0,0,1
395.5,455595.0,28168.1,3050.3,98963.6,78056.5,0,2,0,0,1,1,455199.5,-427426.9,95913.3,-20907.100000000006,161386.19999999998,60023.466666666674,455199.5,95913.3,2.77099729845824,2,6,0,0
455595.0,28168.1,4785.8,98963.6,78056.5,2439.7,2,0,0,1,1,0,-427426.9,-23382.3,-20907.100000000006,-75616.8,162849.63333333333,59819.93333333334,450809.2,96523.90000000001,0.509672432522771,1,22,1,0
28168.1,4785.8,153443.4,78056.5,2439.7,37868.1,0,0,1,1,0,0,-23382.3,148657.6,-75616.8,35428.4,62132.43333333333,39454.76666666666,148657.6,75616.8,0.24678710985868496,5,14,0,0
4785.8,153443.4,2515.4,2439.7,37868.1,319.6,0,1,0,0,0,0,148657.6,-150928.0,35428.4,-37548.5,53581.533333333326,13542.466666666665,150928.0,37548.5,0.1270068351613416,1,22,0,0
153443.4,2515.4,2697.7,37868.1,319.6,4316.3,1,0,0,0,0,0,-150928.0,182.29999999999973,-37548.5,3996.7000000000003,52885.5,14168.0,150928.0,37548.5,1.5993997109719496,1,22,0,0
2515.4,2697.7,3669.1,319.6,4316.3,3657.0,0,0,0,0,0,0,182.29999999999973,971.4000000000001,3996.7000000000003,-659.3000000000002,2960.7333333333336,2764.3000000000006,1153.6999999999998,3996.7000000000003,0.9964306149696194,1,22,0,0
2697.7,3669.1,3709.4,4316.3,3657.0,1221.3,0,0,0,0,0,0,971.4000000000001,40.30000000000018,-659.3000000000002,-2435.7,3358.733333333333,3064.866666666667,1011.7000000000003,3095.0,0.32915588615782665,1,22,2,0
3669.1,3709.4,382693.7,3657.0,1221.3,10378.6,0,0,2,0,0,0,40.30000000000018,378984.3,-2435.7,9157.300000000001,130024.06666666667,5085.633333333334,379024.60000000003,9157.300000000001,0.027119790266235722,2,22,0,0
3709.4,382693.7,4983.5,1221.3,10378.6,3773.1,0,2,0,0,0,0,378984.3,-377710.2,9157.300000000001,-6605.5,130462.20000000001,5124.333333333333,378984.3,9157.300000000001,0.7569665964489919,1,22,2,1
382693.7,4983.5,484696.3,10378.6,3773.1,82496.1,2,0,2,0,0,1,-377710.2,479712.8,-6605.5,78723.0,290791.1666666667,32215.933333333334,479712.8,78723.0,0.17020127819981667,3,0,0,0
4983.5,484696.3,4068.9,3773.1,82496.1,6861.3,0,2,0,0,1,0,479712.8,-480627.39999999997,78723.0,-75634.8,164582.9,31043.500000000004,480627.39999999997,78723.0,1.6858645175557139,1,22,0,0
484696.3,4068.9,3989.9,82496.1,6861.3,4365.7,2,0,0,1,0,0,-480627.39999999997,-79.0,-75634.8,-2495.6000000000004,164251.7,31241.033333333336,480706.39999999997,78130.40000000001,1.0939136535618532,1,22,0,0
4068.9,3989.9,10196.2,6861.3,4365.7,39018.0,0,0,0,0,0,0,-79.0,6206.300000000001,-2495.6000000000004,34652.3,6085.0,16748.333333333332,6206.300000000001,34652.3,3.826344486721845,2,6,2,2
3989.9,10196.2,569742.4,4365.7,39018.0,244040.5,0,0,2,0,0,2,6206.300000000001,559546.2000000001,34652.3,205022.5,194642.83333333334,95808.06666666667,565752.5,239674.8,0.4283340535405939,1,5,0,0
10196.2,569742.4,3615.4,39018.0,244040.5,3522.0,0,2,0,0,2,0,559546.2000000001,-566127.0,205022.5,-240518.5,194518.0,95526.83333333333,566127.0,240518.5,0.9738966928437119,1,22,0,0
569742.4,3615.4,5050.8,244040.5,3522.0,5615.6,2,0,0,2,0,0,-566127.0,1435.4,-240518.5,2093.6000000000004,192802.8666666667,84392.7,566127.0,240518.5,1.1116037847895799,1,22,0,0
3615.4,5050.8,824.1,3522.0,5615.6,2754.8,0,0,0,0,0,0,1435.4,-4226.7,2093.6000000000004,-2860.8,3163.433333333334,3964.1333333333337,4226.7,2860.8,3.3387468185674467,1,22,0,0
5050.8,824.1,7588.2,5615.6,2754.8,1078.1,0,0,0,0,0,0,-4226.7,6764.099999999999,-2860.8,-1676.7000000000003,4487.7,3149.5000000000005,6764.099999999999,4537.5,0.14205713382174667,1,22,0,0
824.1,7588.2,2543.9,2754.8,1078.1,1447.7,0,0,0,0,0,0,6764.099999999999,-5044.299999999999,-1676.7000000000003,369.60000000000014,3652.066666666666,1760.2,6764.099999999999,1676.7000000000003,0.5688632166293371,1,22,1,1
7588.2,2543.9,85023.6,1078.1,1447.7,62447.8,0,0,1,0,0,1,-5044.299999999999,82479.70000000001,369.60000000000014,61000.100000000006,31718.56666666667,21657.86666666667,82479.70000000001,61369.700000000004,0.7344674364830884,2,6,3,0
2543.9,85023.6,704613.3,1447.7,62447.8,38112.7,0,1,3,0,1,0,82479.70000000001,619589.7000000001,61000.100000000006,-24335.100000000006,264060.26666666666,34002.73333333333,702069.4,61000.100000000006,0.054090159680267626,4,8,0,0
85023.6,704613.3,1147.8,62447.8,38112.7,1945.3,1,3,0,1,0,0,619589.7000000001,-703465.5,-24335.100000000006,-36167.399999999994,263594.9,34168.6,703465.5,60502.5,1.69333217270195,1,22,0,0
704613.3,1147.8,4000.4,38112.7,1945.3,3725.8,3,0,0,0,0,0,-703465.5,2852.6000000000004,-36167.399999999994,1780.5000000000002,236587.16666666672,14594.6,703465.5,36167.399999999994,0.9311241065627031,1,22,0,0
1147.8,4000.4,1105.2,1945.3,3725.8,6393.7,0,0,0,0,0,0,2852.6000000000004,-2895.2,1780.5000000000002,2667.8999999999996,2084.4666666666667,4021.6,2895.2,4448.4,5.779877056590128,1,22,0,0
4000.4,1105.2,2177.4,3725.8,6393.7,5426.7,0,0,0,0,0,0,-2895.2,1072.2,2667.8999999999996,-967.0,2427.6666666666665,5182.066666666667,2895.2,2667.8999999999996,2.4911402864487697,1,22,3,1
1105.2,2177.4,982798.2,6393.7,5426.7,70864.8,0,0,3,0,0,1,1072.2,980620.7999999999,-967.0,65438.100000000006,328693.6,27561.733333333334,981693.0,65438.100000000006,0.07210506479858755,3,0,0,0
2177.4,982798.2,985.6,5426.7,70864.8,1516.8,0,3,0,0,1,0,980620.7999999999,-981812.6,65438.100000000006,-69348.0,328653.73333333334,25936.100000000002,981812.6,69348.0,1.5374011757551185,1,22,0,0
982798.2,985.6,1147.6,70864.8,1516.8,5838.8,3,0,0,1,0,0,-981812.6,161.9999999999999,-69348.0,4322.0,328310.4666666666,26073.46666666667,981812.6,69348.0,5.083405885425736,1,22,0,0
985.6,1147.6,1790.9,1516.8,5838.8,1530.2,0,0,0,0,0,0,161.9999999999999,643.3000000000002,4322.0,-4308.6,1308.0333333333333,2961.933333333334,805.3000000000001,4322.0,0.8539539036776606,1,22,1,0
1147.6,1790.9,66822.9,5838.8,1530.2,29206.6,0,0,1,0,0,0,643.3000000000002,65031.99999999999,-4308.6,27676.399999999998,23253.8,12191.866666666667,65675.29999999999,27676.399999999998,0.43706817470994663,2,6,1,0
1790.9,66822.9,161127.0,1530.2,29206.6,48284.1,0,1,1,0,0,0,65031.99999999999,94304.1,27676.399999999998,19077.5,76580.26666666666,26340.3,159336.1,46753.9,0.29966300084404945,5,14,0,0
66822.9,161127.0,5429.1,29206.6,48284.1,3479.3,1,1,0,0,0,0,94304.1,-155697.9,19077.5,-44804.799999999996,77793.0,26990.0,155697.9,44804.799999999996,0.6407432643966041,1,22,2,0
161127.0,5429.1,418269.9,48284.1,3479.3,28729.0,1,0,2,0,0,0,-155697.9,412840.80000000005,-44804.799999999996,25249.7,194942.0,26830.8,412840.80000000005,44804.799999999996,0.0686851511783392,2,22,1,1
5429.1,418269.9,108422.2,3479.3,28729.0,71773.5,0,2,1,0,0,1,412840.80000000005,-309847.7,25249.7,43044.5,177373.7333333333,34660.6,412840.80000000005,68294.2,0.6619754812623129,5,1,2,0
418269.9,108422.2,552227.1,28729.0,71773.5,47025.7,2,1,2,0,1,0,-309847.7,443804.89999999997,43044.5,-24747.800000000003,359639.73333333334,49176.06666666667,443804.89999999997,43044.5,0.08515629682734363,3,0,0,0
108422.2,552227.1,3858.7,71773.5,47025.7,1898.4,1,2,0,1,0,0,443804.89999999997,-548368.4,-24747.800000000003,-45127.299999999996,221502.66666666663,40232.53333333333,548368.4,69875.1,0.4918516983185222,1,22,0,0
552227.1,3858.7,4667.1,47025.7,1898.4,4192.2,2,0,0,0,0,0,-548368.4,808.4000000000005,-45127.299999999996,2293.7999999999997,186917.6333333333,17705.43333333333,548368.4,45127.299999999996,0.8980527409438529,1,22,0,0
3858.7,4667.1,4944.6,1898.4,4192.2,5322.8,0,0,0,0,0,0,808.4000000000005,277.5,2293.7999999999997,1130.6000000000004,4490.133333333333,3804.466666666667,1085.9000000000005,3424.4,1.076269815593659,1,22,0,0
4667.1,4944.6,5375.2,4192.2,5322.8,4826.3,0,0,0,0,0,0,277.5,430.59999999999945,1130.6000000000004,-496.5,4995.633333333334,4780.433333333333,708.0999999999995,1130.6000000000004,0.8977158587850155,1,22,0,0
4944.6,5375.2,15235.8,5322.8,4826.3,34237.5,0,0,0,0,0,0,430.59999999999945,9860.599999999999,-496.5,29411.2,8518.533333333333,14795.533333333333,10291.199999999999,29411.2,2.2470269347894574,2,6,1,1
5375.2,15235.8,195790.1,4826.3,34237.5,78222.8,0,0,1,0,0,1,9860.599999999999,180554.30000000002,29411.2,43985.3,72133.7,39095.53333333333,190414.9,73396.5,0.3995217351554795,3,0,0,0
15235.8,195790.1,4425.3,34237.5,78222.8,8369.0,0,1,0,0,1,0,180554.30000000002,-191364.80000000002,43985.3,-69853.8,71817.06666666667,40276.433333333334,191364.80000000002,69853.8,1.8907439622257867,1,22,0,0
195790.1,4425.3,5615.4,78222.8,8369.0,6161.0,1,0,0,1,0,0,-191364.80000000002,1190.0999999999995,-69853.8,-2208.0,68610.26666666666,30917.600000000002,191364.80000000002,72061.8,1.0969660280606794,1,22,0,0
4425.3,5615.4,1021.3,8369.0,6161.0,5785.3,0,0,0,0,0,0,1190.0999999999995,-4594.099999999999,-2208.0,-375.6999999999998,3687.3333333333335,6771.766666666666,4594.099999999999,2583.7,5.659102024845936,1,22,0,0
5615.4,1021.3,3903.7,6161.0,5785.3,6364.8,0,0,0,0,0,0,-4594.099999999999,2882.3999999999996,-375.6999999999998,579.5,3513.4666666666667,6103.7,4594.099999999999,579.5,1.6300355981253363,1,22,0,0
1021.3,3903.7,4614.4,5785.3,6364.8,4862.9,0,0,0,0,0,0,2882.3999999999996,710.6999999999998,579.5,-1501.9000000000005,3179.7999999999997,5671.0,3593.0999999999995,1501.9000000000005,1.0536248212505959,1,22,3,1
3903.7,4614.4,1408170.6,6364.8,4862.9,91756.8,0,0,3,0,0,1,710.6999999999998,1403556.2000000002,-1501.9000000000005,86893.90000000001,472229.5666666667,34328.166666666664,1404266.9000000001,86893.90000000001,0.06516024041388137,3,0,0,0
4614.4,1408170.6,7063.8,4862.9,91756.8,1664.5,0,3,0,0,1,0,1403556.2000000002,-1401106.8,86893.90000000001,-90092.3,473282.93333333335,32761.399999999998,1403556.2000000002,90092.3,0.2356046880308006,1,22,3,0
1408170.6,7063.8,797878.9,91756.8,1664.5,22864.8,3,0,3,1,0,0,-1401106.8,790815.1,-90092.3,21200.3,737704.4333333335,38762.03333333333,1401106.8,90092.3,0.02865694448500332,4,8,0,0
7063.8,797878.9,4684.9,1664.5,22864.8,5774.7,0,3,0,0,0,0,790815.1,-793194.0,21200.3,-17090.1,269875.8666666667,10101.333333333334,793194.0,21200.3,1.232356644401289,1,22,3,0
797878.9,4684.9,707557.4,22864.8,5774.7,5417.0,3,0,3,0,0,0,-793194.0,702872.5,-17090.1,-357.6999999999998,503373.7333333334,11352.166666666666,793194.0,17447.8,0.0076559051521400915,4,8,0,0
4684.9,707557.4,563.3,5774.7,5417.0,5898.8,0,3,0,0,0,0,702872.5,-706994.1,-357.6999999999998,481.8000000000002,237601.8666666667,5696.833333333333,706994.1,481.8000000000002,10.45330497962077,1,22,0,0
707557.4,563.3,7913.3,5417.0,5898.8,4935.4,3,0,0,0,0,0,-706994.1,7350.0,481.8000000000002,-963.4000000000005,238678.00000000003,5417.066666666667,706994.1,963.4000000000005,0.623605372553479,1,22,0,0
563.3,7913.3,4694.6,5898.8,4935.4,5113.8,0,0,0,0,0,0,7350.0,-3218.7,-963.4000000000005,178.40000000000055,4390.400000000001,5316.0,7350.0,963.4000000000005,1.0890621006900076,1,22,0,0
7913.3,4694.6,1221.4,4935.4,5113.8,877.3,0,0,0,0,0,0,-3218.7,-3473.2000000000003,178.40000000000055,-4236.5,4609.766666666667,3642.1666666666665,6691.9,4236.5,0.7176865183246073,1,22,0,0
4694.6,1221.4,3698.4,5113.8,877.3,2389.7,0,0,0,0,0,0,-3473.2000000000003,2477.0,-4236.5,1512.3999999999999,3204.7999999999997,2793.6,3473.2000000000003,4236.5,0.6459696166945991,1,22,0,0
1221.4,3698.4,5906.1,877.3,2389.7,7137.8,0,0,0,0,0,0,2477.0,2207.7000000000003,1512.3999999999999,4748.1,3608.6333333333337,3468.2666666666664,4684.700000000001,6260.5,1.2083425030895025,1,22,0,0
3698.4,5906.1,3793.7,2389.7,7137.8,1094.2,0,0,0,0,0,0,2207.7000000000003,-2112.4000000000005,4748.1,-6043.6,4466.066666666667,3540.566666666667,2207.7000000000003,6043.6,0.2883495401481013,1,22,0,0
5906.1,3793.7,4495.5,7137.8,1094.2,3325.3,0,0,0,0,0,0,-2112.4000000000005,701.8000000000002,-6043.6,2231.1000000000004,4731.766666666666,3852.433333333333,2112.4000000000005,6043.6,0.7395307461358835,1,22,0,0
3793.7,4495.5,461.1,1094.2,3325.3,4032.1,0,0,0,0,0,0,701.8000000000002,-4034.4,2231.1000000000004,706.7999999999997,2916.766666666667,2817.2000000000003,4034.4,2937.8999999999996,8.725600519368102,1,22,0,0
4495.5,461.1,1167.9,3325.3,4032.1,2980.1,0,0,0,0,0,0,-4034.4,706.8000000000001,706.7999999999997,-1052.0,2041.5,3445.8333333333335,4034.4,1052.0,2.549490974420395,1,22,0,0
461.1,1167.9,2123.2,4032.1,2980.1,2196.1,0,0,0,0,0,0,706.8000000000001,955.2999999999997,-1052.0,-784.0,1250.7333333333333,3069.433333333333,1662.1,1836.0,1.0338480369080125,1,22,3,0
1167.9,2123.2,1433350.5,2980.1,2196.1,33684.9,0,0,3,0,0,0,955.2999999999997,1431227.3,-784.0,31488.800000000003,478880.5333333334,12953.699999999999,1432182.6,31488.800000000003,0.02350079516434036,3,0,1,1
2123.2,1433350.5,66581.8,2196.1,33684.9,67099.9,0,3,1,0,0,1,1431227.3,-1366768.7,31488.800000000003,33414.99999999999,500685.1666666667,34326.96666666667,1431227.3,64903.799999999996,1.007766269967619,3,0,0,0
1433350.5,66581.8,17114.2,33684.9,67099.9,11221.5,3,1,0,0,1,0,-1366768.7,-49467.600000000006,33414.99999999999,-55878.399999999994,505682.1666666667,37335.43333333333,1416236.3,55878.399999999994,0.6556452743759933,2,6,0,0
66581.8,17114.2,2480.1,67099.9,11221.5,3567.4,1,0,0,1,0,0,-49467.600000000006,-14634.1,-55878.399999999994,-7654.1,28725.36666666667,27296.266666666663,64101.700000000004,63532.49999999999,1.4378299947603885,1,22,0,0
17114.2,2480.1,1421.9,11221.5,3567.4,500.9,0,0,0,0,0,0,-14634.1,-1058.1999999999998,-7654.1,-3066.5,7005.400000000001,5096.599999999999,15692.300000000001,10720.6,0.35202754937100283,1,22,0,0
2480.1,1421.9,7333.2,3567.4,500.9,2725.8,0,0,0,0,0,0,-1058.1999999999998,5911.299999999999,-3066.5,2224.9,3745.066666666667,2264.7000000000003,5911.299999999999,3066.5,0.37165607700908077,1,22,0,0
1421.9,7333.2,1119.1,500.9,2725.8,844.7,0,0,0,0,0,0,5911.299999999999,-6214.1,2224.9,-1881.1000000000001,3291.4,1357.1333333333334,6214.1,2224.9,0.7541290956164629,1,22,0,0
7333.2,1119.1,5994.5,2725.8,844.7,5491.1,0,0,0,0,0,0,-6214.1,4875.4,-1881.1000000000001,4646.400000000001,4815.599999999999,3020.5333333333333,6214.1,4646.400000000001,0.9158702360103411,1,22,0,0
1119.1,5994.5,3331.5,844.7,5491.1,3348.7,0,0,0,0,0,0,4875.4,-2663.0,4646.400000000001,-2142.4000000000005,3481.7000000000003,3228.1666666666665,4875.4,4646.400000000001,1.0048612153038259,1,22,0,0
5994.5,3331.5,3330.5,5491.1,3348.7,1349.5,0,0,0,0,0,0,-2663.0,-1.0,-2142.4000000000005,-1999.1999999999998,4218.833333333333,3396.433333333333,2664.0,4141.6,0.40507279003451896,1,22,0,0
3331.5,3330.5,6050.2,3348.7,1349.5,7870.9,0,0,0,0,0,0,-1.0,2719.7,-1999.1999999999998,6521.4,4237.400000000001,4189.7,2719.7,6521.4,1.300717213114754,1,22,0,0
3330.5,6050.2,3601.6,1349.5,7870.9,6363.5,0,0,0,0,0,0,2719.7,-2448.6,6521.4,-1507.3999999999996,4327.433333333333,5194.633333333333,2719.7,6521.4,1.7663631821462278,1,22,0,0
6050.2,3601.6,4535.1,7870.9,6363.5,649.6,0,0,0,0,0,0,-2448.6,933.5000000000005,-1507.3999999999996,-5713.9,4728.966666666666,4961.333333333333,2448.6,7221.299999999999,0.143206719428584,1,22,0,0
3601.6,4535.1,2542.3,6363.5,649.6,3457.6,0,0,0,0,0,0,933.5000000000005,-1992.8000000000002,-5713.9,2808.0,3559.6666666666665,3490.2333333333336,1992.8000000000002,5713.9,1.3594935713443164,1,22,0,0
4535.1,2542.3,2658.5,649.6,3457.6,4731.0,0,0,0,0,0,0,-1992.8000000000002,116.19999999999982,2808.0,1273.4,3245.3000000000006,2946.066666666667,1992.8000000000002,4081.4,1.7789058093626622,1,22,0,0
2542.3,2658.5,1682.9,3457.6,4731.0,5290.0,0,0,0,0,0,0,116.19999999999982,-975.5999999999999,1273.4,559.0,2294.566666666667,4492.866666666667,975.5999999999999,1832.4,3.1415167171447234,1,22,0,0
2658.5,1682.9,4107.5,4731.0,5290.0,7297.4,0,0,0,0,0,0,-975.5999999999999,2424.6,559.0,2007.3999999999996,2816.2999999999997,5772.8,2424.6,2566.3999999999996,1.7761713520749665,1,22,0,0
1682.9,4107.5,3118.4,5290.0,7297.4,3251.9,0,0,0,0,0,0,2424.6,-989.0999999999999,2007.3999999999996,-4045.4999999999995,2969.6,5279.766666666666,2424.6,4045.4999999999995,1.042476117202026,1,22,0,0
4107.5,3118.4,3725.9,7297.4,3251.9,7281.5,0,0,0,0,0,0,-989.0999999999999,607.5,-4045.4999999999995,4029.6,3650.6,5943.599999999999,989.0999999999999,4045.4999999999995,1.953768547586466,1,22,3,1
3118.4,3725.9,624125.6,3251.9,7281.5,82563.1,0,0,3,0,0,1,607.5,620399.7,4029.6,75281.6,210323.30000000002,31032.166666666668,621007.2,79311.20000000001,0.13228582149839474,3,0,3,0
3725.9,624125.6,888551.3,7281.5,82563.1,9302.5,0,3,3,0,1,0,620399.7,264425.70000000007,75281.6,-73260.6,505467.60000000003,33049.03333333333,884825.4,75281.6,0.010469276822534812,3,0,0,0
624125.6,888551.3,457.5,82563.1,9302.5,6959.5,3,3,0,1,0,0,264425.70000000007,-888093.8,-73260.6,-2343.0,504378.1333333333,32941.700000000004,888093.8,75603.6,15.178844056706652,1,22,0,1
888551.3,457.5,23113.6,9302.5,6959.5,140728.6,3,0,0,0,0,1,-888093.8,22656.1,-2343.0,133769.1,304040.8,52330.200000000004,888093.8,133769.1,6.088299170221419,5,14,0,0
457.5,23113.6,3300.5,6959.5,140728.6,6943.9,0,0,0,0,1,0,22656.1,-19813.1,133769.1,-133784.7,8957.199999999999,51544.0,22656.1,133784.7,2.103256095714069,1,22,3,1
23113.6,3300.5,1468583.3,140728.6,6943.9,66358.7,0,0,3,1,0,1,-19813.1,1465282.8,-133784.7,59414.799999999996,498332.46666666673,71343.73333333334,1465282.8,133784.7,0.0451854891816561,3,0,0,0
3300.5,1468583.3,5957.7,6943.9,66358.7,2739.1,0,3,0,0,1,0,1465282.8,-1462625.6,59414.799999999996,-63619.6,492613.8333333333,25347.233333333334,1465282.8,63619.6,0.45968080285968416,1,22,0,0
1468583.3,5957.7,1818.2,66358.7,2739.1,594.7,3,0,0,1,0,0,-1462625.6,-4139.5,-63619.6,-2144.3999999999996,492119.73333333334,23230.833333333332,1466765.1,65764.0,0.3269019349164468,1,22,1,0
5957.7,1818.2,134049.5,2739.1,594.7,44065.4,0,0,1,0,0,0,-4139.5,132231.3,-2144.3999999999996,43470.700000000004,47275.13333333333,15799.733333333335,132231.3,43470.700000000004,0.32872238447450775,2,6,1,0
1818.2,134049.5,72815.1,594.7,44065.4,15920.9,0,1,1,0,0,0,132231.3,-61234.399999999994,43470.700000000004,-28144.5,69560.93333333333,20193.666666666668,132231.3,43470.700000000004,0.2186453270636576,2,6,0,0
134049.5,72815.1,2658.3,44065.4,15920.9,4380.8,1,1,0,0,0,0,-61234.399999999994,-70156.8,-28144.5,-11540.099999999999,69840.96666666666,21455.7,131391.2,39684.6,1.6473508066032414,1,22,0,0
72815.1,2658.3,77.6,15920.9,4380.8,302.3,1,0,0,0,0,0,-70156.8,-2580.7000000000003,-11540.099999999999,-4078.5,25183.66666666667,6868.0,72737.5,15618.6,3.8460559796437663,1,22,0,0
2658.3,77.6,4067.1,4380.8,302.3,3856.7,0,0,0,0,0,0,-2580.7000000000003,3989.5,-4078.5,3554.3999999999996,2267.6666666666665,2846.6,3989.5,4078.5,0.948034709077948,1,22,0,0
77.6,4067.1,4122.1,302.3,3856.7,1522.7,0,0,0,0,0,0,3989.5,55.000000000000455,3554.3999999999996,-2334.0,2755.6,1893.8999999999999,4044.5000000000005,3554.3999999999996,0.36930950013339475,1,22,0,0
4067.1,4122.1,1711.8,3856.7,1522.7,6568.1,0,0,0,0,0,0,55.000000000000455,-2410.3,-2334.0,5045.400000000001,3300.3333333333335,3982.5,2410.3,5045.400000000001,3.8347150864082207,1,22,2,1
4122.1,1711.8,213624.7,1522.7,6568.1,81900.4,0,0,2,0,0,1,-2410.3,211912.90000000002,5045.400000000001,75332.29999999999,73152.86666666667,29997.066666666666,211912.90000000002,80377.7,0.383382710975318,3,0,0,0
1711.8,213624.7,4615.0,6568.1,81900.4,6197.9,0,2,0,0,1,0,211912.90000000002,-209009.7,75332.29999999999,-75702.5,73317.16666666667,31555.466666666664,211912.90000000002,75702.5,1.3426993067590987,1,22,0,0
213624.7,4615.0,1688.3,81900.4,6197.9,998.0,2,0,0,1,0,0,-209009.7,-2926.7,-75702.5,-5199.9,73309.33333333333,29698.766666666663,211936.40000000002,80902.4,0.5907772450127272,1,22,0,0
4615.0,1688.3,4802.4,6197.9,998.0,6359.2,0,0,0,0,0,0,-2926.7,3114.0999999999995,-5199.9,5361.2,3701.9,4518.366666666666,3114.0999999999995,5361.2,1.323895573968439,1,22,0,0
1688.3,4802.4,5937.3,998.0,6359.2,3680.2,0,0,0,0,0,0,3114.0999999999995,1134.9000000000005,5361.2,-2679.0,4142.666666666667,3679.133333333333,4249.0,5361.2,0.6197396561305424,1,22,0,0
4802.4,5937.3,1777.3,6359.2,3680.2,7787.2,0,0,0,0,0,0,1134.9000000000005,-4160.0,-2679.0,4107.0,4172.333333333333,5942.2,4160.0,4107.0,4.379013664735984,1,22,0,0
5937.3,1777.3,4056.0,3680.2,7787.2,2674.4,0,0,0,0,0,0,-4160.0,2278.7,4107.0,-5112.799999999999,3923.5333333333333,4713.933333333333,4160.0,5112.799999999999,0.6592063100813409,1,22,2,1
1777.3,4056.0,227509.7,7787.2,2674.4,77402.7,0,0,2,0,0,1,2278.7,223453.7,-5112.799999999999,74728.3,77781.0,29288.100000000002,225732.40000000002,74728.3,0.34021564700033885,5,1,0,0
4056.0,227509.7,3372.5,2674.4,77402.7,1958.0,0,2,0,0,1,0,223453.7,-224137.2,74728.3,-75444.7,78312.73333333334,27345.03333333333,224137.2,75444.7,0.5804061064176671,1,22,0,0
227509.7,3372.5,928.1,77402.7,1958.0,4655.5,2,0,0,1,0,0,-224137.2,-2444.4,-75444.7,2697.5,77270.1,28005.399999999998,226581.6,75444.7,5.010763104079216,1,22,0,0
3372.5,928.1,2439.0,1958.0,4655.5,642.5,0,0,0,0,0,0,-2444.4,1510.9,2697.5,-4013.0,2246.5333333333333,2418.6666666666665,2444.4,4013.0,0.26331967213114754,1,22,1,1
928.1,2439.0,177145.6,4655.5,642.5,137620.9,0,0,1,0,0,1,1510.9,174706.6,-4013.0,136978.4,60170.9,47639.63333333333,176217.5,136978.4,0.7768757627863023,5,14,1,0
2439.0,177145.6,88304.1,642.5,137620.9,40658.4,0,1,1,0,1,0,174706.6,-88841.5,136978.4,-96962.5,89296.23333333334,59640.6,174706.6,136978.4,0.46043093773745797,2,6,3,2
177145.6,88304.1,664951.8,137620.9,40658.4,217835.6,1,1,3,1,0,2,-88841.5,576647.7000000001,-96962.5,177177.2,310133.8333333333,132038.30000000002,576647.7000000001,177177.2,0.327595582724067,1,5,1,1
88304.1,664951.8,116058.3,40658.4,217835.6,94938.4,1,3,1,0,2,1,576647.7000000001,-548893.5,177177.2,-122897.20000000001,289771.4,117810.8,576647.7000000001,177177.2,0.818016307180898,5,1,0,0
664951.8,116058.3,3042.9,217835.6,94938.4,6814.3,3,1,0,2,1,0,-548893.5,-113015.40000000001,-122897.20000000001,-88124.09999999999,261351.00000000003,106529.43333333333,661908.9,211021.30000000002,2.238674069450376,1,22,0,0
116058.3,3042.9,5108.1,94938.4,6814.3,2175.1,1,0,0,1,0,0,-113015.40000000001,2065.2000000000003,-88124.09999999999,-4639.200000000001,41403.1,34642.6,113015.40000000001,92763.29999999999,0.42573055919829317,1,22,3,1
3042.9,5108.1,1218375.4,6814.3,2175.1,91900.4,0,0,3,0,0,1,2065.2000000000003,1213267.2999999998,-4639.200000000001,89725.29999999999,408842.1333333333,33629.93333333333,1215332.5,89725.29999999999,0.07542857855749668,3,0,0,0
5108.1,1218375.4,4839.9,2175.1,91900.4,3365.9,0,3,0,0,1,0,1213267.2999999998,-1213535.5,89725.29999999999,-88534.5,409441.1333333333,32480.466666666664,1213535.5,89725.29999999999,0.6953045921212998,1,22,0,0
1218375.4,4839.9,1980.7,91900.4,3365.9,1909.7,3,0,0,1,0,0,-1213535.5,-2859.2,-88534.5,-1456.2,408398.66666666657,32391.999999999996,1216394.7,89990.7,0.9636675581571378,1,22,1,1
4839.9,1980.7,184834.1,3365.9,1909.7,68076.4,0,0,1,0,0,1,-2859.2,182853.4,-1456.2,66166.7,63884.9,24450.666666666668,182853.4,66166.7,0.3683088331166537,2,6,0,0
1980.7,184834.1,5810.4,1909.7,68076.4,1795.3,0,1,0,0,1,0,182853.4,-179023.7,66166.7,-66281.09999999999,64208.4,23927.13333333333,182853.4,66281.09999999999,0.30892728086175447,1,22,0,0
184834.1,5810.4,5405.7,68076.4,1795.3,5466.0,1,0,0,1,0,0,-179023.7,-404.6999999999998,-66281.09999999999,3670.7,65350.06666666667,25112.566666666666,179428.4,66281.09999999999,1.01096787319437,1,22,0,0
5810.4,5405.7,416.9,1795.3,5466.0,1154.5,0,0,0,0,0,0,-404.6999999999998,-4988.8,3670.7,-4311.5,3877.666666666666,2805.2666666666664,5393.5,4311.5,2.7626226369944966,1,22,3,0
5405.7,416.9,860333.2,5466.0,1154.5,50542.4,0,0,3,0,0,0,-4988.8,859916.2999999999,-4311.5,49387.9,288718.6,19054.3,859916.2999999999,49387.9,0.05874740304407288,3,0,0,0
416.9,860333.2,699.3,1154.5,50542.4,1437.7,0,3,0,0,0,0,859916.2999999999,-859633.8999999999,49387.9,-49104.700000000004,287149.8,17711.533333333333,859916.2999999999,49387.9,2.05297729544481,1,22,0,0
860333.2,699.3,7500.4,50542.4,1437.7,8662.5,3,0,0,0,0,0,-859633.8999999999,6801.099999999999,-49104.700000000004,7224.8,289510.9666666667,20214.2,859633.8999999999,49104.700000000004,1.1547844402378222,1,22,0,0
699.3,7500.4,7996.6,1437.7,8662.5,4362.4,0,0,0,0,0,0,6801.099999999999,496.2000000000007,7224.8,-4300.1,5398.766666666666,4820.866666666667,7297.3,7224.8,0.5454636390917275,1,22,0,0
7500.4,7996.6,4855.0,8662.5,4362.4,1920.2,0,0,0,0,0,0,496.2000000000007,-3141.6000000000004,-4300.1,-2442.2,6784.0,4981.7,3141.6000000000004,6742.3,0.39542833607907746,1,22,2,0
7996.6,4855.0,464059.5,4362.4,1920.2,39898.1,0,0,2,0,0,0,-3141.6000000000004,459204.5,-2442.2,37977.9,158970.36666666667,15393.566666666666,459204.5,37977.9,0.08597607424031996,4,8,0,0
4855.0,464059.5,3239.2,1920.2,39898.1,2578.9,0,2,0,0,0,0,459204.5,-460820.3,37977.9,-37319.2,157384.56666666668,14799.066666666666,460820.3,37977.9,0.7959076600209865,1,22,0,0
464059.5,3239.2,4126.9,39898.1,2578.9,4525.8,2,0,0,0,0,0,-460820.3,887.6999999999998,-37319.2,1946.9,157141.86666666667,15667.6,460820.3,37319.2,1.0963928389738125,1,22,0,0
3239.2,4126.9,7851.5,2578.9,4525.8,4278.5,0,0,0,0,0,0,887.6999999999998,3724.6000000000004,1946.9,-247.30000000000018,5072.533333333333,3794.4,4612.3,1946.9,0.5448583253740847,1,22,0,0
4126.9,7851.5,4580.2,4525.8,4278.5,1545.7,0,0,0,0,0,0,3724.6000000000004,-3271.3,-247.30000000000018,-2732.8,5519.533333333333,3450.0,3724.6000000000004,2980.1000000000004,0.3374006810442679,1,22,0,0
7851.5,4580.2,3410.1,4278.5,1545.7,1626.8,0,0,0,0,0,0,-3271.3,-1170.1,-2732.8,81.09999999999991,5280.6,2483.6666666666665,4441.4,2732.8,0.47691360558177714,1,22,0,0
4580.2,3410.1,2123.2,1545.7,1626.8,8419.3,0,0,0,0,0,0,-1170.1,-1286.9,81.09999999999991,6792.499999999999,3371.1666666666665,3863.933333333333,2457.0,6873.599999999999,3.9635156764899726,1,22,0,0
3410.1,2123.2,2105.4,1626.8,8419.3,956.8,0,0,0,0,0,0,-1286.9,-17.799999999999727,6792.499999999999,-7462.499999999999,2546.233333333333,3667.6333333333328,1304.6999999999998,7462.499999999999,0.4542347132548423,1,22,0,0
2123.2,2105.4,2328.7,8419.3,956.8,5850.2,0,0,0,0,0,0,-17.799999999999727,223.29999999999973,-7462.499999999999,4893.4,2185.766666666667,5075.433333333333,223.29999999999973,7462.499999999999,2.5111387732326054,1,22,0,0
2105.4,2328.7,3283.4,956.8,5850.2,4124.8,0,0,0,0,0,0,223.29999999999973,954.7000000000003,4893.4,-1725.3999999999996,2572.5,3643.933333333333,1178.0,4893.4,1.2558762635488978,1,22,0,0
2328.7,3283.4,6581.7,5850.2,4124.8,8701.9,0,0,0,0,0,0,954.7000000000003,3298.2999999999997,-1725.3999999999996,4577.099999999999,4064.6,6225.633333333334,4253.0,4577.099999999999,1.3219347684081,1,22,1,0
3283.4,6581.7,100666.1,4124.8,8701.9,15122.2,0,0,1,0,0,0,3298.2999999999997,94084.40000000001,4577.099999999999,6420.300000000001,36843.73333333334,9316.300000000001,97382.70000000001,10997.400000000001,0.15021988315944335,2,6,1,1
6581.7,100666.1,75701.7,8701.9,15122.2,149656.4,0,1,1,0,0,1,94084.40000000001,-24964.40000000001,6420.300000000001,134534.19999999998,60983.166666666664,57826.833333333336,94084.40000000001,140954.5,1.9768964647231868,5,1,0,0
100666.1,75701.7,4587.0,15122.2,149656.4,3275.7,1,1,0,0,1,0,-24964.40000000001,-71114.7,134534.19999999998,-146380.69999999998,60318.26666666666,56018.100000000006,96079.1,146380.69999999998,0.7139712292938099,1,22,0,0
75701.7,4587.0,16452.8,149656.4,3275.7,4638.3,1,0,0,1,0,0,-71114.7,11865.8,-146380.69999999998,1362.6000000000004,32247.166666666668,52523.46666666667,71114.7,146380.69999999998,0.2818984064471429,2,6,0,0
4587.0,16452.8,4731.4,3275.7,4638.3,2706.0,0,0,0,0,0,0,11865.8,-11721.4,1362.6000000000004,-1932.3000000000002,8590.4,3540.0,11865.8,1932.3000000000002,0.5718028907108444,1,22,3,1
16452.8,4731.4,647968.7,4638.3,2706.0,85041.7,0,0,3,0,0,1,-11721.4,643237.2999999999,-1932.3000000000002,82335.7,223050.96666666665,30795.333333333332,643237.2999999999,82335.7,0.131243328198834,3,0,0,0
4731.4,647968.7,5672.0,2706.0,85041.7,181.4,0,3,0,0,1,0,643237.2999999999,-642296.7,82335.7,-84860.3,219457.36666666667,29309.699999999997,643237.2999999999,84860.3,0.03197602679358364,1,22,0,0
647968.7,5672.0,1884.8,85041.7,181.4,3726.1,3,0,0,1,0,0,-642296.7,-3787.2,-84860.3,3544.7,218508.5,29649.733333333334,646083.8999999999,84860.3,1.975872308834447,1,22,1,0
5672.0,1884.8,125221.3,181.4,3726.1,39689.9,0,0,1,0,0,0,-3787.2,123336.5,3544.7,35963.8,44259.36666666667,14532.466666666667,123336.5,39508.5,0.3169555262920422,2,6,0,0
1884.8,125221.3,62.9,3726.1,39689.9,3332.3,0,1,0,0,0,0,123336.5,-125158.40000000001,35963.8,-36357.6,42389.666666666664,15582.766666666668,125158.40000000001,36357.6,52.14866979655712,1,22,0,0
125221.3,62.9,4258.9,39689.9,3332.3,2545.2,1,0,0,0,0,0,-125158.40000000001,4196.0,-36357.6,-787.1000000000004,43181.03333333333,15189.133333333333,125158.40000000001,37144.700000000004,0.597478814056668,1,22,1,2
62.9,4258.9,110285.6,3332.3,2545.2,253289.3,0,0,1,0,0,2,4196.0,106026.70000000001,-787.1000000000004,250744.09999999998,38202.46666666667,86388.93333333333,110222.70000000001,250744.09999999998,2.29664619273783,1,5,1,1
4258.9,110285.6,162202.7,2545.2,253289.3,72962.3,0,1,1,0,2,1,106026.70000000001,51917.100000000006,250744.09999999998,-180327.0,92249.06666666667,109598.93333333333,157943.80000000002,250744.09999999998,0.4498189622061642,2,6,0,0
110285.6,162202.7,815.7,253289.3,72962.3,1425.2,1,1,0,2,1,0,51917.100000000006,-161387.0,-180327.0,-71537.1,91101.33333333336,109225.59999999999,161387.0,251864.09999999998,1.7450716297293987,1,22,0,0
162202.7,815.7,4235.3,72962.3,1425.2,7355.4,1,0,0,1,0,0,-161387.0,3419.6000000000004,-71537.1,5930.2,55751.23333333334,27247.63333333333,161387.0,71537.1,1.7362793003328374,1,22,0,0
815.7,4235.3,3205.3,1425.2,7355.4,3420.2,0,0,0,0,0,0,3419.6000000000004,-1030.0,5930.2,-3935.2,2752.1,4066.933333333333,3419.6000000000004,5930.2,1.0667124099429248,1,22,0,0
4235.3,3205.3,3424.8,7355.4,3420.2,6932.6,0,0,0,0,0,0,-1030.0,219.5,-3935.2,3512.4000000000005,3621.8000000000006,5902.733333333333,1030.0,3935.2,2.0236441123241287,1,22,0,0
3205.3,3424.8,5488.1,3420.2,6932.6,7646.0,0,0,0,0,0,0,219.5,2063.3,3512.4000000000005,713.3999999999996,4039.4,5999.599999999999,2282.8,4225.8,1.3929423767102074,1,22,1,1
3424.8,5488.1,172352.7,6932.6,7646.0,61247.7,0,0,1,0,0,1,2063.3,166864.6,713.3999999999996,53601.7,60421.86666666667,25275.433333333334,168927.90000000002,54315.1,0.3553605173547188,2,6,0,0
5488.1,172352.7,3065.1,7646.0,61247.7,5019.0,0,1,0,0,1,0,166864.6,-169287.6,53601.7,-56228.7,60301.966666666674,24637.566666666666,169287.6,56228.7,1.6369329115162585,1,22,0,0
172352.7,3065.1,125.1,61247.7,5019.0,1625.3,1,0,0,1,0,0,-169287.6,-2940.0,-56228.7,-3393.7,58514.30000000001,22630.666666666668,172227.6,59622.399999999994,12.888977002379065,1,22,0,0
3065.1,125.1,2186.5,5019.0,1625.3,4717.0,0,0,0,0,0,0,-2940.0,2061.4,-3393.7,3091.7,1792.2333333333333,3787.1,2940.0,3393.7,2.156342857142857,1,22,0,0
125.1,2186.5,4294.1,1625.3,4717.0,617.4,0,0,0,0,0,0,2061.4,2107.6000000000004,3091.7,-4099.6,2201.9,2319.9,4169.0,4099.6,0.1437451980163442,1,22,0,0
2186.5,4294.1,241.5,4717.0,617.4,1307.9,0,0,0,0,0,0,2107.6000000000004,-4052.6000000000004,-4099.6,690.5000000000001,2240.7000000000003,2214.1,4052.6000000000004,4099.6,5.393402061855671,1,22,0,0
4294.1,241.5,4449.0,617.4,1307.9,1954.5,0,0,0,0,0,0,-4052.6000000000004,4207.5,690.5000000000001,646.5999999999999,2994.866666666667,1293.2666666666667,4207.5,1337.1,0.4392134831460674,1,22,0,0
241.5,4449.0,641.1,1307.9,1954.5,8337.7,0,0,0,0,0,0,4207.5,-3807.9,646.5999999999999,6383.200000000001,1777.2,3866.7000000000003,4207.5,7029.800000000001,12.985049057779163,1,22,2,0
4449.0,641.1,472632.4,1954.5,8337.7,6480.6,0,0,2,0,0,0,-3807.9,471991.30000000005,6383.200000000001,-1857.1000000000004,159240.83333333334,5590.933333333334,471991.30000000005,6383.200000000001,0.013711684362552457,4,8,2,0
641.1,472632.4,285863.5,8337.7,6480.6,48266.1,0,2,2,0,0,0,471991.30000000005,-186768.90000000002,-1857.1000000000004,41785.5,253045.66666666666,21028.133333333335,471991.30000000005,41785.5,0.1688425810130324,4,8,0,0
472632.4,285863.5,3768.7,6480.6,48266.1,4290.6,2,2,0,0,0,0,-186768.90000000002,-282094.8,41785.5,-43975.5,254088.19999999998,19679.1,468863.7,43975.5,1.1381807570894238,1,22,0,0
285863.5,3768.7,535.5,48266.1,4290.6,1220.9,2,0,0,0,0,0,-282094.8,-3233.2,-43975.5,-3069.7000000000003,96722.56666666667,17925.866666666665,285328.0,47045.2,2.275675675675676,1,22,0,0
3768.7,535.5,6685.5,4290.6,1220.9,3563.5,0,0,0,0,0,0,-3233.2,6150.0,-3069.7000000000003,2342.6,3663.2333333333336,3025.0,6150.0,3069.7000000000003,0.5329395049727061,1,22,0,0
535.5,6685.5,696.9,1220.9,3563.5,1145.6,0,0,0,0,0,0,6150.0,-5988.6,2342.6,-2417.9,2639.2999999999997,1976.6666666666667,6150.0,2417.9,1.6414959163203897,1,22,0,0
6685.5,696.9,7908.4,3563.5,1145.6,6545.1,0,0,0,0,0,0,-5988.6,7211.5,-2417.9,5399.5,5096.933333333333,3751.4,7211.5,5399.5,0.8275090398766026,1,22,0,0
696.9,7908.4,4872.4,1145.6,6545.1,369.5,0,0,0,0,0,0,7211.5,-3036.0,5399.5,-6175.6,4492.566666666667,2686.7333333333336,7211.5,6175.6,0.07581975622768498,1,22,0,0
7908.4,4872.4,5045.0,6545.1,369.5,2450.1,0,0,0,0,0,0,-3036.0,172.60000000000036,-6175.6,2080.6,5941.933333333333,3121.566666666667,3036.0,6175.6,0.48555291319857313,1,22,3,0
4872.4,5045.0,1434544.7,369.5,2450.1,42686.8,0,0,3,0,0,0,172.60000000000036,1429499.7,2080.6,40236.700000000004,481487.36666666664,15168.800000000001,1429672.3,42317.3,0.029756319369958033,3,0,1,0
5045.0,1434544.7,92957.2,2450.1,42686.8,30966.1,0,3,1,0,0,0,1429499.7,-1341587.5,40236.700000000004,-11720.700000000004,510848.9666666666,25367.666666666668,1429499.7,40236.700000000004,0.3331185414519644,3,0,2,0
1434544.7,92957.2,270771.6,42686.8,30966.1,11962.7,3,1,2,0,0,0,-1341587.5,177814.39999999997,-11720.700000000004,-19003.399999999998,599424.5,28538.53333333333,1341587.5,30724.100000000002,0.04417987639812892,2,22,1,1
92957.2,270771.6,92051.1,30966.1,11962.7,105157.3,1,2,1,0,0,1,177814.39999999997,-178720.49999999997,-19003.399999999998,93194.6,151926.63333333333,49362.03333333333,178720.49999999997,93194.6,1.1423672029209546,5,14,0,0
270771.6,92051.1,21710.4,11962.7,105157.3,50252.0,2,1,0,0,1,0,-178720.49999999997,-70340.70000000001,93194.6,-54905.3,128177.7,55790.666666666664,249061.19999999998,93194.6,2.31454443287858,2,6,2,0
92051.1,21710.4,222539.3,105157.3,50252.0,34766.8,1,0,2,1,0,0,-70340.70000000001,200828.9,-54905.3,-15485.199999999997,112100.26666666666,63392.033333333326,200828.9,70390.5,0.15622698450572775,5,1,0,0
21710.4,222539.3,5707.8,50252.0,34766.8,5741.7,0,2,0,0,0,0,200828.9,-216831.5,-15485.199999999997,-29025.100000000002,83319.16666666666,30253.5,216831.5,44510.3,1.0057630325112108,1,22,2,0
222539.3,5707.8,509183.4,34766.8,5741.7,15122.3,2,0,2,0,0,0,-216831.5,503475.60000000003,-29025.100000000002,9380.599999999999,245810.16666666666,18543.600000000002,503475.60000000003,29025.100000000002,0.029699063836205505,3,0,0,0
5707.8,509183.4,2500.7,5741.7,15122.3,3303.3,0,2,0,0,0,0,503475.60000000003,-506682.7,9380.599999999999,-11819.0,172463.96666666667,8055.766666666666,506682.7,11819.0,1.3204221129631852,1,22,0,0
509183.4,2500.7,1103.4,15122.3,3303.3,1767.8,2,0,0,0,0,0,-506682.7,-1397.2999999999997,-11819.0,-1535.5000000000002,170929.1666666667,6731.133333333332,508080.0,13354.5,1.6006881564650488,1,22,0,0
2500.7,1103.4,3364.1,3303.3,1767.8,2915.5,0,0,0,0,0,0,-1397.2999999999997,2260.7,-1535.5000000000002,1147.7,2322.733333333333,2662.2000000000003,2260.7,1535.5000000000002,0.8663932721167276,1,22,0,0
1103.4,3364.1,2863.6,1767.8,2915.5,928.3,0,0,0,0,0,0,2260.7,-500.5,1147.7,-1987.2,2443.7000000000003,1870.5333333333335,2260.7,1987.2,0.3240592054737136,1,22,0,0
3364.1,2863.6,1642.4,2915.5,928.3,2342.2,0,0,0,0,0,0,-500.5,-1221.1999999999998,-1987.2,1413.8999999999999,2623.366666666667,2062.0,1721.6999999999998,1987.2,1.4252160155774611,1,22,0,0
2863.6,1642.4,3133.0,928.3,2342.2,853.8,0,0,0,0,0,0,-1221.1999999999998,1490.6,1413.8999999999999,-1488.3999999999999,2546.3333333333335,1374.7666666666667,1490.6,1488.3999999999999,0.272431397574984,1,22,3,0
1642.4,3133.0,728905.7,2342.2,853.8,49017.8,0,0,3,0,0,0,1490.6,725772.7,-1488.3999999999999,48164.0,244560.36666666667,17404.600000000002,727263.2999999999,48164.0,0.06724838720785528,4,8,0,0
3133.0,728905.7,872.8,853.8,49017.8,2315.4,0,3,0,0,0,0,725772.7,-728032.8999999999,48164.0,-46702.4,244303.83333333334,17395.666666666668,728032.8999999999,48164.0,2.6498054474708175,1,22,0,0
728905.7,872.8,2444.0,49017.8,2315.4,4488.8,3,0,0,0,0,0,-728032.8999999999,1571.2,-46702.4,2173.4,244074.16666666666,18607.333333333336,728032.8999999999,46702.4,1.835910020449898,1,22,0,0
872.8,2444.0,3505.7,2315.4,4488.8,3847.8,0,0,0,0,0,0,1571.2,1061.6999999999998,2173.4,-641.0,2274.1666666666665,3550.6666666666665,2632.8999999999996,2173.4,1.097270938489178,1,22,0,0
2444.0,3505.7,412.3,4488.8,3847.8,1547.6,0,0,0,0,0,0,1061.6999999999998,-3093.3999999999996,-641.0,-2300.2000000000003,2120.6666666666665,3294.7333333333336,3093.3999999999996,2941.2000000000003,3.744495523832567,1,22,0,0
3505.7,412.3,5019.0,3847.8,1547.6,5384.9,0,0,0,0,0,0,-3093.3999999999996,4606.7,-2300.2000000000003,3837.2999999999997,2979.0,3593.433333333333,4606.7,3837.2999999999997,1.0726892430278885,1,22,0,0
412.3,5019.0,900.4,1547.6,5384.9,2811.5,0,0,0,0,0,0,4606.7,-4118.6,3837.2999999999997,-2573.3999999999996,2110.5666666666666,3248.0,4606.7,3837.2999999999997,3.1190370534723764,1,22,1,1
5019.0,900.4,73121.3,5384.9,2811.5,96826.9,0,0,1,0,0,1,-4118.6,72220.90000000001,-2573.3999999999996,94015.4,26346.899999999998,35007.76666666666,72220.90000000001,94015.4,1.3241774397140131,5,14,1,1
900.4,73121.3,118976.3,2811.5,96826.9,80252.5,0,1,1,0,1,1,72220.90000000001,45855.0,94015.4,-16574.399999999994,64332.666666666664,59963.63333333333,118075.90000000001,94015.4,0.6745194251340382,5,1,2,1
73121.3,118976.3,262067.3,96826.9,80252.5,195360.6,1,1,2,1,1,1,45855.0,143091.0,-16574.399999999994,115108.1,151388.30000000002,124146.66666666667,188946.0,115108.1,0.7454568141205938,5,1,0,0
118976.3,262067.3,2599.3,80252.5,195360.6,8530.8,1,2,0,1,1,0,143091.0,-259468.0,115108.1,-186829.80000000002,127880.96666666666,94714.63333333332,259468.0,186829.80000000002,3.280698380956043,1,22,0,0
262067.3,2599.3,2547.8,195360.6,8530.8,8684.7,2,0,0,1,0,0,-259468.0,-51.5,-186829.80000000002,153.90000000000146,89071.46666666666,70858.7,259519.5,186829.80000000002,3.407368173258004,1,22,2,2
2599.3,2547.8,274868.9,8530.8,8684.7,223739.4,0,0,2,0,0,2,-51.5,272321.10000000003,153.90000000000146,215054.69999999998,93338.66666666667,80318.3,272321.10000000003,215208.6,0.8139829060948469,1,5,0,0
2547.8,274868.9,2892.1,8684.7,223739.4,1492.4,0,2,0,0,2,0,272321.10000000003,-271976.80000000005,215054.69999999998,-222247.0,93436.26666666666,77972.16666666667,272321.10000000003,222247.0,0.5158480522622793,1,22,0,0
274868.9,2892.1,4913.6,223739.4,1492.4,2811.3,2,0,0,2,0,0,-271976.80000000005,2021.5000000000005,-222247.0,1318.9,94224.86666666665,76014.36666666665,271976.80000000005,222247.0,0.5720302771334391,1,22,0,0
2892.1,4913.6,4532.6,1492.4,2811.3,5370.8,0,0,0,0,0,0,2021.5000000000005,-381.0,1318.9,2559.5,4112.766666666667,3224.8333333333335,2021.5000000000005,3878.4,1.1846656079054172,1,22,0,0
4913.6,4532.6,3418.1,2811.3,5370.8,3323.1,0,0,0,0,0,0,-381.0,-1114.5000000000005,2559.5,-2047.7000000000003,4288.1,3835.066666666667,1495.5000000000005,2559.5,0.9719224357287005,1,22,1,1
4532.6,3418.1,97708.2,5370.8,3323.1,109171.4,0,0,1,0,0,1,-1114.5000000000005,94290.09999999999,-2047.7000000000003,105848.29999999999,35219.63333333333,39288.43333333333,94290.09999999999,105848.29999999999,1.1173093219471657,5,14,0,0
3418.1,97708.2,1804.7,3323.1,109171.4,4880.6,0,1,0,0,1,0,94290.09999999999,-95903.5,105848.29999999999,-104290.79999999999,34310.333333333336,39125.03333333333,95903.5,105848.29999999999,2.7028853076369277,1,22,2,1
97708.2,1804.7,244827.3,109171.4,4880.6,93645.5,1,0,2,1,0,1,-95903.5,243022.59999999998,-104290.79999999999,88764.9,114780.06666666665,69232.5,243022.59999999998,104290.79999999999,0.38249458906507133,5,1,0,0
1804.7,244827.3,3177.7,4880.6,93645.5,1490.0,0,2,0,0,1,0,243022.59999999998,-241649.59999999998,88764.9,-92155.5,83269.90000000001,33338.700000000004,243022.59999999998,92155.5,0.46874508446849344,1,22,1,1
244827.3,3177.7,144471.1,93645.5,1490.0,63548.0,2,0,1,1,0,1,-241649.59999999998,141293.4,-92155.5,62058.0,130825.36666666665,52894.5,241649.59999999998,92155.5,0.43986347536998494,2,6,0,0
3177.7,144471.1,7926.1,1490.0,63548.0,4365.2,0,1,0,0,1,0,141293.4,-136545.0,62058.0,-59182.8,51858.30000000001,23134.399999999998,141293.4,62058.0,0.5506679618019199,1,22,0,0
144471.1,7926.1,3079.1,63548.0,4365.2,6450.7,1,0,0,1,0,0,-136545.0,-4847.0,-59182.8,2085.5,51825.43333333334,24787.966666666664,141392.0,59182.8,2.094315119638973,1,22,1,1
7926.1,3079.1,111010.8,4365.2,6450.7,63676.2,0,0,1,0,0,1,-4847.0,107931.7,2085.5,57225.5,40672.0,24830.699999999997,107931.7,59311.0,0.5735984823235007,2,6,0,0
3079.1,111010.8,5381.4,6450.7,63676.2,3804.7,0,1,0,0,1,0,107931.7,-105629.40000000001,57225.5,-59871.5,39823.76666666667,24643.866666666665,107931.7,59871.5,0.7068779726516052,1,22,0,1
111010.8,5381.4,21571.5,63676.2,3804.7,61978.4,1,0,0,1,0,1,-105629.40000000001,16190.1,-59871.5,58173.700000000004,45987.9,43153.1,105629.40000000001,59871.5,2.8730281608529378,2,6,1,1
5381.4,21571.5,74226.7,3804.7,61978.4,52466.0,0,0,1,0,1,1,16190.1,52655.2,58173.700000000004,-9512.400000000001,33726.53333333333,39416.36666666667,68845.3,58173.700000000004,0.7068250801250746,2,6,0,0
21571.5,74226.7,7869.7,61978.4,52466.0,6129.5,0,1,0,1,1,0,52655.2,-66357.0,-9512.400000000001,-46336.5,34555.96666666667,40191.299999999996,66357.0,55848.9,0.7787744419174915,1,22,0,0
74226.7,7869.7,4535.9,52466.0,6129.5,6763.4,1,0,0,1,0,0,-66357.0,-3333.8,-46336.5,633.8999999999996,28877.43333333333,21786.3,69690.8,46336.5,1.4907535982719478,1,22,0,0
7869.7,4535.9,142.4,6129.5,6763.4,1885.3,0,0,0,0,0,0,-3333.8,-4393.5,633.8999999999996,-4878.099999999999,4182.666666666666,4926.066666666667,7727.3,4878.099999999999,13.147140864714085,1,22,0,0
4535.9,142.4,2608.4,6763.4,1885.3,3504.1,0,0,0,0,0,0,-4393.5,2466.0,-4878.099999999999,1618.8,2428.8999999999996,4050.933333333333,4393.5,4878.099999999999,1.342875756878976,1,22,0,0
142.4,2608.4,2245.5,1885.3,3504.1,2377.2,0,0,0,0,0,0,2466.0,-362.9000000000001,1618.8,-1126.9,1665.4333333333334,2588.8666666666663,2466.0,1618.8,1.058179390162475,1,22,3,1
2608.4,2245.5,903455.4,3504.1,2377.2,52544.2,0,0,3,0,0,1,-362.9000000000001,901209.9,-1126.9,50167.0,302769.76666666666,19475.166666666668,901209.9,50167.0,0.0581590876991961,3,0,0,0
2245.5,903455.4,225.4,2377.2,52544.2,821.4,0,3,0,0,1,0,901209.9,-903230.0,50167.0,-51722.799999999996,301975.43333333335,18580.93333333333,903230.0,51722.799999999996,3.6280918727915195,1,22,0,0
903455.4,225.4,5773.4,52544.2,821.4,900.9,3,0,0,1,0,0,-903230.0,5548.0,-51722.799999999996,79.5,303151.4,18088.833333333332,903230.0,51722.799999999996,0.15601620947630923,1,22,0,1
225.4,5773.4,36918.3,821.4,900.9,53664.6,0,0,0,0,0,1,5548.0,31144.9,79.5,52763.7,14305.700000000003,18462.3,36692.9,52843.2,1.4535649375800732,5,14,0,0
5773.4,36918.3,1304.7,900.9,53664.6,3432.2,0,0,0,0,1,0,31144.9,-35613.600000000006,52763.7,-50232.4,14665.466666666667,19332.566666666666,35613.600000000006,52763.7,2.628628321972888,1,22,0,0
36918.3,1304.7,2207.7,53664.6,3432.2,4195.7,0,0,0,1,0,0,-35613.600000000006,902.9999999999998,-50232.4,763.5,13476.9,20430.833333333332,35613.600000000006,50232.4,1.899624213338163,1,22,0,0
1304.7,2207.7,1857.6,3432.2,4195.7,5690.3,0,0,0,0,0,0,902.9999999999998,-350.0999999999999,763.5,1494.6000000000004,1790.0,4439.400000000001,902.9999999999998,2258.1000000000004,3.0616055095232975,1,22,0,0
2207.7,1857.6,6801.0,4195.7,5690.3,5866.9,0,0,0,0,0,0,-350.0999999999999,4943.4,1494.6000000000004,176.59999999999945,3622.1,5250.966666666666,4943.4,1671.1999999999998,0.862525727727139,1,22,0,1
1857.6,6801.0,37049.0,5690.3,5866.9,78744.2,0,0,0,0,0,1,4943.4,30248.0,176.59999999999945,72877.3,15235.866666666667,30100.466666666664,35191.4,73053.9,2.125349527665317,2,6,0,0
6801.0,37049.0,1436.9,5866.9,78744.2,1525.2,0,0,0,0,1,0,30248.0,-35612.1,72877.3,-77219.0,15095.633333333333,28712.099999999995,35612.1,77219.0,1.0607135405800125,1,22,0,0
37049.0,1436.9,4793.6,78744.2,1525.2,1429.5,0,0,0,1,0,0,-35612.1,3356.7000000000003,-77219.0,-95.70000000000005,14426.5,27232.966666666664,35612.1,77314.7,0.29814791640595667,1,22,0,0
1436.9,4793.6,1172.0,1525.2,1429.5,4519.3,0,0,0,0,0,0,3356.7000000000003,-3621.6000000000004,-95.70000000000005,3089.8,2467.5,2491.3333333333335,3621.6000000000004,3089.8,3.8527706734867864,1,22,0,0
4793.6,1172.0,252.8,1429.5,4519.3,4337.3,0,0,0,0,0,0,-3621.6000000000004,-919.2,3089.8,-182.0,2072.8,3428.7000000000003,4540.8,3089.8,17.08944050433412,1,22,0,0
1172.0,252.8,4758.0,4519.3,4337.3,3560.6,0,0,0,0,0,0,-919.2,4505.2,-182.0,-776.7000000000003,2060.9333333333334,4139.066666666667,4505.2,958.7000000000003,0.7481823912586678,1,22,0,1
252.8,4758.0,45128.0,4337.3,3560.6,60681.4,0,0,0,0,0,1,4505.2,40370.0,-776.7000000000003,57120.8,16712.933333333334,22859.766666666666,44875.2,57120.8,1.344620975426001,2,6,0,0
4758.0,45128.0,46892.2,3560.6,60681.4,38315.4,0,0,0,0,1,0,40370.0,1764.199999999997,57120.8,-22366.0,32259.399999999998,34185.799999999996,42134.2,57120.8,0.8170779558656693,5,1,0,0
45128.0,46892.2,414.6,60681.4,38315.4,522.7,0,0,0,1,0,0,1764.199999999997,-46477.6,-22366.0,-37792.700000000004,30811.600000000002,33173.166666666664,46477.6,60158.700000000004,1.2576997112608277,1,22,0,0
46892.2,414.6,1633.1,38315.4,522.7,6052.2,0,0,0,0,0,0,-46477.6,1218.5,-37792.700000000004,5529.5,16313.299999999997,14963.433333333332,46477.6,37792.700000000004,3.7036901046447586,1,22,0,0
414.6,1633.1,3206.4,522.7,6052.2,3602.0,0,0,0,0,0,0,1218.5,1573.3000000000002,5529.5,-2450.2,1751.3666666666668,3392.2999999999997,2791.8,5529.5,1.1230279977551911,1,22,0,0
1633.1,3206.4,2947.4,6052.2,3602.0,2120.2,0,0,0,0,0,0,1573.3000000000002,-259.0,-2450.2,-1481.8000000000002,2595.633333333333,3924.8000000000006,1573.3000000000002,3932.0,0.7191018857685524,1,22,0,0
3206.4,2947.4,3125.1,3602.0,2120.2,3273.6,0,0,0,0,0,0,-259.0,177.69999999999982,-1481.8000000000002,1153.4,3092.9666666666667,2998.6,259.0,1481.8000000000002,1.047183391446211,1,22,1,0
2947.4,3125.1,63001.7,2120.2,3273.6,49929.8,0,0,1,0,0,0,177.69999999999982,59876.6,1153.4,46656.200000000004,23024.733333333334,18441.2,60054.299999999996,47809.600000000006,0.7925025435417848,2,6,0,0
3125.1,63001.7,1114.9,3273.6,49929.8,1149.0,0,1,0,0,0,0,59876.6,-61886.799999999996,46656.200000000004,-48780.8,22413.899999999998,18117.466666666667,61886.799999999996,48780.8,1.029662156107178,1,22,0,0
63001.7,1114.9,1163.6,49929.8,1149.0,4884.7,1,0,0,0,0,0,-61886.799999999996,48.69999999999982,-48780.8,3735.7,21760.066666666666,18654.5,61886.799999999996,48780.8,4.194315644856603,1,22,0,0
1114.9,1163.6,2108.6,1149.0,4884.7,870.3,0,0,0,0,0,0,48.69999999999982,945.0,3735.7,-4014.3999999999996,1462.3666666666668,2301.3333333333335,993.6999999999998,4014.3999999999996,0.41254266211604096,1,22,0,0
1163.6,2108.6,1179.7,4884.7,870.3,4485.0,0,0,0,0,0,0,945.0,-928.8999999999999,-4014.3999999999996,3614.7,1483.9666666666665,3413.3333333333335,945.0,4014.3999999999996,3.7985940543745236,1,22,1,1
2108.6,1179.7,130825.7,870.3,4485.0,79992.2,0,0,1,0,0,1,-928.8999999999999,129646.0,3614.7,75507.2,44704.666666666664,28449.166666666668,129646.0,79121.9,0.6114363505308932,2,6,0,0
1179.7,130825.7,2463.5,4485.0,79992.2,884.8,0,1,0,0,1,0,129646.0,-128362.2,75507.2,-79107.4,44822.96666666667,28454.0,129646.0,79107.4,0.3590180564008927,1,22,0,0
130825.7,2463.5,2749.9,79992.2,884.8,469.9,1,0,0,1,0,0,-128362.2,286.4000000000001,-79107.4,-414.9,45346.36666666667,27115.63333333333,128362.2,79522.3,0.17081682358500852,1,22,0,0
2463.5,2749.9,136.7,884.8,469.9,1042.1,0,0,0,0,0,0,286.4000000000001,-2613.2000000000003,-414.9,572.1999999999999,1783.3666666666666,798.9333333333333,2613.2000000000003,572.1999999999999,7.567901234567901,1,22,2,1
2749.9,136.7,290233.9,469.9,1042.1,110978.8,0,0,2,0,0,1,-2613.2000000000003,290097.2,572.1999999999999,109936.7,97706.83333333333,37496.933333333334,290097.2,110508.90000000001,0.38237579284917145,5,1,0,0
136.7,290233.9,3432.9,1042.1,110978.8,2523.0,0,2,0,0,1,0,290097.2,-286801.0,109936.7,-108455.8,97934.50000000001,38181.3,290097.2,109936.7,0.7347331023035033,1,22,0,0
290233.9,3432.9,2494.6,110978.8,2523.0,422.4,2,0,0,1,0,0,-286801.0,-938.3000000000002,-108455.8,-2100.6,98720.46666666667,37974.73333333333,287739.30000000005,110556.40000000001,0.16925789389325213,1,22,0,0
3432.9,2494.6,6100.4,2523.0,422.4,2699.6,0,0,0,0,0,0,-938.3000000000002,3605.7999999999997,-2100.6,2277.2,4009.2999999999997,1881.6666666666667,3605.7999999999997,2277.2,0.4424558298095519,1,22,0,0
2494.6,6100.4,4324.0,422.4,2699.6,1597.1,0,0,0,0,0,0,3605.7999999999997,-1776.3999999999996,2277.2,-1102.5,4306.333333333333,1573.0333333333335,3605.7999999999997,2277.2,0.369271676300578,1,22,0,0
6100.4,4324.0,4475.7,2699.6,1597.1,5384.8,0,0,0,0,0,0,-1776.3999999999996,151.69999999999982,-1102.5,3787.7000000000003,4966.7,3227.1666666666665,1776.3999999999996,3787.7000000000003,1.2028503138472537,1,22,0,0
4324.0,4475.7,592.7,1597.1,5384.8,729.5,0,0,0,0,0,0,151.69999999999982,-3883.0,3787.7000000000003,-4655.3,3130.8000000000006,2570.4666666666667,3883.0,4655.3,1.228735051372747,1,22,3,0
4475.7,592.7,1243760.1,5384.8,729.5,39851.9,0,0,3,0,0,0,-3883.0,1243167.4000000001,-4655.3,39122.4,416276.1666666667,15322.066666666668,1243167.4000000001,39122.4,0.03204144268541603,3,0,0,1
592.7,1243760.1,41234.8,729.5,39851.9,149416.4,0,3,0,0,0,1,1243167.4000000001,-1202525.3,39122.4,109564.5,428529.2,63332.6,1243167.4000000001,148686.9,3.6234631072999672,5,1,0,0
1243760.1,41234.8,4949.2,39851.9,149416.4,659.4,3,0,0,0,1,0,-1202525.3,-36285.600000000006,109564.5,-148757.0,429981.3666666667,63309.23333333333,1238810.9000000001,148757.0,0.13320673912165165,1,22,0,0
41234.8,4949.2,3781.6,149416.4,659.4,1261.1,0,0,0,1,0,0,-36285.600000000006,-1167.6,-148757.0,601.6999999999999,16655.2,50445.63333333333,37453.200000000004,148757.0,0.3333950192988949,1,22,2,0
4949.2,3781.6,252379.6,659.4,1261.1,11760.2,0,0,2,0,0,0,-1167.6,248598.0,601.6999999999999,10499.1,87036.8,4560.233333333334,248598.0,11100.800000000001,0.04659708392800398,2,22,1,1
3781.6,252379.6,148548.9,1261.1,11760.2,198912.4,0,2,1,0,0,1,248598.0,-103830.70000000001,10499.1,187152.19999999998,134903.36666666667,70644.56666666667,248598.0,197651.3,1.339027491772125,5,1,2,1
252379.6,148548.9,393571.8,11760.2,198912.4,82016.8,2,1,2,0,1,1,-103830.70000000001,245022.9,187152.19999999998,-116895.59999999999,264833.43333333335,97563.13333333335,245022.9,187152.19999999998,0.20839041722395452,3,0,0,0
148548.9,393571.8,1772.6,198912.4,82016.8,4279.0,1,2,0,1,1,0,245022.9,-391799.2,-116895.59999999999,-77737.8,181297.76666666663,95069.40000000001,391799.2,194633.4,2.4126071267478575,1,22,0,0
393571.8,1772.6,37366.4,82016.8,4279.0,12860.3,2,0,0,1,0,0,-391799.2,35593.8,-77737.8,8581.3,144236.93333333332,33052.03333333333,391799.2,77737.8,0.34415827700080814,2,6,0,0
1772.6,37366.4,1695.2,4279.0,12860.3,628.3,0,0,0,0,0,0,35593.8,-35671.200000000004,8581.3,-12232.0,13611.4,5922.533333333333,35671.200000000004,12232.0,0.3704162245018276,1,22,0,0
37366.4,1695.2,1744.0,12860.3,628.3,3817.5,0,0,0,0,0,0,-35671.200000000004,48.799999999999955,-12232.0,3189.2,13601.866666666667,5768.7,35671.200000000004,12232.0,2.187679083094556,1,22,0,0
1695.2,1744.0,4248.0,628.3,3817.5,2096.4,0,0,0,0,0,0,48.799999999999955,2504.0,3189.2,-1721.1,2562.4,2180.7333333333336,2552.8,3189.2,0.4933866792186397,1,22,0,0
1744.0,4248.0,6871.2,3817.5,2096.4,8870.8,0,0,0,0,0,0,2504.0,2623.2,-1721.1,6774.4,4287.733333333334,4928.233333333333,5127.2,6774.4,1.290823899188033,1,22,0,1
4248.0,6871.2,23568.9,2096.4,8870.8,77096.2,0,0,0,0,0,1,2623.2,16697.7,6774.4,68225.4,11562.700000000003,29354.466666666664,19320.9,74999.8,3.2709599955875923,2,6,2,1
6871.2,23568.9,278067.6,8870.8,77096.2,198647.5,0,0,2,0,1,1,16697.7,254498.69999999998,68225.4,121551.3,102835.89999999998,94871.5,271196.39999999997,189776.7,0.7143830695015547,5,1,0,0
23568.9,278067.6,721.8,77096.2,198647.5,3477.7,0,2,0,1,1,0,254498.69999999998,-277345.8,121551.3,-195169.8,100786.09999999999,93073.8,277345.8,195169.8,4.811427780852242,1,22,0,0
278067.6,721.8,5705.6,198647.5,3477.7,7473.5,2,0,0,1,0,0,-277345.8,4983.8,-195169.8,3995.8,94831.66666666664,69866.23333333334,277345.8,195169.8,1.3096239442049555,1,22,3,1
721.8,5705.6,1030540.1,3477.7,7473.5,51498.6,0,0,3,0,0,1,4983.8,1024834.5,3995.8,44025.1,345655.8333333333,20816.600000000002,1029818.2999999999,48020.9,0.04997238829193712,3,0,0,0
5705.6,1030540.1,1365.5,7473.5,51498.6,2514.6,0,3,0,0,1,0,1024834.5,-1029174.6,44025.1,-48984.0,345870.39999999997,20495.566666666666,1029174.6,48984.0,1.8401756311745334,1,22,0,0
1030540.1,1365.5,3831.1,51498.6,2514.6,6172.9,3,0,0,1,0,0,-1029174.6,2465.6,-48984.0,3658.2999999999997,345245.56666666665,20062.033333333333,1029174.6,48984.0,1.610840009394327,1,22,0,0
1365.5,3831.1,4149.1,2514.6,6172.9,2576.2,0,0,0,0,0,0,2465.6,318.00000000000045,3658.2999999999997,-3596.7,3115.2333333333336,3754.566666666667,2783.6000000000004,3658.2999999999997,0.6207561263584009,1,22,1,1
3831.1,4149.1,80123.5,6172.9,2576.2,143035.6,0,0,1,0,0,1,318.00000000000045,75974.4,-3596.7,140459.4,29367.899999999998,50594.9,76292.4,140459.4,1.7851668341144096,5,14,0,0
4149.1,80123.5,94.6,2576.2,143035.6,5441.5,0,1,0,0,1,0,75974.4,-80028.9,140459.4,-137594.1,28122.400000000005,50351.100000000006,80028.9,140459.4,56.91945606694561,1,22,3,0
80123.5,94.6,1109851.3,143035.6,5441.5,48552.7,1,0,3,1,0,0,-80028.9,1109756.7,-137594.1,43111.2,396689.80000000005,65676.59999999999,1109756.7,137594.1,0.04374699227996374,3,0,1,0
94.6,1109851.3,74853.4,5441.5,48552.7,6939.8,0,3,1,0,0,0,1109756.7,-1034997.9,43111.2,-41612.899999999994,394933.10000000003,20311.333333333332,1109756.7,43111.2,0.09271064893980849,2,6,0,0
1109851.3,74853.4,1112.6,48552.7,6939.8,2606.4,3,1,0,0,0,0,-1034997.9,-73740.79999999999,-41612.899999999994,-4333.4,395272.43333333335,19366.3,1108738.7,45946.299999999996,2.3405172413793105,1,22,0,0
74853.4,1112.6,2184.9,6939.8,2606.4,7472.3,1,0,0,0,0,0,-73740.79999999999,1072.3000000000002,-4333.4,4865.9,26050.3,5672.833333333333,73740.79999999999,4865.9,3.418408893362002,1,22,0,0
1112.6,2184.9,3501.4,2606.4,7472.3,4006.4,0,0,0,0,0,0,1072.3000000000002,1316.5,4865.9,-3465.9,2266.2999999999997,4695.033333333334,2388.8,4865.9,1.1439013248058474,1,22,0,0
2184.9,3501.4,1738.4,7472.3,4006.4,4111.2,0,0,0,0,0,0,1316.5,-1763.0,-3465.9,104.79999999999973,2474.9,5196.633333333334,1763.0,3465.9,2.3635736460848564,1,22,0,0
3501.4,1738.4,841.6,4006.4,4111.2,7076.6,0,0,0,0,0,0,-1763.0,-896.8000000000001,104.79999999999973,2965.4000000000005,2027.1333333333334,5064.733333333334,2659.8,3070.2000000000003,8.398528364585806,1,22,0,0
1738.4,841.6,815.5,4111.2,7076.6,6017.8,0,0,0,0,0,0,-896.8000000000001,-26.100000000000023,2965.4000000000005,-1058.8000000000002,1131.8333333333333,5735.2,922.9000000000001,2965.4000000000005,7.3702388242498476,1,22,0,0
841.6,815.5,84.0,7076.6,6017.8,6710.4,0,0,0,0,0,0,-26.100000000000023,-731.5,-1058.8000000000002,692.5999999999995,580.3666666666667,6601.600000000001,757.6,1058.8000000000002,78.94588235294117,1,22,0,0
815.5,84.0,5524.3,6017.8,6710.4,1274.0,0,0,0,0,0,0,-731.5,5440.3,692.5999999999995,-5436.4,2141.266666666667,4667.400000000001,5440.3,5436.4,0.23057571534577306,1,22,0,1
84.0,5524.3,36000.6,6710.4,1274.0,74752.6,0,0,0,0,0,1,5440.3,30476.3,-5436.4,73478.6,13869.633333333333,27579.0,35916.6,73478.6,2.076368828052087,2,6,0,0
5524.3,36000.6,5254.0,1274.0,74752.6,2328.5,0,0,0,0,1,0,30476.3,-30746.6,73478.6,-72424.1,15592.966666666667,26118.36666666667,30746.6,73478.6,0.44310180780209324,1,22,0,0
36000.6,5254.0,5430.5,74752.6,2328.5,1242.1,0,0,0,1,0,0,-30746.6,176.5,-72424.1,-1086.4,15561.699999999999,26107.733333333337,30746.6,73510.5,0.2286845254533738,1,22,0,0
5254.0,5430.5,1888.6,2328.5,1242.1,4926.1,0,0,0,0,0,0,176.5,-3541.9,-1086.4,3684.0000000000005,4191.033333333334,2832.2333333333336,3541.9,3684.0000000000005,2.6069538526672313,1,22,0,0
5430.5,1888.6,5261.1,1242.1,4926.1,6362.9,0,0,0,0,0,0,-3541.9,3372.5000000000005,3684.0000000000005,1436.7999999999993,4193.400000000001,4177.033333333334,3541.9,5120.799999999999,1.2091940480036485,1,22,0,0
1888.6,5261.1,3840.6,4926.1,6362.9,1281.0,0,0,0,0,0,0,3372.5000000000005,-1420.5000000000005,1436.7999999999993,-5081.9,3663.433333333334,4190.0,3372.5000000000005,5081.9,0.3334548104956268,1,22,0,0
5261.1,3840.6,5455.9,6362.9,1281.0,182.7,0,0,0,0,0,0,-1420.5000000000005,1615.2999999999997,-5081.9,-1098.3,4852.533333333334,2608.8666666666663,1615.2999999999997,6180.2,0.033480547563635034,1,22,1,1
3840.6,5455.9,164336.3,1281.0,182.7,79076.1,0,0,1,0,0,1,1615.2999999999997,158880.4,-1098.3,78893.40000000001,57877.6,26846.600000000002,160495.69999999998,78893.40000000001,0.48118169155754664,2,6,0,0
5455.9,164336.3,862.5,182.7,79076.1,588.7,0,1,0,0,1,0,158880.4,-163473.8,78893.40000000001,-78487.40000000001,56884.899999999994,26615.833333333332,163473.8,78893.40000000001,0.6817602779386219,1,22,0,0
164336.3,862.5,4406.1,79076.1,588.7,806.7,1,0,0,1,0,0,-163473.8,3543.6000000000004,-78487.40000000001,218.0,56534.96666666667,26823.833333333332,163473.8,78487.40000000001,0.1830455401511198,1,22,0,0
862.5,4406.1,5295.5,588.7,806.7,1046.2,0,0,0,0,0,0,3543.6000000000004,889.3999999999996,218.0,239.5,3521.366666666667,813.8666666666668,4433.0,457.5,0.19752666855470594,1,22,3,0
4406.1,5295.5,1142078.8,806.7,1046.2,17648.9,0,0,3,0,0,0,889.3999999999996,1136783.3,239.5,16602.7,383926.80000000005,6500.600000000001,1137672.7,16842.2,0.015453298447271373,3,0,1,0
5295.5,1142078.8,114283.9,1046.2,17648.9,16854.2,0,3,1,0,0,0,1136783.3,-1027794.9,16602.7,-794.7000000000007,420552.73333333334,11849.766666666668,1136783.3,16602.7,0.14747530076151794,2,22,0,0
1142078.8,114283.9,5217.7,17648.9,16854.2,4016.9,3,1,0,0,0,0,-1027794.9,-109066.2,-794.7000000000007,-12837.300000000001,420526.8,12840.000000000002,1136861.1,13632.000000000002,0.7697127637151016,1,22,3,0
114283.9,5217.7,960716.1,16854.2,4016.9,19380.5,1,0,3,0,0,0,-109066.2,955498.4,-12837.300000000001,15363.6,360072.56666666665,13417.200000000003,955498.4,15363.6,0.02017295205841553,3,0,0,0
5217.7,960716.1,4144.5,4016.9,19380.5,6033.7,0,3,0,0,0,0,955498.4,-956571.6,15363.6,-13346.8,323359.4333333333,9810.366666666667,956571.6,15363.6,1.4554818477867566,1,22,0,0
960716.1,4144.5,848.7,19380.5,6033.7,6796.8,3,0,0,0,0,0,-956571.6,-3295.8,-13346.8,763.1000000000004,321903.1,10737.0,959867.4,13346.8,7.9990584912322,1,22,0,0
4144.5,848.7,1938.6,6033.7,6796.8,5781.3,0,0,0,0,0,0,-3295.8,1089.8999999999999,763.1000000000004,-1015.5,2310.6,6203.933333333333,3295.8,1015.5,2.9806661167250983,1,22,0,0
848.7,1938.6,907.8,6796.8,5781.3,2011.1,0,0,0,0,0,0,1089.8999999999999,-1030.8,-1015.5,-3770.2000000000003,1231.7,4863.066666666667,1089.8999999999999,4785.700000000001,2.212918133802817,1,22,0,0
1938.6,907.8,4449.5,5781.3,2011.1,5440.1,0,0,0,0,0,0,-1030.8,3541.7,-3770.2000000000003,3429.0000000000005,2431.9666666666667,4410.833333333333,3541.7,3770.2000000000003,1.2223570385349962,1,22,0,0
907.8,4449.5,3901.5,2011.1,5440.1,4158.3,0,0,0,0,0,0,3541.7,-548.0,3429.0000000000005,-1281.8000000000002,3086.2666666666664,3869.8333333333335,3541.7,3429.0000000000005,1.0655477258167843,1,22,0,0
4449.5,3901.5,3326.2,5440.1,4158.3,1276.4,0,0,0,0,0,0,-548.0,-575.3000000000002,-1281.8000000000002,-2881.9,3892.4,3624.933333333334,1123.3000000000002,4163.700000000001,0.38362587160375095,1,22,0,0
3901.5,3326.2,2562.3,4158.3,1276.4,4499.7,0,0,0,0,0,0,-575.3000000000002,-763.8999999999996,-2881.9,3223.2999999999997,3263.3333333333335,3311.466666666667,1339.1999999999998,3223.2999999999997,1.7554324503569616,1,22,0,0
3326.2,2562.3,403.0,1276.4,4499.7,6295.6,0,0,0,0,0,0,-763.8999999999996,-2159.3,3223.2999999999997,1795.9000000000005,2097.1666666666665,4023.9,2923.2,5019.200000000001,15.583168316831683,1,22,1,0
2562.3,403.0,104028.7,4499.7,6295.6,25784.1,0,0,1,0,0,0,-2159.3,103625.7,1795.9000000000005,19488.5,35664.666666666664,12193.133333333331,103625.7,21284.399999999998,0.2478532572909467,5,14,0,0
403.0,104028.7,2981.8,6295.6,25784.1,3193.3,0,1,0,0,0,0,103625.7,-101046.9,19488.5,-22590.8,35804.5,11757.666666666666,103625.7,22590.8,1.0705712753117875,1,22,3,2
104028.7,2981.8,692129.5,25784.1,3193.3,283481.1,1,0,3,0,0,2,-101046.9,689147.7,-22590.8,280287.8,266380.0,104152.83333333333,689147.7,280287.8,0.40957752909314066,1,5,0,0
2981.8,692129.5,6893.5,3193.3,283481.1,5158.6,0,3,0,0,2,0,689147.7,-685236.0,280287.8,-278322.5,234001.6,97277.66666666664,689147.7,280287.8,0.7482195953296106,1,22,0,0
692129.5,6893.5,4123.0,283481.1,5158.6,5362.8,3,0,0,2,0,0,-685236.0,-2770.5,-278322.5,204.19999999999982,234382.0,98000.83333333331,688006.5,278322.5,1.3003879728419012,1,22,1,0
6893.5,4123.0,156369.7,5158.6,5362.8,12336.5,0,0,1,0,0,0,-2770.5,152246.7,204.19999999999982,6973.7,55795.4,7619.3,152246.7,7177.9,0.07889265700032039,5,14,0,0
4123.0,156369.7,2134.4,5362.8,12336.5,454.5,0,1,0,0,0,0,152246.7,-154235.30000000002,6973.7,-11882.0,54209.03333333333,6051.266666666666,154235.30000000002,11882.0,0.2128406855858387,1,22,0,0
156369.7,2134.4,6324.9,12336.5,454.5,4608.8,1,0,0,0,0,0,-154235.30000000002,4190.5,-11882.0,4154.3,54943.0,5799.933333333333,154235.30000000002,11882.0,0.7285603629523073,1,22,1,0
2134.4,6324.9,102704.5,454.5,4608.8,34403.7,0,0,1,0,0,0,4190.5,96379.6,4154.3,29794.899999999998,37054.6,13155.666666666666,100570.1,33949.2,0.3349742710955109,2,6,0,0
6324.9,102704.5,21073.4,4608.8,34403.7,43852.1,0,1,0,0,0,0,96379.6,-81631.1,29794.899999999998,9448.400000000001,43367.6,27621.533333333336,96379.6,39243.299999999996,2.080823178833086,2,6,0,0
102704.5,21073.4,1409.0,34403.7,43852.1,1893.9,1,0,0,0,0,0,-81631.1,-19664.4,9448.400000000001,-41958.2,41728.96666666667,26716.566666666662,101295.5,41958.2,1.3431914893617023,1,22,0,0
21073.4,1409.0,1039.9,43852.1,1893.9,4858.0,0,0,0,0,0,0,-19664.4,-369.0999999999999,-41958.2,2964.1,7840.766666666667,16868.0,20033.5,41958.2,4.667114996637525,1,22,0,0
1409.0,1039.9,1971.9,1893.9,4858.0,3824.1,0,0,0,0,0,0,-369.0999999999999,932.0,2964.1,-1033.9,1473.6000000000001,3525.3333333333335,932.0,2964.1,1.9383141568249784,1,22,0,0
1039.9,1971.9,3437.2,4858.0,3824.1,357.8,0,0,0,0,0,0,932.0,1465.2999999999997,-1033.9,-3466.2999999999997,2149.6666666666665,3013.2999999999997,2397.2999999999997,4500.2,0.1040660810889419,1,22,1,1
1971.9,3437.2,147341.9,3824.1,357.8,68024.5,0,0,1,0,0,1,1465.2999999999997,143904.69999999998,-3466.2999999999997,67666.7,50917.0,24068.8,145370.0,67666.7,0.4616747736063292,2,6,0,0
3437.2,147341.9,735.4,357.8,68024.5,3966.9,0,1,0,0,1,0,143904.69999999998,-146606.5,67666.7,-64057.6,50504.833333333336,24116.399999999998,146606.5,67666.7,5.386882129277567,1,22,0,0
147341.9,735.4,3684.3,68024.5,3966.9,2234.1,1,0,0,1,0,0,-146606.5,2948.9,-64057.6,-1732.8000000000002,50587.19999999999,24741.833333333332,146606.5,65790.4,0.6062193037201855,1,22,3,0
735.4,3684.3,1123954.4,3966.9,2234.1,16347.1,0,0,3,0,0,0,2948.9,1120270.0999999999,-1732.8000000000002,14113.0,376124.69999999995,7516.033333333333,1123219.0,14113.0,0.014544260386132761,3,0,3,0
3684.3,1123954.4,1067174.4,2234.1,16347.1,20564.1,0,3,3,0,0,0,1120270.0999999999,-56780.0,14113.0,4216.999999999998,731604.3666666666,13048.433333333334,1120270.0999999999,18330.0,0.01926965332971506,3,0,1,1
1123954.4,1067174.4,109371.0,16347.1,20564.1,119618.2,3,3,1,0,0,1,-56780.0,-957803.3999999999,4216.999999999998,99054.1,766833.2666666666,52176.46666666667,1014583.3999999999,103271.09999999999,1.093682112423655,5,14,2,0
1067174.4,109371.0,292096.3,20564.1,119618.2,17058.4,3,1,2,0,1,0,-957803.3999999999,182725.3,99054.1,-102559.79999999999,489547.23333333334,52413.56666666666,957803.3999999999,102559.79999999999,0.058399718176100915,3,0,1,1
109371.0,292096.3,102566.4,119618.2,17058.4,179554.7,1,2,1,1,0,1,182725.3,-189529.9,-102559.79999999999,162496.30000000002,168011.2333333333,105410.43333333335,189529.9,162496.30000000002,1.7506020431443132,5,1,1,1
292096.3,102566.4,92566.6,17058.4,179554.7,81675.2,2,1,1,0,1,1,-189529.9,-9999.799999999988,162496.30000000002,-97879.50000000001,162409.76666666663,92762.76666666666,199529.69999999998,162496.30000000002,0.8823303185995963,3,0,0,0
102566.4,92566.6,557.8,179554.7,81675.2,6439.7,1,1,0,1,1,0,-9999.799999999988,-92008.8,-97879.50000000001,-75235.5,65230.26666666666,89223.20000000001,102008.59999999999,173115.0,11.524158911954189,1,22,0,0
92566.6,557.8,413.0,81675.2,6439.7,2758.4,1,0,0,1,0,0,-92008.8,-144.79999999999995,-75235.5,-3681.2999999999997,31179.133333333335,30291.099999999995,92153.6,78916.8,6.66280193236715,1,22,0,0
557.8,413.0,3037.7,6439.7,2758.4,4011.5,0,0,0,0,0,0,-144.79999999999995,2624.7,-3681.2999999999997,1253.1,1336.1666666666667,4403.2,2624.7,3681.2999999999997,1.3201369006483037,1,22,0,0
413.0,3037.7,1590.3,2758.4,4011.5,810.0,0,0,0,0,0,0,2624.7,-1447.3999999999999,1253.1,-3201.5,1680.3333333333333,2526.633333333333,2624.7,3201.5,0.5090177842015962,1,22,0,0
3037.7,1590.3,3622.2,4011.5,810.0,1409.0,0,0,0,0,0,0,-1447.3999999999999,2031.8999999999999,-3201.5,599.0,2750.066666666667,2076.8333333333335,2031.8999999999999,3201.5,0.3888827555751822,1,22,0,0
1590.3,3622.2,248.9,810.0,1409.0,5184.4,0,0,0,0,0,0,2031.8999999999999,-3373.2999999999997,599.0,3775.3999999999996,1820.4666666666665,2467.7999999999997,3373.2999999999997,4374.4,20.745898359343734,1,22,0,0
3622.2,248.9,3800.5,1409.0,5184.4,3508.5,0,0,0,0,0,0,-3373.2999999999997,3551.6,3775.3999999999996,-1675.8999999999996,2557.2000000000003,3367.2999999999997,3551.6,3775.3999999999996,0.9229251611206103,1,22,0,0
248.9,3800.5,7452.7,5184.4,3508.5,7731.6,0,0,0,0,0,0,3551.6,3652.2,-1675.8999999999996,4223.1,3834.0333333333333,5474.833333333333,7203.8,4223.1,1.0372834967868307,1,22,0,0
3800.5,7452.7,4572.3,3508.5,7731.6,4457.0,0,0,0,0,0,0,3652.2,-2880.3999999999996,4223.1,-3274.6000000000004,5275.166666666667,5232.366666666667,3652.2,4223.1,0.9745697854940634,1,22,0,0
7452.7,4572.3,1985.1,7731.6,4457.0,2972.2,0,0,0,0,0,0,-2880.3999999999996,-2587.2000000000003,-3274.6000000000004,-1484.8000000000002,4670.033333333334,5053.599999999999,5467.6,4759.400000000001,1.4965006797240823,1,22,2,0
4572.3,1985.1,443324.0,4457.0,2972.2,12399.3,0,0,2,0,0,0,-2587.2000000000003,441338.9,-1484.8000000000002,9427.099999999999,149960.46666666667,6609.5,441338.9,9427.099999999999,0.02796887159533074,3,0,0,0
1985.1,443324.0,3052.1,2972.2,12399.3,6323.4,0,2,0,0,0,0,441338.9,-440271.9,9427.099999999999,-6075.9,149453.7333333333,7231.633333333334,441338.9,9427.099999999999,2.0711408077036455,1,22,0,0
443324.0,3052.1,6444.5,12399.3,6323.4,8834.6,2,0,0,0,0,0,-440271.9,3392.4,-6075.9,2511.2000000000007,150940.19999999998,9185.766666666665,440271.9,6075.9,1.3706617019626097,1,22,0,1
3052.1,6444.5,23096.0,6323.4,8834.6,75113.2,0,0,0,0,0,1,3392.4,16651.5,2511.2000000000007,66278.59999999999,10864.199999999999,30090.399999999998,20043.9,68789.8,3.2520760271896783,5,14,0,0
6444.5,23096.0,6766.5,8834.6,75113.2,3013.0,0,0,0,0,1,0,16651.5,-16329.5,66278.59999999999,-72100.2,12102.333333333334,28986.933333333334,16651.5,72100.2,0.4452161063908386,1,22,0,0
23096.0,6766.5,69.6,75113.2,3013.0,1244.0,0,0,0,1,0,0,-16329.5,-6696.9,-72100.2,-1769.0,9977.366666666667,26456.733333333334,23026.4,73869.2,17.620396600566572,1,22,0,0
6766.5,69.6,1540.4,3013.0,1244.0,3755.2,0,0,0,0,0,0,-6696.9,1470.8000000000002,-1769.0,2511.2,2792.1666666666665,2670.733333333333,6696.9,2511.2,2.436226806799014,1,22,0,0
69.6,1540.4,3582.8,1244.0,3755.2,3504.2,0,0,0,0,0,0,1470.8000000000002,2042.4,2511.2,-251.0,1730.9333333333334,2834.4666666666667,3513.2000000000003,2511.2,0.9777889391149058,1,22,2,1
1540.4,3582.8,333362.5,3755.2,3504.2,90542.1,0,0,2,0,0,1,2042.4,329779.7,-251.0,87037.90000000001,112828.56666666667,32600.5,331822.1,87037.90000000001,0.271601720044336,3,0,2,0
3582.8,333362.5,405434.0,3504.2,90542.1,5605.9,0,2,2,0,1,0,329779.7,72071.5,87037.90000000001,-84936.20000000001,247459.7666666667,33217.4,401851.2,87037.90000000001,0.013826877304623428,3,0,0,0
333362.5,405434.0,1459.3,90542.1,5605.9,2490.3,2,2,0,1,0,0,72071.5,-403974.7,-84936.20000000001,-3115.5999999999995,246751.93333333335,32879.433333333334,403974.7,88051.8,1.7053345203040473,1,22,0,0
405434.0,1459.3,4398.3,5605.9,2490.3,3808.9,2,0,0,0,0,0,-403974.7,2939.0,-3115.5999999999995,1318.6,137097.19999999998,3968.366666666667,403974.7,3115.5999999999995,0.8657968313140727,1,22,0,0
1459.3,4398.3,5275.6,2490.3,3808.9,7656.2,0,0,0,0,0,0,2939.0,877.3000000000002,1318.6,3847.2999999999997,3711.066666666667,4651.8,3816.3,5165.9,1.4509722169578894,1,22,1,1
4398.3,5275.6,200726.1,3808.9,7656.2,55332.4,0,0,1,0,0,1,877.3000000000002,195450.5,3847.2999999999997,47676.200000000004,70133.33333333333,22265.833333333332,196327.80000000002,51523.5,0.27565983865656407,3,0,0,0
5275.6,200726.1,3961.6,7656.2,55332.4,633.1,0,1,0,0,1,0,195450.5,-196764.5,47676.200000000004,-54699.3,69987.76666666668,21207.233333333334,196764.5,54699.3,0.15976883864129612,1,22,2,0
200726.1,3961.6,370243.6,55332.4,633.1,4604.7,1,0,2,1,0,0,-196764.5,366282.0,-54699.3,3971.6,191643.7666666667,20190.066666666666,366282.0,54699.3,0.012436913327027592,2,22,3,0
3961.6,370243.6,722965.6,633.1,4604.7,28389.2,0,2,3,0,0,0,366282.0,352722.0,3971.6,23784.5,365723.5999999999,11209.0,719004.0,27756.100000000002,0.0392676508154042,4,8,1,1
370243.6,722965.6,77635.9,4604.7,28389.2,78015.3,2,3,1,0,0,1,352722.0,-645329.7,23784.5,49626.100000000006,390281.69999999995,37003.06666666667,645329.7,73410.6,1.0048739710112073,2,6,0,0
722965.6,77635.9,809.8,28389.2,78015.3,1288.3,3,1,0,0,1,0,-645329.7,-76826.09999999999,49626.100000000006,-76727.0,267137.10000000003,35897.6,722155.7999999999,76727.0,1.5889245189935866,1,22,0,1
77635.9,809.8,50204.2,78015.3,1288.3,122207.7,1,0,0,1,0,1,-76826.09999999999,49394.399999999994,-76727.0,120919.4,42883.299999999996,67170.43333333333,76826.09999999999,120919.4,2.434164190163569,5,1,0,0
809.8,50204.2,5788.2,1288.3,122207.7,1733.7,0,0,0,0,1,0,49394.399999999994,-44416.0,120919.4,-120474.0,18934.066666666666,41743.23333333333,49394.399999999994,120919.4,0.2994714295584882,1,22,0,0
50204.2,5788.2,2554.3,122207.7,1733.7,7227.3,0,0,0,1,0,0,-44416.0,-3233.8999999999996,-120474.0,5493.6,19515.566666666666,43722.899999999994,47649.899999999994,120474.0,2.82835674871835,1,22,1,0
5788.2,2554.3,148393.8,1733.7,7227.3,26808.5,0,0,1,0,0,0,-3233.8999999999996,145839.5,5493.6,19581.2,52245.43333333333,11923.166666666666,145839.5,25074.8,0.18065659982694812,2,6,0,0
2554.3,148393.8,643.8,7227.3,26808.5,1904.1,0,1,0,0,0,0,145839.5,-147750.0,19581.2,-24904.4,50530.633333333324,11979.966666666667,147750.0,24904.4,2.9530086848635237,1,22,1,0
148393.8,643.8,187871.2,26808.5,1904.1,47973.9,1,0,1,0,0,0,-147750.0,187227.40000000002,-24904.4,46069.8,112302.93333333333,25562.166666666668,187227.40000000002,46069.8,0.2553539054740403,5,1,0,0
643.8,187871.2,3755.1,1904.1,47973.9,3718.0,0,1,0,0,0,0,187227.40000000002,-184116.1,46069.8,-44255.9,64090.03333333333,17865.333333333332,187227.40000000002,46069.8,0.9898565000931818,1,22,0,0
187871.2,3755.1,4824.2,47973.9,3718.0,1285.4,1,0,0,0,0,0,-184116.1,1069.1,-44255.9,-2432.6,65483.50000000001,17659.100000000002,184116.1,46688.5,0.26639310287656476,1,22,0,0
3755.1,4824.2,1648.8,3718.0,1285.4,927.4,0,0,0,0,0,0,1069.1,-3175.3999999999996,-2432.6,-358.0000000000001,3409.3666666666663,1976.9333333333332,3175.3999999999996,2790.6,0.5621287428779246,1,22,0,0
4824.2,1648.8,5504.1,1285.4,927.4,7454.8,0,0,0,0,0,0,-3175.3999999999996,3855.3,-358.0000000000001,6527.400000000001,3992.366666666667,3222.5333333333333,3855.3,6527.400000000001,1.3541625038600569,1,22,0,1
1648.8,5504.1,12864.3,927.4,7454.8,67202.1,0,0,0,0,0,1,3855.3,7360.199999999999,6527.400000000001,59747.3,6672.400000000001,25194.766666666666,11215.5,66274.70000000001,5.223515969312803,2,6,0,0
5504.1,12864.3,620.0,7454.8,67202.1,1812.7,0,0,0,0,1,0,7360.199999999999,-12244.3,59747.3,-65389.40000000001,6329.466666666667,25489.86666666667,12244.3,65389.40000000001,2.9190016103059584,1,22,0,0
12864.3,620.0,3119.7,67202.1,1812.7,4772.6,0,0,0,1,0,0,-12244.3,2499.7,-65389.40000000001,2959.9000000000005,5534.666666666667,24595.800000000003,12244.3,65389.40000000001,1.5293363668407731,1,22,0,0
620.0,3119.7,7925.9,1812.7,4772.6,376.6,0,0,0,0,0,0,2499.7,4806.2,2959.9000000000005,-4396.0,3888.533333333333,2320.6333333333337,7305.9,4396.0,0.04750911453405493,1,22,0,0
3119.7,7925.9,2757.0,4772.6,376.6,5261.7,0,0,0,0,0,0,4806.2,-5168.9,-4396.0,4885.099999999999,4600.866666666666,3470.3000000000006,5168.9,4885.099999999999,1.9077955039883974,1,22,0,0
7925.9,2757.0,3723.2,376.6,5261.7,7254.7,0,0,0,0,0,0,-5168.9,966.1999999999998,4885.099999999999,1993.0,4802.033333333333,4297.666666666667,5168.9,6878.099999999999,1.9479888298157995,1,22,0,0
2757.0,3723.2,145.1,5261.7,7254.7,7490.3,0,0,0,0,0,0,966.1999999999998,-3578.1,1993.0,235.60000000000036,2208.4333333333334,6668.900000000001,3578.1,2228.6000000000004,51.26830937713895,1,22,1,0
3723.2,145.1,108821.9,7254.7,7490.3,25062.9,0,0,1,0,0,0,-3578.1,108676.79999999999,235.60000000000036,17572.600000000002,37563.4,13269.300000000001,108676.79999999999,17808.2,0.2303090617875466,2,22,0,0
145.1,108821.9,3811.4,7490.3,25062.9,4548.3,0,1,0,0,0,0,108676.79999999999,-105010.5,17572.600000000002,-20514.600000000002,37592.799999999996,12367.166666666666,108676.79999999999,20514.600000000002,1.1930280138495437,1,22,0,0
108821.9,3811.4,1316.3,25062.9,4548.3,4885.8,1,0,0,0,0,0,-105010.5,-2495.1000000000004,-20514.600000000002,337.5,37983.2,11499.0,107505.59999999999,20514.600000000002,3.708950125256206,1,22,0,0
3811.4,1316.3,562.6,4548.3,4885.8,8132.2,0,0,0,0,0,0,-2495.1000000000004,-753.6999999999999,337.5,3246.3999999999996,1896.7666666666667,5855.433333333333,3248.8,3583.8999999999996,14.42902767920511,1,22,0,0
1316.3,562.6,842.4,4885.8,8132.2,6345.0,0,0,0,0,0,0,-753.6999999999999,279.79999999999995,3246.3999999999996,-1787.1999999999998,907.1,6454.333333333333,753.6999999999999,3246.3999999999996,7.523120701920797,1,22,0,0
562.6,842.4,1724.6,8132.2,6345.0,266.5,0,0,0,0,0,0,279.79999999999995,882.1999999999999,-1787.1999999999998,-6078.5,1043.2,4914.566666666667,1162.0,7865.7,0.15443903569772832,1,22,0,0
842.4,1724.6,1074.5,6345.0,266.5,4059.8,0,0,0,0,0,0,882.1999999999999,-650.0999999999999,-6078.5,3793.3,1213.8333333333333,3557.1,882.1999999999999,6078.5,3.7748024174802417,1,22,1,0
1724.6,1074.5,136649.6,266.5,4059.8,25306.8,0,0,1,0,0,0,-650.0999999999999,135575.1,3793.3,21247.0,46482.9,9877.699999999999,135575.1,25040.3,0.1851934788431225,5,1,0,0
1074.5,136649.6,38697.4,4059.8,25306.8,18747.9,0,1,0,0,0,0,135575.1,-97952.20000000001,21247.0,-6558.899999999998,58807.166666666664,16038.166666666666,135575.1,21247.0,0.48446188989725675,2,6,0,0
136649.6,38697.4,2274.8,25306.8,18747.9,7962.5,1,0,0,0,0,0,-97952.20000000001,-36422.6,-6558.899999999998,-10785.400000000001,59207.26666666666,17339.066666666666,134374.80000000002,17344.3,3.4987696634150627,1,22,0,0
38697.4,2274.8,4972.5,18747.9,7962.5,2287.5,0,0,0,0,0,0,-36422.6,2697.7,-10785.400000000001,-5675.0,15314.900000000001,9665.966666666667,36422.6,16460.4,0.45993766964914046,1,22,0,0
2274.8,4972.5,2519.0,7962.5,2287.5,3899.8,0,0,0,0,0,0,2697.7,-2453.5,-5675.0,1612.3000000000002,3255.433333333333,4716.599999999999,2697.7,5675.0,1.5475396825396825,1,22,0,0
4972.5,2519.0,2274.2,2287.5,3899.8,1321.4,0,0,0,0,0,0,-2453.5,-244.80000000000018,1612.3000000000002,-2578.4,3255.2333333333336,2502.9,2698.3,2578.4,0.5807841068917019,1,22,0,0
2519.0,2274.2,7083.0,3899.8,1321.4,4779.7,0,0,0,0,0,0,-244.80000000000018,4808.8,-2578.4,3458.2999999999997,3958.7333333333336,3333.6333333333337,4808.8,3458.2999999999997,0.6747176736307171,1,22,1,1
2274.2,7083.0,161422.8,1321.4,4779.7,63998.0,0,0,1,0,0,1,4808.8,154339.8,3458.2999999999997,59218.3,56926.666666666664,23366.36666666667,159148.59999999998,62676.6,0.39645950597123847,2,6,2,0
7083.0,161422.8,401862.1,4779.7,63998.0,12055.1,0,1,2,0,1,0,154339.8,240439.3,59218.3,-51942.9,190122.6333333333,26944.266666666666,394779.1,59218.3,0.029998026691179163,2,22,0,0
161422.8,401862.1,2438.9,63998.0,12055.1,5480.4,1,2,0,1,0,0,240439.3,-399423.19999999995,-51942.9,-6574.700000000001,188574.59999999998,27177.833333333332,399423.19999999995,58517.6,2.2461576294110412,1,22,0,0
401862.1,2438.9,1960.3,12055.1,5480.4,1119.9,2,0,0,0,0,0,-399423.19999999995,-478.60000000000014,-6574.700000000001,-4360.5,135420.43333333332,6218.466666666667,399901.8,10935.2,0.570998827308418,1,22,0,0
2438.9,1960.3,1376.6,5480.4,1119.9,6280.8,0,0,0,0,0,0,-478.60000000000014,-583.7,-4360.5,5160.9,1925.2666666666664,4293.7,1062.3000000000002,5160.9,4.559233449477352,1,22,0,1
1960.3,1376.6,45819.6,1119.9,6280.8,198475.6,0,0,0,0,0,1,-583.7,44443.0,5160.9,192194.80000000002,16385.5,68625.43333333333,44443.0,197355.7,4.331580118985784,5,1,0,0
1376.6,45819.6,3841.2,6280.8,198475.6,5997.7,0,0,0,0,1,0,44443.0,-41978.4,192194.80000000002,-192477.9,17012.466666666664,70251.36666666667,44443.0,192477.9,1.5610067149029203,1,22,1,2
45819.6,3841.2,160080.6,198475.6,5997.7,214216.1,0,0,1,1,0,2,-41978.4,156239.4,-192477.9,208218.4,69913.8,139563.13333333333,156239.4,208218.4,1.3381681592387882,1,5,0,0
3841.2,160080.6,6539.5,5997.7,214216.1,8263.6,0,1,0,0,2,0,156239.4,-153541.1,208218.4,-205952.5,56820.43333333334,76159.13333333335,156239.4,208218.4,1.2634508065132635,1,22,0,0
160080.6,6539.5,7971.3,214216.1,8263.6,2052.8,1,0,0,2,0,0,-153541.1,1431.8000000000002,-205952.5,-6210.8,58197.13333333333,74844.16666666667,153541.1,212163.30000000002,0.2574915645422275,1,22,0,0
6539.5,7971.3,4007.2,8263.6,2052.8,1483.7,0,0,0,0,0,0,1431.8000000000002,-3964.1000000000004,-6210.8,-569.1000000000001,6172.666666666667,3933.3666666666672,3964.1000000000004,6779.900000000001,0.3701661593732848,1,22,0,0
7971.3,4007.2,4241.6,2052.8,1483.7,786.8,0,0,0,0,0,0,-3964.1000000000004,234.40000000000055,-569.1000000000001,-696.9000000000001,5406.7,1441.1000000000001,3964.1000000000004,1266.0000000000002,0.18545231697543957,1,22,0,0
4007.2,4241.6,4036.9,1483.7,786.8,4200.9,0,0,0,0,0,0,234.40000000000055,-204.70000000000027,-696.9000000000001,3414.0999999999995,4095.233333333333,2157.133333333333,234.40000000000055,3414.0999999999995,1.0403675177691374,1,22,1,0
4241.6,4036.9,71154.9,786.8,4200.9,36525.2,0,0,1,0,0,0,-204.70000000000027,67118.0,3414.0999999999995,32324.299999999996,26477.8,13837.633333333331,67118.0,35738.399999999994,0.5133123184444298,4,8,1,1
4036.9,71154.9,117085.2,4200.9,36525.2,88835.2,0,1,1,0,0,1,67118.0,45930.3,32324.299999999996,52310.0,64092.333333333336,43187.1,113048.3,84634.3,0.7587162278731396,5,14,0,0
71154.9,117085.2,7904.6,36525.2,88835.2,7946.5,1,1,0,0,1,0,45930.3,-109180.59999999999,52310.0,-80888.7,65381.56666666666,44435.63333333333,109180.59999999999,80888.7,1.0051735478648047,1,22,0,0
117085.2,7904.6,1566.0,88835.2,7946.5,2968.1,1,0,0,1,0,0,-109180.59999999999,-6338.6,-80888.7,-4978.4,42185.26666666667,33249.933333333334,115519.2,85867.09999999999,1.8941289087428206,1,22,0,0
7904.6,1566.0,1899.4,7946.5,2968.1,2047.4,0,0,0,0,0,0,-6338.6,333.4000000000001,-4978.4,-920.6999999999998,3790.0,4320.666666666667,6338.6,5899.1,1.0773521363923384,1,22,0,0
1566.0,1899.4,33.4,2968.1,2047.4,5511.5,0,0,0,0,0,0,333.4000000000001,-1866.0,-920.6999999999998,3464.1,1166.2666666666667,3509.0,1866.0,3464.1,160.21802325581396,1,22,0,0
1899.4,33.4,1087.4,2047.4,5511.5,6480.7,0,0,0,0,0,0,-1866.0,1054.0,3464.1,969.1999999999998,1006.7333333333335,4679.866666666666,1866.0,4433.299999999999,5.95433664094083,1,22,3,0
33.4,1087.4,683213.1,5511.5,6480.7,19561.5,0,0,3,0,0,0,1054.0,682125.7,969.1999999999998,13080.8,228111.30000000002,10517.9,683179.7,14050.0,0.02863158122761225,4,8,0,0
1087.4,683213.1,4713.5,6480.7,19561.5,8263.3,0,3,0,0,0,0,682125.7,-678499.6,13080.8,-11298.2,229671.33333333334,11435.166666666666,682125.7,13080.8,1.7527415420511188,1,22,3,1
683213.1,4713.5,1277397.3,19561.5,8263.3,86763.6,3,0,3,0,0,1,-678499.6,1272683.8,-11298.2,78500.3,655107.9666666667,38196.13333333334,1272683.8,78500.3,0.06792211951432846,3,0,2,2
4713.5,1277397.3,324154.5,8263.3,86763.6,285480.8,0,3,2,0,1,2,1272683.8,-953242.8,78500.3,198717.19999999998,535421.7666666667,126835.90000000001,1272683.8,277217.5,0.8806909029771205,1,5,0,0
1277397.3,324154.5,678.1,86763.6,285480.8,2182.2,3,2,0,1,2,0,-953242.8,-323476.4,198717.19999999998,-283298.6,534076.6333333334,124808.86666666668,1276719.2,283298.6,3.213370637608599,1,22,0,0
324154.5,678.1,1302.2,285480.8,2182.2,8543.4,2,0,0,2,0,0,-323476.4,624.1,-283298.6,6361.2,108711.59999999999,98735.46666666667,323476.4,283298.6,6.555709023941068,1,22,2,1
678.1,1302.2,289378.8,2182.2,8543.4,136852.4,0,0,2,0,0,1,624.1,288076.6,6361.2,128309.0,97119.7,49192.666666666664,288700.7,134670.19999999998,0.47291621599019695,5,1,0,0
1302.2,289378.8,7751.5,8543.4,136852.4,6272.7,0,2,0,0,1,0,288076.6,-281627.3,128309.0,-130579.7,99477.5,50556.166666666664,288076.6,130579.7,0.8091196388261851,1,22,3,0
289378.8,7751.5,640243.8,136852.4,6272.7,15045.7,2,0,3,1,0,0,-281627.3,632492.3,-130579.7,8773.0,312458.0333333334,52723.600000000006,632492.3,130579.7,0.023499917531544182,4,8,0,0
7751.5,640243.8,901.5,6272.7,15045.7,1875.6,0,3,0,0,0,0,632492.3,-639342.3,8773.0,-13170.1,216298.93333333335,7731.333333333333,639342.3,13170.1,2.0782271468144042,1,22,0,1
640243.8,901.5,29832.9,15045.7,1875.6,58848.8,3,0,0,0,0,1,-639342.3,28931.4,-13170.1,56973.200000000004,223659.40000000002,25256.7,639342.3,56973.200000000004,1.9725480074680146,2,6,1,1
901.5,29832.9,190252.7,1875.6,58848.8,64824.2,0,0,1,0,1,1,28931.4,160419.80000000002,56973.200000000004,5975.399999999994,73662.36666666667,41849.53333333333,189351.2,62948.6,0.3407250424039059,5,14,2,0
29832.9,190252.7,484332.8,58848.8,64824.2,2906.7,0,1,2,1,1,0,160419.80000000002,294080.1,5975.399999999994,-61917.5,234806.13333333333,42193.23333333333,454499.89999999997,61917.5,0.006001439503086507,2,22,0,0
190252.7,484332.8,4607.6,64824.2,2906.7,5806.8,1,2,0,1,0,0,294080.1,-479725.2,-61917.5,2900.1000000000004,226397.69999999998,24512.566666666666,479725.2,61917.5,1.2599921885171201,1,22,0,0
484332.8,4607.6,4546.1,2906.7,5806.8,8436.5,2,0,0,0,0,0,-479725.2,-61.5,2900.1000000000004,2629.7,164495.49999999997,5716.666666666667,479786.7,5529.8,1.8553583602735808,1,22,0,0
4607.6,4546.1,5975.5,5806.8,8436.5,2218.2,0,0,0,0,0,0,-61.5,1429.3999999999996,2629.7,-6218.3,5043.066666666667,5487.166666666667,1429.3999999999996,6218.3,0.37115368526729686,1,22,1,0
4546.1,5975.5,125549.3,8436.5,2218.2,26789.0,0,0,1,0,0,0,1429.3999999999996,119573.8,-6218.3,24570.8,45356.96666666667,12481.233333333332,121003.2,24570.8,0.21337264825332955,2,22,0,0
5975.5,125549.3,5686.3,2218.2,26789.0,5788.0,0,1,0,0,0,0,119573.8,-119863.0,24570.8,-21001.0,45737.033333333326,11598.4,119863.0,24570.8,1.0177061171381852,1,22,0,0
125549.3,5686.3,920.9,26789.0,5788.0,434.6,1,0,0,0,0,0,-119863.0,-4765.400000000001,-21001.0,-5353.4,44052.166666666664,11003.866666666667,124628.40000000001,26354.4,0.4714177242651047,1,22,0,0
5686.3,920.9,589.0,5788.0,434.6,2384.3,0,0,0,0,0,0,-4765.400000000001,-331.9,-5353.4,1949.7000000000003,2398.733333333333,2868.966666666667,5097.3,5353.4,4.041186440677967,1,22,0,0
920.9,589.0,60.2,434.6,2384.3,3534.8,0,0,0,0,0,0,-331.9,-528.8,1949.7000000000003,1150.5,523.3666666666667,2117.9,860.6999999999999,3100.2000000000003,57.75816993464052,1,22,3,1
589.0,60.2,1455197.6,2384.3,3534.8,89032.4,0,0,3,0,0,1,-528.8,1455137.4000000001,1150.5,85497.59999999999,485282.26666666666,31650.5,1455137.4000000001,86648.09999999999,0.06118230185213207,3,0,0,0
60.2,1455197.6,1912.2,3534.8,89032.4,3298.8,0,3,0,0,1,0,1455137.4000000001,-1453285.4000000001,85497.59999999999,-85733.59999999999,485723.3333333333,31955.333333333332,1455137.4000000001,85733.59999999999,1.7242316537737823,1,22,0,0
1455197.6,1912.2,3861.9,89032.4,3298.8,7790.1,3,0,0,1,0,0,-1453285.4000000001,1949.7,-85733.59999999999,4491.3,486990.56666666665,33373.76666666667,1453285.4000000001,85733.59999999999,2.0166455253824846,1,22,1,0
1912.2,3861.9,138996.3,3298.8,7790.1,14687.2,0,0,1,0,0,0,1949.7,135134.4,4491.3,6897.1,48256.799999999996,8592.033333333335,137084.09999999998,11388.400000000001,0.10566536184515815,2,6,0,0
3861.9,138996.3,6773.8,7790.1,14687.2,2724.7,0,1,0,0,0,0,135134.4,-132222.5,6897.1,-11962.5,49877.33333333332,8400.666666666668,135134.4,11962.5,0.40218161421739385,1,22,0,0
138996.3,6773.8,5713.8,14687.2,2724.7,612.0,1,0,0,0,0,0,-132222.5,-1060.0,-11962.5,-2112.7,50494.633333333324,6007.966666666667,133282.5,14075.2,0.10709036186743193,1,22,0,0
6773.8,5713.8,3034.9,2724.7,612.0,6614.7,0,0,0,0,0,0,-1060.0,-2678.9,-2112.7,6002.7,5174.166666666667,3317.133333333333,3738.9,6002.7,2.1788267070720377,1,22,0,0
5713.8,3034.9,4493.7,612.0,6614.7,604.0,0,0,0,0,0,0,-2678.9,1458.7999999999997,6002.7,-6010.7,4414.133333333334,2610.233333333333,2678.9,6010.7,0.13438049258014995,1,22,0,0
3034.9,4493.7,3079.8,6614.7,604.0,2922.3,0,0,0,0,0,0,1458.7999999999997,-1413.8999999999996,-6010.7,2318.3,3536.1333333333337,3380.3333333333335,1458.7999999999997,6010.7,0.9485523240716697,1,22,0,0
4493.7,3079.8,7542.4,604.0,2922.3,1568.5,0,0,0,0,0,0,-1413.8999999999996,4462.599999999999,2318.3,-1353.8000000000002,5038.633333333333,1698.2666666666667,4462.599999999999,2318.3,0.2079301110904897,1,22,0,0
3079.8,7542.4,356.4,2922.3,1568.5,196.8,0,0,0,0,0,0,4462.599999999999,-7186.0,-1353.8000000000002,-1371.7,3659.5333333333333,1562.5333333333335,7186.0,2725.5,0.5506435366536094,1,22,0,0
7542.4,356.4,1560.4,1568.5,196.8,6305.1,0,0,0,0,0,0,-7186.0,1204.0,-1371.7,6108.3,3153.066666666666,2690.1333333333337,7186.0,6108.3,4.038106827206353,1,22,3,0
356.4,1560.4,1108462.3,196.8,6305.1,30200.2,0,0,3,0,0,0,1204.0,1106901.9000000001,6108.3,23895.1,370126.3666666667,12234.033333333333,1108105.9000000001,30003.4,0.027245105904724135,3,0,0,0
1560.4,1108462.3,1938.5,6305.1,30200.2,541.8,0,3,0,0,0,0,1106901.9000000001,-1106523.8,23895.1,-29658.4,370653.73333333334,12349.033333333335,1106901.9000000001,29658.4,0.2793503480278422,1,22,0,0
1108462.3,1938.5,4204.1,30200.2,541.8,963.9,3,0,0,0,0,0,-1106523.8,2265.6000000000004,-29658.4,422.1,371534.96666666673,10568.633333333333,1106523.8,29658.4,0.2292216594135692,1,22,0,0
1938.5,4204.1,2611.4,541.8,963.9,2132.4,0,0,0,0,0,0,2265.6000000000004,-1592.7000000000003,422.1,1168.5,2918.0,1212.7,2265.6000000000004,1590.6000000000001,0.816260909508498,1,22,1,0
4204.1,2611.4,122042.0,963.9,2132.4,17574.6,0,0,1,0,0,0,-1592.7000000000003,119430.6,1168.5,15442.199999999999,42952.5,6890.299999999999,119430.6,16610.699999999997,0.14400334308399498,2,6,0,0
2611.4,122042.0,1408.1,2132.4,17574.6,2697.1,0,1,0,0,0,0,119430.6,-120633.9,15442.199999999999,-14877.499999999998,42020.5,7468.033333333333,120633.9,15442.199999999999,1.9140586189766517,1,22,0,0
122042.0,1408.1,6758.0,17574.6,2697.1,2844.3,1,0,0,0,0,0,-120633.9,5349.9,-14877.499999999998,147.20000000000027,43402.700000000004,7705.333333333332,120633.9,14877.499999999998,0.42081668885929874,1,22,0,0
1408.1,6758.0,2975.5,2697.1,2844.3,4661.2,0,0,0,0,0,0,5349.9,-3782.5,147.20000000000027,1816.8999999999996,3713.866666666667,3400.8666666666663,5349.9,1964.1,1.5660003359650596,1,22,0,0
6758.0,2975.5,4375.8,2844.3,4661.2,1745.4,0,0,0,0,0,0,-3782.5,1400.3000000000002,1816.8999999999996,-2915.7999999999997,4703.099999999999,3083.633333333333,3782.5,2915.7999999999997,0.398784500091391,1,22,0,0
2975.5,4375.8,770.3,4661.2,1745.4,696.4,0,0,0,0,0,0,1400.3000000000002,-3605.5,-2915.7999999999997,-1049.0,2707.2000000000003,2367.6666666666665,3605.5,3964.7999999999997,0.9028912226111759,1,22,0,0
4375.8,770.3,3747.2,1745.4,696.4,2113.6,0,0,0,0,0,0,-3605.5,2976.8999999999996,-1049.0,1417.1999999999998,2964.433333333333,1518.4666666666665,3605.5,1417.1999999999998,0.5638973373886133,1,22,0,0
770.3,3747.2,540.0,696.4,2113.6,6794.9,0,0,0,0,0,0,2976.8999999999996,-3207.2,1417.1999999999998,4681.299999999999,1685.8333333333333,3201.633333333333,3207.2,6098.5,12.55988909426987,1,22,0,0
3747.2,540.0,21712.9,2113.6,6794.9,28815.7,0,0,0,0,0,0,-3207.2,21172.9,4681.299999999999,22020.800000000003,8666.7,12574.733333333332,21172.9,26702.100000000002,1.3270623886082187,2,6,0,0
540.0,21712.9,4854.4,6794.9,28815.7,3558.9,0,0,0,0,0,0,21172.9,-16858.5,22020.800000000003,-25256.8,9035.766666666668,13056.5,21172.9,25256.8,0.7329777155332208,1,22,0,0
21712.9,4854.4,4208.8,28815.7,3558.9,4919.5,0,0,0,0,0,0,-16858.5,-645.5999999999995,-25256.8,1360.6,10258.7,12431.366666666669,17504.100000000002,25256.8,1.1685828305382677,1,22,0,0
4854.4,4208.8,3250.2,3558.9,4919.5,6081.6,0,0,0,0,0,0,-645.5999999999995,-958.6000000000004,1360.6,1162.1000000000004,4104.466666666667,4853.333333333333,1604.1999999999998,2522.7000000000003,1.8705708661417324,1,22,0,0
4208.8,3250.2,4411.8,4919.5,6081.6,2883.8,0,0,0,0,0,0,-958.6000000000004,1161.6000000000004,1162.1000000000004,-3197.8,3956.933333333333,4628.3,1161.6000000000004,3197.8,0.6535079767947788,1,22,0,0
3250.2,4411.8,7227.1,6081.6,2883.8,6457.3,0,0,0,0,0,0,1161.6000000000004,2815.3,-3197.8,3573.5,4963.033333333334,5140.900000000001,3976.9000000000005,3573.5,0.893360634191558,1,22,0,0
4411.8,7227.1,4505.3,2883.8,6457.3,4812.7,0,0,0,0,0,0,2815.3,-2721.8,3573.5,-1644.6000000000004,5381.400000000001,4717.933333333333,2815.3,3573.5,1.0679936977120918,1,22,1,0
7227.1,4505.3,125953.3,6457.3,4812.7,11382.0,0,0,1,0,0,0,-2721.8,121448.0,-1644.6000000000004,6569.3,45895.23333333334,7550.666666666667,121448.0,6569.3,0.09036610897762125,2,6,2,1
4505.3,125953.3,300674.5,4812.7,11382.0,98515.0,0,1,2,0,0,1,121448.0,174721.2,6569.3,87133.0,143711.03333333333,38236.566666666666,296169.2,93702.3,0.32764558469180227,3,0,2,1
125953.3,300674.5,585076.4,11382.0,98515.0,81546.5,1,2,2,0,1,1,174721.2,284401.9,87133.0,-16968.5,337234.73333333334,63814.5,459123.10000000003,87133.0,0.13937728580868103,1,5,0,0
300674.5,585076.4,5930.6,98515.0,81546.5,3104.2,2,2,0,1,1,0,284401.9,-579145.8,-16968.5,-78442.3,297227.1666666667,61055.23333333334,579145.8,95410.8,0.5233326589790275,1,22,2,0
585076.4,5930.6,332251.8,81546.5,3104.2,25355.0,2,0,2,1,0,0,-579145.8,326321.2,-78442.3,22250.8,307752.93333333335,36668.566666666666,579145.8,78442.3,0.07631237419218138,2,22,0,0
5930.6,332251.8,7290.9,3104.2,25355.0,8236.1,0,2,0,0,0,0,326321.2,-324960.89999999997,22250.8,-17118.9,115157.76666666666,12231.766666666668,326321.2,22250.8,1.1294861421577367,1,22,0,0
332251.8,7290.9,3135.4,25355.0,8236.1,3636.5,2,0,0,0,0,0,-324960.89999999997,-4155.5,-17118.9,-4599.6,114226.03333333334,12409.199999999999,329116.39999999997,21718.5,1.1594503252136206,1,22,0,0
7290.9,3135.4,1715.1,8236.1,3636.5,3261.3,0,0,0,0,0,0,-4155.5,-1420.3000000000002,-4599.6,-375.1999999999998,4047.133333333333,5044.633333333334,5575.799999999999,4974.8,1.9004137288036829,1,22,0,0
3135.4,1715.1,1583.8,3636.5,3261.3,953.4,0,0,0,0,0,0,-1420.3000000000002,-131.29999999999995,-375.1999999999998,-2307.9,2144.766666666667,2617.0666666666666,1551.6000000000001,2683.1,0.6015901060070672,1,22,0,0
1715.1,1583.8,2115.4,3261.3,953.4,2515.9,0,0,0,0,0,0,-131.29999999999995,531.6000000000001,-2307.9,1562.5,1804.7666666666664,2243.5333333333333,531.6000000000001,2307.9,1.1887639387639388,1,22,0,0
1583.8,2115.4,4724.1,953.4,2515.9,6849.6,0,0,0,0,0,0,531.6000000000001,2608.7000000000003,1562.5,4333.700000000001,2807.7666666666664,3439.6333333333337,3140.3,5896.200000000001,1.449620113860024,1,22,1,1
2115.4,4724.1,185736.4,2515.9,6849.6,88775.7,0,0,1,0,0,1,2608.7000000000003,181012.3,4333.700000000001,81926.09999999999,64191.96666666667,32713.733333333334,183621.0,86259.8,0.4779635119259772,5,14,0,0
4724.1,185736.4,2324.4,6849.6,88775.7,4867.1,0,1,0,0,1,0,181012.3,-183412.0,81926.09999999999,-83908.59999999999,64261.63333333333,33497.46666666667,183412.0,83908.59999999999,2.093016255267911,1,22,0,0
185736.4,2324.4,2512.5,88775.7,4867.1,2743.0,1,0,0,1,0,0,-183412.0,188.0999999999999,-83908.59999999999,-2124.1000000000004,63524.43333333333,32128.600000000002,183412.0,86032.7,1.0913069425104436,1,22,0,0
2324.4,2512.5,3056.5,4867.1,2743.0,272.9,0,0,0,0,0,0,188.0999999999999,544.0,-2124.1000000000004,-2470.1,2631.133333333333,2627.6666666666665,732.0999999999999,4594.200000000001,0.08925592804578904,1,22,0,0
2512.5,3056.5,1193.6,2743.0,272.9,5517.0,0,0,0,0,0,0,544.0,-1862.9,-2470.1,5244.1,2254.2000000000003,2844.2999999999997,1862.9,5244.1,4.618282270215972,1,22,0,1
3056.5,1193.6,12562.6,272.9,5517.0,71386.8,0,0,0,0,0,1,-1862.9,11369.0,5244.1,65869.8,5604.233333333334,25725.566666666666,11369.0,71113.90000000001,5.682033811964724,2,6,0,0
1193.6,12562.6,1486.5,5517.0,71386.8,5245.7,0,0,0,0,1,0,11369.0,-11076.1,65869.8,-66141.1,5080.900000000001,27383.166666666668,11369.0,66141.1,3.5265210084033614,1,22,3,0
12562.6,1486.5,722773.5,71386.8,5245.7,5910.5,0,0,3,1,0,0,-11076.1,721287.0,-66141.1,664.8000000000002,245607.53333333333,27514.333333333332,721287.0,66141.1,0.008177515947228355,4,8,1,1
1486.5,722773.5,111824.8,5245.7,5910.5,70462.4,0,3,1,0,0,1,721287.0,-610948.7,664.8000000000002,64551.899999999994,278694.93333333335,27206.199999999997,721287.0,65216.7,0.630108615364254,5,1,0,0
722773.5,111824.8,3490.0,5910.5,70462.4,634.4,3,1,0,0,1,0,-610948.7,-108334.8,64551.899999999994,-69828.0,279362.76666666666,25669.099999999995,719283.5,69828.0,0.18172443425952448,1,22,0,0
111824.8,3490.0,312.1,70462.4,634.4,1462.6,1,0,0,1,0,0,-108334.8,-3177.9,-69828.0,828.1999999999999,38542.3,24186.466666666664,111512.7,69828.0,4.671351006068348,1,22,0,0
3490.0,312.1,4968.9,634.4,1462.6,1959.0,0,0,0,0,0,0,-3177.9,4656.799999999999,828.1999999999999,496.4000000000001,2923.6666666666665,1352.0,4656.799999999999,1324.6,0.39417292098432566,1,22,0,0
312.1,4968.9,3901.7,1462.6,1959.0,1396.8,0,0,0,0,0,0,4656.799999999999,-1067.1999999999998,496.4000000000001,-562.2,3060.9,1606.1333333333332,4656.799999999999,562.2,0.357906065031901,1,22,0,0
4968.9,3901.7,6600.6,1959.0,1396.8,6694.4,0,0,0,0,0,0,-1067.1999999999998,2698.9000000000005,-562.2,5297.599999999999,5157.066666666667,3350.066666666667,2698.9000000000005,5297.599999999999,1.0140571982549684,1,22,3,1
3901.7,6600.6,1307424.0,1396.8,6694.4,82996.7,0,0,3,0,0,1,2698.9000000000005,1300823.4,5297.599999999999,76302.3,439308.76666666666,30362.63333333333,1303522.3,81599.9,0.06348104097749392,3,0,0,0
6600.6,1307424.0,820.1,6694.4,82996.7,1901.2,0,3,0,0,1,0,1300823.4,-1306603.9,76302.3,-81095.5,438281.5666666667,30530.766666666663,1306603.9,81095.5,2.3154305200341008,1,22,0,0
1307424.0,820.1,704.2,82996.7,1901.2,5115.2,3,0,0,1,0,0,-1306603.9,-115.89999999999998,-81095.5,3214.0,436316.10000000003,30004.366666666665,1306719.8,81095.5,7.25354509359047,1,22,0,0
820.1,704.2,106.4,1901.2,5115.2,329.5,0,0,0,0,0,0,-115.89999999999998,-597.8000000000001,3214.0,-4785.7,543.5666666666667,2448.633333333333,713.7,4785.7,3.0679702048417132,1,22,0,0
704.2,106.4,4201.2,5115.2,329.5,1073.0,0,0,0,0,0,0,-597.8000000000001,4094.7999999999997,-4785.7,743.5,1670.6000000000001,2172.5666666666666,4094.7999999999997,4785.7,0.25534243967445625,1,22,0,0
106.4,4201.2,5514.7,329.5,1073.0,4962.0,0,0,0,0,0,0,4094.7999999999997,1313.5,743.5,3889.0,3274.1,2121.5,5408.3,4632.5,0.8996138296136483,1,22,0,0
4201.2,5514.7,6596.9,1073.0,4962.0,4595.6,0,0,0,0,0,0,1313.5,1082.1999999999998,3889.0,-366.39999999999964,5437.599999999999,3543.5333333333333,2395.7,3889.0,0.6965246517831433,1,22,0,0
5514.7,6596.9,29155.2,4962.0,4595.6,4383.9,0,0,0,0,0,0,1082.1999999999998,22558.300000000003,-366.39999999999964,-211.70000000000073,13755.6,4647.166666666667,23640.5,578.1000000000004,0.15035910029427701,2,6,0,0
6596.9,29155.2,3596.7,4595.6,4383.9,1325.3,0,0,0,0,0,0,22558.300000000003,-25558.5,-211.70000000000073,-3058.5999999999995,13116.266666666665,3434.933333333333,25558.5,3270.3,0.368374239097201,1,22,0,0
29155.2,3596.7,1194.4,4383.9,1325.3,557.2,0,0,0,0,0,0,-25558.5,-2402.2999999999997,-3058.5999999999995,-768.0999999999999,11315.433333333334,2088.7999999999997,27960.8,3826.7,0.4661201271540907,1,22,0,0
3596.7,1194.4,7161.2,1325.3,557.2,6765.8,0,0,0,0,0,0,-2402.2999999999997,5966.799999999999,-768.0999999999999,6208.6,3984.1,2882.7666666666664,5966.799999999999,6208.6,0.944653877300271,1,22,1,0
1194.4,7161.2,60588.5,557.2,6765.8,32152.1,0,0,1,0,0,0,5966.799999999999,53427.3,6208.6,25386.3,22981.36666666667,13158.366666666667,59394.1,31594.899999999998,0.5306546513834905,2,6,0,0
7161.2,60588.5,4599.5,6765.8,32152.1,8687.8,0,1,0,0,0,0,53427.3,-55989.0,25386.3,-23464.3,24116.399999999998,15868.566666666666,55989.0,25386.3,1.8884469079447885,1,22,0,0
60588.5,4599.5,3272.2,32152.1,8687.8,2743.0,1,0,0,0,0,0,-55989.0,-1327.3000000000002,-23464.3,-5944.799999999999,22820.066666666666,14527.633333333331,57316.3,29409.1,0.8380178418672859,1,22,0,0
4599.5,3272.2,3305.6,8687.8,2743.0,278.5,0,0,0,0,0,0,-1327.3000000000002,33.40000000000009,-5944.799999999999,-2464.5,3725.7666666666664,3903.1,1327.3000000000002,8409.3,0.08422548841710518,1,22,2,0
3272.2,3305.6,237244.6,2743.0,278.5,21601.6,0,0,2,0,0,0,33.40000000000009,233939.0,-2464.5,21323.1,81274.13333333333,8207.699999999999,233972.4,21323.1,0.09105163594182568,5,1,2,0
3305.6,237244.6,535528.7,278.5,21601.6,32051.4,0,2,2,0,0,0,233939.0,298284.1,21323.1,10449.800000000003,258692.96666666665,17977.166666666668,532223.1,31772.9,0.05984990188219254,4,8,0,0
237244.6,535528.7,2056.5,21601.6,32051.4,7265.3,2,2,0,0,0,0,298284.1,-533472.2,10449.800000000003,-24786.100000000002,258276.59999999998,20306.100000000002,533472.2,24786.100000000002,3.5311300121506686,1,22,0,0
535528.7,2056.5,5804.8,32051.4,7265.3,4534.9,2,0,0,0,0,0,-533472.2,3748.3,-24786.100000000002,-2730.4000000000005,181130.0,14617.200000000003,533472.2,27516.5,0.7810982121326948,1,22,0,0
2056.5,5804.8,2308.7,7265.3,4534.9,2506.1,0,0,0,0,0,0,3748.3,-3496.1000000000004,-2730.4000000000005,-2028.7999999999997,3390.0,4768.766666666667,3748.3,4759.200000000001,1.0850326882279084,1,22,0,0
5804.8,2308.7,3760.2,4534.9,2506.1,6127.0,0,0,0,0,0,0,-3496.1000000000004,1451.5,-2028.7999999999997,3620.9,3957.9,4389.333333333333,3496.1000000000004,3620.9,1.629001382537488,1,22,1,0
2308.7,3760.2,137231.2,2506.1,6127.0,38416.2,0,0,1,0,0,0,1451.5,133471.0,3620.9,32289.199999999997,47766.700000000004,15683.099999999999,134922.5,35910.1,0.27993575851731584,5,1,0,0
3760.2,137231.2,3321.9,6127.0,38416.2,5067.5,0,1,0,0,0,0,133471.0,-133909.30000000002,32289.199999999997,-33348.7,48104.43333333334,16536.899999999998,133909.30000000002,33348.7,1.525023323000993,1,22,0,0
137231.2,3321.9,3912.3,38416.2,5067.5,4302.4,1,0,0,0,0,0,-133909.30000000002,590.4000000000001,-33348.7,-765.1000000000004,48155.13333333333,15928.699999999999,133909.30000000002,34113.799999999996,1.0994301484680447,1,22,0,0
3321.9,3912.3,720.0,5067.5,4302.4,540.5,0,0,0,0,0,0,590.4000000000001,-3192.3,-765.1000000000004,-3761.8999999999996,2651.4,3303.4666666666667,3192.3,4527.0,0.7496532593619972,1,22,2,0
3912.3,720.0,338267.6,4302.4,540.5,26121.8,0,0,2,0,0,0,-3192.3,337547.6,-3761.8999999999996,25581.3,114299.96666666666,10321.566666666666,337547.6,25581.3,0.07722206554199829,2,22,0,0
720.0,338267.6,5703.2,540.5,26121.8,8042.1,0,2,0,0,0,0,337547.6,-332564.39999999997,25581.3,-18079.699999999997,114896.93333333333,11568.133333333333,337547.6,25581.3,1.4098558956558327,1,22,0,0
338267.6,5703.2,967.6,26121.8,8042.1,5381.8,2,0,0,0,0,0,-332564.39999999997,-4735.599999999999,-18079.699999999997,-2660.3,114979.46666666666,13181.900000000001,337300.0,20740.0,5.5562667767912455,1,22,3,0
5703.2,967.6,654072.4,8042.1,5381.8,41106.4,0,0,3,0,0,0,-4735.599999999999,653104.8,-2660.3,35724.6,220247.73333333337,18176.766666666666,653104.8,35724.6,0.06284676918523212,4,8,0,0
967.6,654072.4,3312.8,5381.8,41106.4,4100.5,0,3,0,0,0,0,653104.8,-650759.6,35724.6,-37005.9,219450.93333333335,16862.9,653104.8,37005.9,1.237401170861247,1,22,3,1
654072.4,3312.8,1000330.8,41106.4,4100.5,99759.6,3,0,3,0,0,1,-650759.6,997018.0,-37005.9,95659.1,552572.0,48322.166666666664,997018.0,95659.1,0.09972651074373523,3,0,0,0
3312.8,1000330.8,3377.6,4100.5,99759.6,3555.6,0,3,0,0,1,0,997018.0,-996953.2000000001,95659.1,-96204.0,335673.73333333334,35805.23333333334,997018.0,96204.0,1.0523885633102468,1,22,0,0
1000330.8,3377.6,5679.1,99759.6,3555.6,5191.2,3,0,0,1,0,0,-996953.2000000001,2301.5000000000005,-96204.0,1635.6,336462.5,36168.8,996953.2000000001,96204.0,0.9139275716976812,1,22,0,0
3377.6,5679.1,5826.1,3555.6,5191.2,2079.0,0,0,0,0,0,0,2301.5000000000005,147.0,1635.6,-3112.2,4960.933333333333,3608.6,2448.5000000000005,3112.2,0.35678124624598856,1,22,0,0
5679.1,5826.1,3930.9,5191.2,2079.0,5443.8,0,0,0,0,0,0,147.0,-1895.2000000000003,-3112.2,3364.8,5145.366666666667,4238.0,1895.2000000000003,3364.8,1.3845214781657722,1,22,1,1
5826.1,3930.9,103926.4,2079.0,5443.8,67942.7,0,0,1,0,0,1,-1895.2000000000003,99995.5,3364.8,62498.899999999994,37894.46666666667,25155.166666666668,99995.5,65863.7,0.6537515611859818,2,6,0,0
3930.9,103926.4,4394.8,5443.8,67942.7,806.4,0,1,0,0,1,0,99995.5,-99531.59999999999,62498.899999999994,-67136.3,37417.36666666666,24730.966666666664,99995.5,67136.3,0.18344783657127256,1,22,0,0
103926.4,4394.8,1067.2,67942.7,806.4,2402.0,1,0,0,1,0,0,-99531.59999999999,-3327.6000000000004,-67136.3,1595.6,36462.799999999996,23717.03333333333,102859.2,67136.3,2.2486425762965734,1,22,2,1
4394.8,1067.2,235987.9,806.4,2402.0,52952.3,0,0,2,0,0,1,-3327.6000000000004,234920.69999999998,1595.6,50550.3,80483.3,18720.233333333334,234920.69999999998,52145.9,0.22438470622982692,5,1,1,0
1067.2,235987.9,70448.3,2402.0,52952.3,8965.4,0,2,1,0,1,0,234920.69999999998,-165539.59999999998,50550.3,-43986.9,102501.13333333335,21439.9,234920.69999999998,50550.3,0.12726031344527197,2,6,0,0
235987.9,70448.3,4485.7,52952.3,8965.4,2218.9,2,1,0,1,0,0,-165539.59999999998,-65962.6,-43986.9,-6746.5,103640.63333333335,21378.86666666667,231502.19999999998,50733.4,0.49455056054561264,1,22,1,1
70448.3,4485.7,119455.6,8965.4,2218.9,66900.7,1,0,1,0,0,1,-65962.6,114969.90000000001,-6746.5,64681.799999999996,64796.53333333333,26028.333333333332,114969.90000000001,64681.799999999996,0.5600418896904816,5,1,0,0
4485.7,119455.6,5119.2,2218.9,66900.7,3346.7,0,1,0,0,1,0,114969.90000000001,-114336.40000000001,64681.799999999996,-63554.0,43020.166666666664,24155.43333333333,114969.90000000001,64681.799999999996,0.6536268114526776,1,22,0,0
119455.6,5119.2,2959.5,66900.7,3346.7,3782.8,1,0,0,1,0,0,-114336.40000000001,-2159.7,-63554.0,436.10000000000036,42511.433333333334,24676.733333333334,116496.1,63554.0,1.2777571356189834,1,22,0,0
5119.2,2959.5,7120.9,3346.7,3782.8,4554.2,0,0,0,0,0,0,-2159.7,4161.4,436.10000000000036,771.3999999999996,5066.533333333333,3894.566666666667,4161.4,1207.5,0.6394641879273789,1,22,0,0
2959.5,7120.9,1970.2,3782.8,4554.2,1263.6,0,0,0,0,0,0,4161.4,-5150.7,771.3999999999996,-3290.6,4016.866666666667,3200.2000000000003,5150.7,3290.6,0.6410308441558441,1,22,0,0
7120.9,1970.2,6841.2,4554.2,1263.6,1322.6,0,0,0,0,0,0,-5150.7,4871.0,-3290.6,59.0,5310.766666666666,2380.133333333333,5150.7,3290.6,0.19330040045599367,1,22,0,0
1970.2,6841.2,3303.1,1263.6,1322.6,5167.7,0,0,0,0,0,0,4871.0,-3538.1,59.0,3845.1,4038.1666666666665,2584.633333333333,4871.0,3904.1,1.5640265125147543,1,22,2,0
