down_t1,down_t2,down_t3,up_t1,up_t2,up_t3,down_class_t1,down_class_t2,down_class_t3,up_class_t1,up_class_t2,up_class_t3,down_delta1,down_delta2,up_delta1,up_delta2,avg_down,avg_up,burst_down,burst_up,ratio,priority,protocol,next_down_class,next_up_class
4500.0,195208.8,241741.4,3688.5,7417.4,58413.8,0,1,2,0,0,1,190708.8,46532.600000000006,3728.8999999999996,50996.4,147150.06666666665,23173.233333333334,237241.4,54725.3,0.24163655196605976,2,6,0,0
195208.8,241741.4,3817.7,7417.4,58413.8,1721.3,1,2,0,0,1,0,46532.600000000006,-237923.69999999998,50996.4,-56692.5,146922.63333333333,22517.5,237923.69999999998,56692.5,0.45075549270694215,1,22,2,1
241741.4,3817.7,504103.3,58413.8,1721.3,63170.5,2,0,2,1,0,1,-237923.69999999998,500285.6,-56692.5,61449.2,249887.46666666667,41101.86666666667,500285.6,61449.2,0.12531236095387402,3,0,0,0
3817.7,504103.3,3543.0,1721.3,63170.5,1927.4,0,2,0,0,1,0,500285.6,-500560.3,61449.2,-61243.1,170488.0,22273.066666666666,500560.3,61449.2,0.5438487584650114,1,22,0,0
504103.3,3543.0,968.1,63170.5,1927.4,123.5,2,0,0,1,0,0,-500560.3,-2574.9,-61243.1,-1803.9,169538.13333333333,21740.466666666667,503135.2,63047.0,0.1274378289134248,1,22,0,0
3543.0,968.1,3166.3,1927.4,123.5,311.3,0,0,0,0,0,0,-2574.9,2198.2000000000003,-1803.9,187.8,2559.1333333333337,787.4000000000001,2574.9,1803.9,0.0982856060366874,1,22,0,0
968.1,3166.3,8066.8,123.5,311.3,10200.6,0,0,0,0,0,0,2198.2000000000003,4900.5,187.8,9889.300000000001,4067.066666666667,3545.133333333333,7098.7,10077.1,1.264359552790104,2,6,0,0
3166.3,8066.8,3500.5,311.3,10200.6,1855.6,0,0,0,0,0,0,4900.5,-4566.3,9889.300000000001,-8345.0,4911.2,4122.5,4900.5,9889.300000000001,0.5299443095816079,1,22,1,1
8066.8,3500.5,61392.1,10200.6,1855.6,72377.6,0,0,1,0,0,1,-4566.3,57891.6,-8345.0,70522.0,24319.8,28144.600000000002,57891.6,70522.0,1.1789207581959538,2,6,0,0
3500.5,61392.1,4533.8,1855.6,72377.6,3960.3,0,1,0,0,1,0,57891.6,-56858.299999999996,70522.0,-68417.3,23142.13333333333,26064.500000000004,57891.6,70522.0,0.8733130457793067,1,22,2,0
61392.1,4533.8,440606.7,72377.6,3960.3,9271.3,1,0,2,1,0,0,-56858.299999999996,436072.9,-68417.3,5310.999999999999,168844.19999999998,28536.400000000005,436072.9,68417.3,0.021042074389530638,2,22,0,0
4533.8,440606.7,532.1,3960.3,9271.3,2846.7,0,2,0,0,0,0,436072.9,-440074.60000000003,5310.999999999999,-6424.599999999999,148557.53333333333,5359.433333333333,440074.60000000003,6424.599999999999,5.339898705683736,1,22,1,0
440606.7,532.1,102152.0,9271.3,2846.7,49794.5,2,0,1,0,0,0,-440074.60000000003,101619.9,-6424.599999999999,46947.8,181096.93333333335,20637.5,440074.60000000003,46947.8,0.48745019725313987,2,6,1,0
532.1,102152.0,68584.2,2846.7,49794.5,37995.7,0,1,1,0,0,0,101619.9,-33567.8,46947.8,-11798.800000000003,57089.43333333333,30212.3,101619.9,46947.8,0.5539926981331249,5,19,1,0
102152.0,68584.2,140904.7,49794.5,37995.7,11850.5,1,1,1,0,0,0,-33567.8,72320.50000000001,-11798.800000000003,-26145.199999999997,103880.3,33213.566666666666,72320.50000000001,37944.0,0.0841023464629181,2,6,0,0
68584.2,140904.7,760.4,37995.7,11850.5,713.6,1,1,0,0,0,0,72320.50000000001,-140144.30000000002,-26145.199999999997,-11136.9,70083.1,16853.266666666666,140144.30000000002,37282.1,0.9372209088521146,1,22,1,1
140904.7,760.4,88525.8,11850.5,713.6,72549.2,1,0,1,0,0,1,-140144.30000000002,87765.40000000001,-11136.9,71835.59999999999,76730.3,28371.100000000002,140144.30000000002,71835.59999999999,0.819516801691691,5,14,1,0
760.4,88525.8,160638.7,713.6,72549.2,47075.0,0,1,1,0,1,0,87765.40000000001,72112.90000000001,71835.59999999999,-25474.199999999997,83308.3,40112.6,159878.30000000002,71835.59999999999,0.2930471110192561,2,6,0,0
88525.8,160638.7,4882.5,72549.2,47075.0,1643.5,1,1,0,1,0,0,72112.90000000001,-155756.2,-25474.199999999997,-45431.5,84682.33333333333,40422.566666666666,155756.2,70905.7,0.3365414149687724,1,22,1,0
160638.7,4882.5,83232.5,47075.0,1643.5,24785.9,1,0,1,0,0,0,-155756.2,78350.0,-45431.5,23142.4,82917.90000000001,24501.466666666664,155756.2,45431.5,0.2977875494842822,3,2,0,0
4882.5,83232.5,597.4,1643.5,24785.9,2322.4,0,1,0,0,0,0,78350.0,-82635.1,23142.4,-22463.5,29570.8,9583.933333333334,82635.1,23142.4,3.881016042780749,1,22,2,1
83232.5,597.4,270602.7,24785.9,2322.4,74850.5,1,0,2,0,0,1,-82635.1,270005.3,-22463.5,72528.1,118144.2,33986.26666666667,270005.3,72528.1,0.27660560443186843,3,3,0,1
597.4,270602.7,28014.9,2322.4,74850.5,77797.7,0,2,0,0,1,1,270005.3,-242587.80000000002,72528.1,2947.199999999997,99738.33333333336,51656.86666666666,270005.3,75475.3,2.776912396175029,2,6,0,0
270602.7,28014.9,8872.8,74850.5,77797.7,18858.6,2,0,0,1,1,0,-242587.80000000002,-19142.100000000002,2947.199999999997,-58939.1,102496.8,57168.93333333334,261729.90000000002,58939.1,2.1252000270459104,2,6,1,0
28014.9,8872.8,53825.1,77797.7,18858.6,29112.2,0,0,1,1,0,0,-19142.100000000002,44952.3,-58939.1,10253.600000000002,30237.599999999995,41922.83333333333,44952.3,58939.1,0.540856573298084,5,19,1,0
8872.8,53825.1,179204.3,18858.6,29112.2,43156.3,0,1,1,0,0,0,44952.3,125379.19999999998,10253.600000000002,14044.100000000002,80634.06666666667,30375.7,170331.5,24297.700000000004,0.24082044448462187,2,6,0,0
53825.1,179204.3,767.7,29112.2,43156.3,270.1,1,1,0,0,0,0,125379.19999999998,-178436.59999999998,14044.100000000002,-42886.200000000004,77932.36666666667,24179.533333333336,178436.59999999998,42886.200000000004,0.351372446988422,1,22,2,1
179204.3,767.7,273298.4,43156.3,270.1,52928.6,1,0,2,0,0,1,-178436.59999999998,272530.7,-42886.200000000004,52658.5,151090.13333333333,32118.333333333332,272530.7,52658.5,0.1936652623459839,3,0,1,1
767.7,273298.4,59381.3,270.1,52928.6,64091.9,0,2,1,0,1,1,272530.7,-213917.10000000003,52658.5,11163.300000000003,111149.13333333335,39096.86666666667,272530.7,63821.8,1.0793098280127242,5,4,0,0
273298.4,59381.3,2616.8,52928.6,64091.9,1589.0,2,1,0,1,1,0,-213917.10000000003,-56764.5,11163.300000000003,-62502.9,111765.5,39536.5,270681.60000000003,62502.9,0.606998242799297,5,22,0,0
59381.3,2616.8,833.0,64091.9,1589.0,905.7,1,0,0,1,0,0,-56764.5,-1783.8000000000002,-62502.9,-683.3,20943.7,22195.53333333333,58548.3,63186.200000000004,1.0859712230215828,1,22,1,1
2616.8,833.0,95608.3,1589.0,905.7,69846.8,0,0,1,0,0,1,-1783.8000000000002,94775.3,-683.3,68941.1,33019.36666666667,24113.833333333332,94775.3,68941.1,0.73054399519712,2,6,0,0
833.0,95608.3,762.0,905.7,69846.8,4387.2,0,1,0,0,1,0,94775.3,-94846.3,68941.1,-65459.600000000006,32401.100000000002,25046.566666666666,94846.3,68941.1,5.749934469200524,1,22,0,0
95608.3,762.0,1038.2,69846.8,4387.2,2692.9,1,0,0,1,0,0,-94846.3,276.20000000000005,-65459.600000000006,-1694.2999999999997,32469.5,25642.3,94846.3,67153.90000000001,2.591320246343341,1,22,0,1
762.0,1038.2,13432.9,4387.2,2692.9,53627.1,0,0,0,0,0,1,276.20000000000005,12394.699999999999,-1694.2999999999997,50934.2,5077.7,20235.733333333334,12670.9,50934.2,3.9919234176225817,2,6,2,1
1038.2,13432.9,435089.2,2692.9,53627.1,93058.1,0,0,2,0,1,1,12394.699999999999,421656.3,50934.2,39431.00000000001,149853.43333333332,49792.700000000004,434051.0,90365.20000000001,0.21388231681614525,3,0,1,0
13432.9,435089.2,132284.7,53627.1,93058.1,13748.4,0,2,1,1,1,0,421656.3,-302804.5,39431.00000000001,-79309.70000000001,193602.2666666667,53477.86666666667,421656.3,79309.70000000001,0.10392960085632838,2,6,3,0
435089.2,132284.7,786493.9,93058.1,13748.4,10049.9,2,1,3,1,0,0,-302804.5,654209.2,-79309.70000000001,-3698.5,451289.26666666666,38952.13333333333,654209.2,83008.20000000001,0.012778086672907859,3,0,0,0
132284.7,786493.9,669.5,13748.4,10049.9,2664.8,1,3,0,0,0,0,654209.2,-785824.4,-3698.5,-7385.099999999999,306482.7,8821.033333333333,785824.4,11083.599999999999,3.9743475018642807,1,22,1,0
786493.9,669.5,138324.7,10049.9,2664.8,27050.4,3,0,1,0,0,0,-785824.4,137655.2,-7385.099999999999,24385.600000000002,308496.0333333334,13255.033333333335,785824.4,24385.600000000002,0.19555585115419621,3,2,0,0
669.5,138324.7,3051.4,2664.8,27050.4,2212.3,0,1,0,0,0,0,137655.2,-135273.30000000002,24385.600000000002,-24838.100000000002,47348.53333333333,10642.5,137655.2,24838.100000000002,0.724773948368497,1,22,3,1
138324.7,3051.4,678669.7,27050.4,2212.3,69710.2,1,0,3,0,0,1,-135273.30000000002,675618.2999999999,-24838.100000000002,67497.9,273348.6,32990.96666666667,675618.2999999999,67497.9,0.10271579427253895,3,0,0,0
3051.4,678669.7,4796.1,2212.3,69710.2,1136.9,0,3,0,0,1,0,675618.2999999999,-673873.6,67497.9,-68573.3,228839.06666666665,24353.13333333333,675618.2999999999,68573.3,0.236997352567176,1,22,0,0
678669.7,4796.1,15527.9,69710.2,1136.9,22761.9,3,0,0,1,0,0,-673873.6,10731.8,-68573.3,21625.0,232997.9,31203.0,673873.6,68573.3,1.4657767130962271,2,6,0,0
4796.1,15527.9,34804.4,1136.9,22761.9,19664.3,0,0,0,0,0,0,10731.8,19276.5,21625.0,-3097.600000000002,18376.133333333335,14521.033333333335,30008.300000000003,21625.0,0.5649784228884023,2,6,0,0
15527.9,34804.4,3587.6,22761.9,19664.3,1989.9,0,0,0,0,0,0,19276.5,-31216.800000000003,-3097.600000000002,-17674.399999999998,17973.3,14805.366666666667,31216.800000000003,20772.0,0.5545059354622973,1,22,2,1
34804.4,3587.6,221507.7,19664.3,1989.9,70603.2,0,0,2,0,0,1,-31216.800000000003,217920.1,-17674.399999999998,68613.3,86633.23333333334,30752.466666666664,217920.1,68613.3,0.31873781932718664,2,6,0,0
3587.6,221507.7,1187.4,1989.9,70603.2,3185.8,0,2,0,0,1,0,217920.1,-220320.30000000002,68613.3,-67417.4,75427.56666666667,25259.63333333333,220320.30000000002,68613.3,2.6807472231571863,1,22,0,0
221507.7,1187.4,1582.4,70603.2,3185.8,2466.0,2,0,0,1,0,0,-220320.30000000002,395.0,-67417.4,-719.8000000000002,74759.16666666667,25418.333333333332,220320.30000000002,68137.2,1.557408109132247,1,22,0,0
1187.4,1582.4,46387.9,3185.8,2466.0,42743.0,0,0,0,0,0,0,395.0,44805.5,-719.8000000000002,40277.0,16385.9,16131.6,45200.5,40277.0,0.9214057673279599,3,2,1,0
1582.4,46387.9,153492.3,2466.0,42743.0,27899.3,0,0,1,0,0,0,44805.5,107104.4,40277.0,-14843.7,67154.2,24369.433333333334,151909.9,40277.0,0.18176233099425188,3,2,1,1
46387.9,153492.3,62951.5,42743.0,27899.3,57540.2,0,1,1,0,0,1,107104.4,-90540.79999999999,-14843.7,29640.899999999998,87610.56666666665,42727.5,107104.4,29640.899999999998,0.9140256542631349,5,4,1,1
153492.3,62951.5,60266.6,27899.3,57540.2,72189.8,1,1,1,0,1,1,-90540.79999999999,-2684.9000000000015,29640.899999999998,14649.600000000006,92236.79999999999,52543.1,93225.69999999998,44290.5,1.1978210514438936,2,6,0,0
62951.5,60266.6,8756.8,57540.2,72189.8,39018.9,1,1,0,1,1,0,-2684.9000000000015,-51509.8,14649.600000000006,-33170.9,43991.63333333333,56249.63333333333,54194.7,33170.9,4.455331247573592,2,6,0,0
60266.6,8756.8,1052.1,72189.8,39018.9,1202.6,1,0,0,1,0,0,-51509.8,-7704.699999999999,-33170.9,-37816.3,23358.5,37470.43333333334,59214.5,70987.2,1.141961826986991,1,22,2,1
8756.8,1052.1,205364.9,39018.9,1202.6,68541.0,0,0,2,0,0,1,-7704.699999999999,204312.8,-37816.3,67338.4,71724.59999999999,36254.166666666664,204312.8,67338.4,0.33375063727717214,2,6,0,0
1052.1,205364.9,4848.6,1202.6,68541.0,2936.6,0,2,0,0,1,0,204312.8,-200516.3,67338.4,-65604.4,70421.86666666667,24226.733333333337,204312.8,67338.4,0.6055344770702737,1,22,2,0
205364.9,4848.6,408890.1,68541.0,2936.6,15391.7,2,0,2,1,0,0,-200516.3,404041.5,-65604.4,12455.1,206367.86666666667,28956.433333333334,404041.5,65604.4,0.03764254100908531,3,0,1,1
4848.6,408890.1,122108.0,2936.6,15391.7,148705.8,0,2,1,0,0,1,404041.5,-286782.1,12455.1,133314.09999999998,178615.56666666665,55678.033333333326,404041.5,145769.19999999998,1.2178119548927597,5,19,0,0
408890.1,122108.0,539.5,15391.7,148705.8,158.8,2,1,0,0,1,0,-286782.1,-121568.5,133314.09999999998,-148547.0,177179.19999999998,54752.1,408350.6,148547.0,0.2938020351526365,1,22,0,0
122108.0,539.5,32703.5,148705.8,158.8,25759.0,1,0,0,1,0,0,-121568.5,32164.0,-148547.0,25600.2,51783.666666666664,58207.86666666666,121568.5,148547.0,0.7876286137993243,2,6,1,1
539.5,32703.5,146732.6,158.8,25759.0,60111.1,0,0,1,0,0,1,32164.0,114029.1,25600.2,34352.1,59991.86666666667,28676.3,146193.1,59952.299999999996,0.40966145449985547,3,2,0,0
32703.5,146732.6,846.3,25759.0,60111.1,1510.8,0,1,0,0,1,0,114029.1,-145886.30000000002,34352.1,-58600.299999999996,60094.13333333333,29126.96666666667,145886.30000000002,58600.299999999996,1.7830756520712854,5,22,0,0
146732.6,846.3,265.1,60111.1,1510.8,1540.0,1,0,0,1,0,0,-145886.30000000002,-581.1999999999999,-58600.299999999996,29.200000000000045,49281.333333333336,21053.966666666667,146467.5,58600.299999999996,5.787298008267568,1,22,2,1
846.3,265.1,269584.3,1510.8,1540.0,63089.5,0,0,2,0,0,1,-581.1999999999999,269319.2,29.200000000000045,61549.5,90231.90000000001,22046.766666666666,269319.2,61578.7,0.2340242587411109,3,2,0,0
265.1,269584.3,905.1,1540.0,63089.5,488.7,0,2,0,0,1,0,269319.2,-268679.2,61549.5,-62600.8,90251.49999999999,21706.066666666666,269319.2,62600.8,0.5393444432181879,1,22,2,1
269584.3,905.1,207306.3,63089.5,488.7,58800.8,2,0,2,1,0,1,-268679.2,206401.19999999998,-62600.8,58312.100000000006,159265.2333333333,40793.0,268679.2,62600.8,0.283640759394387,2,6,2,1
905.1,207306.3,293698.0,488.7,58800.8,68788.7,0,2,2,0,1,1,206401.19999999998,86391.70000000001,58312.100000000006,9987.899999999994,167303.13333333333,42692.73333333333,292792.9,68300.0,0.2342149615763077,2,6,0,0
207306.3,293698.0,733.9,58800.8,68788.7,2514.3,2,2,0,1,1,0,86391.70000000001,-292964.1,9987.899999999994,-66274.4,167246.06666666668,43367.933333333334,292964.1,66274.4,3.421281807048578,1,22,2,1
293698.0,733.9,223598.7,68788.7,2514.3,77916.7,2,0,2,1,0,1,-292964.1,222864.80000000002,-66274.4,75402.4,172676.86666666667,49739.9,292964.1,75402.4,0.3484651365811313,2,6,0,0
733.9,223598.7,3773.0,2514.3,77916.7,936.6,0,2,0,0,1,0,222864.80000000002,-219825.7,75402.4,-76980.09999999999,76035.2,27122.533333333336,222864.80000000002,76980.09999999999,0.2481717011128776,1,22,1,1
223598.7,3773.0,131359.4,77916.7,936.6,145163.4,2,0,1,1,0,1,-219825.7,127586.4,-76980.09999999999,144226.8,119577.03333333333,74672.23333333334,219825.7,144226.8,1.1050773292407758,5,14,2,1
3773.0,131359.4,277944.6,936.6,145163.4,90426.0,0,1,2,0,1,1,127586.4,146585.19999999998,144226.8,-54737.399999999994,137692.33333333334,78842.0,274171.6,144226.8,0.3253370443712727,3,3,3,1
131359.4,277944.6,1439543.9,145163.4,90426.0,55056.2,1,2,3,1,1,1,146585.19999999998,1161599.2999999998,-54737.399999999994,-35369.8,616282.6333333333,96881.86666666665,1308184.5,90107.2,0.03824555941256157,3,0,0,0
277944.6,1439543.9,3459.5,90426.0,55056.2,3574.4,2,3,0,1,1,0,1161599.2999999998,-1436084.4,-35369.8,-51481.799999999996,573649.3333333334,49685.53333333333,1436084.4,86851.6,1.0329143187400665,1,22,0,0
1439543.9,3459.5,2203.0,55056.2,3574.4,3977.0,3,0,0,1,0,0,-1436084.4,-1256.5,-51481.799999999996,402.5999999999999,481735.4666666666,20869.2,1437340.9,51481.799999999996,1.8044464609800364,1,22,0,0
3459.5,2203.0,397.3,3574.4,3977.0,2176.3,0,0,0,0,0,0,-1256.5,-1805.7,402.5999999999999,-1800.6999999999998,2019.9333333333334,3242.566666666667,3062.2,1800.6999999999998,5.463971880492092,1,22,0,0
2203.0,397.3,3139.4,3977.0,2176.3,1847.1,0,0,0,0,0,0,-1805.7,2742.1,-1800.6999999999998,-329.2000000000003,1913.2333333333336,2666.7999999999997,2742.1,2129.9,0.5881734810852121,1,22,3,1
397.3,3139.4,1453821.9,2176.3,1847.1,80272.3,0,0,3,0,0,1,2742.1,1450682.5,-329.2000000000003,78425.2,485786.19999999995,28098.566666666666,1453424.5999999999,78425.2,0.05521463446476184,3,0,0,0
3139.4,1453821.9,4853.5,1847.1,80272.3,2095.9,0,3,0,0,1,0,1450682.5,-1448968.4,78425.2,-78176.40000000001,487271.5999999999,28071.766666666666,1450682.5,78425.2,0.4317437429189412,1,22,1,0
1453821.9,4853.5,150568.9,80272.3,2095.9,16267.1,3,0,1,1,0,0,-1448968.4,145715.4,-78176.40000000001,14171.2,536414.7666666666,32878.433333333334,1448968.4,78176.40000000001,0.10803686526988462,3,2,1,1
4853.5,150568.9,128521.1,2095.9,16267.1,103004.8,0,1,1,0,0,1,145715.4,-22047.79999999999,14171.2,86737.7,94647.83333333333,40455.933333333334,145715.4,100908.90000000001,0.8014559363720325,5,14,0,0
150568.9,128521.1,1583.6,16267.1,103004.8,3239.2,1,1,0,0,1,0,-22047.79999999999,-126937.5,86737.7,-99765.6,93557.86666666665,40837.03333333333,148985.3,99765.6,2.044175186166856,1,22,0,0
128521.1,1583.6,17081.2,103004.8,3239.2,24075.3,1,0,0,1,0,0,-126937.5,15497.6,-99765.6,20836.1,49061.966666666674,43439.76666666667,126937.5,99765.6,1.4093793539473838,2,6,0,0
1583.6,17081.2,294.4,3239.2,24075.3,1563.8,0,0,0,0,0,0,15497.6,-16786.8,20836.1,-22511.5,6319.733333333334,9626.1,16786.8,22511.5,5.293838862559242,1,22,3,0
17081.2,294.4,1007367.3,24075.3,1563.8,5061.0,0,0,3,0,0,0,-16786.8,1007072.9,-22511.5,3497.2,341580.9666666667,10233.366666666667,1007072.9,22511.5,0.005023981794940341,3,0,0,0
294.4,1007367.3,1881.0,1563.8,5061.0,1276.4,0,3,0,0,0,0,1007072.9,-1005486.3,3497.2,-3784.6,336514.23333333334,2633.7333333333336,1007072.9,3784.6,0.6782146652497344,1,22,0,0
1007367.3,1881.0,675.4,5061.0,1276.4,622.0,3,0,0,0,0,0,-1005486.3,-1205.6,-3784.6,-654.4000000000001,336641.23333333334,2319.7999999999997,1006691.9,4439.0,0.9195742164399764,1,22,0,0
1881.0,675.4,30371.0,1276.4,622.0,23112.2,0,0,0,0,0,0,-1205.6,29695.6,-654.4000000000001,22490.2,10975.800000000001,8336.866666666667,29695.6,22490.2,0.7609706308441986,2,6,0,0
675.4,30371.0,41.8,622.0,23112.2,118.3,0,0,0,0,0,0,29695.6,-30329.2,22490.2,-22993.9,10362.733333333334,7950.833333333333,30329.2,22993.9,2.764018691588785,1,22,1,0
30371.0,41.8,69563.0,23112.2,118.3,38907.9,0,0,1,0,0,0,-30329.2,69521.2,-22993.9,38789.6,33325.26666666667,20712.8,69521.2,38789.6,0.5593108504398827,2,6,0,0
41.8,69563.0,4096.2,118.3,38907.9,2620.8,0,1,0,0,0,0,69521.2,-65466.8,38789.6,-36287.1,24567.0,13882.333333333336,69521.2,38789.6,0.6396563506785122,1,22,3,0
69563.0,4096.2,1452014.9,38907.9,2620.8,14323.2,1,0,3,0,0,0,-65466.8,1447918.7,-36287.1,11702.400000000001,508558.03333333327,18617.300000000003,1447918.7,36287.1,0.009864354791156214,3,0,0,0
4096.2,1452014.9,1649.7,2620.8,14323.2,1380.8,0,3,0,0,0,0,1447918.7,-1450365.2,11702.400000000001,-12942.400000000001,485920.2666666666,6108.266666666666,1450365.2,12942.400000000001,0.836493608772036,1,22,3,0
1452014.9,1649.7,1034438.7,14323.2,1380.8,35635.6,3,0,3,0,0,0,-1450365.2,1032789.0,-12942.400000000001,34254.799999999996,829367.7666666666,17113.2,1450365.2,34254.799999999996,0.034449180556392026,3,0,3,0
1649.7,1034438.7,1040815.7,1380.8,35635.6,23953.1,0,3,3,0,0,0,1032789.0,6377.0,34254.799999999996,-11682.5,692301.3666666666,20323.166666666668,1039166.0,34254.799999999996,0.023013754487221427,3,0,1,0
1034438.7,1040815.7,168513.7,35635.6,23953.1,25482.9,3,3,1,0,0,0,6377.0,-872302.0,-11682.5,1529.800000000003,747922.7000000001,28357.2,872302.0,11682.5,0.15122063535109992,2,6,1,0
1040815.7,168513.7,172166.2,23953.1,25482.9,51008.9,3,1,1,0,0,0,-872302.0,3652.5,1529.800000000003,25526.0,460498.53333333327,33481.63333333333,872302.0,27055.800000000003,0.2962753648778629,2,6,2,1
168513.7,172166.2,595150.6,25482.9,51008.9,88212.5,1,1,2,0,0,1,3652.5,422984.39999999997,25526.0,37203.6,311943.5,54901.43333333333,426636.89999999997,62729.6,0.148218537932184,3,0,2,0
172166.2,595150.6,250984.3,51008.9,88212.5,46980.6,1,2,2,0,1,0,422984.39999999997,-344166.3,37203.6,-41231.9,339433.7,62067.333333333336,422984.39999999997,41231.9,0.18718466778731663,3,0,0,0
595150.6,250984.3,4687.4,88212.5,46980.6,2907.9,2,2,0,1,0,0,-344166.3,-246296.9,-41231.9,-44072.7,283607.4333333333,46033.666666666664,590463.2,85304.6,0.6202329152802663,1,22,3,0
250984.3,4687.4,670120.3,46980.6,2907.9,44948.0,2,0,3,0,0,0,-246296.9,665432.9,-44072.7,42040.1,308597.3333333333,31612.166666666668,665432.9,44072.7,0.06707442369015877,3,0,0,0
4687.4,670120.3,332.8,2907.9,44948.0,2323.9,0,3,0,0,0,0,665432.9,-669787.5,42040.1,-42624.1,225046.83333333337,16726.600000000002,669787.5,42624.1,6.9619532654284,1,22,1,1
670120.3,332.8,89974.5,44948.0,2323.9,115819.9,3,0,1,0,0,1,-669787.5,89641.7,-42624.1,113496.0,253475.8666666667,54363.93333333333,669787.5,113496.0,1.2872381926191019,5,14,0,0
332.8,89974.5,1532.9,2323.9,115819.9,1251.1,0,1,0,0,1,0,89641.7,-88441.6,113496.0,-114568.79999999999,30613.399999999998,39798.299999999996,89641.7,114568.79999999999,0.8156333528913227,1,22,2,1
89974.5,1532.9,234548.5,115819.9,1251.1,56610.6,1,0,2,1,0,1,-88441.6,233015.6,-114568.79999999999,55359.5,108685.3,57893.86666666667,233015.6,114568.79999999999,0.2413588602832238,3,0,2,1
1532.9,234548.5,475347.6,1251.1,56610.6,76756.8,0,2,2,0,1,1,233015.6,240799.09999999998,55359.5,20146.200000000004,237143.0,44872.833333333336,473814.69999999995,75505.7,0.16147475768309827,3,0,0,0
234548.5,475347.6,2134.1,56610.6,76756.8,222.6,2,2,0,1,1,0,240799.09999999998,-473213.5,20146.200000000004,-76534.2,237343.4,44530.0,473213.5,76534.2,0.1042574118308276,1,22,1,1
475347.6,2134.1,177484.0,76756.8,222.6,77129.8,2,0,1,1,0,1,-473213.5,175349.9,-76534.2,76907.2,218321.9,51369.73333333334,473213.5,76907.2,0.4345708088007437,5,19,0,1
2134.1,177484.0,21134.4,222.6,77129.8,66731.8,0,1,0,0,1,1,175349.9,-156349.6,76907.2,-10398.0,66917.5,48028.06666666667,175349.9,76907.2,3.157347388741164,2,6,0,0
177484.0,21134.4,1687.4,77129.8,66731.8,532.1,1,0,0,1,1,0,-156349.6,-19447.0,-10398.0,-66199.7,66768.59999999999,48131.23333333334,175796.6,76597.7,0.31515043828476663,1,22,0,0
21134.4,1687.4,2511.0,66731.8,532.1,1459.0,0,0,0,1,0,0,-19447.0,823.5999999999999,-66199.7,926.9,8444.266666666668,22907.633333333335,19447.0,66199.7,0.580812101910828,1,22,2,1
1687.4,2511.0,223439.5,532.1,1459.0,54604.2,0,0,2,0,0,1,823.5999999999999,220928.5,926.9,53145.2,75879.3,18865.1,221752.1,54072.1,0.24437915239180005,2,6,0,0
2511.0,223439.5,34845.7,1459.0,54604.2,20379.8,0,2,0,0,1,0,220928.5,-188593.8,53145.2,-34224.399999999994,86932.06666666667,25481.0,220928.5,53145.2,0.5848416062353107,3,2,2,0
223439.5,34845.7,223425.1,54604.2,20379.8,40633.8,2,0,2,1,0,0,-188593.8,188579.40000000002,-34224.399999999994,20254.000000000004,160570.1,38539.26666666667,188593.8,34224.399999999994,0.18186684545807316,2,6,1,1
34845.7,223425.1,204325.8,20379.8,40633.8,68475.9,0,2,1,0,0,1,188579.40000000002,-19099.300000000017,20254.000000000004,27842.09999999999,154198.86666666667,43163.166666666664,188579.40000000002,48096.09999999999,0.33512931245436234,2,6,0,0
223425.1,204325.8,1692.3,40633.8,68475.9,3958.8,2,1,0,0,1,0,-19099.300000000017,-202633.5,27842.09999999999,-64517.09999999999,143147.73333333334,37689.5,221732.80000000002,64517.09999999999,2.3379200377960196,1,22,1,1
204325.8,1692.3,148061.8,68475.9,3958.8,55646.4,1,0,1,1,0,1,-202633.5,146369.5,-64517.09999999999,51687.6,118026.63333333332,42693.700000000004,202633.5,64517.09999999999,0.37582971549909905,2,6,0,0
1692.3,148061.8,5010.5,3958.8,55646.4,49095.7,0,1,0,0,1,0,146369.5,-143051.3,51687.6,-6550.700000000004,51588.19999999999,36233.63333333333,146369.5,51687.6,9.796607802055272,2,6,0,0
148061.8,5010.5,33574.8,55646.4,49095.7,17934.9,1,0,0,1,0,0,-143051.3,28564.300000000003,-6550.700000000004,-31160.799999999996,62215.69999999999,40892.333333333336,143051.3,37711.5,0.5341615091822086,2,6,3,0
5010.5,33574.8,1257453.4,49095.7,17934.9,47162.5,0,0,3,0,0,0,28564.300000000003,1223878.5999999999,-31160.799999999996,29227.6,432012.89999999997,38064.36666666667,1252442.9,31160.799999999996,0.03750633024943092,3,0,0,0
33574.8,1257453.4,40934.4,17934.9,47162.5,33555.5,0,3,0,0,0,0,1223878.5999999999,-1216519.0,29227.6,-13607.0,443987.53333333327,32884.299999999996,1223878.5999999999,29227.6,0.8197183855538238,2,6,0,0
1257453.4,40934.4,2478.8,47162.5,33555.5,2541.0,3,0,0,0,0,0,-1216519.0,-38455.6,-13607.0,-31014.5,433622.19999999995,27753.0,1254974.5999999999,44621.5,1.0246794096298089,5,22,3,1
40934.4,2478.8,1241445.4,33555.5,2541.0,69725.4,0,0,3,0,0,1,-38455.6,1238966.5999999999,-31014.5,67184.4,428286.19999999995,35273.96666666667,1238966.5999999999,67184.4,0.056164647946137666,3,0,0,0
2478.8,1241445.4,628.6,2541.0,69725.4,362.9,0,3,0,0,1,0,1238966.5999999999,-1240816.7999999998,67184.4,-69362.5,414850.93333333335,24209.766666666663,1240816.7999999998,69362.5,0.576397712833545,1,22,0,0
1241445.4,628.6,948.5,69725.4,362.9,4101.8,3,0,0,1,0,0,-1240816.7999999998,319.9,-69362.5,3738.9,414340.8333333333,24730.03333333333,1240816.7999999998,69362.5,4.319957872564508,1,22,0,0
628.6,948.5,878.8,362.9,4101.8,3721.2,0,0,0,0,0,0,319.9,-69.70000000000005,3738.9,-380.60000000000036,818.6333333333332,2728.633333333333,319.9,3738.9,4.229597635826324,1,22,3,0
948.5,878.8,740429.7,4101.8,3721.2,32553.4,0,0,3,0,0,0,-69.70000000000005,739550.8999999999,-380.60000000000036,28832.2,247419.0,13458.800000000001,739550.8999999999,28832.2,0.04396549197649423,3,0,0,0
878.8,740429.7,4796.7,3721.2,32553.4,2490.2,0,3,0,0,0,0,739550.8999999999,-735633.0,28832.2,-30063.2,248701.7333333333,12921.599999999999,739550.8999999999,30063.2,0.5190403735123079,1,22,0,0
740429.7,4796.7,1974.2,32553.4,2490.2,3503.4,3,0,0,0,0,0,-735633.0,-2822.5,-30063.2,1013.2000000000003,249066.8666666666,12849.0,738455.5,30063.2,1.7736938031591738,1,22,1,0
4796.7,1974.2,127984.5,2490.2,3503.4,35137.0,0,0,1,0,0,0,-2822.5,126010.3,1013.2000000000003,31633.6,44918.46666666667,13710.199999999999,126010.3,32646.8,0.27453891261119423,2,6,1,0
1974.2,127984.5,139839.3,3503.4,35137.0,46008.3,0,1,1,0,0,0,126010.3,11854.799999999988,31633.6,10871.300000000003,89932.66666666667,28216.233333333337,137865.09999999998,42504.9,0.3290060161484208,2,6,1,1
127984.5,139839.3,94314.7,35137.0,46008.3,52318.5,1,1,1,0,0,1,11854.799999999988,-45524.59999999999,10871.300000000003,6310.199999999997,120712.83333333333,44487.93333333333,45524.59999999999,17181.5,0.5547167650772883,2,6,2,0
139839.3,94314.7,255553.1,46008.3,52318.5,9050.0,1,1,2,0,1,0,-45524.59999999999,161238.40000000002,6310.199999999997,-43268.5,163235.69999999998,35792.26666666667,161238.40000000002,43268.5,0.035413245179787764,3,3,1,1
94314.7,255553.1,193303.4,52318.5,9050.0,78167.5,1,2,1,1,0,1,161238.40000000002,-62249.70000000001,-43268.5,69117.5,181057.06666666665,46512.0,161238.40000000002,69117.5,0.4043751720085006,5,4,1,1
255553.1,193303.4,97533.1,9050.0,78167.5,78631.5,2,1,1,0,1,1,-62249.70000000001,-95770.29999999999,69117.5,464.0,182129.86666666667,55283.0,158020.0,69581.5,0.8061949615570349,3,2,0,0
193303.4,97533.1,4308.0,78167.5,78631.5,2112.2,1,1,0,1,1,0,-95770.29999999999,-93225.1,464.0,-76519.3,98381.5,52970.4,188995.4,76519.3,0.4901833372012067,1,22,0,0
97533.1,4308.0,3589.9,78631.5,2112.2,1684.4,1,0,0,1,0,0,-93225.1,-718.0999999999999,-76519.3,-427.7999999999997,35143.666666666664,27476.03333333333,93943.20000000001,76947.1,0.4690746052521652,1,22,1,0
4308.0,3589.9,198496.2,2112.2,1684.4,29445.6,0,0,1,0,0,0,-718.0999999999999,194906.30000000002,-427.7999999999997,27761.199999999997,68798.03333333334,11080.733333333332,194906.30000000002,27761.199999999997,0.14834264664690483,2,6,1,1
3589.9,198496.2,115001.5,1684.4,29445.6,58638.7,0,1,1,0,0,1,194906.30000000002,-83494.70000000001,27761.199999999997,29193.1,105695.86666666665,29922.899999999998,194906.30000000002,56954.299999999996,0.509890654550988,3,2,0,0
198496.2,115001.5,1185.5,29445.6,58638.7,2311.6,1,1,0,0,1,0,-83494.70000000001,-113816.0,29193.1,-56327.1,104894.40000000001,30131.966666666664,197310.7,56327.1,1.9482511588706277,1,22,0,0
115001.5,1185.5,2090.9,58638.7,2311.6,3681.4,1,0,0,1,0,0,-113816.0,905.4000000000001,-56327.1,1369.8000000000002,39425.96666666667,21543.899999999998,113816.0,56327.1,1.7598355561929346,1,22,0,0
1185.5,2090.9,1901.3,2311.6,3681.4,2385.2,0,0,0,0,0,0,905.4000000000001,-189.60000000000014,1369.8000000000002,-1296.2000000000003,1725.8999999999999,2792.7333333333336,905.4000000000001,1369.8000000000002,1.2538506019029596,1,22,0,0
2090.9,1901.3,2892.9,3681.4,2385.2,4640.7,0,0,0,0,0,0,-189.60000000000014,991.6000000000001,-1296.2000000000003,2255.5,2295.0333333333333,3569.1,991.6000000000001,2255.5,1.6036144994643906,1,22,0,0
1901.3,2892.9,2149.2,2385.2,4640.7,475.3,0,0,0,0,0,0,991.6000000000001,-743.7000000000003,2255.5,-4165.4,2314.4666666666667,2500.4,991.6000000000001,4165.4,0.22104920472514186,1,22,0,0
2892.9,2149.2,4784.9,4640.7,475.3,1522.8,0,0,0,0,0,0,-743.7000000000003,2635.7,-4165.4,1047.5,3275.6666666666665,2212.9333333333334,2635.7,4165.4,0.3181846674606657,1,22,0,0
2149.2,4784.9,2036.8,475.3,1522.8,272.4,0,0,0,0,0,0,2635.7,-2748.0999999999995,1047.5,-1250.4,2990.2999999999997,756.8333333333334,2748.0999999999995,1250.4,0.13367356953577386,1,22,0,0
4784.9,2036.8,184.4,1522.8,272.4,104.3,0,0,0,0,0,0,-2748.0999999999995,-1852.3999999999999,-1250.4,-168.09999999999997,2335.3666666666663,633.1666666666666,4600.5,1418.5,0.5625674217907227,1,22,2,0
2036.8,184.4,280599.0,272.4,104.3,39160.2,0,0,2,0,0,0,-1852.3999999999999,280414.6,-168.09999999999997,39055.899999999994,94273.40000000001,13178.966666666665,280414.6,39055.899999999994,0.13955880256593015,2,6,0,0
184.4,280599.0,3927.2,104.3,39160.2,2444.8,0,2,0,0,0,0,280414.6,-276671.8,39055.899999999994,-36715.399999999994,94903.53333333334,13903.1,280414.6,39055.899999999994,0.6223715696756785,1,22,1,1
280599.0,3927.2,86252.8,39160.2,2444.8,72484.6,2,0,1,0,0,1,-276671.8,82325.6,-36715.399999999994,70039.8,123593.0,38029.86666666667,276671.8,70039.8,0.8403641346816024,3,2,2,1
3927.2,86252.8,268279.5,2444.8,72484.6,60953.5,0,1,2,0,1,1,82325.6,182026.7,70039.8,-11531.100000000006,119486.5,45294.30000000001,264352.3,70039.8,0.22720063515611458,2,6,0,0
86252.8,268279.5,509.0,72484.6,60953.5,2525.2,1,2,0,1,1,0,182026.7,-267770.5,-11531.100000000006,-58428.3,118347.09999999999,45321.100000000006,267770.5,69959.40000000001,4.951372549019608,1,22,2,0
268279.5,509.0,254806.5,60953.5,2525.2,7684.8,2,0,2,1,0,0,-267770.5,254297.5,-58428.3,5159.6,174531.66666666666,23721.166666666668,267770.5,58428.3,0.030159237856028573,2,6,0,0
509.0,254806.5,2465.5,2525.2,7684.8,2538.0,0,2,0,0,0,0,254297.5,-252341.0,5159.6,-5146.8,85927.0,4249.333333333333,254297.5,5159.6,1.0289884451652138,1,22,1,1
254806.5,2465.5,77808.7,7684.8,2538.0,109328.0,2,0,1,0,0,1,-252341.0,75343.2,-5146.8,106790.0,111693.56666666667,39850.26666666667,252341.0,106790.0,1.4050690338094094,5,4,0,0
2465.5,77808.7,4946.6,2538.0,109328.0,2380.4,0,1,0,0,1,0,75343.2,-72862.09999999999,106790.0,-106947.6,28406.933333333334,38082.13333333333,75343.2,106947.6,0.4811221602393079,1,22,1,0
77808.7,4946.6,79486.0,109328.0,2380.4,36126.2,1,0,1,1,0,0,-72862.09999999999,74539.4,-106947.6,33745.799999999996,54080.43333333333,49278.19999999999,74539.4,106947.6,0.4544919294979053,2,6,0,0
4946.6,79486.0,1165.7,2380.4,36126.2,815.9,0,1,0,0,0,0,74539.4,-78320.3,33745.799999999996,-35310.299999999996,28532.766666666666,13107.5,78320.3,35310.299999999996,0.6993228764892431,1,22,1,0
79486.0,1165.7,165561.0,36126.2,815.9,40959.9,1,0,1,0,0,0,-78320.3,164395.3,-35310.299999999996,40144.0,82070.90000000001,25967.333333333332,164395.3,40144.0,0.24739916164337228,5,19,3,1
1165.7,165561.0,962217.7,815.9,40959.9,68522.5,0,1,3,0,0,1,164395.3,796656.7,40144.0,27562.6,376314.8,36766.1,961052.0,67706.6,0.07121302049107962,3,0,2,1
165561.0,962217.7,243952.6,40959.9,68522.5,71676.7,1,3,2,0,1,1,796656.7,-718265.1,27562.6,3154.199999999997,457243.76666666666,60386.36666666666,796656.7,30716.799999999996,0.2938128398187196,2,6,0,0
962217.7,243952.6,2158.5,68522.5,71676.7,2277.0,3,2,0,1,1,0,-718265.1,-241794.1,3154.199999999997,-69399.7,402776.26666666666,47492.06666666667,960059.2,69399.7,1.054410743227599,1,22,1,1
243952.6,2158.5,59664.8,71676.7,2277.0,58938.2,2,0,1,1,0,1,-241794.1,57506.3,-69399.7,56661.2,101925.3,44297.299999999996,241794.1,69399.7,0.9878054094640479,2,6,1,1
2158.5,59664.8,135601.8,2277.0,58938.2,81983.7,0,1,1,0,1,1,57506.3,75936.99999999999,56661.2,23045.5,65808.36666666665,47732.96666666667,133443.3,79706.7,0.6045870734232627,5,4,1,1
59664.8,135601.8,122666.6,58938.2,81983.7,78953.9,1,1,1,1,1,1,75936.99999999999,-12935.199999999983,23045.5,-3029.800000000003,105977.73333333332,73291.93333333333,75936.99999999999,23045.5,0.6436410266443624,5,19,0,0
135601.8,122666.6,3168.7,81983.7,78953.9,2323.0,1,1,0,1,1,0,-12935.199999999983,-119497.90000000001,-3029.800000000003,-76630.9,87145.7,54420.19999999999,132433.09999999998,79660.7,0.7328769284159384,1,22,0,0
122666.6,3168.7,24810.6,78953.9,2323.0,35345.9,1,0,0,1,0,0,-119497.90000000001,21641.899999999998,-76630.9,33022.9,50215.299999999996,38874.26666666666,119497.90000000001,76630.9,1.4245715713617826,2,6,0,0
3168.7,24810.6,540.2,2323.0,35345.9,496.9,0,0,0,0,0,0,21641.899999999998,-24270.399999999998,33022.9,-34849.0,9506.5,12721.933333333334,24270.399999999998,34849.0,0.9181448632668143,1,22,0,0
24810.6,540.2,1263.1,35345.9,496.9,442.0,0,0,0,0,0,0,-24270.399999999998,722.8999999999999,-34849.0,-54.89999999999998,8871.3,12094.933333333334,24270.399999999998,34903.9,0.3496558816549324,1,22,1,0
540.2,1263.1,182439.4,496.9,442.0,27811.7,0,0,1,0,0,0,722.8999999999999,181176.3,-54.89999999999998,27369.7,61414.23333333333,9583.533333333335,181899.19999999998,27369.7,0.1524426607264619,2,6,2,1
1263.1,182439.4,282482.2,442.0,27811.7,73937.3,0,1,2,0,0,1,181176.3,100042.80000000002,27369.7,46125.600000000006,155394.9,34063.666666666664,281219.10000000003,73495.3,0.2617405212062169,2,6,0,0
182439.4,282482.2,3575.7,27811.7,73937.3,458.2,1,2,0,0,1,0,100042.80000000002,-278906.5,46125.600000000006,-73479.1,156165.76666666666,34069.066666666666,278906.5,73479.1,0.1281069141946487,1,22,2,0
282482.2,3575.7,387883.6,73937.3,458.2,12103.8,2,0,2,1,0,0,-278906.5,384307.89999999997,-73479.1,11645.599999999999,224647.16666666666,28833.100000000002,384307.89999999997,73479.1,0.031204641792945634,3,3,3,1
3575.7,387883.6,1287133.1,458.2,12103.8,93521.9,0,2,3,0,0,1,384307.89999999997,899249.5000000001,11645.599999999999,81418.09999999999,559530.8,35361.299999999996,1283557.4000000001,93063.7,0.07265901820175534,3,0,3,0
387883.6,1287133.1,628868.5,12103.8,93521.9,10381.6,2,3,3,0,1,0,899249.5000000001,-658264.6000000001,81418.09999999999,-83140.29999999999,767961.7333333334,38669.1,899249.5000000001,83140.29999999999,0.01650835348192272,3,0,0,0
1287133.1,628868.5,51044.9,93521.9,10381.6,40323.4,3,3,0,1,0,0,-658264.6000000001,-577823.6,-83140.29999999999,29941.800000000003,655682.1666666666,48075.63333333333,1236088.2000000002,83140.29999999999,0.789943952403621,3,2,1,0
628868.5,51044.9,67349.6,10381.6,40323.4,19047.0,3,0,1,0,0,0,-577823.6,16304.700000000004,29941.800000000003,-21276.4,249087.66666666666,23250.666666666668,577823.6,29941.800000000003,0.2828037166706755,5,4,0,0
51044.9,67349.6,1452.2,40323.4,19047.0,1471.3,0,1,0,0,0,0,16304.700000000004,-65897.40000000001,-21276.4,-17575.7,39948.9,20280.56666666667,65897.40000000001,38852.1,1.0124552711257913,1,22,0,0
67349.6,1452.2,643.2,19047.0,1471.3,1686.6,1,0,0,0,0,0,-65897.40000000001,-809.0,-17575.7,215.29999999999995,23148.333333333332,7401.633333333332,66706.40000000001,17575.7,2.6181310152126667,1,22,2,1
1452.2,643.2,278768.8,1471.3,1686.6,54750.2,0,0,2,0,0,1,-809.0,278125.6,215.29999999999995,53063.6,93621.40000000001,19302.7,278125.6,53278.899999999994,0.1963993230256649,3,2,1,0
643.2,278768.8,109534.5,1686.6,54750.2,11926.6,0,2,1,0,1,0,278125.6,-169234.3,53063.6,-42823.6,129648.83333333333,22787.8,278125.6,53063.6,0.10888342135654651,3,3,2,0
278768.8,109534.5,456945.7,54750.2,11926.6,21686.5,2,1,2,1,0,0,-169234.3,347411.2,-42823.6,9759.9,281749.6666666667,29454.433333333334,347411.2,42823.6,0.047459583360597635,2,22,0,0
109534.5,456945.7,237.9,11926.6,21686.5,2945.1,1,2,0,0,0,0,347411.2,-456707.8,9759.9,-18741.4,188906.03333333333,12186.066666666666,456707.8,18741.4,12.327752197572206,1,22,2,0
456945.7,237.9,319166.4,21686.5,2945.1,19148.1,2,0,2,0,0,0,-456707.8,318928.5,-18741.4,16202.999999999998,258783.33333333334,14593.233333333332,456707.8,18741.4,0.05999390915237583,2,22,1,1
237.9,319166.4,167670.4,2945.1,19148.1,75834.9,0,2,1,0,0,1,318928.5,-151496.00000000003,16202.999999999998,56686.799999999996,162358.23333333337,32642.699999999997,318928.5,72889.79999999999,0.4522828580187199,2,6,0,0
319166.4,167670.4,400.4,19148.1,75834.9,335.3,2,1,0,0,1,0,-151496.00000000003,-167270.0,56686.799999999996,-75499.59999999999,162412.40000000002,31772.766666666666,318766.0,75499.59999999999,0.8353263577478824,1,22,3,0
167670.4,400.4,992988.6,75834.9,335.3,45994.0,1,0,3,1,0,0,-167270.0,992588.2,-75499.59999999999,45658.7,387019.8,40721.4,992588.2,75499.59999999999,0.04631871270353687,3,0,0,0
400.4,992988.6,4279.2,335.3,45994.0,3891.6,0,3,0,0,0,0,992588.2,-988709.4,45658.7,-42102.4,332556.06666666665,16740.3,992588.2,45658.7,0.909209850007009,1,22,0,1
992988.6,4279.2,21330.2,45994.0,3891.6,62341.8,3,0,0,0,0,1,-988709.4,17051.0,-42102.4,58450.200000000004,339532.6666666666,37409.13333333333,988709.4,58450.200000000004,2.922564131413141,2,6,1,1
4279.2,21330.2,116153.5,3891.6,62341.8,131139.8,0,0,1,0,1,1,17051.0,94823.3,58450.200000000004,68797.99999999999,47254.299999999996,65791.06666666667,111874.3,127248.19999999998,1.1290117903309815,5,19,0,0
21330.2,116153.5,3697.5,62341.8,131139.8,2784.9,0,1,0,1,1,0,94823.3,-112456.0,68797.99999999999,-128354.9,47060.4,65422.16666666666,112456.0,128354.9,0.7529809382181966,1,22,2,1
116153.5,3697.5,230876.0,131139.8,2784.9,56244.4,1,0,2,1,0,1,-112456.0,227178.5,-128354.9,53459.5,116909.0,63389.69999999999,227178.5,128354.9,0.24361196654495684,2,6,3,0
3697.5,230876.0,668908.7,2784.9,56244.4,18088.2,0,2,3,0,1,0,227178.5,438032.69999999995,53459.5,-38156.2,301160.73333333334,25705.833333333332,665211.2,53459.5,0.027041318133075365,3,0,3,1
230876.0,668908.7,1350862.8,56244.4,18088.2,98340.8,2,3,3,1,0,1,438032.69999999995,681954.1000000001,-38156.2,80252.6,750215.8333333334,57557.80000000001,1119986.8,80252.6,0.07279845680963544,3,0,0,0
668908.7,1350862.8,1129.5,18088.2,98340.8,1858.8,3,3,0,0,1,0,681954.1000000001,-1349733.3,80252.6,-96482.0,673633.6666666666,39429.26666666667,1349733.3,96482.0,1.6442282176028307,1,22,1,0
1350862.8,1129.5,73449.9,98340.8,1858.8,47912.2,3,0,1,1,0,0,-1349733.3,72320.4,-96482.0,46053.399999999994,475147.39999999997,49370.6,1349733.3,96482.0,0.6523024224345788,2,6,2,1
1129.5,73449.9,225505.3,1858.8,47912.2,71290.2,0,1,2,0,0,1,72320.4,152055.4,46053.399999999994,23378.0,100028.23333333332,40353.73333333333,224375.8,69431.4,0.3161339616675898,2,6,0,0
73449.9,225505.3,2315.4,47912.2,71290.2,2973.7,1,2,0,0,1,0,152055.4,-223189.9,23378.0,-68316.5,100423.53333333333,40725.36666666666,223189.9,68316.5,1.28375928164393,1,22,2,1
225505.3,2315.4,217348.9,71290.2,2973.7,65384.5,2,0,2,1,0,1,-223189.9,215033.5,-68316.5,62410.8,148389.86666666667,46549.46666666667,223189.9,68316.5,0.30082599531906845,2,6,0,0
2315.4,217348.9,42381.2,2973.7,65384.5,16086.3,0,2,0,0,1,0,215033.5,-174967.7,62410.8,-49298.2,87348.5,28148.166666666668,215033.5,62410.8,0.37955320865835185,2,6,1,1
217348.9,42381.2,108151.9,65384.5,16086.3,53106.3,2,0,1,1,0,1,-174967.7,65770.7,-49298.2,37020.0,122627.33333333333,44859.03333333333,174967.7,49298.2,0.49102982906607223,2,6,1,0
42381.2,108151.9,91261.8,16086.3,53106.3,49277.7,0,1,1,0,1,0,65770.7,-16890.09999999999,37020.0,-3828.600000000006,80598.29999999999,39490.1,65770.7,37020.0,0.5399538475698751,2,6,2,0
108151.9,91261.8,227445.7,53106.3,49277.7,12296.4,1,1,2,1,0,0,-16890.09999999999,136183.90000000002,-3828.600000000006,-36981.299999999996,142286.46666666667,38226.799999999996,136183.90000000002,40809.9,0.05406277602620745,3,0,1,0
91261.8,227445.7,165375.6,49277.7,12296.4,40604.5,1,2,1,0,0,0,136183.90000000002,-62070.100000000006,-36981.299999999996,28308.1,161361.03333333333,34059.53333333333,136183.90000000002,36981.299999999996,0.245527480913261,2,6,1,1
227445.7,165375.6,119948.3,12296.4,40604.5,73632.6,2,1,1,0,0,1,-62070.100000000006,-45427.3,28308.1,33028.100000000006,170923.2,42177.833333333336,107497.40000000001,61336.200000000004,0.6138643576911246,3,2,2,1
165375.6,119948.3,215374.5,40604.5,73632.6,75431.3,1,1,2,0,1,1,-45427.3,95426.2,33028.100000000006,1798.699999999997,166899.46666666667,63222.80000000001,95426.2,34826.8,0.3502315723004706,2,6,0,0
119948.3,215374.5,1241.5,73632.6,75431.3,1995.6,1,2,0,1,1,0,95426.2,-214133.0,1798.699999999997,-73435.7,112188.09999999999,50353.16666666668,214133.0,73435.7,1.6061167002012071,1,22,2,1
215374.5,1241.5,437926.1,75431.3,1995.6,71288.3,2,0,2,1,0,1,-214133.0,436684.6,-73435.7,69292.7,218180.69999999998,49571.73333333334,436684.6,73435.7,0.1627857695949851,3,0,1,1
1241.5,437926.1,128296.4,1995.6,71288.3,90540.4,0,2,1,0,1,1,436684.6,-309629.69999999995,69292.7,19252.09999999999,189154.66666666666,54608.1,436684.6,88544.79999999999,0.7057072084079646,3,0,1,0
437926.1,128296.4,194124.1,71288.3,90540.4,25983.8,2,1,1,1,1,0,-309629.69999999995,65827.70000000001,19252.09999999999,-64556.59999999999,253448.86666666667,62604.166666666664,309629.69999999995,64556.59999999999,0.1338508003344235,3,2,0,1
128296.4,194124.1,45453.8,90540.4,25983.8,78123.2,1,1,0,1,0,1,65827.70000000001,-148670.3,-64556.59999999999,52139.399999999994,122624.76666666666,64882.46666666667,148670.3,64556.59999999999,1.7187007752756582,2,6,2,0
194124.1,45453.8,223863.1,25983.8,78123.2,18440.0,1,0,2,0,1,0,-148670.3,178409.3,52139.399999999994,-59683.2,154480.33333333334,40849.0,178409.3,59683.2,0.0823714030074496,2,6,0,0
45453.8,223863.1,4118.6,78123.2,18440.0,739.5,0,2,0,1,0,0,178409.3,-219744.5,-59683.2,-17700.5,91145.16666666667,32434.233333333334,219744.5,77383.7,0.17950771919603845,1,22,0,0
223863.1,4118.6,2125.2,18440.0,739.5,1984.7,2,0,0,0,0,0,-219744.5,-1993.4000000000005,-17700.5,1245.2,76702.3,7054.733333333334,221737.9,17700.5,0.9334493462515286,5,22,2,1
4118.6,2125.2,215646.0,739.5,1984.7,52396.2,0,0,2,0,0,1,-1993.4000000000005,213520.8,1245.2,50411.5,73963.26666666666,18373.466666666664,213520.8,51656.7,0.24297207937045262,3,0,1,0
2125.2,215646.0,87000.4,1984.7,52396.2,31965.8,0,2,1,0,1,0,213520.8,-128645.6,50411.5,-20430.399999999998,101590.53333333333,28782.233333333334,213520.8,50411.5,0.36741707604705215,2,6,0,1
215646.0,87000.4,35208.8,52396.2,31965.8,52677.5,2,1,0,1,0,1,-128645.6,-51791.59999999999,-20430.399999999998,20711.7,112618.40000000001,45679.833333333336,180437.2,20711.7,1.496103357587944,5,19,0,0
87000.4,35208.8,2491.9,31965.8,52677.5,4320.7,1,0,0,0,1,0,-51791.59999999999,-32716.9,20711.7,-48356.8,41567.03333333333,29654.666666666668,84508.5,48356.8,1.7332022945164265,1,22,0,0
35208.8,2491.9,413.2,52677.5,4320.7,981.8,0,0,0,1,0,0,-32716.9,-2078.7000000000003,-48356.8,-3338.8999999999996,12704.633333333333,19326.666666666668,34795.600000000006,51695.7,2.3703524867213908,1,22,1,0
2491.9,413.2,132170.1,4320.7,981.8,6076.3,0,0,1,0,0,0,-2078.7000000000003,131756.9,-3338.8999999999996,5094.5,45025.06666666667,3792.933333333333,131756.9,5094.5,0.04597298501714823,2,6,0,0
413.2,132170.1,2799.4,981.8,6076.3,1521.7,0,1,0,0,0,0,131756.9,-129370.70000000001,5094.5,-4554.6,45127.56666666667,2859.933333333334,131756.9,5094.5,0.5433866590487073,1,22,1,1
132170.1,2799.4,184578.1,6076.3,1521.7,71667.2,1,0,1,0,0,1,-129370.70000000001,181778.7,-4554.6,70145.5,106515.86666666665,26421.733333333334,181778.7,70145.5,0.3882736452826999,2,6,1,1
2799.4,184578.1,183340.9,1521.7,71667.2,124382.9,0,1,1,0,1,1,181778.7,-1237.2000000000116,70145.5,52715.7,123572.8,65857.26666666666,181778.7,122861.2,0.6784204810793386,5,4,0,0
184578.1,183340.9,3793.5,71667.2,124382.9,1737.7,1,1,0,1,1,0,-1237.2000000000116,-179547.4,52715.7,-122645.2,123904.16666666667,65929.26666666666,180784.6,122645.2,0.4579522993806826,1,22,1,1
183340.9,3793.5,98133.7,124382.9,1737.7,72719.1,1,0,1,1,0,1,-179547.4,94340.2,-122645.2,70981.40000000001,95089.36666666665,66279.90000000001,179547.4,122645.2,0.7410131176841628,5,19,2,0
3793.5,98133.7,225916.1,1737.7,72719.1,9283.9,0,1,2,0,1,0,94340.2,127782.40000000001,70981.40000000001,-63435.200000000004,109281.09999999999,27913.566666666666,222122.6,70981.40000000001,0.041094277502676864,3,2,1,1
98133.7,225916.1,119492.6,72719.1,9283.9,58261.2,1,2,1,1,0,1,127782.40000000001,-106423.5,-63435.200000000004,48977.299999999996,147847.46666666667,46754.73333333334,127782.40000000001,63435.200000000004,0.4875675349976902,2,6,0,0
225916.1,119492.6,4296.8,9283.9,58261.2,4693.0,2,1,0,0,1,0,-106423.5,-115195.8,48977.299999999996,-53568.2,116568.5,24079.366666666665,221619.30000000002,53568.2,1.0919540229885056,1,22,3,1
119492.6,4296.8,880273.7,58261.2,4693.0,58988.8,1,0,3,1,0,1,-115195.8,875976.8999999999,-53568.2,54295.8,334687.7,40647.666666666664,875976.8999999999,54295.8,0.06701180892737234,3,0,2,0
4296.8,880273.7,285695.9,4693.0,58988.8,41222.6,0,3,2,0,1,0,875976.8999999999,-594577.7999999999,54295.8,-17766.200000000004,390088.8,34968.13333333333,875976.8999999999,54295.8,0.14428787991749295,3,0,0,0
880273.7,285695.9,3706.2,58988.8,41222.6,482.4,3,2,0,1,0,0,-594577.7999999999,-281989.7,-17766.200000000004,-40740.2,389891.93333333335,33564.6,876567.5,58506.4,0.13012516184721623,1,22,2,1
285695.9,3706.2,240878.7,41222.6,482.4,76175.4,2,0,2,0,0,1,-281989.7,237172.5,-40740.2,75693.0,176760.2666666667,39293.46666666667,281989.7,75693.0,0.31623835466417466,2,6,1,0
3706.2,240878.7,78730.1,482.4,76175.4,44338.8,0,2,1,0,1,0,237172.5,-162148.6,75693.0,-31836.59999999999,107771.66666666667,40332.2,237172.5,75693.0,0.5631675411622599,2,6,0,0
240878.7,78730.1,2094.1,76175.4,44338.8,2539.1,2,1,0,1,0,0,-162148.6,-76636.0,-31836.59999999999,-41799.700000000004,107234.3,41017.76666666667,238784.6,73636.29999999999,1.2119230585652236,1,22,0,0
78730.1,2094.1,3364.3,44338.8,2539.1,3173.2,1,0,0,0,0,0,-76636.0,1270.2000000000003,-41799.700000000004,634.0999999999999,28062.83333333334,16683.7,76636.0,41799.700000000004,0.9429174219237512,1,22,1,0
2094.1,3364.3,129439.9,2539.1,3173.2,31781.4,0,0,1,0,0,0,1270.2000000000003,126075.59999999999,634.0999999999999,28608.2,44966.1,12497.9,127345.79999999999,29242.300000000003,0.24552826811309256,5,19,2,0
3364.3,129439.9,515434.6,3173.2,31781.4,30129.2,0,1,2,0,0,0,126075.59999999999,385994.69999999995,28608.2,-1652.2000000000007,216079.59999999998,21694.600000000002,512070.3,28608.2,0.05845385922121018,3,0,1,0
129439.9,515434.6,141503.7,31781.4,30129.2,36312.9,1,2,1,0,0,0,385994.69999999995,-373930.89999999997,-1652.2000000000007,6183.700000000001,262126.06666666665,32741.166666666668,385994.69999999995,6183.700000000001,0.25661974478586225,2,6,3,0
515434.6,141503.7,1450534.0,30129.2,36312.9,50619.8,2,1,3,0,0,0,-373930.89999999997,1309030.3,6183.700000000001,14306.900000000001,702490.7666666666,39020.63333333334,1309030.3,20490.600000000002,0.034897330984774586,3,0,0,0
141503.7,1450534.0,241.3,36312.9,50619.8,75.1,1,3,0,0,0,0,1309030.3,-1450292.7,14306.900000000001,-50544.700000000004,530759.6666666666,29002.600000000006,1450292.7,50544.700000000004,0.3099463475030953,1,22,1,0
1450534.0,241.3,174400.6,50619.8,75.1,19089.2,3,0,1,0,0,0,-1450292.7,174159.30000000002,-50544.700000000004,19014.100000000002,541725.3,23261.36666666667,1450292.7,50544.700000000004,0.1094554178402033,2,22,0,0
241.3,174400.6,507.4,75.1,19089.2,883.3,0,1,0,0,0,0,174159.30000000002,-173893.2,19014.100000000002,-18205.9,58383.1,6682.533333333333,174159.30000000002,19014.100000000002,1.737411487018096,1,22,0,0
174400.6,507.4,1177.0,19089.2,883.3,2620.3,1,0,0,0,0,0,-173893.2,669.6,-18205.9,1737.0000000000002,58695.0,7530.933333333333,173893.2,18205.9,2.224363327674024,1,22,1,0
507.4,1177.0,190949.8,883.3,2620.3,13458.3,0,0,1,0,0,0,669.6,189772.8,1737.0000000000002,10838.0,64211.399999999994,5653.966666666667,190442.4,12575.0,0.07048045884070661,2,6,0,0
1177.0,190949.8,276.4,2620.3,13458.3,616.5,0,1,0,0,0,0,189772.8,-190673.4,10838.0,-12841.8,64134.399999999994,5565.033333333333,190673.4,12841.8,2.2224224945926463,1,22,2,1
190949.8,276.4,206910.2,13458.3,616.5,69124.5,1,0,2,0,0,1,-190673.4,206633.80000000002,-12841.8,68508.0,132712.13333333333,27733.100000000002,206633.80000000002,68508.0,0.3340780972707132,2,6,1,1
276.4,206910.2,110835.6,616.5,69124.5,73149.0,0,2,1,0,1,1,206633.80000000002,-96074.6,68508.0,4024.5,106007.40000000001,47630.0,206633.80000000002,72532.5,0.659971525651274,3,0,2,0
206910.2,110835.6,215792.1,69124.5,73149.0,22206.3,2,1,2,1,1,0,-96074.6,104956.5,4024.5,-50942.7,177845.96666666667,54826.6,104956.5,50942.7,0.10290551458781583,2,6,0,0
110835.6,215792.1,3456.3,73149.0,22206.3,3458.5,1,2,0,1,0,0,104956.5,-212335.80000000002,-50942.7,-18747.8,110028.0,32937.933333333334,212335.80000000002,69690.5,1.0003470916611228,1,22,0,0
215792.1,3456.3,3647.9,22206.3,3458.5,2482.2,2,0,0,0,0,0,-212335.80000000002,191.5999999999999,-18747.8,-976.3000000000002,74298.76666666666,9382.333333333334,212335.80000000002,19724.1,0.6802598043245909,1,22,0,0
3456.3,3647.9,571.9,3458.5,2482.2,1886.5,0,0,0,0,0,0,191.5999999999999,-3076.0,-976.3000000000002,-595.6999999999998,2558.7000000000003,2609.0666666666666,3076.0,1572.0,3.29289579333217,1,22,2,0
3647.9,571.9,393619.1,2482.2,1886.5,35950.0,0,0,2,0,0,0,-3076.0,393047.19999999995,-595.6999999999998,34063.5,132612.96666666665,13439.566666666666,393047.19999999995,34063.5,0.09133171807029164,3,0,0,0
571.9,393619.1,4148.9,1886.5,35950.0,1780.7,0,2,0,0,0,0,393047.19999999995,-389470.19999999995,34063.5,-34169.3,132779.96666666667,13205.733333333332,393047.19999999995,34169.3,0.42909467698016823,1,22,0,0
393619.1,4148.9,4383.0,35950.0,1780.7,758.2,2,0,0,0,0,0,-389470.19999999995,234.10000000000036,-34169.3,-1022.5,134050.33333333334,12829.633333333331,389470.19999999995,35191.8,0.1729470802919708,1,22,0,0
4148.9,4383.0,3983.2,1780.7,758.2,1472.9,0,0,0,0,0,0,234.10000000000036,-399.8000000000002,-1022.5,714.7,4171.7,1337.2666666666667,399.8000000000002,1022.5,0.3696852567642187,1,22,0,0
4383.0,3983.2,3329.5,758.2,1472.9,1988.6,0,0,0,0,0,0,-399.8000000000002,-653.6999999999998,714.7,515.6999999999998,3898.566666666667,1406.5666666666668,1053.5,1230.3999999999999,0.5970875243957363,1,22,1,0
3983.2,3329.5,128164.1,1472.9,1988.6,32443.8,0,0,1,0,0,0,-653.6999999999998,124834.6,515.6999999999998,30455.2,45158.93333333334,11968.433333333334,124834.6,30970.899999999998,0.2531406755817301,5,14,2,1
3329.5,128164.1,279441.0,1988.6,32443.8,73126.1,0,1,2,0,0,1,124834.6,151276.9,30455.2,40682.3,136978.19999999998,35852.833333333336,276111.5,71137.5,0.2616861459623106,2,6,1,1
128164.1,279441.0,184666.3,32443.8,73126.1,65026.7,1,2,1,0,1,1,151276.9,-94774.70000000001,40682.3,-8099.400000000009,197423.79999999996,56865.53333333333,151276.9,40682.3,0.3521289367419137,2,6,3,1
279441.0,184666.3,1182266.9,73126.1,65026.7,53277.3,2,1,3,1,1,1,-94774.70000000001,997600.5999999999,-8099.400000000009,-11749.399999999994,548791.4,63810.033333333326,997600.5999999999,19848.800000000003,0.045063644204498834,3,0,2,0
184666.3,1182266.9,548876.5,65026.7,53277.3,25412.5,1,3,2,1,1,0,997600.5999999999,-633390.3999999999,-11749.399999999994,-27864.800000000003,638603.2333333333,47905.5,997600.5999999999,39614.2,0.04629903758124536,3,0,0,1
1182266.9,548876.5,25867.9,53277.3,25412.5,113045.1,3,2,0,1,0,1,-633390.3999999999,-523008.6,-27864.800000000003,87632.6,585670.4333333332,63911.63333333334,1156399.0,87632.6,4.369922957682777,5,19,0,0
548876.5,25867.9,4989.5,25412.5,113045.1,498.1,2,0,0,0,1,0,-523008.6,-20878.4,87632.6,-112547.0,193244.63333333333,46318.56666666667,543887.0,112547.0,0.09980963831279431,1,22,2,0
25867.9,4989.5,280977.8,113045.1,498.1,19517.3,0,0,2,1,0,0,-20878.4,275988.3,-112547.0,19019.2,103945.06666666667,44353.5,275988.3,112547.0,0.06946182416609367,2,6,3,1
4989.5,280977.8,882936.9,498.1,19517.3,57082.1,0,2,3,0,0,1,275988.3,601959.1000000001,19019.2,37564.8,389634.73333333334,25699.166666666668,877947.4,56584.0,0.06465018660995298,3,0,0,0
280977.8,882936.9,3718.6,19517.3,57082.1,3420.9,2,3,0,0,1,0,601959.1000000001,-879218.3,37564.8,-53661.2,389211.10000000003,26673.43333333333,879218.3,53661.2,0.9196956662006668,1,22,1,0
882936.9,3718.6,124575.7,57082.1,3420.9,49871.3,3,0,1,1,0,0,-879218.3,120857.09999999999,-53661.2,46450.4,337077.06666666665,36791.433333333334,879218.3,53661.2,0.4003260641837519,3,0,3,0
3718.6,124575.7,689475.3,3420.9,49871.3,30572.4,0,1,3,0,0,0,120857.09999999999,564899.6000000001,46450.4,-19298.9,272589.8666666667,27954.86666666667,685756.7000000001,46450.4,0.04434148062812311,3,0,0,0
124575.7,689475.3,314.3,49871.3,30572.4,217.9,1,3,0,0,0,0,564899.6000000001,-689161.0,-19298.9,-30354.5,271455.10000000003,26887.2,689161.0,49653.4,0.6910878528385664,1,22,2,0
689475.3,314.3,231454.8,30572.4,217.9,30233.3,3,0,2,0,0,0,-689161.0,231140.5,-30354.5,30015.399999999998,307081.46666666673,20341.2,689161.0,30354.5,0.13062234776575052,2,6,3,0
314.3,231454.8,1134873.0,217.9,30233.3,15964.6,0,2,3,0,0,0,231140.5,903418.2,30015.399999999998,-14268.699999999999,455547.3666666667,15471.933333333334,1134558.7,30015.399999999998,0.014067288527184516,3,0,2,1
231454.8,1134873.0,221175.5,30233.3,15964.6,70657.7,2,3,2,0,0,1,903418.2,-913697.5,-14268.699999999999,54693.1,529167.7666666667,38951.86666666667,913697.5,54693.1,0.31946296283737197,2,6,0,0
1134873.0,221175.5,1889.5,15964.6,70657.7,2121.4,3,2,0,0,1,0,-913697.5,-219286.0,54693.1,-68536.3,452646.0,29581.233333333334,1132983.5,68536.3,1.122137000793441,1,22,1,1
221175.5,1889.5,137599.4,70657.7,2121.4,96704.5,2,0,1,1,0,1,-219286.0,135709.9,-68536.3,94583.1,120221.46666666667,56494.533333333326,219286.0,94583.1,0.7027922883945105,5,4,3,1
1889.5,137599.4,657332.8,2121.4,96704.5,59087.5,0,1,3,0,1,1,135709.9,519733.4,94583.1,-37617.0,265607.23333333334,52637.799999999996,655443.3,94583.1,0.08988964206617703,3,0,0,1
137599.4,657332.8,42550.6,96704.5,59087.5,87578.1,1,3,0,1,1,1,519733.4,-614782.2000000001,-37617.0,28490.600000000006,279160.93333333335,81123.36666666667,614782.2000000001,37617.0,2.0581623252709655,5,19,0,0
657332.8,42550.6,1689.7,59087.5,87578.1,1795.8,3,0,0,1,1,0,-614782.2000000001,-40860.9,28490.600000000006,-85782.3,233857.69999999998,49487.13333333333,655643.1000000001,85782.3,1.062163600875377,1,22,1,0
42550.6,1689.7,81782.3,87578.1,1795.8,24377.0,0,0,1,1,0,0,-40860.9,80092.6,-85782.3,22581.2,42007.53333333333,37916.96666666667,80092.6,85782.3,0.29806818751505504,2,6,0,0
1689.7,81782.3,591.2,1795.8,24377.0,1799.9,0,1,0,0,0,0,80092.6,-81191.1,22581.2,-22577.1,28021.066666666666,9324.233333333334,81191.1,22581.2,3.0393448159405607,1,22,0,0
81782.3,591.2,1770.4,24377.0,1799.9,1934.6,1,0,0,0,0,0,-81191.1,1179.2,-22577.1,134.69999999999982,28047.966666666664,9370.5,81191.1,22577.1,1.092130518234165,5,22,0,0
591.2,1770.4,3609.5,1799.9,1934.6,2641.6,0,0,0,0,0,0,1179.2,1839.1,134.69999999999982,707.0,1990.3666666666668,2125.366666666667,3018.3,841.6999999999998,0.7316438166458938,1,22,0,0
1770.4,3609.5,40632.7,1934.6,2641.6,22543.3,0,0,0,0,0,0,1839.1,37023.2,707.0,19901.7,15337.533333333333,9039.833333333334,38862.299999999996,20608.7,0.5547931889047761,2,6,3,1
3609.5,40632.7,1398681.5,2641.6,22543.3,75571.1,0,0,3,0,0,1,37023.2,1358048.8,19901.7,53027.8,480974.56666666665,33585.333333333336,1395072.0,72929.5,0.054030203423578976,3,0,0,0
40632.7,1398681.5,15052.3,22543.3,75571.1,35650.7,0,3,0,0,1,0,1358048.8,-1383629.2,53027.8,-39920.40000000001,484788.8333333333,44588.36666666667,1383629.2,53027.8,2.3682979811735634,2,6,2,0
1398681.5,15052.3,297181.4,75571.1,35650.7,14928.3,3,0,2,1,0,0,-1383629.2,282129.10000000003,-39920.40000000001,-20722.399999999998,570305.0666666668,42050.03333333333,1383629.2,60642.8,0.050232786329203874,3,2,0,0
15052.3,297181.4,921.1,35650.7,14928.3,726.3,0,2,0,0,0,0,282129.10000000003,-296260.30000000005,-20722.399999999998,-14202.0,104384.93333333333,17101.766666666666,296260.30000000005,34924.399999999994,0.7876586053573364,1,22,0,0
297181.4,921.1,2131.1,14928.3,726.3,2316.4,2,0,0,0,0,0,-296260.30000000005,1210.0,-14202.0,1590.1000000000001,100077.86666666665,5990.333333333333,296260.30000000005,14202.0,1.086440598470991,1,22,1,1
921.1,2131.1,53328.3,726.3,2316.4,72307.0,0,0,1,0,0,1,1210.0,51197.200000000004,1590.1000000000001,69990.6,18793.5,25116.566666666666,52407.200000000004,71580.7,1.3558587868207532,3,2,2,1
2131.1,53328.3,244761.6,2316.4,72307.0,63579.8,0,1,2,0,1,1,51197.200000000004,191433.3,69990.6,-8727.199999999997,100073.66666666667,46067.73333333334,242630.5,69990.6,0.2597610909509868,3,3,0,0
53328.3,244761.6,11.9,72307.0,63579.8,148.5,1,2,0,1,1,0,191433.3,-244749.7,-8727.199999999997,-63431.3,99367.26666666668,45345.1,244749.7,72158.5,11.511627906976743,1,22,0,0
244761.6,11.9,2354.7,63579.8,148.5,1753.7,2,0,0,1,0,0,-244749.7,2342.7999999999997,-63431.3,1605.2,82376.06666666667,21827.333333333332,244749.7,63431.3,0.7444496328055356,1,22,3,0
11.9,2354.7,1260466.8,148.5,1753.7,32482.7,0,0,3,0,0,0,2342.7999999999997,1258112.1,1605.2,30729.0,420944.46666666673,11461.633333333333,1260454.9000000001,32334.2,0.025770352880097373,3,0,2,0
2354.7,1260466.8,245178.0,1753.7,32482.7,22427.8,0,3,2,0,0,0,1258112.1,-1015288.8,30729.0,-10054.900000000001,502666.5,18888.066666666666,1258112.1,30729.0,0.09147520790932338,3,0,0,0
1260466.8,245178.0,3673.7,32482.7,22427.8,2816.2,3,2,0,0,0,0,-1015288.8,-241504.3,-10054.900000000001,-19611.6,503106.1666666667,19242.233333333334,1256793.1,29666.5,0.7663754864342668,1,22,2,0
245178.0,3673.7,269201.8,22427.8,2816.2,48297.2,2,0,2,0,0,0,-241504.3,265528.1,-19611.6,45481.0,172684.5,24513.733333333334,265528.1,45481.0,0.17940823795294847,2,6,0,0
3673.7,269201.8,3317.1,2816.2,48297.2,1641.6,0,2,0,0,0,0,265528.1,-265884.7,45481.0,-46655.6,92064.2,17584.999999999996,265884.7,46655.6,0.4947409662156053,1,22,3,1
269201.8,3317.1,787567.4,48297.2,1641.6,60867.7,2,0,3,0,0,1,-265884.7,784250.3,-46655.6,59226.1,353362.10000000003,36935.5,784250.3,59226.1,0.07728560465351327,3,0,1,0
3317.1,787567.4,93604.4,1641.6,60867.7,10325.8,0,3,1,0,1,0,784250.3,-693963.0,59226.1,-50541.899999999994,294829.63333333336,24278.366666666665,784250.3,59226.1,0.11031201191384257,2,22,0,0
787567.4,93604.4,2907.8,60867.7,10325.8,3609.7,3,1,0,1,0,0,-693963.0,-90696.59999999999,-50541.899999999994,-6716.099999999999,294693.2,24934.399999999998,784659.6,57258.0,1.2409584708470847,1,22,3,0
93604.4,2907.8,1273894.9,10325.8,3609.7,45535.5,1,0,3,0,0,0,-90696.59999999999,1270987.0999999999,-6716.099999999999,41925.8,456802.36666666664,19823.666666666668,1270987.0999999999,41925.8,0.03574507147719056,3,0,0,0
2907.8,1273894.9,1729.2,3609.7,45535.5,878.0,0,3,0,0,0,0,1270987.0999999999,-1272165.7,41925.8,-44657.5,426177.3,16674.399999999998,1272165.7,44657.5,0.5074557854583285,1,22,2,1
1273894.9,1729.2,245126.2,45535.5,878.0,59300.8,3,0,2,0,0,1,-1272165.7,243397.0,-44657.5,58422.8,506916.7666666666,35238.1,1272165.7,58422.8,0.24191848150674425,2,6,0,0
1729.2,245126.2,711.0,878.0,59300.8,1605.5,0,2,0,0,1,0,243397.0,-244415.2,58422.8,-57695.3,82522.13333333335,20594.766666666666,244415.2,58422.8,2.254915730337079,5,22,3,0
245126.2,711.0,942442.4,59300.8,1605.5,14449.3,2,0,3,1,0,0,-244415.2,941731.4,-57695.3,12843.8,396093.2,25118.533333333336,941731.4,57695.3,0.01533174299910212,3,0,0,0
711.0,942442.4,769.0,1605.5,14449.3,1240.6,0,3,0,0,0,0,941731.4,-941673.4,12843.8,-13208.699999999999,314640.8,5765.133333333332,941731.4,13208.699999999999,1.611168831168831,1,22,3,0
942442.4,769.0,1333756.3,14449.3,1240.6,32405.5,3,0,3,0,0,0,-941673.4,1332987.3,-13208.699999999999,31164.9,758989.2333333334,16031.800000000001,1332987.3,31164.9,0.024296399352415916,3,0,1,1
769.0,1333756.3,197985.0,1240.6,32405.5,116718.3,0,3,1,0,0,1,1332987.3,-1135771.3,31164.9,84312.8,510836.76666666666,50121.46666666667,1332987.3,115477.7,0.5895280474376976,5,4,1,0
1333756.3,197985.0,139958.1,32405.5,116718.3,34035.4,3,1,1,0,1,0,-1135771.3,-58026.899999999994,84312.8,-82682.9,557233.1333333334,61053.06666666666,1193798.2,84312.8,0.2431810436048817,5,4,2,1
197985.0,139958.1,252443.0,116718.3,34035.4,60879.4,1,1,2,1,0,1,-58026.899999999994,112484.9,-82682.9,26844.0,196795.36666666667,70544.36666666667,112484.9,82682.9,0.2411600196479219,2,6,2,1
139958.1,252443.0,271249.7,34035.4,60879.4,76868.8,1,2,2,0,1,1,112484.9,18806.70000000001,26844.0,15989.400000000001,221216.93333333335,57261.200000000004,131291.6,42833.4,0.2833865497858623,2,6,3,0
252443.0,271249.7,1208538.4,60879.4,76868.8,5633.2,2,2,3,1,1,0,18806.70000000001,937288.7,15989.400000000001,-71235.6,577410.3666666666,47793.80000000001,956095.3999999999,71235.6,0.004661163715473406,3,0,0,0
271249.7,1208538.4,24639.9,76868.8,5633.2,42424.0,2,3,0,1,0,0,937288.7,-1183898.5,-71235.6,36790.8,501475.99999999994,41642.0,1183898.5,71235.6,1.7216903603358642,5,19,2,0
1208538.4,24639.9,307024.3,5633.2,42424.0,22498.5,3,0,2,0,0,0,-1183898.5,282384.39999999997,36790.8,-19925.5,513400.86666666664,23518.566666666666,1183898.5,36790.8,0.07327897733509259,2,22,3,0
24639.9,307024.3,1255004.8,42424.0,22498.5,33019.5,0,2,3,0,0,0,282384.39999999997,947980.5,-19925.5,10521.0,528889.6666666666,32647.333333333332,1230364.9000000001,19925.5,0.026310236972610007,3,0,2,1
307024.3,1255004.8,213365.0,22498.5,33019.5,67890.0,2,3,2,0,0,1,947980.5,-1041639.8,10521.0,34870.5,591798.0333333333,41136.0,1041639.8,45391.5,0.31818565282191164,2,6,3,0
1255004.8,213365.0,676785.6,33019.5,67890.0,29990.4,3,2,3,0,1,0,-1041639.8,463420.6,34870.5,-37899.6,715051.7999999999,43633.299999999996,1041639.8,37899.6,0.04431293409178019,3,0,0,0
213365.0,676785.6,993.3,67890.0,29990.4,593.4,2,3,0,1,0,0,463420.6,-675792.2999999999,-37899.6,-29397.0,297047.9666666667,32824.6,675792.2999999999,67296.6,0.5968017700895102,1,22,1,0
676785.6,993.3,109347.7,29990.4,593.4,8167.2,3,0,1,0,0,0,-675792.2999999999,108354.4,-29397.0,7573.8,262375.5333333333,12917.0,675792.2999999999,29397.0,0.07468950248151099,2,6,0,0
993.3,109347.7,2936.7,593.4,8167.2,1048.6,0,1,0,0,0,0,108354.4,-106411.0,7573.8,-7118.6,37759.23333333333,3269.7333333333336,108354.4,7573.8,0.35694591006569765,1,22,2,1
109347.7,2936.7,450356.6,8167.2,1048.6,64909.3,1,0,2,0,0,1,-106411.0,447419.89999999997,-7118.6,63860.700000000004,187547.0,24708.36666666667,447419.89999999997,63860.700000000004,0.14412835488953668,3,0,3,1
2936.7,450356.6,1176716.1,1048.6,64909.3,72146.9,0,2,3,0,1,1,447419.89999999997,726359.5000000001,63860.700000000004,7237.599999999991,543336.4666666667,46034.93333333333,1173779.4000000001,71098.29999999999,0.06131201798631123,3,0,0,0
450356.6,1176716.1,4638.7,64909.3,72146.9,1846.8,2,3,0,1,1,0,726359.5000000001,-1172077.4000000001,7237.599999999991,-70300.09999999999,543903.8,46301.0,1172077.4000000001,70300.09999999999,0.398042976916611,1,22,1,1
1176716.1,4638.7,162955.5,72146.9,1846.8,57866.2,3,0,1,1,0,1,-1172077.4000000001,158316.8,-70300.09999999999,56019.399999999994,448103.43333333335,43953.299999999996,1172077.4000000001,70300.09999999999,0.3551021284821409,5,4,0,0
4638.7,162955.5,671.3,1846.8,57866.2,705.7,0,1,0,0,1,0,158316.8,-162284.2,56019.399999999994,-57160.5,56088.5,20139.566666666666,162284.2,57160.5,1.0496802022906442,1,22,1,0
162955.5,671.3,192176.7,57866.2,705.7,2621.7,1,0,1,1,0,0,-162284.2,191505.40000000002,-57160.5,1915.9999999999998,118601.16666666667,20397.866666666665,191505.40000000002,57160.5,0.013642061487883347,2,6,1,1
671.3,192176.7,115981.7,705.7,2621.7,75566.7,0,1,1,0,0,1,191505.40000000002,-76195.00000000001,1915.9999999999998,72945.0,102943.23333333334,26298.03333333333,191505.40000000002,74861.0,0.6515342374336862,2,6,0,0
192176.7,115981.7,1348.5,2621.7,75566.7,799.6,1,1,0,0,1,0,-76195.00000000001,-114633.2,72945.0,-74767.09999999999,103168.96666666667,26329.333333333332,190828.2,74767.09999999999,0.5925157465728048,1,22,1,1
115981.7,1348.5,152040.9,75566.7,799.6,53151.0,1,0,1,1,0,1,-114633.2,150692.4,-74767.09999999999,52351.4,89790.36666666665,43172.433333333334,150692.4,74767.09999999999,0.3495812667429176,5,19,2,1
1348.5,152040.9,263379.9,799.6,53151.0,76165.0,0,1,2,0,1,1,150692.4,111339.00000000003,52351.4,23014.0,138923.1,43371.86666666667,262031.40000000002,75365.4,0.2891819414391856,2,6,0,0
152040.9,263379.9,757.0,53151.0,76165.0,32.5,1,2,0,1,1,0,111339.00000000003,-262622.9,23014.0,-76132.5,138725.93333333335,43116.166666666664,262622.9,76132.5,0.04287598944591029,1,22,1,0
263379.9,757.0,169532.5,76165.0,32.5,18266.7,2,0,1,1,0,0,-262622.9,168775.5,-76132.5,18234.2,144556.46666666667,31488.066666666666,262622.9,76132.5,0.1077468464934659,2,6,1,0
757.0,169532.5,128357.0,32.5,18266.7,22519.8,0,1,1,0,0,0,168775.5,-41175.5,18234.2,4253.0999999999985,99548.83333333333,13606.333333333334,168775.5,22487.3,0.17544523909690085,2,6,0,0
169532.5,128357.0,3002.7,18266.7,22519.8,2623.3,1,1,0,0,0,0,-41175.5,-125354.3,4253.0999999999985,-19896.5,100297.40000000001,14469.933333333334,166529.8,19896.5,0.8733561940273664,1,22,3,0
128357.0,3002.7,1002564.4,22519.8,2623.3,22106.1,1,0,3,0,0,0,-125354.3,999561.7000000001,-19896.5,19482.8,377974.7,15749.733333333332,999561.7000000001,19896.5,0.022049534125155326,3,0,0,0
3002.7,1002564.4,1313.1,2623.3,22106.1,1310.0,0,3,0,0,0,0,999561.7000000001,-1001251.3,19482.8,-20796.1,335626.73333333334,8679.8,1001251.3,20796.1,0.9968799939121833,1,22,3,0
1002564.4,1313.1,1205282.0,22106.1,1310.0,42260.0,3,0,3,0,0,0,-1001251.3,1203968.9,-20796.1,40950.0,736386.5,21892.033333333336,1203968.9,40950.0,0.03506230486947878,3,0,0,0
1313.1,1205282.0,2508.6,1310.0,42260.0,566.8,0,3,0,0,0,0,1203968.9,-1202773.4,40950.0,-41693.2,403034.5666666667,14712.266666666668,1203968.9,41693.2,0.2258527255339496,1,22,2,1
1205282.0,2508.6,264864.1,42260.0,566.8,60887.0,3,0,2,0,0,1,-1202773.4,262355.5,-41693.2,60320.2,490884.9000000001,34571.26666666667,1202773.4,60320.2,0.22987928571940963,2,6,0,0
2508.6,264864.1,4852.9,566.8,60887.0,1436.5,0,2,0,0,1,0,262355.5,-260011.19999999998,60320.2,-59450.5,90741.86666666665,20963.433333333334,262355.5,60320.2,0.2959475885370527,1,22,0,0
264864.1,4852.9,605.6,60887.0,1436.5,2350.4,2,0,0,1,0,0,-260011.19999999998,-4247.299999999999,-59450.5,913.9000000000001,90107.53333333333,21557.966666666667,264258.5,59450.5,3.8747115067589846,1,22,0,0
4852.9,605.6,745.0,1436.5,2350.4,2848.5,0,0,0,0,0,0,-4247.299999999999,139.39999999999998,913.9000000000001,498.0999999999999,2067.8333333333335,2211.7999999999997,4247.299999999999,1412.0,3.8183646112600536,1,22,2,0
605.6,745.0,236630.9,2350.4,2848.5,41280.4,0,0,2,0,0,0,139.39999999999998,235885.9,498.0999999999999,38431.9,79327.16666666667,15493.1,236025.3,38930.0,0.1744498522811168,3,2,1,1
745.0,236630.9,108051.4,2848.5,41280.4,70620.4,0,2,1,0,0,1,235885.9,-128579.5,38431.9,29339.999999999993,115142.43333333333,38249.76666666666,235885.9,67771.9,0.6535754874486823,5,19,1,0
236630.9,108051.4,90824.4,41280.4,70620.4,41584.0,2,1,1,0,1,0,-128579.5,-17227.0,29339.999999999993,-29036.399999999994,145168.9,51161.6,145806.5,29339.999999999993,0.4578454925604512,2,6,2,0
108051.4,90824.4,317474.6,70620.4,41584.0,10776.3,1,1,2,1,0,0,-17227.0,226650.19999999998,-29036.399999999994,-30807.7,172116.8,40993.566666666666,226650.19999999998,59844.09999999999,0.03394371094975488,3,3,0,0
90824.4,317474.6,1120.3,41584.0,10776.3,1021.1,1,2,0,0,0,0,226650.19999999998,-316354.3,-30807.7,-9755.199999999999,136473.1,17793.8,316354.3,40562.9,0.9106394363685009,1,22,0,0
317474.6,1120.3,2321.4,10776.3,1021.1,1715.0,2,0,0,0,0,0,-316354.3,1201.1000000000001,-9755.199999999999,693.9,106972.09999999999,4504.133333333333,316354.3,9755.199999999999,0.7384602135721667,1,22,1,1
1120.3,2321.4,68297.1,1021.1,1715.0,113305.2,0,0,1,0,0,1,1201.1000000000001,65975.70000000001,693.9,111590.2,23912.933333333334,38680.433333333334,67176.8,112284.09999999999,1.6589802644583083,5,4,0,0
2321.4,68297.1,4128.9,1715.0,113305.2,1372.3,0,1,0,0,1,0,65975.70000000001,-64168.200000000004,111590.2,-111932.9,24915.8,38797.5,65975.70000000001,111932.9,0.3322840746749316,1,22,0,0
68297.1,4128.9,2948.0,113305.2,1372.3,832.8,1,0,0,1,0,0,-64168.200000000004,-1180.8999999999996,-111932.9,-539.5,25124.666666666668,38503.433333333334,65349.100000000006,112472.4,0.2824008138351984,1,22,1,1
4128.9,2948.0,189459.5,1372.3,832.8,75934.5,0,0,1,0,0,1,-1180.8999999999996,186511.5,-539.5,75101.7,65512.13333333333,26046.533333333336,186511.5,75101.7,0.40079330520082024,2,6,0,0
2948.0,189459.5,1668.5,832.8,75934.5,3044.6,0,1,0,0,1,0,186511.5,-187791.0,75101.7,-72889.9,64692.0,26603.96666666667,187791.0,75101.7,1.8236597783767594,1,22,2,1
189459.5,1668.5,218057.5,75934.5,3044.6,64588.2,1,0,2,1,0,1,-187791.0,216389.0,-72889.9,61543.6,136395.16666666666,47855.76666666666,216389.0,72889.9,0.2961966628221326,2,6,2,1
1668.5,218057.5,212895.5,3044.6,64588.2,73153.8,0,2,2,0,1,1,216389.0,-5162.0,61543.6,8565.600000000006,144207.16666666666,46928.86666666667,216389.0,70109.2,0.3436120368348,2,6,0,0
218057.5,212895.5,2256.3,64588.2,73153.8,1999.3,2,2,0,1,1,0,-5162.0,-210639.2,8565.600000000006,-71154.5,144403.1,46580.43333333333,215801.2,71154.5,0.8857041598369733,1,22,2,0
212895.5,2256.3,575041.7,73153.8,1999.3,23851.8,2,0,2,1,0,0,-210639.2,572785.3999999999,-71154.5,21852.5,263397.8333333333,33001.63333333334,572785.3999999999,71154.5,0.04147831108889827,3,0,1,1
2256.3,575041.7,163031.1,1999.3,23851.8,69058.4,0,2,1,0,0,1,572785.3999999999,-412010.6,21852.5,45206.59999999999,246776.36666666667,31636.5,572785.3999999999,67059.09999999999,0.42358774744360156,2,6,2,1
575041.7,163031.1,241379.2,23851.8,69058.4,73031.0,2,1,2,0,1,1,-412010.6,78348.1,45206.59999999999,3972.600000000006,326484.0,55313.73333333334,412010.6,49179.2,0.30255588486545293,2,6,0,0
163031.1,241379.2,1235.0,69058.4,73031.0,2986.7,1,2,0,1,1,0,78348.1,-240144.2,3972.600000000006,-70044.3,135215.1,48358.700000000004,240144.2,70044.3,2.4164239482200647,1,22,1,0
241379.2,1235.0,66233.7,73031.0,2986.7,2560.8,2,0,1,1,0,0,-240144.2,64998.7,-70044.3,-425.89999999999964,102949.3,26192.833333333332,240144.2,70470.2,0.03866251375789428,2,22,1,0
1235.0,66233.7,96134.3,2986.7,2560.8,13142.2,0,1,1,0,0,0,64998.7,29900.600000000006,-425.89999999999964,10581.400000000001,54534.333333333336,6229.900000000001,94899.3,10581.400000000001,0.13670524770817796,2,22,2,0
66233.7,96134.3,277571.0,2560.8,13142.2,33639.3,1,1,2,0,0,0,29900.600000000006,181436.7,10581.400000000001,20497.100000000002,146646.33333333334,16447.433333333334,211337.3,31078.500000000004,0.12119125848428516,3,0,2,0
96134.3,277571.0,232861.4,13142.2,33639.3,21290.1,1,2,2,0,0,0,181436.7,-44709.600000000006,20497.100000000002,-12349.200000000004,202188.9,22690.533333333336,181436.7,20497.100000000002,0.09142781316348195,2,6,0,0
277571.0,232861.4,793.5,33639.3,21290.1,3179.4,2,2,0,0,0,0,-44709.600000000006,-232067.9,-12349.200000000004,-18110.699999999997,170408.63333333333,19369.600000000002,276777.5,30459.9,4.001762114537445,1,22,0,0
232861.4,793.5,682.0,21290.1,3179.4,3715.6,2,0,0,0,0,0,-232067.9,-111.5,-18110.699999999997,536.1999999999998,78112.3,9395.033333333333,232179.4,18110.699999999997,5.440117130307467,1,22,0,0
793.5,682.0,607.6,3179.4,3715.6,480.8,0,0,0,0,0,0,-111.5,-74.39999999999998,536.1999999999998,-3234.7999999999997,694.3666666666667,2458.6,185.89999999999998,3234.7999999999997,0.7900098586920802,1,22,2,0
682.0,607.6,233468.1,3715.6,480.8,36153.5,0,0,2,0,0,0,-74.39999999999998,232860.5,-3234.7999999999997,35672.7,78252.56666666667,13449.966666666667,232860.5,35672.7,0.15485346883163553,3,2,2,0
607.6,233468.1,249924.2,480.8,36153.5,49180.0,0,2,2,0,0,0,232860.5,16456.100000000006,35672.7,13026.5,161333.30000000002,28604.766666666666,249316.6,48699.2,0.19677887623977092,2,6,2,1
233468.1,249924.2,222082.7,36153.5,49180.0,63824.4,2,2,2,0,0,1,16456.100000000006,-27841.5,13026.5,14644.400000000001,235158.33333333334,49719.299999999996,27841.5,27670.9,0.28738894389817893,2,6,1,0
249924.2,222082.7,183679.0,49180.0,63824.4,26350.8,2,2,1,0,1,0,-27841.5,-38403.70000000001,14644.400000000001,-37473.600000000006,218561.96666666667,46451.73333333333,66245.20000000001,37473.600000000006,0.14346036585365854,2,6,0,0
222082.7,183679.0,2659.3,63824.4,26350.8,289.0,2,1,0,1,0,0,-38403.70000000001,-181019.7,-37473.600000000006,-26061.8,136140.33333333334,30154.733333333334,219423.40000000002,63535.4,0.10863436454535202,1,22,0,0
183679.0,2659.3,1172.8,26350.8,289.0,1204.2,1,0,0,0,0,0,-181019.7,-1486.5000000000002,-26061.8,915.2,62503.69999999999,9281.333333333334,182506.2,26061.8,1.0258987902538763,1,22,0,0
2659.3,1172.8,2372.9,289.0,1204.2,1491.6,0,0,0,0,0,0,-1486.5000000000002,1200.1000000000001,915.2,287.39999999999986,2068.3333333333335,994.9333333333334,1486.5000000000002,1202.6,0.6283331227094654,1,22,2,0
1172.8,2372.9,290231.5,1204.2,1491.6,45757.7,0,0,2,0,0,0,1200.1000000000001,287858.6,287.39999999999986,44266.1,97925.73333333334,16151.166666666666,289058.7,44553.5,0.15765877356946584,2,6,3,1
2372.9,290231.5,1366115.3,1491.6,45757.7,55654.4,0,2,3,0,0,1,287858.6,1075883.8,44266.1,9896.700000000004,552906.5666666668,34301.23333333333,1363742.4000000001,54162.8,0.040739137656142455,3,0,0,0
290231.5,1366115.3,10077.7,45757.7,55654.4,40768.7,2,3,0,0,1,0,1075883.8,-1356037.6,9896.700000000004,-14885.700000000004,555474.8333333334,47393.6,1356037.6,14885.700000000004,4.0450355700635985,2,6,0,0
1366115.3,10077.7,1989.1,55654.4,40768.7,2277.0,3,0,0,1,0,0,-1356037.6,-8088.6,-14885.700000000004,-38491.7,459394.0333333334,32900.03333333333,1364126.2,53377.4,1.1441636098688508,1,22,1,1
10077.7,1989.1,71098.0,40768.7,2277.0,78064.9,0,0,1,0,0,1,-8088.6,69108.9,-38491.7,75787.9,27721.600000000002,40370.2,69108.9,75787.9,1.0979746550584395,2,6,0,0
1989.1,71098.0,1314.2,2277.0,78064.9,1605.3,0,1,0,0,1,0,69108.9,-69783.8,75787.9,-76459.59999999999,24800.433333333334,27315.733333333334,69783.8,76459.59999999999,1.220574817518248,1,22,3,0
71098.0,1314.2,982086.9,78064.9,1605.3,36581.4,1,0,3,1,0,0,-69783.8,980772.7000000001,-76459.59999999999,34976.1,351499.7,38750.53333333333,980772.7000000001,76459.59999999999,0.03724860065987983,3,0,1,0
1314.2,982086.9,195647.1,1605.3,36581.4,27877.5,0,3,1,0,0,0,980772.7000000001,-786439.8,34976.1,-8703.900000000001,393016.06666666665,22021.400000000005,980772.7000000001,34976.1,0.14248796691611113,5,19,2,0
982086.9,195647.1,260124.2,36581.4,27877.5,40205.3,3,1,2,0,0,0,-786439.8,64477.100000000006,-8703.900000000001,12327.800000000003,479286.06666666665,34888.06666666667,786439.8,12327.800000000003,0.15456134199992927,2,6,0,0
195647.1,260124.2,46692.5,27877.5,40205.3,50086.1,1,2,0,0,0,0,64477.100000000006,-213431.7,12327.800000000003,9880.799999999996,167487.93333333335,39389.63333333333,213431.7,22208.6,1.0726567937721525,2,6,3,1
260124.2,46692.5,1098397.0,40205.3,50086.1,58830.7,2,0,3,0,0,1,-213431.7,1051704.5,9880.799999999996,8744.599999999999,468404.56666666665,49707.36666666666,1051704.5,18625.399999999994,0.05356045804890395,3,0,2,0
46692.5,1098397.0,231385.5,50086.1,58830.7,21657.9,0,3,2,0,1,0,1051704.5,-867011.5,8744.599999999999,-37172.799999999996,458825.0,43524.899999999994,1051704.5,37172.799999999996,0.09360053417118112,2,6,0,0
1098397.0,231385.5,1821.8,58830.7,21657.9,772.3,3,2,0,1,0,0,-867011.5,-229563.7,-37172.799999999996,-20885.600000000002,443868.10000000003,27086.96666666667,1096575.2,58058.399999999994,0.423688830370858,1,22,0,0
231385.5,1821.8,2913.5,21657.9,772.3,1744.8,2,0,0,0,0,0,-229563.7,1091.7,-20885.600000000002,972.5,78706.93333333333,8058.333333333333,229563.7,20885.600000000002,0.5986618630983016,1,22,2,1
1821.8,2913.5,208667.2,772.3,1744.8,60893.0,0,0,2,0,0,1,1091.7,205753.7,972.5,59148.2,71134.16666666667,21136.7,206845.40000000002,60120.7,0.2918173444731876,2,6,1,1
2913.5,208667.2,118206.0,1744.8,60893.0,57257.2,0,2,1,0,1,1,205753.7,-90461.20000000001,59148.2,-3635.800000000003,109928.90000000001,39965.0,205753.7,59148.2,0.4843807896317477,5,19,0,0
208667.2,118206.0,1629.5,60893.0,57257.2,3558.9,2,1,0,1,1,0,-90461.20000000001,-116576.5,-3635.800000000003,-53698.299999999996,109500.90000000001,40569.7,207037.7,57334.1,2.1827046918123276,1,22,3,1
118206.0,1629.5,1295046.7,57257.2,3558.9,99311.8,1,0,3,1,0,1,-116576.5,1293417.2,-53698.299999999996,95752.90000000001,471627.39999999997,53375.96666666667,1293417.2,95752.90000000001,0.07668582400478377,3,0,0,1
1629.5,1295046.7,35987.9,3558.9,99311.8,56541.9,0,3,0,0,1,1,1293417.2,-1259058.8,95752.90000000001,-42769.9,444221.36666666664,53137.53333333333,1293417.2,95752.90000000001,1.5710927535990264,2,6,0,0
1295046.7,35987.9,3833.1,99311.8,56541.9,816.0,3,0,0,1,1,0,-1259058.8,-32154.800000000003,-42769.9,-55725.9,444955.89999999997,52223.23333333334,1291213.5999999999,98495.8,0.21282699981742784,1,22,0,0
35987.9,3833.1,748.2,56541.9,816.0,1369.0,0,0,0,1,0,0,-32154.800000000003,-3084.8999999999996,-55725.9,553.0,13523.066666666666,19575.633333333335,35239.700000000004,55725.9,1.8272824345969032,1,22,0,1
3833.1,748.2,17421.8,816.0,1369.0,69385.5,0,0,0,0,0,1,-3084.8999999999996,16673.6,553.0,68016.5,7334.366666666666,23856.833333333332,16673.6,68569.5,3.98245402575935,5,14,2,0
748.2,17421.8,241930.3,1369.0,69385.5,40001.1,0,0,2,0,1,0,16673.6,224508.5,68016.5,-29384.4,86700.09999999999,36918.53333333333,241182.09999999998,68016.5,0.16534073929251816,2,6,0,0
17421.8,241930.3,2233.6,69385.5,40001.1,1258.3,0,2,0,1,0,0,224508.5,-239696.69999999998,-29384.4,-38742.799999999996,87195.23333333332,36881.63333333334,239696.69999999998,68127.2,0.5630985411259286,1,22,0,0
241930.3,2233.6,2290.3,40001.1,1258.3,1318.0,2,0,0,0,0,0,-239696.69999999998,56.70000000000027,-38742.799999999996,59.700000000000045,82151.4,14192.466666666667,239696.69999999998,38742.799999999996,0.5752193078165233,1,22,1,1
2233.6,2290.3,141803.0,1258.3,1318.0,85534.8,0,0,1,0,0,1,56.70000000000027,139512.7,59.700000000000045,84216.8,48775.63333333333,29370.36666666667,139569.4,84276.5,0.6031903190319032,5,4,0,0
2290.3,141803.0,1877.0,1318.0,85534.8,3268.6,0,1,0,0,1,0,139512.7,-139926.0,84216.8,-82266.2,48656.76666666666,30040.46666666667,139926.0,84216.8,1.740468583599574,1,22,1,0
141803.0,1877.0,159359.1,85534.8,3268.6,17948.0,1,0,1,1,0,0,-139926.0,157482.1,-82266.2,14679.4,101013.03333333333,35583.8,157482.1,82266.2,0.11262543133444318,2,6,0,0
1877.0,159359.1,3580.9,3268.6,17948.0,2620.9,0,1,0,0,0,0,157482.1,-155778.2,14679.4,-15327.1,54939.0,7945.833333333333,157482.1,15327.1,0.7317066361428293,1,22,1,1
159359.1,3580.9,141549.6,17948.0,2620.9,75023.8,1,0,1,0,0,1,-155778.2,137968.7,-15327.1,72402.90000000001,101496.53333333333,31864.233333333337,155778.2,72402.90000000001,0.5300140020600407,2,6,1,1
3580.9,141549.6,149623.4,2620.9,75023.8,130073.5,0,1,1,0,1,1,137968.7,8073.799999999988,72402.90000000001,55049.7,98251.3,69239.40000000001,146042.5,127452.6,0.8693334776948145,5,4,1,1
141549.6,149623.4,159691.6,75023.8,130073.5,66693.8,1,1,1,1,1,1,8073.799999999988,10068.200000000012,55049.7,-63379.7,150288.19999999998,90597.03333333333,18142.0,63379.7,0.4176386382337065,2,6,1,0
149623.4,159691.6,127809.4,130073.5,66693.8,13727.2,1,1,1,1,1,0,10068.200000000012,-31882.20000000001,-63379.7,-52966.600000000006,145708.13333333333,70164.83333333333,31882.20000000001,116346.3,0.10740284045742758,2,6,2,0
159691.6,127809.4,293208.0,66693.8,13727.2,26323.6,1,1,2,1,0,0,-31882.20000000001,165398.6,-52966.600000000006,12596.399999999998,193569.66666666666,35581.53333333333,165398.6,52966.600000000006,0.08977759891408517,2,6,2,0
127809.4,293208.0,209743.3,13727.2,26323.6,43943.1,1,2,2,0,0,0,165398.6,-83464.70000000001,12596.399999999998,17619.5,210253.56666666665,27997.966666666664,165398.6,30215.899999999998,0.20950795802317393,2,6,0,0
293208.0,209743.3,493.3,26323.6,43943.1,1981.0,2,2,0,0,0,0,-83464.70000000001,-209250.0,17619.5,-41962.1,167814.86666666667,24082.566666666666,292714.7,41962.1,4.007687639085575,1,22,1,0
209743.3,493.3,108383.6,43943.1,1981.0,45614.2,2,0,1,0,0,0,-209250.0,107890.3,-41962.1,43633.2,106206.73333333332,30512.766666666663,209250.0,43633.2,0.42085499231440626,2,6,1,1
493.3,108383.6,190502.4,1981.0,45614.2,74374.6,0,1,1,0,0,1,107890.3,82118.79999999999,43633.2,28760.40000000001,99793.09999999999,40656.6,190009.1,72393.6,0.3904108798058198,2,6,0,0
108383.6,190502.4,4139.6,45614.2,74374.6,3498.8,1,1,0,0,1,0,82118.79999999999,-186362.8,28760.40000000001,-70875.8,101008.53333333333,41162.53333333333,186362.8,70875.8,0.844998309423755,1,22,0,0
190502.4,4139.6,1549.6,74374.6,3498.8,3141.3,1,0,0,1,0,0,-186362.8,-2590.0000000000005,-70875.8,-357.5,65397.200000000004,27004.900000000005,188952.8,71233.3,2.0258609570488844,1,22,0,0
4139.6,1549.6,1422.8,3498.8,3141.3,2255.9,0,0,0,0,0,0,-2590.0000000000005,-126.79999999999995,-357.5,-885.4000000000001,2370.666666666667,2965.3333333333335,2716.8,1242.9,1.5844219693777217,1,22,0,0
1549.6,1422.8,415.1,3141.3,2255.9,804.5,0,0,0,0,0,0,-126.79999999999995,-1007.6999999999999,-885.4000000000001,-1451.4,1129.1666666666665,2067.2333333333336,1134.5,2336.8,1.9334294640711367,1,22,1,0
1422.8,415.1,98395.9,2255.9,804.5,24720.3,0,0,1,0,0,0,-1007.6999999999999,97980.79999999999,-1451.4,23915.8,33411.26666666666,9260.233333333334,97980.79999999999,23915.8,0.2512304757568582,3,2,2,0
415.1,98395.9,240080.9,804.5,24720.3,47810.7,0,1,2,0,0,0,97980.79999999999,141685.0,23915.8,23090.399999999998,112963.96666666667,24445.166666666668,239665.8,47006.2,0.19914329235148504,2,6,0,0
98395.9,240080.9,1387.6,24720.3,47810.7,2338.7,1,2,0,0,0,0,141685.0,-238693.3,23090.399999999998,-45472.0,113288.13333333332,24956.566666666666,238693.3,45472.0,1.6842143165778483,1,22,0,0
240080.9,1387.6,1407.9,47810.7,2338.7,4046.1,2,0,0,0,0,0,-238693.3,20.300000000000182,-45472.0,1707.4,80958.8,18065.166666666664,238693.3,45472.0,2.871814891049755,1,22,2,0
1387.6,1407.9,274028.8,2338.7,4046.1,49973.6,0,0,2,0,0,0,20.300000000000182,272620.89999999997,1707.4,45927.5,92274.76666666666,18786.13333333333,272641.2,47634.9,0.18236556754046457,3,3,2,1
1407.9,274028.8,236092.7,4046.1,49973.6,79148.8,0,2,2,0,0,1,272620.89999999997,-37936.09999999998,45927.5,29175.200000000004,170509.80000000002,44389.5,272620.89999999997,75102.7,0.33524316828445655,2,6,2,0
274028.8,236092.7,241989.4,49973.6,79148.8,13426.3,2,2,2,0,1,0,-37936.09999999998,5896.6999999999825,29175.200000000004,-65722.5,250703.63333333333,47516.23333333333,37936.09999999998,65722.5,0.05548277948216127,2,6,2,0
236092.7,241989.4,263011.2,79148.8,13426.3,27220.4,2,2,2,1,0,0,5896.6999999999825,21021.800000000017,-65722.5,13794.100000000002,247031.1,39931.833333333336,26918.5,65722.5,0.10349481887152003,2,6,0,1
241989.4,263011.2,39831.9,13426.3,27220.4,53612.0,2,2,0,0,0,1,21021.800000000017,-223179.30000000002,13794.100000000002,26391.6,181610.83333333334,31419.566666666666,223179.30000000002,40185.7,1.3459225916265198,3,3,3,0
263011.2,39831.9,1014021.2,27220.4,53612.0,36073.5,2,0,3,0,1,0,-223179.30000000002,974189.2999999999,26391.6,-17538.5,438954.76666666666,38968.63333333333,974189.2999999999,26391.6,0.03557466493337128,3,0,2,1
39831.9,1014021.2,220079.9,53612.0,36073.5,58213.8,0,3,2,1,0,1,974189.2999999999,-793941.2999999999,-17538.5,22140.300000000003,424644.33333333326,49299.76666666666,974189.2999999999,22140.300000000003,0.26451091394119164,3,0,0,0
1014021.2,220079.9,2050.5,36073.5,58213.8,2003.0,3,2,0,0,1,0,-793941.2999999999,-218029.4,22140.300000000003,-56210.8,412050.53333333327,32096.766666666666,1011970.7,56210.8,0.9763587618815501,1,22,0,0
220079.9,2050.5,2705.5,58213.8,2003.0,2216.6,2,0,0,1,0,0,-218029.4,655.0,-56210.8,213.5999999999999,74945.3,20811.133333333335,218029.4,56210.8,0.8189913171993349,1,22,2,1
2050.5,2705.5,340032.7,2003.0,2216.6,95759.2,0,0,2,0,0,1,655.0,337327.2,213.5999999999999,93542.59999999999,114929.56666666667,33326.26666666667,337982.2,93756.2,0.2816167926884894,3,3,2,0
2705.5,340032.7,425122.2,2216.6,95759.2,21917.7,0,2,2,0,1,0,337327.2,85089.5,93542.59999999999,-73841.5,255953.46666666667,39964.5,422416.7,93542.59999999999,0.0515561136160059,2,22,0,0
340032.7,425122.2,573.7,95759.2,21917.7,407.4,2,2,0,1,0,0,85089.5,-424548.5,-73841.5,-21510.3,255242.86666666667,39361.43333333333,424548.5,95351.8,0.7088915956151034,1,22,0,0
425122.2,573.7,2772.9,21917.7,407.4,1717.9,2,0,0,0,0,0,-424548.5,2199.2,-21510.3,1310.5,142822.93333333335,8014.333333333335,424548.5,21510.3,0.6193085547424204,1,22,2,0
573.7,2772.9,554861.7,407.4,1717.9,7403.1,0,0,2,0,0,0,2199.2,552088.7999999999,1310.5,5685.200000000001,186069.43333333332,3176.1333333333337,554288.0,6995.700000000001,0.013342219615771615,3,0,0,0
2772.9,554861.7,2437.2,1717.9,7403.1,2746.1,0,2,0,0,0,0,552088.7999999999,-552424.5,5685.200000000001,-4657.0,186690.59999999998,3955.7000000000003,552424.5,5685.200000000001,1.1262816832089246,1,22,1,0
554861.7,2437.2,79858.4,7403.1,2746.1,46984.6,2,0,1,0,0,0,-552424.5,77421.2,-4657.0,44238.5,212385.76666666663,19044.600000000002,552424.5,44238.5,0.5883415102041839,3,2,0,0
2437.2,79858.4,188.1,2746.1,46984.6,78.3,0,1,0,0,0,0,77421.2,-79670.29999999999,44238.5,-46906.299999999996,27494.566666666666,16603.0,79670.29999999999,46906.299999999996,0.4140666314119513,1,22,2,0
79858.4,188.1,225550.4,46984.6,78.3,2832.4,1,0,2,0,0,0,-79670.29999999999,225362.3,-46906.299999999996,2754.1,101865.63333333335,16631.766666666666,225362.3,46906.299999999996,0.012557669781699428,2,6,3,0
188.1,225550.4,812703.8,78.3,2832.4,5533.4,0,2,3,0,0,0,225362.3,587153.4,2754.1,2700.9999999999995,346147.43333333335,2814.7000000000003,812515.7000000001,5455.099999999999,0.006808622269734348,3,0,0,0
225550.4,812703.8,651.7,2832.4,5533.4,1601.7,2,3,0,0,0,0,587153.4,-812052.1000000001,2700.9999999999995,-3931.7,346301.9666666667,3322.5,812052.1000000001,3931.7,2.453960471886012,1,22,0,0
812703.8,651.7,4623.5,5533.4,1601.7,2505.7,3,0,0,0,0,0,-812052.1000000001,3971.8,-3931.7,903.9999999999998,272659.6666666667,3213.6,812052.1000000001,3931.7,0.5418315493566872,1,22,1,0
651.7,4623.5,86110.7,1601.7,2505.7,39341.3,0,0,1,0,0,0,3971.8,81487.2,903.9999999999998,36835.600000000006,30461.966666666664,14482.900000000001,85459.0,37739.600000000006,0.4568635853199972,2,6,2,0
4623.5,86110.7,210172.2,2505.7,39341.3,21737.0,0,1,2,0,0,0,81487.2,124061.50000000001,36835.600000000006,-17604.300000000003,100302.13333333335,21194.666666666668,205548.7,36835.600000000006,0.10342422344999266,2,6,0,0
86110.7,210172.2,4856.6,39341.3,21737.0,4125.5,1,2,0,0,0,0,124061.50000000001,-205315.6,-17604.300000000003,-17611.5,100379.83333333333,21734.600000000002,205315.6,35215.8,0.8492877140974966,1,22,0,0
210172.2,4856.6,929.7,21737.0,4125.5,797.9,2,0,0,0,0,0,-205315.6,-3926.9000000000005,-17611.5,-3327.6,71986.16666666667,8886.800000000001,209242.5,20939.1,0.8573117008703126,1,22,0,0
4856.6,929.7,2466.8,4125.5,797.9,2393.6,0,0,0,0,0,0,-3926.9000000000005,1537.1000000000001,-3327.6,1595.6999999999998,2751.0333333333333,2439.0,3926.9000000000005,3327.6,0.9699327336088823,1,22,2,1
929.7,2466.8,305222.8,797.9,2393.6,81705.9,0,0,2,0,0,1,1537.1000000000001,302756.0,1595.6999999999998,79312.29999999999,102873.09999999999,28299.13333333333,304293.1,80908.0,0.26769177239782743,3,3,0,1
2466.8,305222.8,13506.9,2393.6,81705.9,71752.7,0,2,0,0,1,1,302756.0,-291715.89999999997,79312.29999999999,-9953.199999999997,107065.5,51950.73333333334,302756.0,79312.29999999999,5.311906365904397,2,6,2,1
305222.8,13506.9,222177.9,81705.9,71752.7,69931.2,2,0,2,1,1,1,-291715.89999999997,208671.0,-9953.199999999997,-1821.5,180302.53333333333,74463.26666666666,291715.89999999997,11774.699999999997,0.31475176085577883,2,6,1,1
13506.9,222177.9,128773.9,71752.7,69931.2,67972.6,0,2,1,1,1,1,208671.0,-93404.0,-1821.5,-1958.5999999999913,121486.23333333332,69885.5,208671.0,3780.0999999999913,0.5278404409554969,2,6,1,0
222177.9,128773.9,193056.1,69931.2,67972.6,6861.4,2,1,1,1,1,0,-93404.0,64282.20000000001,-1958.5999999999913,-61111.200000000004,181335.96666666667,48255.06666666666,93404.0,63069.799999999996,0.03554078042195806,2,6,1,1
128773.9,193056.1,165504.6,67972.6,6861.4,78705.5,1,1,1,1,0,1,64282.20000000001,-27551.5,-61111.200000000004,71844.1,162444.86666666667,51179.833333333336,64282.20000000001,71844.1,0.4755458425575932,2,6,1,0
193056.1,165504.6,186131.1,6861.4,78705.5,3300.6,1,1,1,0,1,0,-27551.5,20626.5,71844.1,-75404.9,181563.93333333335,29622.5,27551.5,75404.9,0.017732567354045863,2,6,0,0
165504.6,186131.1,852.8,78705.5,3300.6,273.7,1,1,0,1,0,0,20626.5,-185278.30000000002,-75404.9,-3026.9,117496.16666666667,27426.600000000002,185278.30000000002,78431.8,0.3205668774888733,1,22,2,0
186131.1,852.8,273602.9,3300.6,273.7,49013.6,1,0,2,0,0,0,-185278.30000000002,272750.10000000003,-3026.9,48739.9,153528.93333333335,17529.3,272750.10000000003,48739.9,0.17914072131281752,3,2,2,0
852.8,273602.9,282353.2,273.7,49013.6,28335.3,0,2,2,0,0,0,272750.10000000003,8750.299999999988,48739.9,-20678.3,185602.96666666667,25874.199999999997,281500.4,48739.9,0.10035374008957543,2,22,0,0
273602.9,282353.2,4221.0,49013.6,28335.3,2744.6,2,2,0,0,0,0,8750.299999999988,-278132.2,-20678.3,-25590.7,186725.70000000004,26697.833333333332,278132.2,46269.0,0.650071056371388,1,22,2,0
282353.2,4221.0,248389.0,28335.3,2744.6,41119.0,2,0,2,0,0,0,-278132.2,244168.0,-25590.7,38374.4,178321.06666666665,24066.3,278132.2,38374.4,0.16554209106646806,2,6,0,0
4221.0,248389.0,43511.2,2744.6,41119.0,38254.9,0,2,0,0,0,0,244168.0,-204877.8,38374.4,-2864.0999999999985,98707.06666666667,27372.833333333332,244168.0,38374.4,0.8791764148905366,3,2,0,0
248389.0,43511.2,1153.7,41119.0,38254.9,2120.8,2,0,0,0,0,0,-204877.8,-42357.5,-2864.0999999999985,-36134.1,97684.63333333335,27164.899999999998,247235.3,38998.2,1.8366675326924744,1,22,2,1
43511.2,1153.7,225314.4,38254.9,2120.8,67353.1,0,0,2,0,0,1,-42357.5,224160.69999999998,-36134.1,65232.3,89993.09999999999,35909.600000000006,224160.69999999998,65232.3,0.29892808037089347,2,6,1,0
1153.7,225314.4,85760.1,2120.8,67353.1,29353.4,0,2,1,0,1,0,224160.69999999998,-139554.3,65232.3,-37999.700000000004,104076.06666666667,32942.43333333334,224160.69999999998,65232.3,0.34226939719756394,2,6,0,0
225314.4,85760.1,2927.2,67353.1,29353.4,2845.9,2,1,0,1,0,0,-139554.3,-82832.90000000001,-37999.700000000004,-26507.5,104667.23333333334,33184.13333333333,222387.19999999998,64507.200000000004,0.9718939963117275,1,22,3,0
85760.1,2927.2,721357.8,29353.4,2845.9,16044.9,1,0,3,0,0,0,-82832.90000000001,718430.6000000001,-26507.5,13199.0,270015.0333333334,16081.400000000001,718430.6000000001,26507.5,0.022242606591892963,3,0,2,0
2927.2,721357.8,220217.4,2845.9,16044.9,16481.4,0,3,2,0,0,0,718430.6000000001,-501140.4,13199.0,436.5000000000018,314834.13333333336,11790.733333333332,718430.6000000001,13635.500000000002,0.0748411576870961,2,6,0,0
721357.8,220217.4,4829.9,16044.9,16481.4,3845.3,3,2,0,0,0,0,-501140.4,-215387.5,436.5000000000018,-12636.100000000002,315468.3666666667,12123.866666666669,716527.9,12636.100000000002,0.795980045126167,1,22,0,0
220217.4,4829.9,948.4,16481.4,3845.3,1186.1,2,0,0,0,0,0,-215387.5,-3881.4999999999995,-12636.100000000002,-2659.2000000000003,75331.9,7170.933333333333,219269.0,15295.300000000001,1.2493153570676216,1,22,2,0
4829.9,948.4,218661.6,3845.3,1186.1,21245.1,0,0,2,0,0,0,-3881.4999999999995,217713.2,-2659.2000000000003,20059.0,74813.3,8758.833333333334,217713.2,20059.0,0.09715927643776301,2,6,0,0
948.4,218661.6,653.0,1186.1,21245.1,724.1,0,2,0,0,0,0,217713.2,-218008.6,20059.0,-20521.0,73421.0,7718.433333333332,218008.6,20521.0,1.1071865443425077,1,22,2,0
218661.6,653.0,227970.6,21245.1,724.1,12353.3,2,0,2,0,0,0,-218008.6,227317.6,-20521.0,11629.199999999999,149095.06666666668,11440.833333333334,227317.6,20521.0,0.05418789007051755,2,6,2,0
653.0,227970.6,213244.6,724.1,12353.3,15884.3,0,2,2,0,0,0,227317.6,-14726.0,11629.199999999999,3531.0,147289.4,9653.9,227317.6,15160.199999999999,0.07448828955908117,2,6,1,0
227970.6,213244.6,98084.6,12353.3,15884.3,19624.9,2,2,1,0,0,0,-14726.0,-115160.0,3531.0,3740.600000000002,179766.6,15954.166666666666,129886.0,7271.600000000002,0.20007931847284413,2,6,2,0
213244.6,98084.6,265652.7,15884.3,19624.9,15814.7,2,1,2,0,0,0,-115160.0,167568.1,3740.600000000002,-3810.2000000000007,192327.30000000002,17107.966666666664,167568.1,3810.2000000000007,0.0595312619398864,2,6,0,0
98084.6,265652.7,3548.3,19624.9,15814.7,1205.3,1,2,0,0,0,0,167568.1,-262104.40000000002,-3810.2000000000007,-14609.400000000001,122428.53333333334,12214.966666666669,262104.40000000002,18419.600000000002,0.3395880877919589,1,22,3,0
265652.7,3548.3,889109.4,15814.7,1205.3,38141.6,2,0,3,0,0,0,-262104.40000000002,885561.1,-14609.400000000001,36936.299999999996,386103.4666666666,18387.2,885561.1,36936.299999999996,0.04289860966647111,3,0,0,0
3548.3,889109.4,2264.9,1205.3,38141.6,3173.6,0,3,0,0,0,0,885561.1,-886844.5,36936.299999999996,-34968.0,298307.5333333334,14173.5,886844.5,36936.299999999996,1.4005913764949909,1,22,0,1
889109.4,2264.9,26611.6,38141.6,3173.6,127687.8,3,0,0,0,0,1,-886844.5,24346.699999999997,-34968.0,124514.2,305995.3,56334.333333333336,886844.5,124514.2,4.798020486536453,5,19,0,0
2264.9,26611.6,2782.2,3173.6,127687.8,1000.5,0,0,0,0,1,0,24346.699999999997,-23829.399999999998,124514.2,-126687.3,10552.9,43953.966666666674,24346.699999999997,126687.3,0.35947829836159817,1,22,1,1
26611.6,2782.2,117138.0,127687.8,1000.5,65818.1,0,0,1,1,0,1,-23829.399999999998,114355.8,-126687.3,64817.600000000006,48843.93333333333,64835.466666666674,114355.8,126687.3,0.5618803302059946,3,2,1,1
2782.2,117138.0,57340.5,1000.5,65818.1,109453.3,0,1,1,0,1,1,114355.8,-59797.5,64817.600000000006,43635.2,59086.9,58757.30000000001,114355.8,108452.8,1.9087972934087878,5,19,3,1
117138.0,57340.5,1253293.6,65818.1,109453.3,80458.0,1,1,3,1,1,1,-59797.5,1195953.1,43635.2,-28995.300000000003,475924.0333333334,85243.13333333335,1195953.1,43635.2,0.06419719673251603,3,0,2,0
57340.5,1253293.6,233155.7,109453.3,80458.0,22140.7,1,3,2,1,1,0,1195953.1,-1020137.9000000001,-28995.300000000003,-58317.3,514596.60000000003,70684.0,1195953.1,87312.6,0.09496059945950514,2,6,1,0
1253293.6,233155.7,95599.7,80458.0,22140.7,15953.3,3,2,1,1,0,0,-1020137.9000000001,-137556.0,-58317.3,-6187.4000000000015,527349.6666666666,39517.333333333336,1157693.9000000001,64504.7,0.16687430112959423,3,0,0,0
233155.7,95599.7,956.5,22140.7,15953.3,742.1,2,1,0,0,0,0,-137556.0,-94643.2,-6187.4000000000015,-15211.199999999999,109903.96666666667,12945.366666666667,232199.2,21398.600000000002,0.7750391644908616,1,22,0,0
95599.7,956.5,1880.2,15953.3,742.1,1920.7,1,0,0,0,0,0,-94643.2,923.7,-15211.199999999999,1178.6,32812.13333333333,6205.366666666666,94643.2,15211.199999999999,1.0209972358069317,1,22,0,0
956.5,1880.2,198.2,742.1,1920.7,3521.4,0,0,0,0,0,0,923.7,-1682.0,1178.6,1600.7,1011.6333333333332,2061.4,1682.0,2779.3,17.677710843373497,1,22,0,0
1880.2,198.2,4350.6,1920.7,3521.4,89.1,0,0,0,0,0,0,-1682.0,4152.400000000001,1600.7,-3432.3,2143.0,1843.7333333333336,4152.400000000001,3432.3,0.020475227502527803,1,22,0,0
198.2,4350.6,1806.6,3521.4,89.1,2661.9,0,0,0,0,0,0,4152.400000000001,-2544.0000000000005,-3432.3,2572.8,2118.4666666666667,2090.7999999999997,4152.400000000001,3432.3,1.4726156229254261,1,22,2,0
4350.6,1806.6,274378.9,89.1,2661.9,25889.5,0,0,2,0,0,0,-2544.0000000000005,272572.30000000005,2572.8,23227.6,93512.03333333334,9546.833333333334,272572.30000000005,25800.4,0.094356401471099,2,6,2,0
1806.6,274378.9,319933.1,2661.9,25889.5,7066.2,0,2,2,0,0,0,272572.30000000005,45554.19999999995,23227.6,-18823.3,198706.19999999998,11872.533333333333,318126.5,23227.6,0.022086423422823638,3,0,1,1
274378.9,319933.1,102160.2,25889.5,7066.2,92755.3,2,2,1,0,0,1,45554.19999999995,-217772.89999999997,-18823.3,85689.1,232157.4,41903.666666666664,217772.89999999997,85689.1,0.9079307995599113,5,19,3,1
319933.1,102160.2,629033.5,7066.2,92755.3,84239.2,2,1,3,0,1,1,-217772.89999999997,526873.3,85689.1,-8516.100000000006,350375.60000000003,61353.56666666667,526873.3,85689.1,0.13391825090674678,3,0,0,0
102160.2,629033.5,1991.4,92755.3,84239.2,1483.9,1,3,0,1,1,0,526873.3,-627042.1,-8516.100000000006,-82755.3,244395.03333333333,59492.799999999996,627042.1,91271.40000000001,0.7447801646255772,1,22,0,0
629033.5,1991.4,1521.9,84239.2,1483.9,4855.3,3,0,0,1,0,0,-627042.1,-469.5,-82755.3,3371.4,210848.93333333335,30192.8,627511.6,82755.3,3.1881935780418935,1,22,2,1
1991.4,1521.9,310005.7,1483.9,4855.3,90582.2,0,0,2,0,0,1,-469.5,308483.8,3371.4,85726.9,104506.33333333333,32307.13333333333,308483.8,89098.3,0.292194329993513,3,3,3,1
1521.9,310005.7,660429.7,4855.3,90582.2,78536.9,0,2,3,0,1,1,308483.8,350423.99999999994,85726.9,-12045.300000000003,323985.76666666666,57991.46666666667,658907.7999999999,85726.9,0.1189177002219915,3,0,2,0
310005.7,660429.7,230337.6,90582.2,78536.9,2799.5,2,3,2,1,1,0,350423.99999999994,-430092.1,-12045.300000000003,-75737.4,400257.6666666667,57306.19999999999,430092.1,87782.7,0.012153846554593976,2,22,3,1
660429.7,230337.6,1387412.7,78536.9,2799.5,89226.5,3,2,3,1,0,1,-430092.1,1157075.0999999999,-75737.4,86427.0,759393.3333333334,56854.299999999996,1157075.0999999999,86427.0,0.06431138743980977,3,0,1,0
230337.6,1387412.7,189140.8,2799.5,89226.5,37784.7,2,3,1,0,1,0,1157075.0999999999,-1198271.9,86427.0,-51441.8,602297.0333333333,43270.23333333333,1198271.9,86427.0,0.1997691678941408,5,14,1,0
1387412.7,189140.8,152851.5,89226.5,37784.7,28184.7,3,1,1,1,0,0,-1198271.9,-36289.29999999999,-51441.8,-9599.999999999996,576468.3333333334,51731.96666666667,1234561.2,61041.8,0.18439148852652068,5,14,0,0
189140.8,152851.5,4807.6,37784.7,28184.7,3887.2,1,1,0,0,0,0,-36289.29999999999,-148043.9,-9599.999999999996,-24297.5,115599.96666666666,23285.53333333333,184333.19999999998,33897.5,0.8083849769163581,1,22,0,0
152851.5,4807.6,3876.0,28184.7,3887.2,3245.7,1,0,0,0,0,0,-148043.9,-931.6000000000004,-24297.5,-641.5,53845.03333333333,11772.533333333333,148975.5,24939.0,0.8371679133350528,1,22,2,0
4807.6,3876.0,289746.0,3887.2,3245.7,5080.1,0,0,2,0,0,0,-931.6000000000004,285870.0,-641.5,1834.4000000000005,99476.53333333333,4071.0,285870.0,1834.4000000000005,0.017532882135104073,3,0,2,0
3876.0,289746.0,265471.6,3245.7,5080.1,25500.0,0,2,2,0,0,0,285870.0,-24274.400000000023,1834.4000000000005,20419.9,186364.53333333333,11275.266666666668,285870.0,22254.3,0.0960551107722605,2,6,1,0
289746.0,265471.6,74674.2,5080.1,25500.0,17859.1,2,2,1,0,0,0,-24274.400000000023,-190797.39999999997,20419.9,-7640.9000000000015,209963.93333333332,16146.4,215071.8,20419.9,0.23915704276654096,2,6,1,1
265471.6,74674.2,77196.1,25500.0,17859.1,55407.7,2,1,1,0,0,1,-190797.39999999997,2521.9000000000087,-7640.9000000000015,37548.6,139113.96666666667,32922.26666666666,190797.39999999997,37548.6,0.7177432831026035,2,6,0,0
74674.2,77196.1,393.0,17859.1,55407.7,397.6,1,1,0,0,1,0,2521.9000000000087,-76803.1,37548.6,-55010.1,50754.43333333333,24554.8,76803.1,55010.1,1.0091370558375634,1,22,0,0
77196.1,393.0,2459.8,55407.7,397.6,2809.8,1,0,0,1,0,0,-76803.1,2066.8,-55010.1,2412.2000000000003,26682.96666666667,19538.366666666665,76803.1,55010.1,1.1418237971391418,1,22,2,1
393.0,2459.8,275593.3,397.6,2809.8,55132.8,0,0,2,0,0,1,2066.8,273133.5,2412.2000000000003,52323.0,92815.36666666665,19446.733333333334,275200.3,54735.200000000004,0.20005058159766007,3,2,1,1
2459.8,275593.3,147120.3,2809.8,55132.8,118012.6,0,2,1,0,1,1,273133.5,-128473.0,52323.0,62879.8,141724.46666666665,58651.73333333334,273133.5,115202.8,0.8021448967620597,5,19,0,1
275593.3,147120.3,42908.2,55132.8,118012.6,61517.5,2,1,0,1,1,1,-128473.0,-104212.09999999999,62879.8,-56495.100000000006,155207.26666666666,78220.96666666667,232685.09999999998,62879.8,1.4336669059315952,2,6,2,1
147120.3,42908.2,233111.8,118012.6,61517.5,72045.7,1,0,2,1,1,1,-104212.09999999999,190203.59999999998,-56495.100000000006,10528.199999999997,141046.76666666666,83858.59999999999,190203.59999999998,56495.100000000006,0.3090593909901129,2,6,1,1
42908.2,233111.8,151467.0,61517.5,72045.7,72320.0,0,2,1,1,1,1,190203.59999999998,-81644.79999999999,10528.199999999997,274.3000000000029,142495.66666666666,68627.73333333334,190203.59999999998,10802.5,0.4774605857342805,5,19,0,0
233111.8,151467.0,544.0,72045.7,72320.0,2055.6,2,1,0,1,1,0,-81644.79999999999,-150923.0,274.3000000000029,-70264.4,128374.26666666666,48807.100000000006,232567.8,70264.4,3.771743119266055,1,22,1,0
151467.0,544.0,184200.1,72320.0,2055.6,21627.1,1,0,1,1,0,0,-150923.0,183656.1,-70264.4,19571.5,112070.36666666665,32000.900000000005,183656.1,70264.4,0.11741026519385606,3,2,0,0
544.0,184200.1,3846.2,2055.6,21627.1,1877.2,0,1,0,0,0,0,183656.1,-180353.9,19571.5,-19749.899999999998,62863.43333333334,8519.966666666665,183656.1,19749.899999999998,0.4879392805156998,1,22,0,0
184200.1,3846.2,4151.5,21627.1,1877.2,2520.2,1,0,0,0,0,0,-180353.9,305.3000000000002,-19749.899999999998,642.9999999999998,64065.93333333334,8674.833333333334,180353.9,19749.899999999998,0.6069114990969295,1,22,0,0
3846.2,4151.5,3666.9,1877.2,2520.2,1972.2,0,0,0,0,0,0,305.3000000000002,-484.5999999999999,642.9999999999998,-547.9999999999998,3888.2000000000003,2123.2,484.5999999999999,642.9999999999998,0.5376918672810055,1,22,1,0
4151.5,3666.9,60451.3,2520.2,1972.2,18476.1,0,0,1,0,0,0,-484.5999999999999,56784.4,-547.9999999999998,16503.899999999998,22756.566666666666,7656.166666666667,56784.4,16503.899999999998,0.3056310512585956,2,6,2,1
3666.9,60451.3,542400.7,1972.2,18476.1,67134.3,0,1,2,0,0,1,56784.4,481949.39999999997,16503.899999999998,48658.200000000004,202172.96666666665,29194.2,538733.7999999999,65162.100000000006,0.1237722890617784,3,0,2,0
60451.3,542400.7,463198.0,18476.1,67134.3,41747.5,1,2,2,0,1,0,481949.39999999997,-79202.69999999995,48658.200000000004,-25386.800000000003,355350.0,42452.63333333333,481949.39999999997,48658.200000000004,0.09012864880969086,3,0,0,1
542400.7,463198.0,26268.8,67134.3,41747.5,144399.2,2,2,0,1,0,1,-79202.69999999995,-436929.2,-25386.800000000003,102651.70000000001,343955.8333333333,84427.0,516131.89999999997,102651.70000000001,5.496775765327487,5,19,0,0
463198.0,26268.8,985.0,41747.5,144399.2,2792.9,2,0,0,0,1,0,-436929.2,-25283.8,102651.70000000001,-141606.30000000002,163483.93333333332,62979.86666666667,462213.0,141606.30000000002,2.832555780933063,1,22,0,0
26268.8,985.0,481.0,144399.2,2792.9,93.6,0,0,0,1,0,0,-25283.8,-504.0,-141606.30000000002,-2699.3,9244.933333333332,49095.23333333334,25787.8,144305.6,0.19419087136929458,1,22,0,1
985.0,481.0,48393.4,2792.9,93.6,69685.0,0,0,0,0,0,1,-504.0,47912.4,-2699.3,69591.4,16619.8,24190.5,47912.4,69591.4,1.4399393318235167,3,2,0,1
481.0,48393.4,22200.4,93.6,69685.0,58068.5,0,0,0,0,1,1,47912.4,-26193.0,69591.4,-11616.5,23691.600000000002,42615.700000000004,47912.4,69591.4,2.6155332546596157,5,19,2,0
48393.4,22200.4,606785.9,69685.0,58068.5,48195.7,0,0,2,1,1,0,-26193.0,584585.5,-11616.5,-9872.800000000003,225793.23333333337,58649.73333333334,584585.5,21489.300000000003,0.0794277200117537,3,0,3,0
22200.4,606785.9,1441885.5,58068.5,48195.7,43161.8,0,2,3,1,0,0,584585.5,835099.6,-9872.800000000003,-5033.899999999994,690290.6,49808.666666666664,1419685.1,14906.699999999997,0.029934256267743684,3,0,0,0
606785.9,1441885.5,1281.5,48195.7,43161.8,850.1,2,3,0,0,0,0,835099.6,-1440604.0,-5033.899999999994,-42311.700000000004,683317.6333333333,30735.86666666667,1440604.0,47345.6,0.6628460038986355,1,22,0,0
1441885.5,1281.5,3030.1,43161.8,850.1,4022.0,3,0,0,0,0,0,-1440604.0,1748.6,-42311.700000000004,3171.9,482065.7,16011.300000000001,1440604.0,42311.700000000004,1.3269110224011085,1,22,2,0
1281.5,3030.1,590596.7,850.1,4022.0,49987.0,0,0,2,0,0,0,1748.6,587566.6,3171.9,45965.0,198302.76666666663,18286.366666666665,589315.2,49136.9,0.08463798622988204,3,0,0,0
3030.1,590596.7,2768.1,4022.0,49987.0,1586.5,0,2,0,0,0,0,587566.6,-587828.6,45965.0,-48400.5,198798.29999999996,18531.833333333332,587828.6,48400.5,0.5729298327976599,1,22,0,0
590596.7,2768.1,3924.9,49987.0,1586.5,1642.0,2,0,0,0,0,0,-587828.6,1156.8000000000002,-48400.5,55.5,199096.56666666665,17738.5,587828.6,48400.5,0.41824804503425966,1,22,0,0
2768.1,3924.9,3438.7,1586.5,1642.0,771.5,0,0,0,0,0,0,1156.8000000000002,-486.2000000000003,55.5,-870.5,3377.2333333333336,1333.3333333333333,1156.8000000000002,870.5,0.2242928162339739,1,22,0,0
3924.9,3438.7,4684.0,1642.0,771.5,2442.6,0,0,0,0,0,0,-486.2000000000003,1245.3000000000002,-870.5,1671.1,4015.866666666667,1618.7,1245.3000000000002,1671.1,0.5213660618996798,1,22,2,1
3438.7,4684.0,244786.4,771.5,2442.6,58755.0,0,0,2,0,0,1,1245.3000000000002,240102.4,1671.1,56312.4,84303.03333333334,20656.366666666665,241347.69999999998,57983.5,0.24002460910978263,2,6,1,0
4684.0,244786.4,120388.2,2442.6,58755.0,31762.8,0,2,1,0,1,0,240102.4,-124398.2,56312.4,-26992.2,123286.2,30986.8,240102.4,56312.4,0.263834297428673,3,0,1,0
244786.4,120388.2,149438.3,58755.0,31762.8,30634.1,2,1,1,1,0,0,-124398.2,29050.09999999999,-26992.2,-1128.7000000000007,171537.63333333333,40383.96666666667,124398.2,28120.9,0.20499359940792014,2,6,2,0
120388.2,149438.3,280827.3,31762.8,30634.1,28971.0,1,1,2,0,0,0,29050.09999999999,131389.0,-1128.7000000000007,-1663.0999999999985,183551.2666666667,30455.966666666664,160439.09999999998,2791.7999999999993,0.10316267982963256,3,3,0,0
149438.3,280827.3,1621.5,30634.1,28971.0,3312.8,1,2,0,0,0,0,131389.0,-279205.8,-1663.0999999999985,-25658.2,143962.36666666667,20972.633333333335,279205.8,27321.3,2.041787365177196,1,22,2,0
280827.3,1621.5,309155.9,28971.0,3312.8,38904.1,2,0,2,0,0,0,-279205.8,307534.4,-25658.2,35591.299999999996,197201.56666666665,23729.3,307534.4,35591.299999999996,0.12583933918343726,3,0,1,1
1621.5,309155.9,100766.6,3312.8,38904.1,51606.7,0,2,1,0,0,1,307534.4,-208389.30000000002,35591.299999999996,12702.599999999999,137181.33333333334,31274.533333333336,307534.4,48293.899999999994,0.5121358452518467,2,6,0,0
309155.9,100766.6,1805.5,38904.1,51606.7,231.2,2,1,0,0,1,0,-208389.30000000002,-98961.1,12702.599999999999,-51375.5,137242.66666666666,30247.33333333333,307350.4,51375.5,0.12798228618876278,1,22,1,0
100766.6,1805.5,89615.5,51606.7,231.2,11303.5,1,0,1,1,0,0,-98961.1,87810.0,-51375.5,11072.3,64062.53333333333,21047.13333333333,98961.1,51375.5,0.12613190651275155,3,2,2,1
1805.5,89615.5,219402.3,231.2,11303.5,51367.8,0,1,2,0,0,1,87810.0,129786.79999999999,11072.3,40064.3,103607.76666666666,20967.5,217596.8,51136.600000000006,0.23412501088178714,2,6,2,1
89615.5,219402.3,448309.5,11303.5,51367.8,97326.0,1,2,2,0,1,1,129786.79999999999,228907.2,40064.3,45958.2,252442.43333333335,53332.43333333333,358694.0,86022.5,0.21709507138467646,3,0,1,1
219402.3,448309.5,88348.2,51367.8,97326.0,66917.9,2,2,1,1,1,1,228907.2,-359961.3,45958.2,-30408.100000000006,252020.0,71870.56666666667,359961.3,45958.2,0.7574250813816084,3,2,0,0
448309.5,88348.2,740.7,97326.0,66917.9,433.1,2,1,0,1,1,0,-359961.3,-87607.5,-30408.100000000006,-66484.79999999999,179132.79999999996,54892.333333333336,447568.8,96892.9,0.5839288121882162,1,22,1,0
88348.2,740.7,160977.4,66917.9,433.1,40415.6,1,0,1,1,0,0,-87607.5,160236.69999999998,-66484.79999999999,39982.5,83355.43333333333,35922.200000000004,160236.69999999998,66484.79999999999,0.2510622543148646,3,0,2,1
740.7,160977.4,293168.8,433.1,40415.6,51749.5,0,1,2,0,0,1,160236.69999999998,132191.4,39982.5,11333.900000000001,151628.96666666667,30866.066666666666,292428.1,51316.4,0.17651715831576104,2,6,1,1
160977.4,293168.8,165126.9,40415.6,51749.5,98125.3,1,2,1,0,1,1,132191.4,-128041.9,11333.900000000001,46375.8,206424.36666666667,63430.13333333334,132191.4,57709.700000000004,0.5942381632661713,3,3,2,1
293168.8,165126.9,278595.0,51749.5,98125.3,60442.8,2,1,2,1,1,1,-128041.9,113468.1,46375.8,-37682.5,245630.2333333333,70105.86666666665,128041.9,46375.8,0.21695501730103808,2,6,1,1
165126.9,278595.0,82456.0,98125.3,60442.8,95284.1,1,2,1,1,1,1,113468.1,-196139.0,-37682.5,34841.3,175392.63333333333,84617.40000000001,196139.0,37682.5,1.155561080320652,3,0,0,0
278595.0,82456.0,3333.9,60442.8,95284.1,3555.1,2,1,0,1,1,0,-196139.0,-79122.1,34841.3,-91729.0,121461.63333333335,53094.00000000001,275261.1,91729.0,1.0660289663857987,1,22,0,0
82456.0,3333.9,450.4,95284.1,3555.1,119.6,1,0,0,1,0,0,-79122.1,-2883.5,-91729.0,-3435.5,28746.766666666663,32986.26666666667,82005.6,95164.5,0.26495347806823216,1,22,1,0
3333.9,450.4,81987.8,3555.1,119.6,25649.7,0,0,1,0,0,0,-2883.5,81537.40000000001,-3435.5,25530.100000000002,28590.7,9774.800000000001,81537.40000000001,25530.100000000002,0.3128439494174814,2,6,3,0
450.4,81987.8,1288653.3,119.6,25649.7,28156.5,0,1,3,0,0,0,81537.40000000001,1206665.5,25530.100000000002,2506.7999999999993,457030.5,17975.266666666666,1288202.9000000001,28036.9,0.021849537148946774,3,0,1,1
81987.8,1288653.3,87362.5,25649.7,28156.5,78844.0,1,3,1,0,0,1,1206665.5,-1201290.8,2506.7999999999993,50687.5,486001.2,44216.73333333334,1206665.5,53194.3,0.9024821578805794,5,19,0,0
1288653.3,87362.5,1804.1,28156.5,78844.0,2265.9,3,1,0,0,1,0,-1201290.8,-85558.4,50687.5,-76578.1,459273.30000000005,36422.13333333333,1286849.2,76578.1,1.2552767159714144,1,22,0,0
87362.5,1804.1,1179.7,78844.0,2265.9,2047.2,1,0,0,1,0,0,-85558.4,-624.3999999999999,-76578.1,-218.70000000000005,30115.433333333334,27719.03333333333,86182.8,76796.8,1.7338866773947659,1,22,0,0
1804.1,1179.7,4551.4,2265.9,2047.2,3407.1,0,0,0,0,0,0,-624.3999999999999,3371.7,-218.70000000000005,1359.8999999999999,2511.733333333333,2573.4,3371.7,1359.8999999999999,0.7484184166593446,1,22,0,0
1179.7,4551.4,2154.5,2047.2,3407.1,271.1,0,0,0,0,0,0,3371.7,-2396.8999999999996,1359.8999999999999,-3136.0,2628.5333333333333,1908.466666666667,3371.7,3136.0,0.12577128276501973,1,22,0,0
4551.4,2154.5,822.9,3407.1,271.1,1214.8,0,0,0,0,0,0,-2396.8999999999996,-1331.6,-3136.0,943.6999999999999,2509.6,1631.0,3728.4999999999995,3136.0,1.4744507828619977,1,22,0,0
2154.5,822.9,4880.2,271.1,1214.8,1624.9,0,0,0,0,0,0,-1331.6,4057.2999999999997,943.6999999999999,410.10000000000014,2619.2000000000003,1036.9333333333334,4057.2999999999997,1353.8000000000002,0.33288945341309517,1,22,0,0
822.9,4880.2,10331.5,1214.8,1624.9,27319.5,0,0,0,0,0,0,4057.2999999999997,5451.3,410.10000000000014,25694.6,5344.866666666666,10053.066666666668,9508.6,26104.7,2.6440358093394627,2,6,1,1
4880.2,10331.5,89910.2,1624.9,27319.5,57538.6,0,0,1,0,0,1,5451.3,79578.7,25694.6,30219.1,35040.63333333333,28827.666666666668,85030.0,55913.7,0.6399491943161697,2,6,1,1
10331.5,89910.2,125824.5,27319.5,57538.6,100694.3,0,1,1,0,1,1,79578.7,35914.3,30219.1,43155.700000000004,75355.40000000001,61850.80000000001,115493.0,73374.8,0.8002694207453974,5,19,0,0
89910.2,125824.5,2067.4,57538.6,100694.3,3733.5,1,1,0,1,1,0,35914.3,-123757.1,43155.700000000004,-96960.8,72600.7,53988.799999999996,123757.1,96960.8,1.8050183716882613,1,22,1,0
125824.5,2067.4,105475.8,100694.3,3733.5,29016.6,1,0,1,1,0,0,-123757.1,103408.40000000001,-96960.8,25283.1,77789.23333333334,44481.46666666667,123757.1,96960.8,0.2750993583423084,2,6,3,1
2067.4,105475.8,719824.0,3733.5,29016.6,75544.3,0,1,3,0,0,1,103408.40000000001,614348.2,25283.1,46527.700000000004,275789.06666666665,36098.13333333333,717756.6,71810.8,0.10494814711909145,3,0,2,1
105475.8,719824.0,210829.0,29016.6,75544.3,54492.9,1,3,2,0,1,1,614348.2,-508995.0,46527.700000000004,-21051.4,345376.26666666666,53017.93333333333,614348.2,46527.700000000004,0.258468434283546,2,6,0,0
719824.0,210829.0,354.9,75544.3,54492.9,3438.7,3,2,0,1,1,0,-508995.0,-210474.1,-21051.4,-51054.200000000004,310335.9666666667,44491.966666666674,719469.1,72105.6,9.66198370328744,1,22,1,1
210829.0,354.9,129963.0,54492.9,3438.7,88585.6,2,0,1,1,0,1,-210474.1,129608.1,-51054.200000000004,85146.90000000001,113715.63333333335,48839.06666666667,210474.1,85146.90000000001,0.6816164476316519,5,14,0,0
354.9,129963.0,1196.2,3438.7,88585.6,3942.5,0,1,0,0,1,0,129608.1,-128766.8,85146.90000000001,-84643.1,43838.03333333333,31988.933333333334,129608.1,85146.90000000001,3.2931005679919814,1,22,0,0
129963.0,1196.2,1600.8,88585.6,3942.5,1398.3,1,0,0,1,0,0,-128766.8,404.5999999999999,-84643.1,-2544.2,44253.333333333336,31308.800000000003,128766.8,87187.3,0.87295542514671,1,22,0,0
1196.2,1600.8,176.9,3942.5,1398.3,3143.1,0,0,0,0,0,0,404.5999999999999,-1423.8999999999999,-2544.2,1744.8,991.3000000000001,2827.9666666666667,1423.8999999999999,2544.2,17.66779089376054,1,22,1,0
1600.8,176.9,108729.8,1398.3,3143.1,35659.4,0,0,1,0,0,0,-1423.8999999999999,108552.90000000001,1744.8,32516.300000000003,36835.833333333336,13400.266666666668,108552.90000000001,34261.1,0.327960430715124,2,6,0,0
176.9,108729.8,7.6,3143.1,35659.4,194.8,0,1,0,0,0,0,108552.90000000001,-108722.2,32516.300000000003,-35464.6,36304.76666666667,12999.1,108722.2,35464.6,22.651162790697676,1,22,3,0
108729.8,7.6,761597.5,35659.4,194.8,27298.3,1,0,3,0,0,0,-108722.2,761589.9,-35464.6,27103.5,290111.63333333336,21050.833333333332,761589.9,35464.6,0.035843426687421256,3,0,0,1
7.6,761597.5,43705.5,194.8,27298.3,96961.4,0,3,0,0,0,1,761589.9,-717892.0,27103.5,69663.09999999999,268436.86666666664,41484.833333333336,761589.9,96766.59999999999,2.218466360838777,5,4,0,0
761597.5,43705.5,124.1,27298.3,96961.4,198.1,3,0,0,0,1,0,-717892.0,-43581.4,69663.09999999999,-96763.29999999999,268475.7,41485.933333333334,761473.4,96763.29999999999,1.583533173461231,1,22,0,0
43705.5,124.1,115.4,96961.4,198.1,38.2,0,0,0,1,0,0,-43581.4,-8.699999999999989,-96763.29999999999,-159.89999999999998,14648.333333333334,32399.233333333334,43590.1,96923.2,0.3281786941580756,1,22,2,1
124.1,115.4,234369.8,198.1,38.2,59287.9,0,0,2,0,0,1,-8.699999999999989,234254.4,-159.89999999999998,59249.700000000004,78203.09999999999,19841.4,234254.4,59249.700000000004,0.2529662398216843,2,6,0,0
115.4,234369.8,2160.9,38.2,59287.9,3054.9,0,2,0,0,1,0,234254.4,-232208.9,59249.700000000004,-56233.0,78882.03333333333,20793.666666666668,234254.4,59249.700000000004,1.4130625838382904,1,22,0,0
234369.8,2160.9,3076.4,59287.9,3054.9,1413.7,2,0,0,1,0,0,-232208.9,915.5,-56233.0,-1641.2,79869.03333333333,21252.166666666668,232208.9,57874.200000000004,0.4593812958991356,1,22,0,0
2160.9,3076.4,707.1,3054.9,1413.7,3562.1,0,0,0,0,0,0,915.5,-2369.3,-1641.2,2148.3999999999996,1981.466666666667,2676.9,2369.3,2148.3999999999996,5.030504166078237,1,22,1,1
3076.4,707.1,154733.1,1413.7,3562.1,54488.5,0,0,1,0,0,1,-2369.3,154026.0,2148.3999999999996,50926.4,52838.86666666667,19821.433333333334,154026.0,53074.8,0.35214280497963923,5,14,3,1
707.1,154733.1,618651.4,3562.1,54488.5,86610.4,0,1,3,0,1,1,154026.0,463918.30000000005,50926.4,32121.899999999994,258030.53333333335,48220.333333333336,617944.3,83048.29999999999,0.139998487034076,3,0,3,1
154733.1,618651.4,722675.2,54488.5,86610.4,83483.2,1,3,3,1,1,1,463918.30000000005,104023.79999999993,32121.899999999994,-3127.199999999997,498686.56666666665,74860.7,567942.1,32121.899999999994,0.11551950929060623,3,0,3,0
618651.4,722675.2,1389670.3,86610.4,83483.2,21874.5,3,3,3,1,1,0,104023.79999999993,666995.1000000001,-3127.199999999997,-61608.7,910332.3000000002,63989.36666666666,771018.9,64735.899999999994,0.015740772656095005,3,0,0,0
722675.2,1389670.3,2756.8,83483.2,21874.5,1469.4,3,3,0,1,0,0,666995.1000000001,-1386913.5,-61608.7,-20405.1,705034.1,35609.03333333333,1386913.5,82013.8,0.5328160127637972,1,22,2,1
1389670.3,2756.8,299792.5,21874.5,1469.4,91191.7,3,0,2,0,0,1,-1386913.5,297035.7,-20405.1,89722.3,564073.2000000001,38178.53333333333,1386913.5,89722.3,0.30418171174491776,3,0,0,0
2756.8,299792.5,3334.9,1469.4,91191.7,3902.1,0,2,0,0,1,0,297035.7,-296457.6,89722.3,-87289.59999999999,101961.40000000001,32187.733333333334,297035.7,89722.3,1.1697293084325069,1,22,0,0
299792.5,3334.9,3254.8,91191.7,3902.1,2551.7,2,0,0,1,0,0,-296457.6,-80.09999999999991,-87289.59999999999,-1350.4,102127.40000000001,32548.5,296537.7,88640.0,0.7837397874562319,1,22,1,1
3334.9,3254.8,187876.5,3902.1,2551.7,79915.0,0,0,1,0,0,1,-80.09999999999991,184621.7,-1350.4,77363.3,64822.06666666667,28789.600000000002,184621.7,77363.3,0.42535694801133717,2,6,0,0
3254.8,187876.5,3668.8,2551.7,79915.0,4730.2,0,1,0,0,1,0,184621.7,-184207.7,77363.3,-75184.8,64933.36666666666,29065.63333333333,184621.7,77363.3,1.2889530764619324,1,22,0,0
187876.5,3668.8,1399.7,79915.0,4730.2,2363.4,1,0,0,1,0,0,-184207.7,-2269.1000000000004,-75184.8,-2366.7999999999997,64315.0,29002.866666666665,186476.8,77551.6,1.6872992075390876,1,22,1,0
3668.8,1399.7,181901.3,4730.2,2363.4,40178.1,0,0,1,0,0,0,-2269.1000000000004,180501.59999999998,-2366.7999999999997,37814.7,62323.26666666666,15757.233333333332,180501.59999999998,37814.7,0.22087736108889222,3,0,2,1
1399.7,181901.3,267383.5,2363.4,40178.1,54058.7,0,1,2,0,0,1,180501.59999999998,85482.20000000001,37814.7,13880.599999999999,150228.16666666666,32200.066666666666,265983.8,51695.299999999996,0.20217589276865336,3,2,3,1
181901.3,267383.5,1301985.5,40178.1,54058.7,85779.4,1,2,3,0,1,1,85482.20000000001,1034602.0,13880.599999999999,31720.699999999997,583756.7666666667,60005.399999999994,1120084.2,45601.299999999996,0.06588347882255308,3,0,1,1
267383.5,1301985.5,113874.0,54058.7,85779.4,70222.7,2,3,1,1,1,1,1034602.0,-1188111.5,31720.699999999997,-15556.699999999997,561081.0,70020.26666666666,1188111.5,31720.699999999997,0.6166647639956092,2,6,2,1
1301985.5,113874.0,281456.6,85779.4,70222.7,73868.1,3,1,2,1,1,1,-1188111.5,167582.59999999998,-15556.699999999997,3645.4000000000087,565772.0333333333,76623.4,1188111.5,15556.699999999997,0.26244841141258934,2,6,0,0
113874.0,281456.6,1606.3,70222.7,73868.1,3598.9,1,2,0,1,1,0,167582.59999999998,-279850.3,3645.4000000000087,-70269.20000000001,132312.3,49229.899999999994,279850.3,70269.20000000001,2.2390966216636596,1,22,1,0
281456.6,1606.3,141048.0,73868.1,3598.9,21113.7,2,0,1,1,0,0,-279850.3,139441.7,-70269.20000000001,17514.8,141370.3,32860.23333333333,279850.3,70269.20000000001,0.1496905330771576,2,6,0,0
1606.3,141048.0,4948.9,3598.9,21113.7,3993.9,0,1,0,0,0,0,139441.7,-136099.1,17514.8,-17119.8,49201.06666666666,9568.833333333334,139441.7,17514.8,0.8068647851471747,1,22,1,0
141048.0,4948.9,105040.8,21113.7,3993.9,25562.0,1,0,1,0,0,0,-136099.1,100091.90000000001,-17119.8,21568.1,83679.23333333334,16889.86666666667,136099.1,21568.1,0.24335074227593206,5,14,0,0
4948.9,105040.8,1676.4,3993.9,25562.0,4604.8,0,1,0,0,0,0,100091.90000000001,-103364.40000000001,21568.1,-20957.2,37222.03333333333,11386.900000000001,103364.40000000001,21568.1,2.745200906164302,1,22,1,1
105040.8,1676.4,141352.6,25562.0,4604.8,77073.0,1,0,1,0,0,1,-103364.40000000001,139676.2,-20957.2,72468.2,82689.93333333333,35746.6,139676.2,72468.2,0.5452496434473547,2,6,0,1
1676.4,141352.6,14535.2,4604.8,77073.0,54796.0,0,1,0,0,1,1,139676.2,-126817.40000000001,72468.2,-22277.0,52521.4,45491.26666666666,139676.2,72468.2,3.769623422902822,2,6,0,0
141352.6,14535.2,995.7,77073.0,54796.0,693.9,1,0,0,1,1,0,-126817.40000000001,-13539.5,-22277.0,-54102.1,52294.50000000001,44187.63333333333,140356.9,76379.1,0.6961974515902478,1,22,1,0
14535.2,995.7,128041.4,54796.0,693.9,22282.3,0,0,1,1,0,0,-13539.5,127045.7,-54102.1,21588.399999999998,47857.43333333333,25924.066666666666,127045.7,54102.1,0.1740228236896528,2,6,1,1
995.7,128041.4,53875.0,693.9,22282.3,63244.7,0,1,1,0,0,1,127045.7,-74166.4,21588.399999999998,40962.399999999994,60970.69999999999,28740.3,127045.7,62550.799999999996,1.1738937560323706,3,2,0,0
128041.4,53875.0,2684.8,22282.3,63244.7,167.4,1,1,0,0,1,0,-74166.4,-51190.2,40962.399999999994,-63077.299999999996,61533.73333333333,28564.8,125356.59999999999,63077.299999999996,0.062327798048998434,1,22,3,0
53875.0,2684.8,1102746.0,63244.7,167.4,32831.5,1,0,3,1,0,0,-51190.2,1100061.2,-63077.299999999996,32664.1,386435.26666666666,32081.2,1100061.2,63077.299999999996,0.02977246820893641,3,0,0,0
2684.8,1102746.0,4147.1,167.4,32831.5,3121.3,0,3,0,0,0,0,1100061.2,-1098598.9,32664.1,-29710.2,369859.30000000005,12040.066666666668,1100061.2,32664.1,0.7524649839685639,1,22,0,0
1102746.0,4147.1,3639.8,32831.5,3121.3,2143.9,3,0,0,0,0,0,-1098598.9,-507.3000000000002,-29710.2,-977.4000000000001,370177.63333333336,12698.900000000001,1099106.2,30687.6,0.5888540980004394,1,22,0,0
4147.1,3639.8,2160.1,3121.3,2143.9,664.1,0,0,0,0,0,0,-507.3000000000002,-1479.7000000000003,-977.4000000000001,-1479.8000000000002,3315.6666666666665,1976.4333333333336,1987.0000000000005,2457.2000000000003,0.3072972097542918,1,22,1,1
3639.8,2160.1,82437.2,2143.9,664.1,66367.8,0,0,1,0,0,1,-1479.7000000000003,80277.09999999999,-1479.8000000000002,65703.7,29412.366666666665,23058.600000000002,80277.09999999999,65703.7,0.8050612458787311,2,6,0,0
2160.1,82437.2,536.0,664.1,66367.8,590.0,0,1,0,0,1,0,80277.09999999999,-81901.2,65703.7,-65777.8,28377.766666666666,22540.633333333335,81901.2,65777.8,1.0986964618249535,1,22,0,0
82437.2,536.0,1831.2,66367.8,590.0,3669.3,1,0,0,1,0,0,-81901.2,1295.2,-65777.8,3079.3,28268.13333333333,23542.36666666667,81901.2,65777.8,2.0026743805261433,1,22,1,0
536.0,1831.2,57815.3,590.0,3669.3,28112.0,0,0,1,0,0,0,1295.2,55984.100000000006,3079.3,24442.7,20060.833333333332,10790.433333333332,57279.3,27522.0,0.48622966187735983,5,19,0,0
1831.2,57815.3,398.1,3669.3,28112.0,4501.0,0,1,0,0,0,0,55984.100000000006,-57417.200000000004,24442.7,-23611.0,20014.866666666665,12094.1,57417.200000000004,24442.7,11.277875219243297,1,22,2,0
57815.3,398.1,404856.2,28112.0,4501.0,29700.0,1,0,2,0,0,0,-57417.200000000004,404458.10000000003,-23611.0,25199.0,154356.53333333335,20771.0,404458.10000000003,25199.0,0.07335919924358514,3,0,0,0
398.1,404856.2,2334.4,4501.0,29700.0,3192.0,0,2,0,0,0,0,404458.10000000003,-402521.8,25199.0,-26508.0,135862.9,12464.333333333334,404458.10000000003,26508.0,1.3667894150894921,1,22,1,0
404856.2,2334.4,179104.7,29700.0,3192.0,49582.1,2,0,1,0,0,0,-402521.8,176770.30000000002,-26508.0,46390.1,195431.7666666667,27491.36666666667,402521.8,46390.1,0.2768315022916635,3,2,0,0
2334.4,179104.7,677.3,3192.0,49582.1,936.4,0,1,0,0,0,0,176770.30000000002,-178427.40000000002,46390.1,-48645.7,60705.46666666667,17903.5,178427.40000000002,48645.7,1.3805100987763528,1,22,1,0
179104.7,677.3,114401.1,49582.1,936.4,30292.5,1,0,1,0,0,0,-178427.40000000002,113723.8,-48645.7,29356.1,98061.03333333333,26937.0,178427.40000000002,48645.7,0.26478971976913007,2,6,0,0
677.3,114401.1,4735.0,936.4,30292.5,801.5,0,1,0,0,0,0,113723.8,-109666.1,29356.1,-29491.0,39937.8,10676.800000000001,113723.8,29491.0,0.16923564189189189,1,22,0,0
114401.1,4735.0,2392.2,30292.5,801.5,2227.3,1,0,0,0,0,0,-109666.1,-2342.8,-29491.0,1425.8000000000002,40509.433333333334,11107.1,112008.90000000001,29491.0,0.9306785893364534,1,22,0,0
4735.0,2392.2,3769.9,801.5,2227.3,2841.3,0,0,0,0,0,0,-2342.8,1377.7000000000003,1425.8000000000002,614.0,3632.366666666667,1956.7,2342.8,2039.8000000000002,0.7534806014479303,1,22,1,0
2392.2,3769.9,91238.2,2227.3,2841.3,31969.7,0,0,1,0,0,0,1377.7000000000003,87468.3,614.0,29128.4,32466.766666666666,12346.1,88846.0,29742.4,0.3503943480433849,2,6,0,0
3769.9,91238.2,169.2,2841.3,31969.7,1097.7,0,1,0,0,0,0,87468.3,-91069.0,29128.4,-30872.0,31725.766666666663,11969.566666666666,91069.0,30872.0,6.449471210340776,1,22,0,0
91238.2,169.2,3004.3,31969.7,1097.7,1185.8,1,0,0,0,0,0,-91069.0,2835.1000000000004,-30872.0,88.09999999999991,31470.566666666666,11417.733333333335,91069.0,30872.0,0.39456959371776523,1,22,2,1
169.2,3004.3,228728.0,1097.7,1185.8,79708.8,0,0,2,0,0,1,2835.1000000000004,225723.7,88.09999999999991,78523.0,77300.5,27330.766666666666,228558.8,78611.1,0.3484857626273888,3,2,0,0
3004.3,228728.0,3168.6,1185.8,79708.8,847.6,0,2,0,0,1,0,225723.7,-225559.4,78523.0,-78861.2,78300.3,27247.400000000005,225723.7,78861.2,0.26741544674406864,1,22,0,0
228728.0,3168.6,948.2,79708.8,847.6,3439.9,2,0,0,1,0,0,-225559.4,-2220.3999999999996,-78861.2,2592.3,77614.93333333333,27998.766666666666,227779.8,78861.2,3.623999157184998,1,22,0,0
3168.6,948.2,1996.9,847.6,3439.9,3488.6,0,0,0,0,0,0,-2220.3999999999996,1048.7,2592.3,48.69999999999982,2037.9000000000003,2592.0333333333333,2220.3999999999996,2641.0,1.7461334401121176,1,22,2,1
948.2,1996.9,295225.3,3439.9,3488.6,54897.5,0,0,2,0,0,1,1048.7,293228.39999999997,48.69999999999982,51408.9,99390.13333333332,20608.666666666668,294277.1,51457.6,0.18595057418664937,3,0,2,0
1996.9,295225.3,269654.4,3488.6,54897.5,3110.1,0,2,2,0,1,0,293228.39999999997,-25570.899999999965,51408.9,-51787.4,188958.8666666667,20498.733333333334,293228.39999999997,51787.4,0.011533609191583034,2,6,1,0
295225.3,269654.4,204065.1,54897.5,3110.1,10660.6,2,2,1,1,0,0,-25570.899999999965,-65589.30000000002,-51787.4,7550.5,256314.93333333332,22889.399999999998,91160.19999999998,51787.4,0.05224091605612103,2,22,1,1
269654.4,204065.1,87103.1,3110.1,10660.6,62685.1,2,1,1,0,0,1,-65589.30000000002,-116962.0,7550.5,52024.5,186940.86666666667,25485.266666666666,182551.30000000002,59575.0,0.7196572836410685,2,6,0,0
204065.1,87103.1,2635.0,10660.6,62685.1,1133.9,1,1,0,0,1,0,-116962.0,-84468.1,52024.5,-61551.2,97934.40000000001,24826.53333333333,201430.1,61551.2,0.43015933232169956,1,22,3,1
87103.1,2635.0,1373418.6,62685.1,1133.9,91098.7,1,0,3,1,0,1,-84468.1,1370783.6,-61551.2,89964.8,487718.9000000001,51639.23333333334,1370783.6,89964.8,0.06632983831015662,3,0,0,0
2635.0,1373418.6,850.4,1133.9,91098.7,633.0,0,3,0,0,1,0,1370783.6,-1372568.2000000002,89964.8,-90465.7,458968.0,30955.199999999997,1372568.2000000002,90465.7,0.7434813248766737,1,22,2,0
1373418.6,850.4,381138.4,91098.7,633.0,24240.3,3,0,2,1,0,0,-1372568.2000000002,380288.0,-90465.7,23607.3,585135.7999999999,38657.333333333336,1372568.2000000002,90465.7,0.0635995648836095,3,0,0,0
850.4,381138.4,2010.5,633.0,24240.3,539.3,0,2,0,0,0,0,380288.0,-379127.9,23607.3,-23701.0,127999.76666666668,8470.866666666667,380288.0,23701.0,0.26810837683320904,1,22,0,0
381138.4,2010.5,522.5,24240.3,539.3,2302.5,2,0,0,0,0,0,-379127.9,-1488.0,-23701.0,1763.2,127890.46666666667,9027.366666666667,380615.9,23701.0,4.3982808022922635,1,22,3,1
2010.5,522.5,1124823.9,539.3,2302.5,87898.5,0,0,3,0,0,1,-1488.0,1124301.4,1763.2,85596.0,375785.6333333333,30246.766666666666,1124301.4,87359.2,0.07814416270479077,3,0,0,1
522.5,1124823.9,20635.2,2302.5,87898.5,89338.3,0,3,0,0,1,1,1124301.4,-1104188.7,85596.0,1439.800000000003,381993.86666666664,59846.43333333333,1124301.4,87035.8,4.329203050949302,5,14,1,1
1124823.9,20635.2,80541.3,87898.5,89338.3,59676.0,3,0,1,1,1,1,-1104188.7,59906.100000000006,1439.800000000003,-29662.300000000003,408666.8,78970.93333333333,1104188.7,29662.300000000003,0.7409274381287845,2,6,1,0
20635.2,80541.3,202226.0,89338.3,59676.0,23381.5,0,1,1,1,1,0,59906.100000000006,121684.7,-29662.300000000003,-36294.5,101134.16666666667,57465.26666666666,181590.8,65956.8,0.11562007051481751,3,2,1,0
80541.3,202226.0,147698.5,59676.0,23381.5,8017.5,1,1,1,1,0,0,121684.7,-54527.5,-36294.5,-15364.0,143488.6,30358.333333333332,121684.7,51658.5,0.05428251280471498,3,2,0,0
202226.0,147698.5,2773.3,23381.5,8017.5,502.2,1,1,0,0,0,0,-54527.5,-144925.2,-15364.0,-7515.3,117565.93333333333,10633.733333333334,199452.7,22879.3,0.18101863533143495,1,22,2,0
147698.5,2773.3,250054.3,8017.5,502.2,6966.2,1,0,2,0,0,0,-144925.2,247281.0,-7515.3,6464.0,133508.69999999998,5161.966666666667,247281.0,7515.3,0.02785863766934754,2,6,1,0
2773.3,250054.3,114060.4,502.2,6966.2,23216.8,0,2,1,0,0,0,247281.0,-135993.9,6464.0,16250.599999999999,122296.0,10228.4,247281.0,22714.6,0.20354651091429704,5,4,1,0
250054.3,114060.4,177774.8,6966.2,23216.8,47339.1,2,1,1,0,0,0,-135993.9,63714.399999999994,16250.599999999999,24122.3,180629.83333333334,25840.7,135993.9,40372.9,0.26628539992507416,2,6,3,1
114060.4,177774.8,828553.8,23216.8,47339.1,79234.2,1,1,3,0,0,1,63714.399999999994,650779.0,24122.3,31895.1,373463.0,49930.033333333326,714493.4,56017.399999999994,0.09562940194179069,3,0,0,0
177774.8,828553.8,3242.7,47339.1,79234.2,946.4,1,3,0,0,1,0,650779.0,-825311.1000000001,31895.1,-78287.8,336523.76666666666,42506.56666666666,825311.1000000001,78287.8,0.29176557634799766,1,22,0,0
828553.8,3242.7,29598.9,79234.2,946.4,17396.9,3,0,0,1,0,0,-825311.1000000001,26356.2,-78287.8,16450.5,287131.8,32525.833333333332,825311.1000000001,78287.8,0.5877350936996409,2,6,2,1
3242.7,29598.9,361741.2,946.4,17396.9,51286.9,0,0,2,0,0,1,26356.2,332142.3,16450.5,33890.0,131527.6,23210.06666666667,358498.5,50340.5,0.1417774868400756,3,0,3,1
29598.9,361741.2,893484.6,17396.9,51286.9,86808.2,0,2,3,0,1,1,332142.3,531743.3999999999,33890.0,35521.299999999996,428274.89999999997,51830.666666666664,863885.7,69411.29999999999,0.09715679805024278,3,0,2,1
361741.2,893484.6,266522.7,51286.9,86808.2,62636.9,2,3,2,1,1,1,531743.3999999999,-626961.8999999999,35521.299999999996,-24171.299999999996,507249.5,66910.66666666667,626961.8999999999,35521.299999999996,0.23501437208023152,2,6,2,0
893484.6,266522.7,242700.9,86808.2,62636.9,49924.2,3,2,2,1,1,0,-626961.8999999999,-23821.800000000017,-24171.299999999996,-12712.700000000004,467569.39999999997,66456.43333333333,650783.7,36884.0,0.20570172709813972,2,6,0,1
266522.7,242700.9,50717.9,62636.9,49924.2,76683.2,2,2,0,1,0,1,-23821.800000000017,-191983.0,-12712.700000000004,26759.0,186647.16666666666,63081.43333333333,215804.80000000002,26759.0,1.5119255346626208,3,0,0,0
242700.9,50717.9,2478.2,49924.2,76683.2,923.8,2,0,0,0,1,0,-191983.0,-48239.700000000004,26759.0,-75759.4,98632.33333333333,42510.4,240222.69999999998,75759.4,0.37262020006453694,1,22,3,1
50717.9,2478.2,795590.3,76683.2,923.8,95386.4,0,0,3,1,0,1,-48239.700000000004,793112.1000000001,-75759.4,94462.59999999999,282928.8,57664.46666666667,793112.1000000001,94462.59999999999,0.1198937193003493,3,0,0,0
2478.2,795590.3,4362.9,923.8,95386.4,1146.3,0,3,0,0,1,0,793112.1000000001,-791227.4,94462.59999999999,-94240.09999999999,267477.13333333336,32485.5,793112.1000000001,94462.59999999999,0.2626778798780907,1,22,0,0
795590.3,4362.9,2894.1,95386.4,1146.3,1373.5,3,0,0,1,0,0,-791227.4,-1468.7999999999997,-94240.09999999999,227.20000000000005,267615.76666666666,32635.399999999998,792696.2000000001,94240.09999999999,0.47442229974784983,1,22,3,1
4362.9,2894.1,1466982.0,1146.3,1373.5,94841.2,0,0,3,0,0,1,-1468.7999999999997,1464087.9,227.20000000000005,93467.7,491413.0,32453.666666666668,1464087.9,93694.9,0.06465051060578071,3,0,2,1
2894.1,1466982.0,512850.9,1373.5,94841.2,97563.7,0,3,2,0,1,1,1464087.9,-954131.1,93467.7,2722.5,660909.0,64592.799999999996,1464087.9,96190.2,0.19023757150943574,3,0,2,0
1466982.0,512850.9,286539.8,94841.2,97563.7,11228.2,3,2,2,1,1,0,-954131.1,-226311.10000000003,2722.5,-86335.5,755457.5666666665,67877.7,1180442.2,86335.5,0.03918534463503976,3,0,2,1
512850.9,286539.8,491729.4,97563.7,11228.2,92903.1,2,2,2,1,0,1,-226311.10000000003,205189.60000000003,-86335.5,81674.90000000001,430373.3666666667,67231.66666666667,226311.10000000003,86335.5,0.1889309670502373,3,0,3,1
286539.8,491729.4,974930.3,11228.2,92903.1,56166.1,2,2,3,0,1,1,205189.60000000003,483200.9,81674.90000000001,-36737.00000000001,584399.8333333334,53432.46666666667,688390.5,81674.90000000001,0.05761031572173341,3,0,2,1
491729.4,974930.3,234743.6,92903.1,56166.1,61502.5,2,3,2,1,1,1,483200.9,-740186.7000000001,-36737.00000000001,5336.4000000000015,567134.4333333335,70190.56666666667,740186.7000000001,36737.00000000001,0.2619975070779051,2,6,1,0
974930.3,234743.6,153025.0,56166.1,61502.5,26961.2,3,2,1,1,1,0,-740186.7000000001,-81718.6,5336.4000000000015,-34541.3,454232.96666666673,48209.93333333334,821905.3,34541.3,0.1761870531805053,2,6,1,0
234743.6,153025.0,199229.8,61502.5,26961.2,33505.8,2,1,1,1,0,0,-81718.6,46204.79999999999,-34541.3,6544.600000000002,195666.1333333333,40656.5,81718.6,34541.3,0.16817580414273298,3,0,0,0
153025.0,199229.8,2867.9,26961.2,33505.8,815.3,1,1,0,0,0,0,46204.79999999999,-196361.9,6544.600000000002,-32690.500000000004,118374.23333333334,20427.433333333334,196361.9,32690.500000000004,0.2841855763533061,1,22,2,1
199229.8,2867.9,231087.2,33505.8,815.3,63293.3,1,0,2,0,0,1,-196361.9,228219.30000000002,-32690.500000000004,62478.0,144394.96666666667,32538.133333333335,228219.30000000002,62478.0,0.2738923926016127,2,6,0,0
2867.9,231087.2,621.8,815.3,63293.3,151.0,0,2,0,0,1,0,228219.30000000002,-230465.40000000002,62478.0,-63142.3,78192.3,21419.86666666667,230465.40000000002,63142.3,0.2424534360950546,1,22,1,1
231087.2,621.8,196419.3,63293.3,151.0,101488.7,2,0,1,1,0,1,-230465.40000000002,195797.5,-63142.3,101337.7,142709.43333333332,54977.666666666664,230465.40000000002,101337.7,0.5166915028640116,5,14,0,0
621.8,196419.3,3141.0,151.0,101488.7,881.2,0,1,0,0,1,0,195797.5,-193278.3,101337.7,-100607.5,66727.36666666665,34173.63333333333,195797.5,101337.7,0.28045830681094847,1,22,2,0
196419.3,3141.0,262391.8,101488.7,881.2,25974.7,1,0,2,1,0,0,-193278.3,259250.8,-100607.5,25093.5,153984.03333333333,42781.53333333333,259250.8,100607.5,0.09899166440542577,2,22,0,0
3141.0,262391.8,895.9,881.2,25974.7,1468.1,0,2,0,0,0,0,259250.8,-261495.9,25093.5,-24506.600000000002,88809.56666666667,9441.333333333334,261495.9,25093.5,1.6368602965770989,1,22,0,0
262391.8,895.9,3777.0,25974.7,1468.1,1908.9,2,0,0,0,0,0,-261495.9,2881.1,-24506.600000000002,440.8000000000002,89021.56666666667,9783.9,261495.9,24506.600000000002,0.5052673372154579,1,22,3,0
895.9,3777.0,620636.2,1468.1,1908.9,44626.7,0,0,3,0,0,0,2881.1,616859.2,440.8000000000002,42717.799999999996,208436.36666666667,16001.233333333332,619740.2999999999,43158.6,0.07190464896400023,3,0,0,0
3777.0,620636.2,1675.9,1908.9,44626.7,2909.2,0,3,0,0,0,0,616859.2,-618960.2999999999,42717.799999999996,-41717.5,208696.36666666667,16481.6,618960.2999999999,42717.799999999996,1.7348679110262983,1,22,0,0
620636.2,1675.9,4065.8,44626.7,2909.2,3904.9,3,0,0,0,0,0,-618960.2999999999,2389.9,-41717.5,995.7000000000003,208792.63333333333,17146.93333333333,618960.2999999999,41717.5,0.9601898298416445,1,22,0,0
1675.9,4065.8,176.0,2909.2,3904.9,2142.6,0,0,0,0,0,0,2389.9,-3889.8,995.7000000000003,-1762.3000000000002,1972.5666666666668,2985.566666666667,3889.8,1762.3000000000002,12.105084745762712,1,22,2,0
4065.8,176.0,216418.4,3904.9,2142.6,24994.2,0,0,2,0,0,0,-3889.8,216242.4,-1762.3000000000002,22851.600000000002,73553.4,10347.233333333334,216242.4,22851.600000000002,0.11548964649195036,2,6,0,0
176.0,216418.4,1744.9,2142.6,24994.2,3205.5,0,2,0,0,0,0,216242.4,-214673.5,22851.600000000002,-21788.7,72779.76666666666,10114.1,216242.4,22851.600000000002,1.8360158084655478,1,22,0,0
216418.4,1744.9,2887.9,24994.2,3205.5,957.9,2,0,0,0,0,0,-214673.5,1143.0,-21788.7,-2247.6,73683.73333333332,9719.2,214673.5,24036.3,0.33157949392502334,1,22,1,1
1744.9,2887.9,153368.3,3205.5,957.9,68799.5,0,0,1,0,0,1,1143.0,150480.4,-2247.6,67841.6,52667.033333333326,24320.966666666664,151623.4,67841.6,0.4485871683576831,2,6,1,0
2887.9,153368.3,76725.7,957.9,68799.5,27387.7,0,1,1,0,1,0,150480.4,-76642.59999999999,67841.6,-41411.8,77660.63333333332,32381.699999999997,150480.4,67841.6,0.35695136112982834,2,6,3,0
153368.3,76725.7,1095832.8,68799.5,27387.7,49637.8,1,1,3,1,0,0,-76642.59999999999,1019107.1000000001,-41411.8,22250.100000000002,441975.60000000003,48608.333333333336,1019107.1000000001,41411.8,0.04529683242112079,3,0,0,1
76725.7,1095832.8,18740.0,27387.7,49637.8,102318.6,1,3,0,0,0,1,1019107.1000000001,-1077092.8,22250.100000000002,52680.8,397099.5,59781.36666666667,1077092.8,74930.90000000001,5.4596126140547465,5,14,2,0
1095832.8,18740.0,274488.5,49637.8,102318.6,41528.1,3,0,2,0,1,0,-1077092.8,255748.5,52680.8,-60790.50000000001,463020.43333333335,64494.83333333334,1077092.8,60790.50000000001,0.1512921259283142,3,2,0,0
18740.0,274488.5,3112.2,102318.6,41528.1,1625.1,0,2,0,1,0,0,255748.5,-271376.3,-60790.50000000001,-39903.0,98780.23333333334,48490.600000000006,271376.3,100693.5,0.5220030836438392,1,22,1,0
274488.5,3112.2,193690.5,41528.1,1625.1,23531.6,2,0,1,0,0,0,-271376.3,190578.3,-39903.0,21906.5,157097.06666666668,22228.266666666663,271376.3,39903.0,0.12149010152742892,2,6,0,0
3112.2,193690.5,4633.3,1625.1,23531.6,621.9,0,1,0,0,0,0,190578.3,-189057.2,21906.5,-22909.699999999997,67145.33333333333,8592.866666666667,190578.3,22909.699999999997,0.13419502405972852,1,22,2,0
193690.5,4633.3,226198.7,23531.6,621.9,27314.6,1,0,2,0,0,0,-189057.2,221565.40000000002,-22909.699999999997,26692.699999999997,141507.5,17156.033333333333,221565.40000000002,26692.699999999997,0.12075435997483638,2,6,0,0
4633.3,226198.7,1713.7,621.9,27314.6,540.1,0,2,0,0,0,0,221565.40000000002,-224485.0,26692.699999999997,-26774.5,77515.23333333334,9492.199999999999,224485.0,26774.5,0.3149822126319473,1,22,1,0
226198.7,1713.7,93162.4,27314.6,540.1,17599.6,2,0,1,0,0,0,-224485.0,91448.7,-26774.5,17059.5,107024.93333333335,15151.433333333332,224485.0,26774.5,0.18891109598833877,2,6,1,0
1713.7,93162.4,77341.9,540.1,17599.6,46673.2,0,1,1,0,0,0,91448.7,-15820.5,17059.5,29073.6,57406.0,21604.3,91448.7,46133.1,0.6034581066911119,2,6,0,0
93162.4,77341.9,1116.8,17599.6,46673.2,1640.0,1,1,0,0,0,0,-15820.5,-76225.09999999999,29073.6,-45033.2,57207.033333333326,21970.93333333333,92045.59999999999,45033.2,1.46716765074253,1,22,0,0
77341.9,1116.8,304.9,46673.2,1640.0,3134.0,1,0,0,0,0,0,-76225.09999999999,-811.9,-45033.2,1494.0,26254.53333333333,17149.066666666666,77037.0,45033.2,10.2451781627983,1,22,2,1
1116.8,304.9,236840.7,1640.0,3134.0,57489.4,0,0,2,0,0,1,-811.9,236535.80000000002,1494.0,54355.4,79420.8,20754.466666666667,236535.80000000002,55849.4,0.24273343756610427,2,6,0,0
304.9,236840.7,4296.5,3134.0,57489.4,3639.4,0,2,0,0,1,0,236535.80000000002,-232544.2,54355.4,-53850.0,80480.7,21420.933333333334,236535.80000000002,54355.4,0.8468644560791158,1,22,3,0
236840.7,4296.5,1332648.6,57489.4,3639.4,22493.3,2,0,3,1,0,0,-232544.2,1328352.1,-53850.0,18853.899999999998,524595.2666666667,27874.033333333336,1328352.1,53850.0,0.016878630361649452,3,0,3,0
4296.5,1332648.6,718165.4,3639.4,22493.3,36636.1,0,3,3,0,0,0,1328352.1,-614483.2000000001,18853.899999999998,14142.8,685036.8333333334,20922.933333333334,1328352.1,32996.7,0.051013386312698555,3,0,0,0
1332648.6,718165.4,3529.2,22493.3,36636.1,1314.0,3,3,0,0,0,0,-614483.2000000001,-714636.2000000001,14142.8,-35322.1,684781.0666666667,20147.8,1329119.4000000001,35322.1,0.37221687156535044,1,22,0,0
718165.4,3529.2,190.2,36636.1,1314.0,445.7,3,0,0,0,0,0,-714636.2000000001,-3339.0,-35322.1,-868.3,240628.26666666663,12798.599999999999,717975.2000000001,36190.4,2.3310669456066946,1,22,0,0
3529.2,190.2,2102.3,1314.0,445.7,2048.2,0,0,0,0,0,0,-3339.0,1912.1000000000001,-868.3,1602.4999999999998,1940.5666666666666,1269.3,3339.0,1602.4999999999998,0.9738030713640468,1,22,1,1
190.2,2102.3,160877.2,445.7,2048.2,73212.6,0,0,1,0,0,1,1912.1000000000001,158774.90000000002,1602.4999999999998,71164.40000000001,54389.9,25235.5,160687.0,72766.90000000001,0.4550809245752377,2,6,1,0
2102.3,160877.2,73491.8,2048.2,73212.6,46534.7,0,1,1,0,1,0,158774.90000000002,-87385.40000000001,71164.40000000001,-26677.90000000001,78823.76666666666,40598.5,158774.90000000002,71164.40000000001,0.6331871965689155,3,0,1,1
160877.2,73491.8,153742.4,73212.6,46534.7,64265.7,1,1,1,1,0,1,-87385.40000000001,80250.59999999999,-26677.90000000001,17731.0,129370.46666666667,61337.666666666664,87385.40000000001,26677.90000000001,0.41800623636526835,2,6,0,0
73491.8,153742.4,2018.8,46534.7,64265.7,1767.0,1,1,0,0,1,0,80250.59999999999,-151723.6,17731.0,-62498.7,76417.66666666667,37522.46666666667,151723.6,62498.7,0.8748390929795029,1,22,0,0
153742.4,2018.8,3680.1,64265.7,1767.0,2848.3,1,0,0,1,0,0,-151723.6,1661.3,-62498.7,1081.3000000000002,53147.1,22960.333333333332,151723.6,62498.7,0.7737632772812475,1,22,1,1
2018.8,3680.1,158311.8,1767.0,2848.3,84446.7,0,0,1,0,0,1,1661.3,154631.69999999998,1081.3000000000002,81598.4,54670.23333333333,29687.333333333332,156293.0,82679.7,0.5334167546780804,5,14,1,0
3680.1,158311.8,172333.9,2848.3,84446.7,26843.6,0,1,1,0,1,0,154631.69999999998,14022.100000000006,81598.4,-57603.1,111441.93333333333,38046.200000000004,168653.8,81598.4,0.1557641545618444,5,19,1,1
158311.8,172333.9,129805.7,84446.7,26843.6,149048.2,1,1,1,1,0,1,14022.100000000006,-42528.2,-57603.1,122204.6,153483.8,86779.5,42528.2,122204.6,1.1482319479657062,5,4,0,0
172333.9,129805.7,3091.7,26843.6,149048.2,1349.7,1,1,0,0,1,0,-42528.2,-126714.0,122204.6,-147698.5,101743.76666666666,59080.50000000001,169242.19999999998,147698.5,0.4364147831991464,1,22,0,0
129805.7,3091.7,2366.2,149048.2,1349.7,3546.1,1,0,0,1,0,0,-126714.0,-725.5,-147698.5,2196.3999999999996,45087.86666666667,51314.66666666668,127439.5,147698.5,1.498014531936465,1,22,1,0
3091.7,2366.2,202124.2,1349.7,3546.1,10476.9,0,0,1,0,0,0,-725.5,199758.0,2196.3999999999996,6930.799999999999,69194.03333333334,5124.233333333334,199758.0,9127.199999999999,0.05183371494499448,3,2,0,0
2366.2,202124.2,1718.9,3546.1,10476.9,2662.2,0,1,0,0,0,0,199758.0,-200405.30000000002,6930.799999999999,-7814.7,68736.43333333333,5561.733333333334,200405.30000000002,7814.7,1.5478806907378333,1,22,2,0
202124.2,1718.9,249658.4,10476.9,2662.2,37429.8,1,0,2,0,0,0,-200405.30000000002,247939.5,-7814.7,34767.600000000006,151167.16666666666,16856.3,247939.5,34767.600000000006,0.14992345571606758,3,2,1,0
1718.9,249658.4,174547.7,2662.2,37429.8,2495.6,0,2,1,0,0,0,247939.5,-75110.69999999998,34767.600000000006,-34934.200000000004,141975.0,14195.866666666667,247939.5,34934.200000000004,0.01429744249026203,2,6,0,0
249658.4,174547.7,23396.9,37429.8,2495.6,45406.0,2,1,0,0,0,0,-75110.69999999998,-151150.80000000002,-34934.200000000004,42910.4,149201.0,28443.8,226261.5,42910.4,1.940601506972848,5,19,2,0
174547.7,23396.9,425336.8,2495.6,45406.0,26174.5,1,0,2,0,0,0,-151150.80000000002,401939.89999999997,42910.4,-19231.5,207760.46666666667,24692.033333333336,401939.89999999997,42910.4,0.06153814685645151,3,0,0,0
23396.9,425336.8,1653.3,45406.0,26174.5,2315.9,0,2,0,0,0,0,401939.89999999997,-423683.5,-19231.5,-23858.6,150129.0,24632.13333333333,423683.5,43090.1,1.399927461766306,1,22,0,0
425336.8,1653.3,3856.5,26174.5,2315.9,2893.5,2,0,0,0,0,0,-423683.5,2203.2,-23858.6,577.5999999999999,143615.53333333333,10461.300000000001,423683.5,23858.6,0.7500972132209981,1,22,0,0
1653.3,3856.5,4425.5,2315.9,2893.5,3495.5,0,0,0,0,0,0,2203.2,569.0,577.5999999999999,602.0,3311.7666666666664,2901.633333333333,2772.2,1179.6,0.7896758161075341,1,22,2,0
3856.5,4425.5,233032.6,2893.5,3495.5,18079.2,0,0,2,0,0,0,569.0,228607.1,602.0,14583.7,80438.2,8156.066666666667,229176.1,15185.7,0.07758194526454554,2,6,0,0
4425.5,233032.6,12736.2,3495.5,18079.2,48949.9,0,2,0,0,0,0,228607.1,-220296.4,14583.7,30870.7,83398.1,23508.2,228607.1,45454.4,3.8430659799641993,2,6,0,0
233032.6,12736.2,786.1,18079.2,48949.9,445.9,2,0,0,0,0,0,-220296.4,-11950.1,30870.7,-48504.0,82184.96666666667,22491.666666666668,232246.5,48504.0,0.5665099733197815,1,22,1,0
12736.2,786.1,197357.5,48949.9,445.9,10829.4,0,0,1,0,0,0,-11950.1,196571.4,-48504.0,10383.5,70293.26666666666,20075.06666666667,196571.4,48504.0,0.05487171821836911,2,22,1,0
786.1,197357.5,66598.1,445.9,10829.4,25628.5,0,1,1,0,0,0,196571.4,-130759.4,10383.5,14799.1,88247.23333333334,12301.266666666668,196571.4,25182.6,0.38481751254896834,2,6,2,1
197357.5,66598.1,443063.0,10829.4,25628.5,93948.7,1,1,2,0,0,1,-130759.4,376464.9,14799.1,68320.2,235672.86666666667,43468.86666666667,376464.9,83119.3,0.21204318112056045,3,0,1,0
66598.1,443063.0,109826.7,25628.5,93948.7,12710.3,1,2,1,0,1,0,376464.9,-333236.3,68320.2,-81238.4,206495.93333333332,44095.833333333336,376464.9,81238.4,0.11572945623007674,2,6,1,1
443063.0,109826.7,187063.6,93948.7,12710.3,84244.9,2,1,1,1,0,1,-333236.3,77236.90000000001,-81238.4,71534.59999999999,246651.09999999998,63634.63333333333,333236.3,81238.4,0.45035191051647394,3,3,0,0
109826.7,187063.6,2331.0,12710.3,84244.9,3027.0,1,1,0,0,1,0,77236.90000000001,-184732.6,71534.59999999999,-81217.9,99740.43333333333,33327.4,184732.6,81217.9,1.2980274442538593,1,22,1,0
187063.6,2331.0,126516.6,84244.9,3027.0,38510.9,1,0,1,1,0,0,-184732.6,124185.6,-81217.9,35483.9,105303.73333333334,41927.6,184732.6,81217.9,0.3043916419533725,3,2,0,0
2331.0,126516.6,1187.0,3027.0,38510.9,1645.9,0,1,0,0,0,0,124185.6,-125329.6,35483.9,-36865.0,43344.86666666667,14394.6,125329.6,36865.0,1.3854377104377105,1,22,0,0
126516.6,1187.0,36713.3,38510.9,1645.9,38638.1,1,0,0,0,0,0,-125329.6,35526.3,-36865.0,36992.2,54805.63333333334,26264.966666666664,125329.6,36992.2,1.0523992014010888,5,19,1,0
1187.0,36713.3,150413.3,1645.9,38638.1,31430.0,0,0,1,0,0,0,35526.3,113699.99999999999,36992.2,-7208.0999999999985,62771.19999999999,23904.666666666668,149226.3,36992.2,0.2089561963191,5,4,0,0
36713.3,150413.3,569.4,38638.1,31430.0,1518.4,0,1,0,0,0,0,113699.99999999999,-149843.9,-7208.0999999999985,-29911.6,62565.33333333332,23862.166666666668,149843.9,37119.7,2.661991584852735,1,22,0,0
150413.3,569.4,3755.9,31430.0,1518.4,1618.6,1,0,0,0,0,0,-149843.9,3186.5,-29911.6,100.19999999999982,51579.533333333326,11522.333333333334,149843.9,29911.6,0.4308339322313609,1,22,2,1
569.4,3755.9,295619.9,1518.4,1618.6,64383.7,0,0,2,0,0,1,3186.5,291864.0,100.19999999999982,62765.1,99981.73333333334,22506.899999999998,295050.5,62865.299999999996,0.21779143490869554,2,6,0,0
3755.9,295619.9,1425.4,1618.6,64383.7,625.6,0,2,0,0,1,0,291864.0,-294194.5,62765.1,-63758.1,100267.0666666667,22209.300000000003,294194.5,63758.1,0.4385866517106001,1,22,1,1
295619.9,1425.4,60520.6,64383.7,625.6,81324.1,2,0,1,1,0,1,-294194.5,59095.2,-63758.1,80698.5,119188.63333333335,48777.799999999996,294194.5,80698.5,1.3437202585523187,3,0,0,0
1425.4,60520.6,4316.0,625.6,81324.1,1547.8,0,1,0,0,1,0,59095.2,-56204.6,80698.5,-79776.3,22087.333333333332,27832.500000000004,59095.2,80698.5,0.35853602038452626,1,22,2,0
60520.6,4316.0,426440.6,81324.1,1547.8,14156.2,1,0,2,1,0,0,-56204.6,422124.6,-79776.3,12608.400000000001,163759.06666666665,32342.7,422124.6,79776.3,0.033196104695226734,2,22,0,0
4316.0,426440.6,321.7,1547.8,14156.2,799.8,0,2,0,0,0,0,422124.6,-426118.89999999997,12608.400000000001,-13356.400000000001,143692.76666666666,5501.266666666666,426118.89999999997,13356.400000000001,2.4784629687015802,1,22,1,0
426440.6,321.7,194856.7,14156.2,799.8,32395.5,2,0,1,0,0,0,-426118.89999999997,194535.0,-13356.400000000001,31595.7,207206.33333333334,15783.833333333334,426118.89999999997,31595.7,0.1662520906281866,2,6,3,0
321.7,194856.7,1429398.3,799.8,32395.5,31098.0,0,1,3,0,0,0,194535.0,1234541.6,31595.7,-1297.5,541525.5666666668,21431.100000000002,1429076.6,31595.7,0.02175599218496889,3,0,0,0
194856.7,1429398.3,1636.7,32395.5,31098.0,746.6,1,3,0,0,0,0,1234541.6,-1427761.6,-1297.5,-30351.4,541963.9,21413.366666666665,1427761.6,31648.9,0.45588325090065335,1,22,1,0
1429398.3,1636.7,171550.9,31098.0,746.6,11980.0,3,0,1,0,0,0,-1427761.6,169914.19999999998,-30351.4,11233.4,534195.2999999999,14608.199999999999,1427761.6,30351.4,0.06983309424145114,2,6,2,1
1636.7,171550.9,210045.7,746.6,11980.0,61458.5,0,1,2,0,0,1,169914.19999999998,38494.80000000002,11233.4,49478.5,127744.43333333335,24728.36666666667,208409.0,60711.9,0.29259445637565357,2,6,2,1
171550.9,210045.7,241702.2,11980.0,61458.5,69574.9,1,2,2,0,1,1,38494.80000000002,31656.5,49478.5,8116.399999999994,207766.2666666667,47671.13333333333,70151.30000000002,57594.899999999994,0.2878526225552661,2,6,0,0
210045.7,241702.2,1877.4,61458.5,69574.9,2103.6,2,2,0,1,1,0,31656.5,-239824.80000000002,8116.399999999994,-67471.29999999999,151208.43333333335,44379.0,239824.80000000002,67471.29999999999,1.1198892674616694,1,22,1,1
241702.2,1877.4,55863.9,69574.9,2103.6,75030.7,2,0,1,1,0,1,-239824.80000000002,53986.5,-67471.29999999999,72927.09999999999,99814.5,48903.06666666667,239824.80000000002,72927.09999999999,1.3430740948251942,2,6,1,1
1877.4,55863.9,150973.7,2103.6,75030.7,123444.8,0,1,1,0,1,1,53986.5,95109.80000000002,72927.09999999999,48414.100000000006,69571.66666666667,66859.7,149096.30000000002,121341.2,0.8176522291483275,5,14,2,0
55863.9,150973.7,264327.8,75030.7,123444.8,10532.5,1,1,2,1,1,0,95109.80000000002,113354.09999999998,48414.100000000006,-112912.3,157055.13333333333,69669.33333333333,208463.9,112912.3,0.03984620669408706,2,6,1,0
150973.7,264327.8,151778.8,123444.8,10532.5,25873.1,1,2,1,1,0,0,113354.09999999998,-112549.0,-112912.3,15340.599999999999,189026.7666666667,53283.46666666667,113354.09999999998,112912.3,0.1704647126956288,2,6,0,0
264327.8,151778.8,4547.6,10532.5,25873.1,1362.6,2,1,0,0,0,0,-112549.0,-147231.19999999998,15340.599999999999,-24510.5,140218.06666666665,12589.4,259780.19999999998,24510.5,0.29956470122675105,1,22,0,0
151778.8,4547.6,3959.7,25873.1,1362.6,1460.0,1,0,0,0,0,0,-147231.19999999998,-587.9000000000005,-24510.5,97.40000000000009,53428.700000000004,9565.233333333332,147819.09999999998,24510.5,0.36862170828388924,1,22,0,1
4547.6,3959.7,33004.7,1362.6,1460.0,87842.7,0,0,0,0,0,1,-587.9000000000005,29044.999999999996,97.40000000000009,86382.7,13837.333333333334,30221.766666666666,29044.999999999996,86480.09999999999,2.661440296676029,3,3,0,1
3959.7,33004.7,28369.9,1460.0,87842.7,65900.0,0,0,0,0,1,1,29044.999999999996,-4634.799999999996,86382.7,-21942.699999999997,21778.1,51734.23333333334,29044.999999999996,86382.7,2.322802589977759,5,4,0,0
33004.7,28369.9,2640.3,87842.7,65900.0,833.0,0,0,0,1,1,0,-4634.799999999996,-25729.600000000002,-21942.699999999997,-65067.0,21338.3,51525.23333333334,30364.399999999998,87009.7,0.31537500473251806,1,22,2,0
28369.9,2640.3,269670.7,65900.0,833.0,9185.7,0,0,2,1,0,0,-25729.600000000002,267030.4,-65067.0,8352.7,100226.96666666667,25306.233333333334,267030.4,65067.0,0.034062528622766125,2,6,0,0
2640.3,269670.7,426.0,833.0,9185.7,1479.5,0,2,0,0,0,0,267030.4,-269244.7,8352.7,-7706.200000000001,90912.33333333333,3832.7333333333336,269244.7,8352.7,3.4648711943793913,5,22,0,0
269670.7,426.0,2582.8,9185.7,1479.5,1656.5,2,0,0,0,0,0,-269244.7,2156.8,-7706.200000000001,177.0,90893.16666666667,4107.233333333334,269244.7,7706.200000000001,0.6411099930335165,5,22,1,1
426.0,2582.8,182965.0,1479.5,1656.5,51674.7,0,0,1,0,0,1,2156.8,180382.2,177.0,50018.2,61991.26666666666,18270.233333333334,182539.0,50195.2,0.28242788277603487,2,6,0,0
2582.8,182965.0,2453.5,1656.5,51674.7,3631.0,0,1,0,0,1,0,180382.2,-180511.5,50018.2,-48043.7,62667.1,18987.399999999998,180511.5,50018.2,1.4793236911794663,1,22,1,0
182965.0,2453.5,198630.4,51674.7,3631.0,30515.5,1,0,1,1,0,0,-180511.5,196176.9,-48043.7,26884.5,128016.3,28607.066666666666,196176.9,48043.7,0.15362878175353947,2,6,0,0
2453.5,198630.4,3590.1,3631.0,30515.5,2415.1,0,1,0,0,0,0,196176.9,-195040.3,26884.5,-28100.4,68224.66666666667,12187.199999999999,196176.9,28100.4,0.6725237392442427,1,22,0,0
198630.4,3590.1,3422.7,30515.5,2415.1,669.2,1,0,0,0,0,0,-195040.3,-167.4000000000001,-28100.4,-1745.8999999999999,68547.73333333334,11199.933333333332,195207.69999999998,29846.3,0.1954610509098344,1,22,0,1
3590.1,3422.7,43293.2,2415.1,669.2,75498.6,0,0,0,0,0,1,-167.4000000000001,39870.5,-1745.8999999999999,74829.40000000001,16768.666666666668,26194.300000000003,39870.5,74829.40000000001,1.7438502155023077,2,6,0,0
3422.7,43293.2,29245.8,669.2,75498.6,9393.6,0,0,0,0,1,0,39870.5,-14047.399999999998,74829.40000000001,-66105.0,25320.566666666666,28520.46666666667,39870.5,74829.40000000001,0.3211838560115979,2,6,0,0
43293.2,29245.8,4457.2,75498.6,9393.6,599.9,0,0,0,1,0,0,-14047.399999999998,-24788.6,-66105.0,-8793.7,25665.399999999998,28497.36666666667,38836.0,74898.70000000001,0.13456103360100488,1,22,1,1
29245.8,4457.2,59464.9,9393.6,599.9,53430.8,0,0,1,0,0,1,-24788.6,55007.700000000004,-8793.7,52830.9,31055.966666666664,21141.433333333334,55007.700000000004,52830.9,0.8985115839497931,2,6,0,0
4457.2,59464.9,4875.0,599.9,53430.8,2739.8,0,1,0,0,1,0,55007.700000000004,-54589.9,52830.9,-50691.0,22932.36666666667,18923.500000000004,55007.700000000004,52830.9,0.5618949958982773,1,22,3,1
59464.9,4875.0,886892.3,53430.8,2739.8,88940.4,1,0,3,1,0,1,-54589.9,882017.3,-50691.0,86200.59999999999,317077.4,48370.333333333336,882017.3,86200.59999999999,0.10028308929608555,3,0,0,0
4875.0,886892.3,613.7,2739.8,88940.4,1323.9,0,3,0,0,1,0,882017.3,-886278.6000000001,86200.59999999999,-87616.5,297460.3333333333,31001.366666666665,886278.6000000001,87616.5,2.1537335285505126,1,22,0,0
886892.3,613.7,2909.5,88940.4,1323.9,4676.4,3,0,0,1,0,0,-886278.6000000001,2295.8,-87616.5,3352.4999999999995,296805.1666666667,31646.899999999994,886278.6000000001,87616.5,1.6067342381034184,1,22,2,0
613.7,2909.5,272274.3,1323.9,4676.4,32032.3,0,0,2,0,0,0,2295.8,269364.8,3352.4999999999995,27355.9,91932.5,12677.533333333333,271660.6,30708.399999999998,0.1176467347570639,2,6,1,0
2909.5,272274.3,63379.4,4676.4,32032.3,16209.5,0,2,1,0,0,0,269364.8,-208894.9,27355.9,-15822.8,112854.40000000001,17639.399999999998,269364.8,27355.9,0.2557494114899874,2,6,0,1
272274.3,63379.4,15063.6,32032.3,16209.5,63992.2,2,1,0,0,0,1,-208894.9,-48315.8,-15822.8,47782.7,116905.76666666666,37411.333333333336,257210.69999999998,47782.7,4.247852581548797,2,6,1,0
63379.4,15063.6,100147.1,16209.5,63992.2,46622.8,1,0,1,0,1,0,-48315.8,85083.5,47782.7,-17369.399999999994,59530.03333333333,42274.833333333336,85083.5,47782.7,0.465538537426072,2,6,2,1
15063.6,100147.1,548657.6,63992.2,46622.8,64727.7,0,1,2,1,0,1,85083.5,448510.5,-17369.399999999994,18104.899999999994,221289.43333333335,58447.56666666667,533594.0,18104.899999999994,0.11797445624656207,3,0,1,1
100147.1,548657.6,123896.3,46622.8,64727.7,76034.1,1,2,1,0,1,1,448510.5,-424761.3,18104.899999999994,11306.400000000009,257567.0,62461.53333333333,448510.5,29411.300000000003,0.6136864968001724,5,19,1,0
548657.6,123896.3,188287.2,64727.7,76034.1,44578.6,2,1,1,1,1,0,-424761.3,64390.90000000001,11306.400000000009,-31455.500000000007,286947.0333333334,61780.13333333333,424761.3,31455.500000000007,0.23675726891010693,2,6,1,1
123896.3,188287.2,87395.0,76034.1,44578.6,61943.9,1,1,1,1,0,1,64390.90000000001,-100892.20000000001,-31455.500000000007,17365.300000000003,133192.83333333334,60852.200000000004,100892.20000000001,31455.500000000007,0.7087727127099639,2,6,1,1
188287.2,87395.0,80705.8,44578.6,61943.9,135491.1,1,1,1,0,1,1,-100892.20000000001,-6689.199999999997,17365.300000000003,73547.20000000001,118796.0,80671.2,107581.40000000001,90912.5,1.678806494620032,5,4,0,0
87395.0,80705.8,4073.5,61943.9,135491.1,2051.9,1,1,0,1,1,0,-6689.199999999997,-76632.3,73547.20000000001,-133439.2,57391.43333333333,66495.63333333333,83321.5,133439.2,0.503595533194257,1,22,3,1
80705.8,4073.5,1011709.7,135491.1,2051.9,68461.2,1,0,3,1,0,1,-76632.3,1007636.2,-133439.2,66409.3,365496.3333333333,68668.06666666667,1007636.2,133439.2,0.06766875155120926,3,0,0,0
4073.5,1011709.7,2691.6,2051.9,68461.2,439.8,0,3,0,0,1,0,1007636.2,-1009018.1,66409.3,-68021.4,339491.6,23650.966666666664,1009018.1,68021.4,0.16333655203149372,1,22,0,0
1011709.7,2691.6,3283.0,68461.2,439.8,3866.1,3,0,0,1,0,0,-1009018.1,591.4000000000001,-68021.4,3426.2999999999997,339228.1,24255.7,1009018.1,68021.4,1.1772533495736905,1,22,1,0
2691.6,3283.0,72001.9,439.8,3866.1,37679.8,0,0,1,0,0,0,591.4000000000001,68718.9,3426.2999999999997,33813.700000000004,25992.166666666668,13995.233333333335,69310.29999999999,37240.0,0.5233094778126993,2,6,1,0
3283.0,72001.9,167387.1,3866.1,37679.8,25065.6,0,1,1,0,0,0,68718.9,95385.20000000001,33813.700000000004,-12614.200000000004,80890.66666666667,22203.833333333332,164104.1,33813.700000000004,0.14974541200957533,2,6,1,0
72001.9,167387.1,136671.6,37679.8,25065.6,46435.6,1,1,1,0,0,0,95385.20000000001,-30715.5,-12614.200000000004,21370.0,125353.53333333333,36393.666666666664,95385.20000000001,21370.0,0.33975793246049313,3,3,0,0
167387.1,136671.6,340.6,25065.6,46435.6,2614.2,1,1,0,0,0,0,-30715.5,-136331.0,21370.0,-43821.4,101466.43333333333,24705.13333333333,167046.5,43821.4,7.652810304449647,5,22,3,1
136671.6,340.6,626459.2,46435.6,2614.2,94418.7,1,0,3,0,0,1,-136331.0,626118.6,-43821.4,91804.5,254490.46666666665,47822.833333333336,626118.6,91804.5,0.15071779500118285,3,0,0,0
340.6,626459.2,41.4,2614.2,94418.7,168.5,0,3,0,0,1,0,626118.6,-626417.7999999999,91804.5,-94250.2,208947.06666666665,32400.466666666664,626417.7999999999,94250.2,3.974056603773585,1,22,0,1
626459.2,41.4,9932.2,94418.7,168.5,59206.2,3,0,0,1,0,1,-626417.7999999999,9890.800000000001,-94250.2,59037.7,212144.26666666663,51264.46666666667,626417.7999999999,94250.2,5.96043571054645,2,6,0,0
41.4,9932.2,3084.5,168.5,59206.2,776.7,0,0,0,0,1,0,9890.800000000001,-6847.700000000001,59037.7,-58429.5,4352.7,20050.466666666664,9890.800000000001,59037.7,0.2517258142926592,1,22,0,0
9932.2,3084.5,539.3,59206.2,776.7,646.2,0,0,0,1,0,0,-6847.700000000001,-2545.2,-58429.5,-130.5,4518.666666666667,20209.699999999997,9392.900000000001,58560.0,1.19600222098834,1,22,0,0
3084.5,539.3,1306.0,776.7,646.2,3799.2,0,0,0,0,0,0,-2545.2,766.7,-130.5,3153.0,1643.2666666666667,1740.7,2545.2,3153.0,2.906809487375669,1,22,2,0
539.3,1306.0,592984.6,646.2,3799.2,14513.1,0,0,2,0,0,0,766.7,591678.6,3153.0,10713.900000000001,198276.63333333333,6319.5,592445.2999999999,13866.9,0.024474624678912947,3,0,1,0
1306.0,592984.6,192122.2,3799.2,14513.1,50218.4,0,2,1,0,0,0,591678.6,-400862.39999999997,10713.900000000001,35705.3,262137.6,22843.566666666666,591678.6,46419.200000000004,0.2613864436986267,2,6,0,0
592984.6,192122.2,758.6,14513.1,50218.4,147.1,2,1,0,0,0,0,-400862.39999999997,-191363.6,35705.3,-50071.3,261955.13333333333,21626.2,592226.0,50071.3,0.1936545550289626,1,22,2,0
192122.2,758.6,324349.5,50218.4,147.1,26032.3,1,0,2,0,0,0,-191363.6,323590.9,-50071.3,25885.2,172410.1,25465.933333333334,323590.9,50071.3,0.08025978070019932,2,22,0,0
758.6,324349.5,4803.5,147.1,26032.3,3805.8,0,2,0,0,0,0,323590.9,-319546.0,25885.2,-22226.5,109970.53333333333,9995.066666666666,323590.9,25885.2,0.792132375897596,1,22,0,0
324349.5,4803.5,4524.6,26032.3,3805.8,3893.6,2,0,0,0,0,0,-319546.0,-278.89999999999964,-22226.5,87.79999999999973,111225.86666666665,11243.9,319824.9,22226.5,0.8603500088386069,1,22,1,0
4803.5,4524.6,197841.6,3805.8,3893.6,17931.4,0,0,1,0,0,0,-278.89999999999964,193317.0,87.79999999999973,14037.800000000001,69056.56666666667,8543.6,193317.0,14125.600000000002,0.09063467625273829,3,3,0,0
4524.6,197841.6,50159.1,3893.6,17931.4,9037.2,0,1,0,0,0,0,193317.0,-147682.5,14037.800000000001,-8894.2,84175.1,10287.4,193317.0,14037.800000000001,0.18016710493001412,2,22,2,1
197841.6,50159.1,501827.8,17931.4,9037.2,92690.0,1,0,2,0,0,1,-147682.5,451668.7,-8894.2,83652.8,249942.83333333334,39886.200000000004,451668.7,83652.8,0.18470442509477336,3,0,0,0
50159.1,501827.8,4797.6,9037.2,92690.0,343.2,0,2,0,0,1,0,451668.7,-497030.2,83652.8,-92346.8,185594.83333333334,34023.46666666667,497030.2,92346.8,0.07152086025090651,1,22,0,0
501827.8,4797.6,890.2,92690.0,343.2,3325.3,2,0,0,1,0,0,-497030.2,-3907.4000000000005,-92346.8,2982.1000000000004,169171.86666666667,32119.5,500937.6,92346.8,3.7312612208258527,1,22,0,0
4797.6,890.2,3247.3,343.2,3325.3,2857.6,0,0,0,0,0,0,-3907.4000000000005,2357.1000000000004,2982.1000000000004,-467.7000000000003,2978.366666666667,2175.366666666667,3907.4000000000005,2982.1000000000004,0.8797217005818427,1,22,2,1
890.2,3247.3,236962.3,3325.3,2857.6,52394.6,0,0,2,0,0,1,2357.1000000000004,233715.0,-467.7000000000003,49537.0,80366.59999999999,19525.833333333332,236072.09999999998,49537.0,0.22110850076784042,2,6,0,0
3247.3,236962.3,1128.2,2857.6,52394.6,3370.5,0,2,0,0,1,0,233715.0,-235834.09999999998,49537.0,-49024.1,80445.93333333333,19540.899999999998,235834.09999999998,49537.0,2.984856535600425,1,22,2,0
236962.3,1128.2,289190.4,52394.6,3370.5,23545.0,2,0,2,1,0,0,-235834.09999999998,288062.2,-49024.1,20174.5,175760.30000000002,26436.7,288062.2,49024.1,0.0814166673006182,2,6,1,1
1128.2,289190.4,66919.1,3370.5,23545.0,75267.2,0,2,1,0,0,1,288062.2,-222271.30000000002,20174.5,51722.2,119079.23333333335,34060.9,288062.2,71896.7,1.1247323300473249,3,3,1,0
289190.4,66919.1,118330.8,23545.0,75267.2,14414.7,2,1,1,0,1,0,-222271.30000000002,51411.7,51722.2,-60852.5,158146.76666666666,37742.299999999996,222271.30000000002,60852.5,0.12181594465731106,2,22,0,0
66919.1,118330.8,3810.1,75267.2,14414.7,103.3,1,1,0,1,0,0,51411.7,-114520.7,-60852.5,-14311.400000000001,63020.00000000001,29928.399999999998,114520.7,75163.9,0.02710503529164808,1,22,1,0
118330.8,3810.1,96792.4,14414.7,103.3,10003.8,1,0,1,0,0,0,-114520.7,92982.29999999999,-14311.400000000001,9900.5,72977.76666666666,8173.933333333333,114520.7,14311.400000000001,0.10335208805559057,2,6,0,0
3810.1,96792.4,2371.4,103.3,10003.8,3319.1,0,1,0,0,0,0,92982.29999999999,-94421.0,9900.5,-6684.699999999999,34324.63333333333,4475.4,94421.0,9900.5,1.3990473781824313,1,22,0,0
96792.4,2371.4,799.3,10003.8,3319.1,3023.1,1,0,0,0,0,0,-94421.0,-1572.1000000000001,-6684.699999999999,-296.0,33321.03333333333,5448.666666666667,95993.09999999999,6980.699999999999,3.777458453080095,1,22,1,1
2371.4,799.3,152084.0,3319.1,3023.1,98004.3,0,0,1,0,0,1,-1572.1000000000001,151284.7,-296.0,94981.2,51751.56666666667,34782.166666666664,151284.7,94981.2,0.6444047736463162,3,0,1,1
799.3,152084.0,81447.9,3023.1,98004.3,51733.9,0,1,1,0,1,1,151284.7,-70636.1,94981.2,-46270.4,78110.4,50920.43333333334,151284.7,94981.2,0.6351700268511914,5,4,0,0
152084.0,81447.9,1206.4,98004.3,51733.9,2684.2,1,1,0,1,1,0,-70636.1,-80241.5,-46270.4,-49049.700000000004,78246.09999999999,50807.466666666674,150877.6,95320.1,2.2231240682458173,5,22,1,0
81447.9,1206.4,142625.1,51733.9,2684.2,47628.3,1,0,1,1,0,0,-80241.5,141418.7,-49049.700000000004,44944.100000000006,75093.13333333333,34015.46666666667,141418.7,49049.700000000004,0.33393817821562816,2,6,2,1
1206.4,142625.1,282746.0,2684.2,47628.3,80473.3,0,1,2,0,0,1,141418.7,140120.9,44944.100000000006,32845.0,142192.5,43595.26666666667,281539.6,77789.1,0.28461239199708577,3,3,0,0
142625.1,282746.0,976.1,47628.3,80473.3,398.8,1,2,0,0,1,0,140120.9,-281769.9,32845.0,-80074.5,142115.7333333333,42833.46666666667,281769.9,80074.5,0.40814655613550305,1,22,0,0
282746.0,976.1,121.9,80473.3,398.8,121.0,2,0,0,1,0,0,-281769.9,-854.2,-80074.5,-277.8,94614.66666666667,26997.7,282624.1,80352.3,0.984540276647681,1,22,0,0
976.1,121.9,4372.9,398.8,121.0,2726.7,0,0,0,0,0,0,-854.2,4251.0,-277.8,2605.7,1823.6333333333332,1082.1666666666667,4251.0,2605.7,0.6234024554745193,1,22,0,0
121.9,4372.9,964.3,121.0,2726.7,354.7,0,0,0,0,0,0,4251.0,-3408.5999999999995,2605.7,-2372.0,1819.6999999999998,1067.4666666666665,4251.0,2605.7,0.3674505335128975,1,22,0,0
4372.9,964.3,4329.9,2726.7,354.7,1437.0,0,0,0,0,0,0,-3408.5999999999995,3365.5999999999995,-2372.0,1082.3,3222.3666666666663,1506.1333333333332,3408.5999999999995,2372.0,0.3318017040338036,1,22,1,0
964.3,4329.9,97242.4,354.7,1437.0,23875.3,0,0,1,0,0,0,3365.5999999999995,92912.5,1082.3,22438.3,34178.86666666666,8555.666666666666,96278.09999999999,23520.6,0.24552103278988602,3,2,3,1
4329.9,97242.4,658485.8,1437.0,23875.3,84448.1,0,1,3,0,0,1,92912.5,561243.4,22438.3,60572.8,253352.70000000004,36586.8,654155.9,83011.1,0.12824569907855404,3,0,0,0
97242.4,658485.8,341.0,23875.3,84448.1,393.3,1,3,0,0,1,0,561243.4,-658144.8,60572.8,-84054.8,252023.06666666668,36238.9,658144.8,84054.8,1.1500000000000001,5,22,1,1
658485.8,341.0,63694.0,84448.1,393.3,81821.8,3,0,1,1,0,1,-658144.8,63353.0,-84054.8,81428.5,240840.2666666667,55554.4,658144.8,84054.8,1.2845874872438967,5,19,0,0
341.0,63694.0,3338.2,393.3,81821.8,564.6,0,1,0,0,1,0,63353.0,-60355.8,81428.5,-81257.2,22457.733333333334,27593.233333333337,63353.0,81428.5,0.16908241494968856,1,22,0,0
63694.0,3338.2,2863.3,81821.8,564.6,1725.9,1,0,0,1,0,0,-60355.8,-474.89999999999964,-81257.2,1161.3000000000002,23298.5,28037.433333333334,60830.7,81257.2,0.6025555982264428,1,22,0,0
3338.2,2863.3,394.5,564.6,1725.9,429.6,0,0,0,0,0,0,-474.89999999999964,-2468.8,1161.3000000000002,-1296.3000000000002,2198.6666666666665,906.6999999999999,2943.7,1296.3000000000002,1.08621997471555,1,22,1,1
2863.3,394.5,88865.7,1725.9,429.6,96224.4,0,0,1,0,0,1,-2468.8,88471.2,-1296.3000000000002,95794.79999999999,30707.833333333332,32793.299999999996,88471.2,95794.79999999999,1.0827947926501154,5,4,0,0
394.5,88865.7,3974.2,429.6,96224.4,4772.7,0,1,0,0,1,0,88471.2,-84891.5,95794.79999999999,-91451.7,31078.13333333333,33808.9,88471.2,95794.79999999999,1.2006188367880861,1,22,2,1
88865.7,3974.2,220336.4,96224.4,4772.7,77582.9,1,0,2,1,0,1,-84891.5,216362.19999999998,-91451.7,72810.2,104392.09999999999,59526.666666666664,216362.19999999998,91451.7,0.3521095374639076,3,0,0,0
3974.2,220336.4,3428.5,4772.7,77582.9,3634.4,0,2,0,0,1,0,216362.19999999998,-216907.9,72810.2,-73948.5,75913.03333333334,28663.33333333333,216907.9,73948.5,1.0597463187053506,1,22,0,0
220336.4,3428.5,2090.0,77582.9,3634.4,3028.4,2,0,0,1,0,0,-216907.9,-1338.5,-73948.5,-606.0,75284.96666666666,28081.899999999994,218246.4,74554.5,1.4483022477283596,1,22,0,0
3428.5,2090.0,3983.1,3634.4,3028.4,3438.5,0,0,0,0,0,0,-1338.5,1893.1,-606.0,410.0999999999999,3167.2000000000003,3367.1,1893.1,606.0,0.8630556461936196,1,22,3,1
2090.0,3983.1,808009.8,3028.4,3438.5,94318.7,0,0,3,0,0,1,1893.1,804026.7000000001,410.0999999999999,90880.2,271360.9666666667,33595.2,805919.8,91290.3,0.1167295041105886,3,0,1,1
3983.1,808009.8,133061.3,3438.5,94318.7,119980.2,0,3,1,0,1,1,804026.7000000001,-674948.5,90880.2,25661.5,315018.06666666665,72579.13333333333,804026.7000000001,116541.7,0.90168439896199,5,19,0,0
808009.8,133061.3,157.4,94318.7,119980.2,2856.3,3,1,0,1,1,0,-674948.5,-132903.9,25661.5,-117123.9,313742.8333333334,72385.06666666667,807852.4,117123.9,18.03219696969697,1,22,2,0
133061.3,157.4,284055.2,119980.2,2856.3,9706.7,1,0,2,1,0,0,-132903.9,283897.8,-117123.9,6850.400000000001,139091.30000000002,44181.06666666667,283897.8,117123.9,0.034171758968823775,2,6,1,1
157.4,284055.2,164341.1,2856.3,9706.7,113422.7,0,2,1,0,0,1,283897.8,-119714.1,6850.400000000001,103716.0,149517.90000000002,41995.23333333333,283897.8,110566.4,0.6901621678194448,5,4,0,0
284055.2,164341.1,275.9,9706.7,113422.7,660.1,2,1,0,0,1,0,-119714.1,-164065.2,103716.0,-112762.59999999999,149557.40000000002,41263.166666666664,283779.3,112762.59999999999,2.3838931022029617,1,22,0,0
164341.1,275.9,4873.2,113422.7,660.1,1145.1,1,0,0,1,0,0,-164065.2,4597.3,-112762.59999999999,484.9999999999999,56496.73333333334,38409.3,164065.2,112762.59999999999,0.23493086044889416,1,22,1,0
275.9,4873.2,119308.7,660.1,1145.1,48529.4,0,0,1,0,0,0,4597.3,114435.5,484.9999999999999,47384.3,41485.933333333334,16778.2,119032.8,47869.3,0.4067515046974387,3,0,0,0
4873.2,119308.7,54.8,1145.1,48529.4,159.3,0,1,0,0,0,0,114435.5,-119253.9,47384.3,-48370.1,41412.23333333333,16611.266666666666,119253.9,48370.1,2.8548387096774195,1,22,2,0
119308.7,54.8,232388.6,48529.4,159.3,44687.7,1,0,2,0,0,0,-119253.9,232333.80000000002,-48370.1,44528.399999999994,117250.7,31125.466666666664,232333.80000000002,48370.1,0.1922964710985345,2,6,0,0
54.8,232388.6,2126.3,159.3,44687.7,1524.4,0,2,0,0,0,0,232333.80000000002,-230262.30000000002,44528.399999999994,-43163.299999999996,78189.9,15457.133333333333,232333.80000000002,44528.399999999994,0.7165891035585014,1,22,1,1
232388.6,2126.3,172049.6,44687.7,1524.4,130647.3,2,0,1,0,0,1,-230262.30000000002,169923.30000000002,-43163.299999999996,129122.90000000001,135521.5,58953.13333333333,230262.30000000002,129122.90000000001,0.7593539342495754,5,19,0,0
2126.3,172049.6,3158.7,1524.4,130647.3,3011.5,0,1,0,0,1,0,169923.30000000002,-168890.9,129122.90000000001,-127635.8,59111.53333333333,45061.06666666667,169923.30000000002,129122.90000000001,0.953096812988575,1,22,0,0
172049.6,3158.7,250.7,130647.3,3011.5,668.1,1,0,0,1,0,0,-168890.9,-2908.0,-127635.8,-2343.4,58486.33333333334,44775.63333333333,171798.9,129979.2,2.6543504171632897,1,22,2,1
3158.7,250.7,217972.5,3011.5,668.1,51877.2,0,0,2,0,0,1,-2908.0,217721.8,-2343.4,51209.1,73793.96666666666,18518.93333333333,217721.8,51209.1,0.23799773825717346,2,6,0,0
250.7,217972.5,2586.5,668.1,51877.2,907.5,0,2,0,0,1,0,217721.8,-215386.0,51209.1,-50969.7,73603.23333333334,17817.6,217721.8,51209.1,0.3507246376811594,1,22,0,0
217972.5,2586.5,1470.5,51877.2,907.5,2888.1,2,0,0,1,0,0,-215386.0,-1116.0,-50969.7,1980.6,74009.83333333333,18557.6,216502.0,50969.7,1.962691131498471,1,22,0,0
2586.5,1470.5,4068.3,907.5,2888.1,3604.0,0,0,0,0,0,0,-1116.0,2597.8,1980.6,715.9000000000001,2708.4333333333334,2466.5333333333333,2597.8,2696.5,0.8856560096331064,1,22,0,0
1470.5,4068.3,3841.3,2888.1,3604.0,1036.0,0,0,0,0,0,0,2597.8,-227.0,715.9000000000001,-2568.0,3126.7000000000003,2509.366666666667,2597.8,2568.0,0.26963016942976864,1,22,1,1
4068.3,3841.3,176644.8,3604.0,1036.0,72888.8,0,0,1,0,0,1,-227.0,172803.5,-2568.0,71852.8,61518.13333333333,25842.933333333334,172803.5,71852.8,0.4126268498883076,2,6,1,1
3841.3,176644.8,176935.9,1036.0,72888.8,61757.8,0,1,1,0,1,1,172803.5,291.1000000000058,71852.8,-11131.0,119140.66666666667,45227.53333333333,173094.6,71852.8,0.3490385555528553,3,2,3,1
176644.8,176935.9,627058.3,72888.8,61757.8,71085.4,1,1,3,1,1,1,291.1000000000058,450122.4,-11131.0,9327.599999999991,326879.6666666667,68577.33333333333,450413.50000000006,11131.0,0.11336312211620175,3,0,0,0
176935.9,627058.3,31710.0,61757.8,71085.4,48641.6,1,3,0,1,1,0,450122.4,-595348.3,9327.599999999991,-22443.799999999996,278568.0666666667,60494.93333333334,595348.3,22443.799999999996,1.5339030620289489,2,6,1,0
627058.3,31710.0,173762.1,71085.4,48641.6,30020.2,3,0,1,1,0,0,-595348.3,142052.1,-22443.799999999996,-18621.399999999998,277510.13333333336,49915.73333333334,595348.3,41065.2,0.17276510375332851,3,3,1,0
31710.0,173762.1,169191.8,48641.6,30020.2,34756.8,0,1,1,0,0,0,142052.1,-4570.3000000000175,-18621.399999999998,4736.600000000002,124887.96666666667,37806.200000000004,142052.1,18621.399999999998,0.205427181298495,3,2,0,1
173762.1,169191.8,38652.7,30020.2,34756.8,144070.1,1,1,0,0,0,1,-4570.3000000000175,-130539.09999999999,4736.600000000002,109313.3,127202.20000000001,69615.7,135109.40000000002,114049.90000000001,3.7272007595650614,5,4,1,1
169191.8,38652.7,179741.2,34756.8,144070.1,54678.2,1,0,1,0,1,1,-130539.09999999999,141088.5,109313.3,-89391.90000000001,129195.23333333334,77835.03333333334,141088.5,109313.3,0.30420346474005544,5,19,1,1
38652.7,179741.2,169206.8,144070.1,54678.2,99946.7,0,1,1,1,1,1,141088.5,-10534.400000000023,-89391.90000000001,45268.5,129200.23333333334,99565.0,141088.5,89391.90000000001,0.5906743069763923,3,0,1,1
179741.2,169206.8,109120.6,54678.2,99946.7,57058.8,1,1,1,1,1,1,-10534.400000000023,-60086.19999999998,45268.5,-42887.899999999994,152689.53333333333,70561.23333333334,70620.6,45268.5,0.5228918930807466,3,0,0,0
169206.8,109120.6,1390.7,99946.7,57058.8,2497.7,1,1,0,1,1,0,-60086.19999999998,-107729.90000000001,-42887.899999999994,-54561.100000000006,93239.36666666668,53167.73333333334,167816.09999999998,97449.0,1.7947115039160737,1,22,1,0
109120.6,1390.7,196987.2,57058.8,2497.7,48122.5,1,0,1,1,0,0,-107729.90000000001,195596.5,-54561.100000000006,45624.8,102499.5,35893.0,195596.5,54561.100000000006,0.24429128242199277,5,19,1,0
1390.7,196987.2,196129.0,2497.7,48122.5,18845.5,0,1,1,0,0,0,195596.5,-858.2000000000116,45624.8,-29277.0,131502.30000000002,23155.233333333334,195596.5,45624.8,0.09608677917707643,2,6,1,0
196987.2,196129.0,76885.7,48122.5,18845.5,3620.4,1,1,1,0,0,0,-858.2000000000116,-119243.3,-29277.0,-15225.1,156667.30000000002,23529.466666666664,120101.50000000001,44502.1,0.04708746766345805,2,6,0,0
196129.0,76885.7,4194.5,18845.5,3620.4,2101.9,1,1,0,0,0,0,-119243.3,-72691.2,-15225.1,-1518.5,92403.06666666667,8189.266666666667,191934.5,16743.6,0.5009891550470743,1,22,3,0
76885.7,4194.5,873724.3,3620.4,2101.9,44170.7,1,0,3,0,0,0,-72691.2,869529.8,-1518.5,42068.799999999996,318268.1666666667,16631.0,869529.8,42068.799999999996,0.05055444771943767,3,0,0,0
4194.5,873724.3,593.5,2101.9,44170.7,513.0,0,3,0,0,0,0,869529.8,-873130.8,42068.799999999996,-43657.7,292837.43333333335,15595.199999999999,873130.8,43657.7,0.862910008410429,1,22,2,1
873724.3,593.5,392069.8,44170.7,513.0,75945.3,3,0,2,0,0,1,-873130.8,391476.3,-43657.7,75432.3,422129.2,40209.666666666664,873130.8,75432.3,0.19370302506588097,3,3,2,1
593.5,392069.8,294936.5,513.0,75945.3,65257.0,0,2,2,0,1,1,391476.3,-97133.29999999999,75432.3,-10688.300000000003,229199.93333333335,47238.43333333333,391476.3,75432.3,0.22125704598431872,3,2,0,0
392069.8,294936.5,1977.1,75945.3,65257.0,3620.2,2,2,0,1,1,0,-97133.29999999999,-292959.4,-10688.300000000003,-61636.8,229661.13333333333,48274.166666666664,390092.7,72325.1,1.8301400333653506,1,22,1,0
294936.5,1977.1,194069.6,65257.0,3620.2,11998.1,2,0,1,1,0,0,-292959.4,192092.5,-61636.8,8377.900000000001,163661.06666666665,26958.433333333334,292959.4,61636.8,0.061823377678020264,2,22,0,1
1977.1,194069.6,35553.6,3620.2,11998.1,130392.3,0,1,0,0,0,1,192092.5,-158516.0,8377.900000000001,118394.2,77200.1,48670.200000000004,192092.5,126772.1,3.667381998391207,5,14,0,0
194069.6,35553.6,816.0,11998.1,130392.3,1661.0,1,0,0,0,1,0,-158516.0,-34737.6,118394.2,-128731.3,76813.06666666667,48017.13333333333,193253.6,128731.3,2.033047735618115,5,22,2,1
35553.6,816.0,294398.3,130392.3,1661.0,63169.1,0,0,2,1,0,1,-34737.6,293582.3,-128731.3,61508.1,110255.96666666666,65074.13333333333,293582.3,128731.3,0.214569463989894,2,6,3,0
816.0,294398.3,739819.7,1661.0,63169.1,34781.1,0,2,3,0,1,0,293582.3,445421.39999999997,61508.1,-28388.0,345011.3333333333,33203.73333333333,739003.7,61508.1,0.04701287757966221,3,0,1,1
294398.3,739819.7,128736.5,63169.1,34781.1,112214.3,2,3,1,1,0,1,445421.39999999997,-611083.2,-28388.0,77433.20000000001,387651.5,70054.83333333333,611083.2,77433.20000000001,0.871652005049034,5,19,1,0
739819.7,128736.5,200590.5,34781.1,112214.3,46555.5,3,1,1,0,1,0,-611083.2,71854.0,77433.20000000001,-65658.8,356382.23333333334,64516.96666666667,611083.2,77433.20000000001,0.23209109059955182,3,2,0,0
128736.5,200590.5,1449.3,112214.3,46555.5,1765.4,1,1,0,1,0,0,71854.0,-199141.2,-65658.8,-44790.1,110258.76666666666,53511.73333333333,199141.2,110448.90000000001,1.2172653933668898,5,22,1,0
200590.5,1449.3,187547.8,46555.5,1765.4,40776.4,1,0,1,0,0,0,-199141.2,186098.5,-44790.1,39011.0,129862.53333333333,29699.100000000002,199141.2,44790.1,0.21741754679315464,2,6,3,0
1449.3,187547.8,1432087.8,1765.4,40776.4,21277.4,0,1,3,0,0,0,186098.5,1244540.0,39011.0,-19499.0,540361.6333333333,21273.06666666667,1430638.5,39011.0,0.014857598215976552,3,0,3,0
187547.8,1432087.8,860544.3,40776.4,21277.4,10466.8,1,3,3,0,0,0,1244540.0,-571543.5,-19499.0,-10810.600000000002,826726.6333333334,24173.533333333336,1244540.0,30309.600000000002,0.012162985493035636,3,0,0,0
1432087.8,860544.3,4364.4,21277.4,10466.8,761.9,3,3,0,0,0,0,-571543.5,-856179.9,-10810.600000000002,-9704.9,765665.5,10835.366666666667,1427723.4000000001,20515.5,0.17453154350116828,1,22,0,0
860544.3,4364.4,355.1,10466.8,761.9,3608.4,3,0,0,0,0,0,-856179.9,-4009.2999999999997,-9704.9,2846.5,288421.26666666666,4945.7,860189.2000000001,9704.9,10.133108677337827,1,22,3,1
4364.4,355.1,1423659.1,761.9,3608.4,74137.2,0,0,3,0,0,1,-4009.2999999999997,1423304.0,2846.5,70528.8,476126.2,26169.166666666668,1423304.0,73375.3,0.05207507044694165,3,0,1,1
355.1,1423659.1,157426.7,3608.4,74137.2,57816.3,0,3,1,0,1,1,1423304.0,-1266232.4000000001,70528.8,-16320.899999999994,527146.9666666667,45187.299999999996,1423304.0,70528.8,0.36725620713508483,3,2,2,0
1423659.1,157426.7,493793.0,74137.2,57816.3,8025.7,3,1,2,1,1,0,-1266232.4000000001,336366.3,-16320.899999999994,-49790.600000000006,691626.2666666667,46659.73333333334,1266232.4000000001,66111.5,0.016253133897941245,2,22,3,1
157426.7,493793.0,830673.8,57816.3,8025.7,69093.4,1,2,3,1,0,1,336366.3,336880.80000000005,-49790.600000000006,61067.7,493964.5,44978.46666666667,673247.1000000001,61067.7,0.08317743598337159,3,0,0,0
493793.0,830673.8,2935.3,8025.7,69093.4,3528.7,2,3,0,0,1,0,336880.80000000005,-827738.5,61067.7,-65564.7,442467.3666666667,26882.599999999995,827738.5,65564.7,1.2017505023328678,1,22,1,0
830673.8,2935.3,114904.9,69093.4,3528.7,17109.2,3,0,1,1,0,0,-827738.5,111969.59999999999,-65564.7,13580.5,316171.3333333334,29910.43333333333,827738.5,65564.7,0.14889748916287154,2,22,0,0
2935.3,114904.9,1592.9,3528.7,17109.2,83.5,0,1,0,0,0,0,111969.59999999999,-113312.0,13580.5,-17025.7,39811.03333333333,6907.133333333334,113312.0,17025.7,0.052387226300269776,1,22,0,0
114904.9,1592.9,3569.2,17109.2,83.5,1823.8,1,0,0,0,0,0,-113312.0,1976.2999999999997,-17025.7,1740.3,40022.33333333333,6338.833333333333,113312.0,17025.7,0.5108397288667301,1,22,2,0
1592.9,3569.2,293319.4,83.5,1823.8,49880.3,0,0,2,0,0,0,1976.2999999999997,289750.2,1740.3,48056.5,99493.83333333333,17262.533333333336,291726.5,49796.8,0.17005397510708425,2,6,3,1
3569.2,293319.4,1109051.5,1823.8,49880.3,74592.9,0,2,3,0,0,1,289750.2,815732.1,48056.5,24712.59999999999,468646.7,42099.0,1105482.3,72769.09999999999,0.06725822267205564,3,0,1,1
293319.4,1109051.5,182450.0,49880.3,74592.9,61188.0,2,3,1,0,1,1,815732.1,-926601.5,24712.59999999999,-13404.899999999994,528273.6333333333,61887.06666666667,926601.5,24712.59999999999,0.3353667560057221,2,6,1,1
1109051.5,182450.0,58465.2,74592.9,61188.0,52653.7,3,1,1,1,1,1,-926601.5,-123984.8,-13404.899999999994,-8534.300000000003,449988.89999999997,62811.533333333326,1050586.3,21939.199999999997,0.9005835850457187,2,6,2,0
182450.0,58465.2,223275.1,61188.0,52653.7,13465.0,1,1,2,1,1,0,-123984.8,164809.90000000002,-8534.300000000003,-39188.7,154730.1,42435.566666666666,164809.90000000002,47723.0,0.0603064994417226,3,0,2,0
58465.2,223275.1,308301.3,52653.7,13465.0,28572.8,1,2,2,1,0,0,164809.90000000002,85026.19999999998,-39188.7,15107.8,196680.53333333333,31563.833333333332,249836.09999999998,39188.7,0.09267786844275894,2,22,0,0
223275.1,308301.3,2156.4,13465.0,28572.8,2846.4,2,2,0,0,0,0,85026.19999999998,-306144.89999999997,15107.8,-25726.399999999998,177910.93333333335,14961.400000000001,306144.89999999997,25726.399999999998,1.3193659034022434,1,22,1,0
308301.3,2156.4,106272.1,28572.8,2846.4,9477.3,2,0,1,0,0,0,-306144.89999999997,104115.70000000001,-25726.399999999998,6630.9,138909.93333333335,13632.166666666666,306144.89999999997,25726.399999999998,0.08917872914218178,2,6,0,0
2156.4,106272.1,3594.9,2846.4,9477.3,3540.4,0,1,0,0,0,0,104115.70000000001,-102677.20000000001,6630.9,-5936.9,37341.13333333333,5288.033333333333,104115.70000000001,6630.9,0.9845657554436997,1,22,2,0
106272.1,3594.9,317621.3,9477.3,3540.4,43135.6,1,0,2,0,0,0,-102677.20000000001,314026.39999999997,-5936.9,39595.2,142496.1,18717.766666666666,314026.39999999997,39595.2,0.13580784472626764,3,0,2,1
3594.9,317621.3,295762.6,3540.4,43135.6,51374.6,0,2,2,0,0,1,314026.39999999997,-21858.70000000001,39595.2,8239.0,205659.6,32683.533333333336,314026.39999999997,47834.2,0.1737015643574801,2,6,0,0
317621.3,295762.6,3808.7,43135.6,51374.6,2190.7,2,2,0,0,1,0,-21858.70000000001,-291953.89999999997,8239.0,-49183.9,205730.8666666666,32233.63333333333,313812.6,49183.9,0.5750321547628422,1,22,1,1
295762.6,3808.7,183817.0,51374.6,2190.7,78596.8,2,0,1,1,0,1,-291953.89999999997,180008.3,-49183.9,76406.1,161129.43333333332,44054.03333333333,291953.89999999997,76406.1,0.427579453589964,2,6,1,0
3808.7,183817.0,115078.4,2190.7,78596.8,15144.0,0,1,1,0,1,0,180008.3,-68738.6,76406.1,-63452.8,100901.36666666665,31977.166666666668,180008.3,76406.1,0.13159609799842545,2,6,1,0
183817.0,115078.4,110533.0,78596.8,15144.0,10652.5,1,1,1,1,0,0,-68738.6,-4545.399999999994,-63452.8,-4491.5,136476.13333333333,34797.76666666667,73284.0,67944.3,0.09637306168237827,5,14,0,0
115078.4,110533.0,332.7,15144.0,10652.5,3639.6,1,1,0,0,0,0,-4545.399999999994,-110200.3,-4491.5,-7012.9,75314.7,9812.033333333333,114745.7,11504.4,10.906802517231046,1,22,3,1
110533.0,332.7,1296070.0,10652.5,3639.6,95792.6,1,0,3,0,0,1,-110200.3,1295737.3,-7012.9,92153.0,468978.56666666665,36694.9,1295737.3,92153.0,0.0739099941284081,3,0,1,0
332.7,1296070.0,188157.4,3639.6,95792.6,16179.4,0,3,1,0,1,0,1295737.3,-1107912.6,92153.0,-79613.20000000001,494853.36666666664,38537.200000000004,1295737.3,92153.0,0.08598818867507377,2,6,1,1
1296070.0,188157.4,106848.1,95792.6,16179.4,70023.6,3,1,1,1,0,1,-1107912.6,-81309.29999999999,-79613.20000000001,53844.200000000004,530358.5,60665.200000000004,1189221.9,79613.20000000001,0.6553503960257971,2,6,1,1
188157.4,106848.1,127949.3,16179.4,70023.6,92488.0,1,1,1,0,1,1,-81309.29999999999,21101.199999999997,53844.200000000004,22464.399999999994,140984.93333333332,59563.666666666664,81309.29999999999,76308.6,0.7228431664482224,5,4,2,1
106848.1,127949.3,288419.7,70023.6,92488.0,88568.8,1,1,2,1,1,1,21101.199999999997,160470.40000000002,22464.399999999994,-3919.199999999997,174405.7,83693.46666666667,181571.6,22464.399999999994,0.307081981286364,3,3,0,1
127949.3,288419.7,48910.7,92488.0,88568.8,65881.6,1,2,0,1,1,1,160470.40000000002,-239509.0,-3919.199999999997,-22687.199999999997,155093.23333333334,82312.8,239509.0,26606.399999999994,1.3469497073297394,2,6,0,0
288419.7,48910.7,16438.4,88568.8,65881.6,43932.0,2,0,0,1,1,0,-239509.0,-32472.299999999996,-22687.199999999997,-21949.600000000006,117922.93333333335,66127.46666666667,271981.3,44636.8,2.6723603051206246,2,6,1,1
48910.7,16438.4,188733.8,65881.6,43932.0,123008.7,0,0,1,1,0,1,-32472.299999999996,172295.4,-21949.600000000006,79076.7,84694.3,77607.43333333333,172295.4,79076.7,0.6517542074911463,5,14,0,0
16438.4,188733.8,1598.9,43932.0,123008.7,1526.4,0,1,0,0,1,0,172295.4,-187134.9,79076.7,-121482.3,68923.7,56155.700000000004,187134.9,121482.3,0.9540596287267954,1,22,1,1
188733.8,1598.9,157954.2,123008.7,1526.4,72218.0,1,0,1,1,0,1,-187134.9,156355.30000000002,-121482.3,70691.6,116095.63333333335,65584.36666666665,187134.9,121482.3,0.45720558740706224,2,6,3,1
1598.9,157954.2,925079.9,1526.4,72218.0,99747.5,0,1,3,0,1,1,156355.30000000002,767125.7,70691.6,27529.5,361544.3333333333,57830.63333333333,923481.0,98221.1,0.10782570475728123,3,0,1,1
157954.2,925079.9,188807.3,72218.0,99747.5,140361.9,1,3,1,1,1,1,767125.7,-736272.6000000001,27529.5,40614.399999999994,423947.13333333336,104109.13333333335,767125.7,68143.9,0.7434095852777659,5,4,2,0
925079.9,188807.3,613826.5,99747.5,140361.9,47553.9,3,1,2,1,1,0,-736272.6000000001,425019.2,40614.399999999994,-92808.0,575904.5666666667,95887.76666666666,736272.6000000001,92808.0,0.07747111362719983,3,0,1,0
188807.3,613826.5,168566.2,140361.9,47553.9,28390.8,1,2,1,1,0,0,425019.2,-445260.3,-92808.0,-19163.100000000002,323733.3333333333,72102.2,445260.3,111971.09999999999,0.16842422487886136,2,6,0,0
613826.5,168566.2,1349.4,47553.9,28390.8,3306.8,2,1,0,0,0,0,-445260.3,-167216.80000000002,-19163.100000000002,-25084.0,261247.36666666667,26417.166666666668,612477.1,44247.1,2.4487559241706163,1,22,1,0
168566.2,1349.4,124264.0,28390.8,3306.8,29949.1,1,0,1,0,0,0,-167216.80000000002,122914.6,-25084.0,26642.3,98059.86666666665,20548.899999999998,167216.80000000002,26642.3,0.24100993843801552,2,6,1,1
1349.4,124264.0,185802.4,3306.8,29949.1,124472.5,0,1,1,0,0,1,122914.6,61538.399999999994,26642.3,94523.4,103805.26666666666,52576.13333333333,184453.0,121165.7,0.6699150822859,5,4,1,1
124264.0,185802.4,147374.7,29949.1,124472.5,128273.4,1,1,1,0,1,1,61538.399999999994,-38427.69999999998,94523.4,3800.899999999994,152480.36666666667,94231.66666666667,61538.399999999994,98324.29999999999,0.8703836521217541,5,4,1,1
185802.4,147374.7,158353.9,124472.5,128273.4,53754.0,1,1,1,1,1,1,-38427.69999999998,10979.199999999983,3800.899999999994,-74519.4,163843.66666666666,102166.63333333335,38427.69999999998,74519.4,0.33945271033608687,2,6,0,0
147374.7,158353.9,2731.2,128273.4,53754.0,2385.3,1,1,0,1,1,0,10979.199999999983,-155622.69999999998,-74519.4,-51368.7,102819.93333333333,61470.899999999994,155622.69999999998,125888.09999999999,0.8730327208842692,1,22,3,1
158353.9,2731.2,621568.1,53754.0,2385.3,56906.2,1,0,3,1,0,1,-155622.69999999998,618836.9,-51368.7,54520.899999999994,260884.4,37681.833333333336,618836.9,54520.899999999994,0.091552491911197,3,0,1,0
2731.2,621568.1,99493.3,2385.3,56906.2,36936.6,0,3,1,0,1,0,618836.9,-522074.8,54520.899999999994,-19969.6,241264.19999999998,32076.033333333336,618836.9,54520.899999999994,0.3712433777613391,2,6,2,0
621568.1,99493.3,283552.9,56906.2,36936.6,35252.9,3,1,2,1,0,0,-522074.8,184059.60000000003,-19969.6,-1683.699999999997,334871.43333333335,43031.899999999994,522074.8,21653.299999999996,0.12432521647559776,2,6,1,0
99493.3,283552.9,169463.9,36936.6,35252.9,7264.2,1,2,1,0,0,0,184059.60000000003,-114089.00000000003,-1683.699999999997,-27988.7,184170.03333333333,26484.566666666666,184059.60000000003,29672.399999999998,0.042865513743553976,3,0,1,0
283552.9,169463.9,170569.6,35252.9,7264.2,49553.7,2,1,1,0,0,0,-114089.00000000003,1105.7000000000116,-27988.7,42289.5,207862.13333333333,30690.266666666663,114089.00000000003,42289.5,0.2905172403685043,2,6,0,0
169463.9,170569.6,4963.0,7264.2,49553.7,3128.8,1,1,0,0,0,0,1105.7000000000116,-165606.6,42289.5,-46424.899999999994,114998.83333333333,19982.233333333334,165606.6,46424.899999999994,0.6302981466559227,1,22,0,0
170569.6,4963.0,2825.7,49553.7,3128.8,1629.9,1,0,0,0,0,0,-165606.6,-2137.3,-46424.899999999994,-1498.9,59452.76666666667,18104.133333333335,167743.9,47923.799999999996,0.5766087664060566,1,22,2,0
4963.0,2825.7,284300.1,3128.8,1629.9,25955.3,0,0,2,0,0,0,-2137.3,281474.39999999997,-1498.9,24325.399999999998,97362.93333333333,10238.0,281474.39999999997,24325.399999999998,0.09129510930488838,2,6,0,0
2825.7,284300.1,4504.4,1629.9,25955.3,2736.8,0,2,0,0,0,0,281474.39999999997,-279795.69999999995,24325.399999999998,-23218.5,97210.06666666667,10107.333333333334,281474.39999999997,24325.399999999998,0.607448839170773,1,22,0,0
284300.1,4504.4,3704.1,25955.3,2736.8,2694.7,2,0,0,0,0,0,-279795.69999999995,-800.2999999999997,-23218.5,-42.100000000000364,97502.86666666665,10462.266666666666,280596.0,23260.6,0.727294809856684,1,22,1,0
4504.4,3704.1,94369.0,2736.8,2694.7,16682.6,0,0,1,0,0,0,-800.2999999999997,90664.9,-42.100000000000364,13987.899999999998,34192.5,7371.366666666666,90664.9,13987.899999999998,0.17677863727879622,2,6,0,1
3704.1,94369.0,19962.7,2694.7,16682.6,125555.2,0,1,0,0,0,1,90664.9,-74406.3,13987.899999999998,108872.6,39345.26666666667,48310.833333333336,90664.9,122860.5,6.289174852357028,5,14,2,1
94369.0,19962.7,300645.2,16682.6,125555.2,54778.5,1,0,2,0,1,1,-74406.3,280682.5,108872.6,-70776.7,138325.63333333333,65672.09999999999,280682.5,108872.6,0.1822025357380203,3,3,1,1
19962.7,300645.2,114393.1,125555.2,54778.5,56536.3,0,2,1,1,1,1,280682.5,-186252.1,-70776.7,1757.800000000003,145000.33333333334,78956.66666666667,280682.5,70776.7,0.494223915394238,2,6,0,1
300645.2,114393.1,37757.1,54778.5,56536.3,143245.2,2,1,0,1,1,1,-186252.1,-76636.0,1757.800000000003,86708.90000000001,150931.80000000002,84853.33333333333,262888.10000000003,88466.70000000001,3.7937608089390094,5,4,2,0
114393.1,37757.1,290716.0,56536.3,143245.2,11931.5,1,0,2,1,1,0,-76636.0,252958.9,86708.90000000001,-131313.7,147622.06666666668,70571.0,252958.9,131313.7,0.0410416315523344,3,3,1,1
37757.1,290716.0,65987.4,143245.2,11931.5,51952.8,0,2,1,1,0,1,252958.9,-224728.6,-131313.7,40021.3,131486.83333333334,69043.16666666667,252958.9,131313.7,0.7873020106564185,2,6,2,0
290716.0,65987.4,277015.5,11931.5,51952.8,18070.3,2,1,2,0,1,0,-224728.6,211028.1,40021.3,-33882.5,211239.63333333333,27318.2,224728.6,40021.3,0.06523185442022407,2,6,2,0
65987.4,277015.5,278807.4,51952.8,18070.3,5355.4,1,2,2,1,0,0,211028.1,1791.9000000000233,-33882.5,-12714.9,207270.1,25126.166666666668,212820.00000000003,46597.4,0.019208173067956344,3,2,2,1
277015.5,278807.4,245023.1,18070.3,5355.4,66841.7,2,2,2,0,0,1,1791.9000000000233,-33784.30000000002,-12714.9,61486.299999999996,266948.6666666667,30089.13333333333,33784.30000000002,61486.299999999996,0.27279643104494616,2,6,0,0
278807.4,245023.1,2962.5,5355.4,66841.7,2497.1,2,2,0,0,1,0,-33784.30000000002,-242060.6,61486.299999999996,-64344.6,175597.66666666666,24898.066666666666,275844.9,64344.6,0.8426185253922727,5,22,0,0
245023.1,2962.5,4221.4,66841.7,2497.1,370.1,2,0,0,1,0,0,-242060.6,1258.8999999999996,-64344.6,-2127.0,84069.0,23236.300000000003,242060.6,66471.59999999999,0.08765157256536568,1,22,1,1
2962.5,4221.4,77621.1,2497.1,370.1,54145.6,0,0,1,0,0,1,1258.8999999999996,73399.70000000001,-2127.0,53775.5,28268.333333333332,19004.266666666666,74658.6,53775.5,0.6975539182784284,2,6,1,1
4221.4,77621.1,180679.4,370.1,54145.6,59201.3,0,1,1,0,1,1,73399.70000000001,103058.29999999999,53775.5,5055.700000000004,87507.3,37905.666666666664,176458.0,58831.200000000004,0.3276575655134702,3,3,0,0
77621.1,180679.4,637.4,54145.6,59201.3,187.8,1,1,0,1,1,0,103058.29999999999,-180042.0,5055.700000000004,-59013.5,86312.63333333333,37844.9,180042.0,59013.5,0.2941729323308271,1,22,2,0
180679.4,637.4,299920.8,59201.3,187.8,30898.4,1,0,2,1,0,0,-180042.0,299283.39999999997,-59013.5,30710.600000000002,160412.53333333333,30095.833333333332,299283.39999999997,59013.5,0.10302152094312585,3,3,1,0
637.4,299920.8,136448.5,187.8,30898.4,36023.0,0,2,1,0,0,0,299283.39999999997,-163472.3,30710.600000000002,5124.5999999999985,145668.9,22369.733333333334,299283.39999999997,35835.2,0.2640024331346029,3,2,0,0
299920.8,136448.5,4525.2,30898.4,36023.0,3303.6,2,1,0,0,0,0,-163472.3,-131923.3,5124.5999999999985,-32719.4,146964.83333333334,23408.333333333332,295395.6,32719.4,0.7298837877248022,1,22,3,1
136448.5,4525.2,920188.0,36023.0,3303.6,64521.0,1,0,3,0,0,1,-131923.3,915662.8,-32719.4,61217.4,353720.56666666665,34615.86666666667,915662.8,61217.4,0.07011711724439218,3,0,0,0
4525.2,920188.0,3540.8,3303.6,64521.0,1906.7,0,3,0,0,1,0,915662.8,-916647.2,61217.4,-62614.3,309418.0,23243.766666666666,916647.2,62614.3,0.5383420859449997,1,22,0,0
920188.0,3540.8,1138.2,64521.0,1906.7,3206.1,3,0,0,1,0,0,-916647.2,-2402.6000000000004,-62614.3,1299.3999999999999,308289.0,23211.266666666666,919049.8,62614.3,2.8143433988764044,1,22,2,0
3540.8,1138.2,271154.1,1906.7,3206.1,40105.9,0,0,2,0,0,0,-2402.6000000000004,270015.89999999997,1299.3999999999999,36899.8,91944.36666666665,15072.900000000001,270015.89999999997,38199.200000000004,0.1479075997464182,2,6,1,1
1138.2,271154.1,101576.7,3206.1,40105.9,75593.2,0,2,1,0,0,1,270015.89999999997,-169577.39999999997,36899.8,35487.299999999996,124623.0,39635.066666666666,270015.89999999997,72387.09999999999,0.7441909001680487,2,6,0,0
271154.1,101576.7,3468.3,40105.9,75593.2,3736.4,2,1,0,0,1,0,-169577.39999999997,-98108.4,35487.299999999996,-71856.8,125399.7,39811.833333333336,267685.8,71856.8,1.0769895944426828,1,22,0,0
101576.7,3468.3,2774.0,75593.2,3736.4,1281.9,1,0,0,1,0,0,-98108.4,-694.3000000000002,-71856.8,-2454.5,35939.666666666664,26870.499999999996,98802.7,74311.3,0.46194594594594596,1,22,2,0
3468.3,2774.0,207313.5,3736.4,1281.9,16343.1,0,0,2,0,0,0,-694.3000000000002,204539.5,-2454.5,15061.2,71185.26666666666,7120.466666666667,204539.5,15061.2,0.07883240197863632,3,0,1,1
2774.0,207313.5,179124.8,1281.9,16343.1,143278.2,0,2,1,0,0,1,204539.5,-28188.70000000001,15061.2,126935.1,129737.43333333333,53634.4,204539.5,141996.30000000002,0.7998747249139991,5,19,3,0
207313.5,179124.8,772052.5,16343.1,143278.2,17075.9,2,1,3,0,1,0,-28188.70000000001,592927.7,126935.1,-126202.30000000002,386163.60000000003,58899.06666666667,592927.7,126935.1,0.022117508695964724,3,0,0,0
179124.8,772052.5,95.4,143278.2,17075.9,24.5,1,3,0,1,0,0,592927.7,-771957.1,-126202.30000000002,-17051.4,317090.9,53459.53333333333,771957.1,143253.7,0.254149377593361,1,22,2,0
772052.5,95.4,250762.9,17075.9,24.5,16389.3,3,0,2,0,0,0,-771957.1,250667.5,-17051.4,16364.8,340970.26666666666,11163.233333333332,771957.1,17051.4,0.0653574936424262,2,6,0,0
95.4,250762.9,3245.0,24.5,16389.3,801.1,0,2,0,0,0,0,250667.5,-247517.9,16364.8,-15588.199999999999,84701.09999999999,5738.299999999999,250667.5,16364.8,0.24679605668515095,1,22,0,0
250762.9,3245.0,2207.4,16389.3,801.1,756.7,2,0,0,0,0,0,-247517.9,-1037.6,-15588.199999999999,-44.39999999999998,85405.09999999999,5982.366666666666,248555.5,15632.599999999999,0.3426462597355552,1,22,0,0
3245.0,2207.4,234.0,801.1,756.7,4671.4,0,0,0,0,0,0,-1037.6,-1973.4,-44.39999999999998,3914.7,1895.4666666666665,2076.4,3011.0,3914.7,19.878297872340426,1,22,0,0
2207.4,234.0,837.0,756.7,4671.4,710.3,0,0,0,0,0,0,-1973.4,603.0,3914.7,-3961.0999999999995,1092.8,2046.1333333333332,1973.4,3961.0999999999995,0.8476133651551312,1,22,0,0
234.0,837.0,2930.2,4671.4,710.3,3804.6,0,0,0,0,0,0,603.0,2093.2,-3961.0999999999995,3094.3,1333.7333333333333,3062.1,2696.2,3961.0999999999995,1.2979667030567685,1,22,0,0
837.0,2930.2,4762.0,710.3,3804.6,3703.0,0,0,0,0,0,0,2093.2,1831.8000000000002,3094.3,-101.59999999999991,2843.066666666667,2739.2999999999997,3925.0,3094.3,0.7774511862271678,1,22,0,0
2930.2,4762.0,1163.1,3804.6,3703.0,2647.7,0,0,0,0,0,0,1831.8000000000002,-3598.9,-101.59999999999991,-1055.3000000000002,2951.7666666666664,3385.1,3598.9,1156.9,2.2744609569624603,1,22,0,0
4762.0,1163.1,934.9,3703.0,2647.7,1308.9,0,0,0,0,0,0,-3598.9,-228.19999999999993,-1055.3000000000002,-1338.7999999999997,2286.6666666666665,2553.2000000000003,3827.1,2394.1,1.3985468532962926,1,22,1,0
1163.1,934.9,59269.1,2647.7,1308.9,17158.4,0,0,1,0,0,0,-228.19999999999993,58334.2,-1338.7999999999997,15849.500000000002,20455.7,7038.333333333333,58334.2,15849.500000000002,0.28949504050102837,2,6,0,0
934.9,59269.1,2211.2,1308.9,17158.4,4363.1,0,1,0,0,0,0,58334.2,-57057.9,15849.500000000002,-12795.300000000001,20805.066666666666,7610.133333333334,58334.2,15849.500000000002,1.9722900280263993,1,22,1,0
59269.1,2211.2,77504.0,17158.4,4363.1,43227.4,1,0,1,0,0,0,-57057.9,75292.8,-12795.300000000001,38864.3,46328.1,21582.966666666667,75292.8,38864.3,0.5577369201986969,2,6,2,1
2211.2,77504.0,257877.0,4363.1,43227.4,96596.8,0,1,2,0,0,1,75292.8,180373.0,38864.3,53369.4,112530.73333333334,48062.43333333333,255665.8,92233.7,0.3745833301018311,3,0,2,0
77504.0,257877.0,207005.0,43227.4,96596.8,33974.1,1,2,2,0,1,0,180373.0,-50872.0,53369.4,-62622.700000000004,180795.33333333334,57932.76666666667,180373.0,62622.700000000004,0.16412132981652705,2,6,3,0
257877.0,207005.0,946950.0,96596.8,33974.1,21141.9,2,2,3,1,0,0,-50872.0,739945.0,-62622.700000000004,-12832.199999999997,470610.6666666667,50570.93333333333,739945.0,75454.9,0.02232628721021468,3,0,2,0
207005.0,946950.0,216667.5,33974.1,21141.9,6017.6,2,3,2,0,0,0,739945.0,-730282.5,-12832.199999999997,-15124.300000000001,456874.1666666667,20377.866666666665,739945.0,27956.5,0.02777330345666306,2,22,1,0
946950.0,216667.5,73930.3,21141.9,6017.6,31734.6,3,2,1,0,0,0,-730282.5,-142737.2,-15124.300000000001,25717.0,412515.93333333335,19631.366666666665,873019.7,25717.0,0.42924444720977445,2,6,3,1
216667.5,73930.3,1229873.8,6017.6,31734.6,78026.1,2,1,3,0,0,1,-142737.2,1155943.5,25717.0,46291.50000000001,506823.8666666667,38592.76666666667,1155943.5,72008.5,0.0634423113637258,3,0,1,0
73930.3,1229873.8,71232.8,31734.6,78026.1,51006.4,1,3,1,0,1,0,1155943.5,-1158641.0,46291.50000000001,-27019.700000000004,458345.63333333336,53589.03333333333,1158641.0,46291.50000000001,0.7160421036081186,2,6,1,1
1229873.8,71232.8,157189.8,78026.1,51006.4,66641.9,3,1,1,1,0,1,-1158641.0,85956.99999999999,-27019.700000000004,15635.499999999993,486098.80000000005,65224.799999999996,1158641.0,27019.700000000004,0.42395547322107907,3,0,1,1
71232.8,157189.8,188698.0,51006.4,66641.9,102046.7,1,1,1,0,1,1,85956.99999999999,31508.20000000001,15635.499999999993,35404.8,139040.19999999998,73231.66666666667,117465.2,51040.299999999996,0.5407908891939014,5,4,0,0
157189.8,188698.0,3157.0,66641.9,102046.7,1908.8,1,1,0,1,1,0,31508.20000000001,-185541.0,35404.8,-100137.9,116348.26666666666,56865.79999999999,185541.0,100137.9,0.6044331855604813,1,22,0,0
188698.0,3157.0,2763.2,102046.7,1908.8,1876.6,1,0,0,1,0,0,-185541.0,-393.8000000000002,-100137.9,-32.200000000000045,64872.73333333334,35277.36666666667,185934.8,100170.09999999999,0.6788944360031836,1,22,0,0
3157.0,2763.2,4942.3,1908.8,1876.6,1928.9,0,0,0,0,0,0,-393.8000000000002,2179.1000000000004,-32.200000000000045,52.30000000000018,3620.8333333333335,1904.7666666666664,2179.1000000000004,52.30000000000018,0.3902049238363037,1,22,0,1
2763.2,4942.3,47564.8,1876.6,1928.9,87421.4,0,0,0,0,0,1,2179.1000000000004,42622.5,52.30000000000018,85492.5,18423.433333333334,30408.966666666664,44801.600000000006,85544.79999999999,1.8379045448620646,5,4,0,0
4942.3,47564.8,893.2,1928.9,87421.4,2621.0,0,0,0,0,1,0,42622.5,-46671.600000000006,85492.5,-84800.4,17800.100000000002,30657.099999999995,46671.600000000006,85492.5,2.931111608141355,1,22,2,1
47564.8,893.2,290374.2,87421.4,2621.0,79933.0,0,0,2,1,0,1,-46671.600000000006,289481.0,-84800.4,77312.0,112944.06666666667,56658.46666666667,289481.0,84800.4,0.2752748857340434,2,6,1,0
893.2,290374.2,159869.7,2621.0,79933.0,6989.0,0,2,1,0,1,0,289481.0,-130504.5,77312.0,-72944.0,150379.03333333335,29847.666666666668,289481.0,77312.0,0.04371657845996796,3,3,0,1
290374.2,159869.7,45917.1,79933.0,6989.0,77090.8,2,1,0,1,0,1,-130504.5,-113952.6,-72944.0,70101.8,165387.0,54670.93333333333,244457.1,72944.0,1.678876085900767,5,19,1,0
159869.7,45917.1,171619.6,6989.0,77090.8,22023.9,1,0,1,0,1,0,-113952.6,125702.5,70101.8,-55066.9,125802.13333333335,35367.9,125702.5,70101.8,0.12832900013168583,3,2,0,0
45917.1,171619.6,4232.6,77090.8,22023.9,1541.2,0,1,0,1,0,0,125702.5,-167387.0,-55066.9,-20482.7,73923.1,33551.96666666667,167387.0,75549.6,0.36404006046863185,1,22,2,0
171619.6,4232.6,239513.3,22023.9,1541.2,13696.3,1,0,2,0,0,0,-167387.0,235280.69999999998,-20482.7,12155.099999999999,138455.16666666666,12420.466666666667,235280.69999999998,20482.7,0.05718364206229023,2,22,1,0
4232.6,239513.3,144290.0,1541.2,13696.3,34133.2,0,2,1,0,0,0,235280.69999999998,-95223.29999999999,12155.099999999999,20436.899999999998,129345.3,16456.899999999998,235280.69999999998,32591.999999999996,0.2365580666846858,3,2,0,0
239513.3,144290.0,1764.9,13696.3,34133.2,1715.8,2,1,0,0,0,0,-95223.29999999999,-142525.1,20436.899999999998,-32417.399999999998,128522.73333333334,16515.100000000002,237748.4,32417.399999999998,0.9716291975763066,1,22,1,0
144290.0,1764.9,77656.2,34133.2,1715.8,21271.9,1,0,1,0,0,0,-142525.1,75891.3,-32417.399999999998,19556.100000000002,74570.36666666665,19040.3,142525.1,32417.399999999998,0.2739205121997703,3,2,1,1
1764.9,77656.2,62407.6,1715.8,21271.9,70141.3,0,1,1,0,0,1,75891.3,-15248.599999999999,19556.100000000002,48869.4,47276.23333333333,31043.0,75891.3,68425.5,1.1239043977913301,2,6,0,0
