down_t1,down_t2,down_t3,up_t1,up_t2,up_t3,down_class_t1,down_class_t2,down_class_t3,up_class_t1,up_class_t2,up_class_t3,down_delta1,down_delta2,up_delta1,up_delta2,avg_down,avg_up,burst_down,burst_up,ratio,priority,protocol,next_down_class,next_up_class
2392.1,3268.1,2181.6,1088.2,1544.1,2722.7,0,0,0,0,0,0,876.0,-1086.5,455.89999999999986,1178.6,2613.933333333333,1785.0,1086.5,1634.4999999999998,1.2474571611839091,1,22,1,1
3268.1,2181.6,152759.3,1544.1,2722.7,130618.3,0,0,1,0,0,1,-1086.5,150577.69999999998,1178.6,127895.6,52736.333333333336,44961.700000000004,150577.69999999998,129074.2,0.8550539636279846,5,19,3,0
2181.6,152759.3,1156991.2,2722.7,130618.3,22157.1,0,1,3,0,1,0,150577.69999999998,1004231.8999999999,127895.6,-108461.20000000001,437310.69999999995,51832.700000000004,1154809.5999999999,127895.6,0.01915060447252799,3,0,2,1
152759.3,1156991.2,252099.4,130618.3,22157.1,174601.3,1,3,2,1,0,1,1004231.8999999999,-904891.7999999999,-108461.20000000001,152444.19999999998,520616.6333333333,109125.56666666665,1004231.8999999999,152444.19999999998,0.6925863663841866,5,19,1,1
1156991.2,252099.4,79626.8,22157.1,174601.3,192991.7,3,2,1,0,1,1,-904891.7999999999,-172472.59999999998,152444.19999999998,18390.400000000023,496239.1333333333,129916.7,1077364.4,170834.6,2.4236723857748173,5,4,1,1
252099.4,79626.8,142852.1,174601.3,192991.7,75098.7,2,1,1,1,1,1,-172472.59999999998,63225.3,18390.400000000023,-117893.00000000001,158192.7666666667,147563.9,172472.59999999998,117893.00000000001,0.5257057774735024,2,6,3,1
79626.8,142852.1,940912.3,192991.7,75098.7,78066.3,1,1,3,1,1,1,63225.3,798060.2000000001,-117893.00000000001,2967.600000000006,387797.0666666667,115385.56666666667,861285.5,117893.00000000001,0.08296864333833946,3,0,3,1
142852.1,940912.3,870868.8,75098.7,78066.3,64542.1,1,3,3,1,1,1,798060.2000000001,-70043.5,2967.600000000006,-13524.200000000004,651544.4,72569.03333333334,798060.2000000001,13524.200000000004,0.07411222664972421,3,0,2,0
940912.3,870868.8,578198.3,78066.3,64542.1,19035.7,3,3,2,1,1,0,-70043.5,-292670.5,-13524.200000000004,-45506.399999999994,796659.8000000002,53881.36666666667,362714.0,59030.600000000006,0.03292238506687919,3,0,2,1
870868.8,578198.3,246151.2,64542.1,19035.7,70551.0,3,2,2,1,0,1,-292670.5,-332047.10000000003,-45506.399999999994,51515.3,565072.7666666667,51376.26666666666,624717.6000000001,51515.3,0.2866153542401815,5,19,2,1
578198.3,246151.2,512047.1,19035.7,70551.0,83870.4,2,2,2,0,1,1,-332047.10000000003,265895.89999999997,51515.3,13319.399999999994,445465.5333333334,57819.033333333326,332047.10000000003,64834.7,0.16379398732267533,3,0,1,1
246151.2,512047.1,87174.2,70551.0,83870.4,91301.1,2,2,1,1,1,1,265895.89999999997,-424872.89999999997,13319.399999999994,7430.700000000012,281790.8333333333,81907.5,424872.89999999997,20750.100000000006,1.047328827464692,5,19,0,0
512047.1,87174.2,3240.8,83870.4,91301.1,1319.4,2,1,0,1,1,0,-424872.89999999997,-83933.4,7430.700000000012,-89981.70000000001,200820.69999999998,58830.299999999996,508806.3,89981.70000000001,0.40699611327040536,1,22,1,0
87174.2,3240.8,133642.5,91301.1,1319.4,36008.3,1,0,1,1,0,0,-83933.4,130401.7,-89981.70000000001,34688.9,74685.83333333333,42876.26666666667,130401.7,89981.70000000001,0.2694354757245957,5,4,1,1
3240.8,133642.5,101043.6,1319.4,36008.3,168037.3,0,1,1,0,0,1,130401.7,-32598.899999999994,34688.9,132029.0,79308.96666666666,68455.0,130401.7,166717.9,1.663001288539912,5,19,3,0
133642.5,101043.6,861746.3,36008.3,168037.3,46432.6,1,1,3,0,1,0,-32598.899999999994,760702.7000000001,132029.0,-121604.69999999998,365477.46666666673,83492.73333333332,760702.7000000001,132029.0,0.053881921068972306,3,0,0,0
101043.6,861746.3,30361.0,168037.3,46432.6,44481.3,1,3,0,1,0,0,760702.7000000001,-831385.3,-121604.69999999998,-1951.2999999999956,331050.3,86317.06666666667,831385.3,123555.99999999999,1.465031947829524,5,4,1,1
861746.3,30361.0,105271.0,46432.6,44481.3,163654.6,3,0,1,0,0,1,-831385.3,74910.0,-1951.2999999999956,119173.3,332459.43333333335,84856.16666666667,831385.3,119173.3,1.5545881145983738,5,19,1,1
30361.0,105271.0,69275.9,44481.3,163654.6,172716.4,0,1,1,0,1,1,74910.0,-35995.100000000006,119173.3,9061.799999999988,68302.63333333333,126950.76666666668,74910.0,128235.09999999999,2.4931311880294875,5,4,0,0
105271.0,69275.9,1994.8,163654.6,172716.4,157.7,1,1,0,1,1,0,-35995.100000000006,-67281.09999999999,9061.799999999988,-172558.69999999998,58847.23333333333,112176.23333333334,103276.2,172558.69999999998,0.07901593346026656,1,22,0,0
69275.9,1994.8,43500.3,172716.4,157.7,50120.0,1,0,0,1,0,0,-67281.09999999999,41505.5,-172558.69999999998,49962.3,38257.0,74331.36666666667,67281.09999999999,172558.69999999998,1.1521494759926714,3,2,2,0
1994.8,43500.3,272161.0,157.7,50120.0,35525.5,0,0,2,0,0,0,41505.5,228660.7,49962.3,-14594.5,105885.36666666665,28601.066666666666,270166.2,49962.3,0.13053071332515193,3,2,3,0
43500.3,272161.0,1003274.4,50120.0,35525.5,13579.1,0,2,3,0,0,0,228660.7,731113.4,-14594.5,-21946.4,439645.23333333334,33074.86666666667,959774.1,36540.9,0.013534768220171649,3,0,0,0
272161.0,1003274.4,1462.3,35525.5,13579.1,253.8,2,3,0,0,0,0,731113.4,-1001812.1,-21946.4,-13325.300000000001,425632.56666666665,16452.8,1001812.1,35271.7,0.17344358641426913,1,22,2,1
1003274.4,1462.3,262378.5,13579.1,253.8,187593.1,3,0,2,0,0,1,-1001812.1,260916.2,-13325.300000000001,187339.30000000002,422371.7333333334,67142.0,1001812.1,187339.30000000002,0.714968585579285,5,19,3,1
1462.3,262378.5,1252023.3,253.8,187593.1,95219.1,0,2,3,0,1,1,260916.2,989644.8,187339.30000000002,-92374.0,505288.0333333334,94355.33333333333,1250561.0,187339.30000000002,0.07605211815777058,3,0,0,0
262378.5,1252023.3,541.0,187593.1,95219.1,1332.6,2,3,0,1,1,0,989644.8,-1251482.3,-92374.0,-93886.5,504980.93333333335,94714.93333333333,1251482.3,186260.5,2.458671586715867,1,22,1,1
1252023.3,541.0,60351.4,95219.1,1332.6,164237.1,3,0,1,1,0,1,-1251482.3,59810.4,-93886.5,162904.5,437638.56666666665,86929.6,1251482.3,162904.5,2.7213018869175047,5,19,3,0
541.0,60351.4,897273.0,1332.6,164237.1,42045.3,0,1,3,0,1,0,59810.4,836921.6,162904.5,-122191.8,319388.4666666667,69205.0,896732.0,162904.5,0.04685893049391825,3,0,1,0
60351.4,897273.0,74601.7,164237.1,42045.3,34983.8,1,3,1,1,0,0,836921.6,-822671.3,-122191.8,-7061.5,344075.36666666664,80422.06666666667,836921.6,129253.3,0.4689347704573696,2,6,1,1
897273.0,74601.7,77800.9,42045.3,34983.8,194435.8,3,1,1,0,0,1,-822671.3,3199.199999999997,-7061.5,159452.0,349891.86666666664,90488.3,822671.3,159452.0,2.499113774856398,5,19,2,1
74601.7,77800.9,418743.6,34983.8,194435.8,61000.7,1,1,2,0,1,1,3199.199999999997,340942.69999999995,159452.0,-133435.09999999998,190382.06666666665,96806.76666666666,344141.89999999997,159452.0,0.14567519199053552,3,0,2,1
77800.9,418743.6,593322.2,194435.8,61000.7,95127.5,1,2,2,1,1,1,340942.69999999995,174578.59999999998,-133435.09999999998,34126.8,363288.89999999997,116854.66666666667,515521.29999999993,133435.09999999998,0.1603299854109868,3,0,3,1
418743.6,593322.2,664482.9,61000.7,95127.5,69860.2,2,2,3,1,1,1,174578.59999999998,71160.70000000007,34126.8,-25267.300000000003,558849.5666666667,75329.46666666667,245739.30000000005,34126.8,0.10513452620898715,3,0,0,0
593322.2,664482.9,3529.8,95127.5,69860.2,2817.2,2,3,0,1,1,0,71160.70000000007,-660953.1,-25267.300000000003,-67043.0,420444.96666666673,55934.966666666674,660953.1,92310.3,0.7978928288206638,1,22,3,1
664482.9,3529.8,1087723.3,69860.2,2817.2,83029.7,3,0,3,1,0,1,-660953.1,1084193.5,-67043.0,80212.5,585245.3333333334,51902.36666666666,1084193.5,80212.5,0.07633340544106626,3,0,2,1
3529.8,1087723.3,339045.7,2817.2,83029.7,127075.7,0,3,2,0,1,1,1084193.5,-748677.6000000001,80212.5,44046.0,476766.26666666666,70974.2,1084193.5,124258.5,0.3748029401259472,5,19,2,1
1087723.3,339045.7,205422.6,83029.7,127075.7,75563.6,3,2,2,1,1,1,-748677.6000000001,-133623.1,44046.0,-51512.09999999999,544063.8666666667,95223.0,882300.7000000001,51512.09999999999,0.3678428379212515,3,2,2,0
339045.7,205422.6,237696.8,127075.7,75563.6,20694.7,2,2,2,1,1,0,-133623.1,32274.199999999983,-51512.09999999999,-54868.90000000001,260721.70000000004,74444.66666666667,133623.1,106381.0,0.08706306915756057,2,6,1,1
205422.6,237696.8,106595.2,75563.6,20694.7,192319.5,2,2,1,1,0,1,32274.199999999983,-131101.59999999998,-54868.90000000001,171624.8,183238.19999999998,96192.59999999999,131101.59999999998,171624.8,1.8041872036714255,5,4,3,0
237696.8,106595.2,1227762.9,20694.7,192319.5,16595.1,2,1,3,0,1,0,-131101.59999999998,1121167.7,171624.8,-175724.4,524018.3,76536.43333333333,1121167.7,175724.4,0.01351652382025567,3,0,2,0
106595.2,1227762.9,260141.2,192319.5,16595.1,34135.3,1,3,2,1,0,0,1121167.7,-967621.7,-175724.4,17540.200000000004,531499.7666666666,81016.63333333335,1121167.7,175724.4,0.13121784931472094,3,2,0,0
1227762.9,260141.2,1239.6,16595.1,34135.3,2936.2,3,2,0,0,0,0,-967621.7,-258901.6,17540.200000000004,-31199.100000000002,496381.23333333334,17888.866666666665,1226523.2999999998,31199.100000000002,2.366758020312752,5,22,0,1
260141.2,1239.6,49782.6,34135.3,2936.2,167200.9,2,0,0,0,0,1,-258901.6,48543.0,-31199.100000000002,164264.69999999998,103721.13333333335,68090.8,258901.6,164264.69999999998,3.3585538209370154,5,19,1,1
1239.6,49782.6,89427.5,2936.2,167200.9,179695.6,0,0,1,0,1,1,48543.0,39644.9,164264.69999999998,12494.700000000012,46816.56666666667,116610.90000000001,88187.9,176759.4,2.009377323783805,5,19,0,0
49782.6,89427.5,1930.9,167200.9,179695.6,2650.5,0,1,0,1,1,0,39644.9,-87496.6,12494.700000000012,-177045.1,47047.0,116515.66666666667,87496.6,177045.1,1.3719654226409235,5,22,1,0
89427.5,1930.9,124855.2,179695.6,2650.5,4642.8,1,0,1,1,0,0,-87496.6,122924.3,-177045.1,1992.3000000000002,72071.2,62329.63333333333,122924.3,177045.1,0.037185177828573994,2,6,2,1
1930.9,124855.2,250495.4,2650.5,4642.8,75537.2,0,1,2,0,0,1,122924.3,125640.2,1992.3000000000002,70894.4,125760.5,27610.166666666668,248564.5,72886.7,0.3015500422361359,3,2,3,1
124855.2,250495.4,648793.9,4642.8,75537.2,84910.5,1,2,3,0,1,1,125640.2,398298.5,70894.4,9373.300000000003,341381.5,55030.166666666664,523938.7,80267.7,0.13087417918975627,3,0,2,1
250495.4,648793.9,263644.6,75537.2,84910.5,65978.8,2,3,2,1,1,1,398298.5,-385149.30000000005,9373.300000000003,-18931.699999999997,387644.6333333333,75475.5,398298.5,18931.699999999997,0.2502556462159809,2,6,0,0
648793.9,263644.6,3501.5,84910.5,65978.8,2556.4,3,2,0,1,1,0,-385149.30000000005,-260143.09999999998,-18931.699999999997,-63422.4,305313.3333333333,51148.56666666666,645292.4,82354.1,0.7298786581013562,1,22,3,1
263644.6,3501.5,923068.1,65978.8,2556.4,82275.7,2,0,3,1,0,1,-260143.09999999998,919566.6,-63422.4,79719.3,396738.06666666665,50270.299999999996,919566.6,79719.3,0.08913276373350597,3,0,1,0
3501.5,923068.1,138712.2,2556.4,82275.7,4133.4,0,3,1,0,1,0,919566.6,-784355.8999999999,79719.3,-78142.3,355093.93333333335,29655.16666666666,919566.6,79719.3,0.029798173497547452,2,6,2,1
923068.1,138712.2,231725.5,82275.7,4133.4,131578.9,3,1,2,1,0,1,-784355.8999999999,93013.29999999999,-78142.3,127445.5,431168.60000000003,72662.66666666667,784355.8999999999,127445.5,0.5678198220747304,5,19,0,0
138712.2,231725.5,706.4,4133.4,131578.9,2033.3,1,2,0,0,1,0,93013.29999999999,-231019.1,127445.5,-129545.59999999999,123714.70000000001,45915.19999999999,231019.1,129545.59999999999,2.8743285270002827,1,22,1,0
231725.5,706.4,107842.1,131578.9,2033.3,30212.9,2,0,1,1,0,0,-231019.1,107135.70000000001,-129545.59999999999,28179.600000000002,113424.66666666667,54608.36666666666,231019.1,129545.59999999999,0.2801560785993726,5,4,1,1
706.4,107842.1,190400.7,2033.3,30212.9,194387.9,0,1,1,0,0,1,107135.70000000001,82558.6,28179.600000000002,164175.0,99649.73333333334,75544.7,189694.30000000002,192354.6,1.0209357374435206,5,19,2,1
107842.1,190400.7,233685.6,30212.9,194387.9,68522.0,1,1,2,0,1,1,82558.6,43284.899999999994,164175.0,-125865.9,177309.46666666667,97707.59999999999,125843.5,164175.0,0.29322177651606895,3,2,2,1
190400.7,233685.6,241939.8,194387.9,68522.0,74088.8,1,2,2,1,1,1,43284.899999999994,8254.199999999983,-125865.9,5566.800000000003,222008.70000000004,112332.90000000001,51539.09999999998,125865.9,0.306226977839207,5,4,3,0
233685.6,241939.8,1115999.6,68522.0,74088.8,29764.6,2,2,3,1,1,0,8254.199999999983,874059.8,5566.800000000003,-44324.200000000004,530541.6666666666,57458.46666666667,882314.0000000001,44324.200000000004,0.026670774191340035,3,0,2,1
241939.8,1115999.6,251495.2,74088.8,29764.6,162912.8,2,3,2,1,0,1,874059.8,-864504.4000000001,-44324.200000000004,133148.19999999998,536478.2000000001,88922.06666666665,874059.8,133148.19999999998,0.647774399772243,5,4,1,0
1115999.6,251495.2,156783.8,29764.6,162912.8,48649.5,3,2,1,0,1,0,-864504.4000000001,-94711.40000000002,133148.19999999998,-114263.29999999999,508092.8666666667,80442.3,959215.8,133148.19999999998,0.31029474796026146,5,19,0,0
251495.2,156783.8,4734.8,162912.8,48649.5,3560.5,2,1,0,1,0,0,-94711.40000000002,-152049.0,-114263.29999999999,-45089.0,137671.26666666666,71707.59999999999,246760.40000000002,159352.3,0.7518265129439587,1,22,2,1
156783.8,4734.8,332876.0,48649.5,3560.5,185775.8,1,0,2,0,0,1,-152049.0,328141.2,-45089.0,182215.3,164798.19999999998,79328.59999999999,328141.2,182215.3,0.5580914271637872,5,19,1,1
4734.8,332876.0,195455.7,3560.5,185775.8,182766.3,0,2,1,0,1,1,328141.2,-137420.3,182215.3,-3009.5,177688.83333333334,124034.2,328141.2,182215.3,0.9350730877989856,5,4,0,0
332876.0,195455.7,222.3,185775.8,182766.3,570.0,2,1,0,1,1,0,-137420.3,-195233.40000000002,-3009.5,-182196.3,176184.66666666666,123037.36666666665,332653.7,185205.8,2.552619793999104,1,22,1,1
195455.7,222.3,152341.5,182766.3,570.0,94347.1,1,0,1,1,0,1,-195233.40000000002,152119.2,-182196.3,93777.1,116006.5,92561.13333333335,195233.40000000002,182196.3,0.61930912253639,5,19,0,1
222.3,152341.5,49390.2,570.0,94347.1,83065.2,0,1,0,0,1,1,152119.2,-102951.3,93777.1,-11281.900000000009,67318.0,59327.43333333333,152119.2,93777.1,1.6817813699606408,5,19,0,0
152341.5,49390.2,557.7,94347.1,83065.2,2183.9,1,0,0,1,1,0,-102951.3,-48832.5,-11281.900000000009,-80881.3,67429.8,59865.399999999994,151783.8,92163.20000000001,3.9088956506175045,1,22,3,0
49390.2,557.7,1383984.1,83065.2,2183.9,48102.2,0,0,3,1,0,0,-48832.5,1383426.4000000001,-80881.3,45918.299999999996,477977.3333333333,44450.43333333333,1383426.4000000001,80881.3,0.03475629903819051,3,0,1,1
557.7,1383984.1,53183.5,2183.9,48102.2,147009.3,0,3,1,0,0,1,1383426.4000000001,-1330800.6,45918.299999999996,98907.09999999999,479241.76666666666,65765.13333333333,1383426.4000000001,144825.4,2.764138047739473,5,4,2,1
1383984.1,53183.5,304439.1,48102.2,147009.3,159692.6,3,1,2,0,1,1,-1330800.6,251255.59999999998,98907.09999999999,12683.300000000017,580535.5666666668,118268.03333333333,1330800.6,111590.40000000001,0.5245452225248909,5,19,1,0
53183.5,304439.1,183075.5,147009.3,159692.6,39086.9,1,2,1,1,1,0,251255.59999999998,-121363.59999999998,12683.300000000017,-120605.70000000001,180232.69999999998,115262.93333333335,251255.59999999998,120605.70000000001,0.21350036733278166,5,19,1,1
304439.1,183075.5,188023.2,159692.6,39086.9,79640.6,2,1,1,1,0,1,-121363.59999999998,4947.700000000012,-120605.70000000001,40553.700000000004,225179.2666666667,92806.7,121363.59999999998,120605.70000000001,0.42356568994842153,3,2,2,1
183075.5,188023.2,243472.3,39086.9,79640.6,92391.2,1,1,2,0,1,1,4947.700000000012,55449.09999999998,40553.700000000004,12750.599999999991,204857.0,70372.90000000001,60396.79999999999,53304.299999999996,0.3794715888764805,5,19,2,0
188023.2,243472.3,261617.1,79640.6,92391.2,32568.3,1,2,2,1,1,0,55449.09999999998,18144.800000000017,12750.599999999991,-59822.899999999994,231037.53333333333,68200.03333333333,73593.9,59822.899999999994,0.12448794636150938,3,0,2,1
243472.3,261617.1,223834.5,92391.2,32568.3,182855.7,2,2,2,1,0,1,18144.800000000017,-37782.600000000006,-59822.899999999994,150287.40000000002,242974.63333333333,102605.06666666667,37782.600000000006,150287.40000000002,0.8169200149216724,5,19,3,0
261617.1,223834.5,1042187.3,32568.3,182855.7,48525.6,2,2,3,0,1,0,-37782.600000000006,818352.8,150287.40000000002,-134330.1,509212.9666666666,87983.2,818352.8,150287.40000000002,0.04656125961114704,3,0,1,1
223834.5,1042187.3,63957.6,182855.7,48525.6,74800.5,2,3,1,1,0,1,818352.8,-978229.7000000001,-134330.1,26274.9,443326.46666666673,102060.60000000002,978229.7000000001,134330.1,1.1695143420900396,5,19,2,1
1042187.3,63957.6,207621.5,48525.6,74800.5,57640.2,3,1,2,0,1,1,-978229.7000000001,143663.9,26274.9,-17160.300000000003,437922.13333333336,60322.1,978229.7000000001,26274.9,0.27762020012281907,2,6,2,0
63957.6,207621.5,222150.7,74800.5,57640.2,21985.6,1,2,2,1,1,0,143663.9,14529.200000000012,-17160.300000000003,-35654.6,164576.6,51475.43333333334,158193.1,52814.9,0.09896660705274818,2,6,0,1
207621.5,222150.7,39388.3,57640.2,21985.6,76579.6,2,2,0,1,0,1,14529.200000000012,-182762.40000000002,-35654.6,54594.00000000001,156386.83333333334,52068.46666666667,182762.40000000002,54594.00000000001,1.944172656025875,5,19,2,1
222150.7,39388.3,319714.8,21985.6,76579.6,199396.8,2,0,2,0,1,1,-182762.40000000002,280326.5,54594.00000000001,122817.19999999998,193751.2666666667,99320.66666666667,280326.5,177411.19999999998,0.6236688959382051,5,19,0,0
39388.3,319714.8,1936.1,76579.6,199396.8,917.4,0,2,0,1,1,0,280326.5,-317778.7,122817.19999999998,-198479.4,120346.39999999998,92297.93333333335,317778.7,198479.4,0.47359454855195915,1,22,0,0
319714.8,1936.1,18426.0,199396.8,917.4,21785.2,2,0,0,1,0,0,-317778.7,16489.9,-198479.4,20867.8,113358.96666666666,74033.13333333333,317778.7,198479.4,1.1822434471156456,2,6,1,1
1936.1,18426.0,104702.1,917.4,21785.2,88018.9,0,0,1,0,0,1,16489.9,86276.1,20867.8,66233.7,41688.06666666667,36907.166666666664,102766.0,87101.5,0.8406522825016641,5,4,3,1
18426.0,104702.1,1453683.8,21785.2,88018.9,58158.2,0,1,3,0,1,1,86276.1,1348981.7,66233.7,-29860.699999999997,525603.9666666667,55987.43333333333,1435257.8,66233.7,0.04000743489922987,3,0,1,1
104702.1,1453683.8,92881.7,88018.9,58158.2,108193.1,1,3,1,1,1,1,1348981.7,-1360802.1,-29860.699999999997,50034.90000000001,550422.5333333333,84790.06666666667,1360802.1,50034.90000000001,1.164835862867897,5,4,0,0
1453683.8,92881.7,1761.9,58158.2,108193.1,241.3,3,1,0,1,1,0,-1360802.1,-91119.8,50034.90000000001,-107951.8,516109.1333333333,55530.86666666666,1451921.9000000001,107951.8,0.1368767371943956,1,22,3,0
92881.7,1761.9,819114.5,108193.1,241.3,18470.6,1,0,3,1,0,0,-91119.8,817352.6,-107951.8,18229.3,304586.0333333333,42301.666666666664,817352.6,107951.8,0.022549445102674773,3,0,0,0
1761.9,819114.5,34573.5,241.3,18470.6,38656.2,0,3,0,0,0,0,817352.6,-784541.0,18229.3,20185.6,285149.9666666667,19122.699999999997,817352.6,38414.899999999994,1.1180552141028792,5,19,0,0
819114.5,34573.5,4207.1,18470.6,38656.2,3041.7,3,0,0,0,0,0,-784541.0,-30366.4,20185.6,-35614.5,285965.0333333333,20056.166666666664,814907.4,35614.5,0.7228202751835744,1,22,0,0
34573.5,4207.1,601.7,38656.2,3041.7,1321.6,0,0,0,0,0,0,-30366.4,-3605.4000000000005,-35614.5,-1720.1,13127.433333333332,14339.83333333333,33971.8,37334.6,2.192799070847851,1,22,2,1
4207.1,601.7,233237.9,3041.7,1321.6,63795.2,0,0,2,0,0,1,-3605.4000000000005,232636.19999999998,-1720.1,62473.6,79348.9,22719.5,232636.19999999998,62473.6,0.2735186969240551,5,4,3,0
601.7,233237.9,1344374.1,1321.6,63795.2,34976.6,0,2,3,0,1,0,232636.19999999998,1111136.2000000002,62473.6,-28818.6,526071.2333333334,33364.46666666667,1343772.4000000001,62473.6,0.026016994810451336,3,0,0,0
233237.9,1344374.1,153.4,63795.2,34976.6,32.8,2,3,0,1,0,0,1111136.2000000002,-1344220.7000000002,-28818.6,-34943.799999999996,525921.7999999999,32934.86666666666,1344220.7000000002,63762.399999999994,0.21243523316062174,1,22,1,1
1344374.1,153.4,204077.5,34976.6,32.8,64866.5,3,0,1,0,0,1,-1344220.7000000002,203924.1,-34943.799999999996,64833.7,516201.6666666667,33291.96666666667,1344220.7000000002,64833.7,0.31785072900869027,3,2,1,1
153.4,204077.5,69044.9,32.8,64866.5,57524.2,0,1,1,0,1,1,203924.1,-135032.6,64833.7,-7342.300000000003,91091.93333333333,40807.833333333336,203924.1,64833.7,0.8331298455085675,5,19,1,1
204077.5,69044.9,105873.9,64866.5,57524.2,145603.1,1,1,1,1,1,1,-135032.6,36829.0,-7342.300000000003,88078.90000000001,126332.10000000002,89331.26666666666,135032.6,88078.90000000001,1.3752371903066734,5,19,3,1
69044.9,105873.9,1493042.5,57524.2,145603.1,93084.6,1,1,3,1,1,1,36829.0,1387168.6,88078.90000000001,-52518.5,555987.1,98737.3,1423997.6,88078.90000000001,0.06234553782257517,3,0,1,1
105873.9,1493042.5,137651.6,145603.1,93084.6,146170.4,1,3,1,1,1,1,1387168.6,-1355390.9,-52518.5,53085.79999999999,578856.0,128286.03333333333,1387168.6,53085.79999999999,1.0618789619665738,5,19,3,1
1493042.5,137651.6,764833.4,93084.6,146170.4,85354.6,3,1,3,1,1,1,-1355390.9,627181.8,53085.79999999999,-60815.79999999999,798509.1666666666,108203.2,1355390.9,60815.79999999999,0.11159879838040758,3,0,1,0
137651.6,764833.4,54623.2,146170.4,85354.6,12018.3,1,3,1,1,1,0,627181.8,-710210.2000000001,-60815.79999999999,-73336.3,319036.06666666665,81181.09999999999,710210.2000000001,134152.1,0.2200178675385635,3,2,1,0
764833.4,54623.2,70583.4,85354.6,12018.3,17622.1,3,1,1,1,0,0,-710210.2000000001,15960.199999999997,-73336.3,5603.799999999999,296680.0,38331.666666666664,710210.2000000001,73336.3,0.2496599815256629,3,2,2,1
54623.2,70583.4,445547.8,12018.3,17622.1,89635.0,1,1,2,0,0,1,15960.199999999997,374964.4,5603.799999999999,72012.9,190251.46666666667,39758.46666666667,390924.6,77616.7,0.20117886076676675,3,0,1,1
70583.4,445547.8,183393.3,17622.1,89635.0,194751.1,1,2,1,0,1,1,374964.4,-262154.5,72012.9,105116.1,233174.83333333334,100669.40000000001,374964.4,177129.0,1.0619255887451247,5,4,3,0
445547.8,183393.3,877642.3,89635.0,194751.1,44559.8,2,1,3,1,1,0,-262154.5,694249.0,105116.1,-150191.3,502194.4666666666,109648.63333333332,694249.0,150191.3,0.050772107529334524,3,0,2,1
183393.3,877642.3,273523.6,194751.1,44559.8,140228.1,1,3,2,1,0,1,694249.0,-604118.7000000001,-150191.3,95668.3,444853.0666666667,126513.0,694249.0,150191.3,0.5126708895653261,5,19,0,0
877642.3,273523.6,324.6,44559.8,140228.1,2789.0,3,2,0,0,1,0,-604118.7000000001,-273199.0,95668.3,-137439.1,383830.1666666667,62525.63333333334,877317.7000000001,137439.1,8.565724815724815,1,22,1,1
273523.6,324.6,130367.5,140228.1,2789.0,124212.6,2,0,1,1,0,1,-273199.0,130042.9,-137439.1,121423.6,134738.56666666665,89076.56666666667,273199.0,137439.1,0.952780771428681,5,4,0,0
324.6,130367.5,3364.2,2789.0,124212.6,545.9,0,1,0,0,1,0,130042.9,-127003.3,121423.6,-123666.70000000001,44685.43333333334,42515.833333333336,130042.9,123666.70000000001,0.16221918459526924,1,22,2,1
130367.5,3364.2,294130.7,124212.6,545.9,137014.8,1,0,2,1,0,1,-127003.3,290766.5,-123666.70000000001,136468.9,142620.80000000002,87257.76666666666,290766.5,136468.9,0.4658280627351625,5,19,3,1
3364.2,294130.7,1435042.2,545.9,137014.8,61449.4,0,2,3,0,1,1,290766.5,1140911.5,136468.9,-75565.4,577512.3666666667,66336.7,1431678.0,136468.9,0.042820592439307754,3,0,2,1
294130.7,1435042.2,340024.3,137014.8,61449.4,136392.0,2,3,2,1,1,1,1140911.5,-1095017.9,-75565.4,74942.6,689732.4,111618.73333333332,1140911.5,75565.4,0.4011230928992637,5,19,0,0
1435042.2,340024.3,1367.2,61449.4,136392.0,2221.5,3,2,0,1,1,0,-1095017.9,-338657.1,74942.6,-134170.5,592144.5666666667,66687.63333333333,1433675.0,134170.5,1.6236661306826488,1,22,2,0
340024.3,1367.2,287433.8,136392.0,2221.5,46394.4,2,0,2,1,0,0,-338657.1,286066.6,-134170.5,44172.9,209608.43333333335,61669.299999999996,338657.1,134170.5,0.16140843071193886,2,6,0,1
1367.2,287433.8,36065.1,2221.5,46394.4,134074.1,0,2,0,0,0,1,286066.6,-251368.69999999998,44172.9,87679.70000000001,108288.7,60896.666666666664,286066.6,131852.6,3.7174548953172097,5,19,1,0
287433.8,36065.1,130525.8,46394.4,134074.1,11718.8,2,0,1,0,1,0,-251368.69999999998,94460.70000000001,87679.70000000001,-122355.3,151341.56666666665,64062.43333333333,251368.69999999998,122355.3,0.08978079597446655,3,0,0,0
36065.1,130525.8,1587.4,134074.1,11718.8,1256.7,0,1,0,1,0,0,94460.70000000001,-128938.40000000001,-122355.3,-10462.099999999999,56059.43333333333,49016.53333333333,128938.40000000001,132817.4,0.7911735079325107,1,22,2,1
130525.8,1587.4,338466.3,11718.8,1256.7,175120.4,1,0,2,0,0,1,-128938.40000000001,336878.89999999997,-10462.099999999999,173863.69999999998,156859.83333333334,62698.63333333333,336878.89999999997,173863.69999999998,0.5173923743888996,5,19,2,0
1587.4,338466.3,301274.1,1256.7,175120.4,45144.0,0,2,2,0,1,0,336878.89999999997,-37192.20000000001,173863.69999999998,-129976.4,213775.93333333335,73840.36666666667,336878.89999999997,173863.69999999998,0.14984311680586945,5,19,1,1
338466.3,301274.1,89056.1,175120.4,45144.0,60699.6,2,2,1,1,0,1,-37192.20000000001,-212217.99999999997,-129976.4,15555.599999999999,242932.16666666663,93654.66666666667,249410.19999999998,129976.4,0.6815806937346938,2,6,1,1
301274.1,89056.1,53768.6,45144.0,60699.6,105806.3,2,1,1,0,1,1,-212217.99999999997,-35287.50000000001,15555.599999999999,45106.700000000004,148032.93333333332,70549.96666666667,247505.49999999997,60662.3,1.967771752068083,5,4,3,0
89056.1,53768.6,1219212.1,60699.6,105806.3,34459.6,1,1,3,1,1,0,-35287.50000000001,1165443.5,45106.700000000004,-71346.70000000001,454012.26666666666,66988.5,1165443.5,71346.70000000001,0.028263803924022796,3,0,1,1
53768.6,1219212.1,56760.3,105806.3,34459.6,138121.3,1,3,1,1,0,1,1165443.5,-1162451.8,-71346.70000000001,103661.69999999998,443247.00000000006,92795.73333333332,1165443.5,103661.69999999998,2.433370976351845,5,4,1,0
1219212.1,56760.3,163542.9,34459.6,138121.3,41721.7,3,1,1,0,1,0,-1162451.8,106782.59999999999,103661.69999999998,-96399.59999999999,479838.43333333335,71434.2,1162451.8,103661.69999999998,0.2551100958213666,3,2,0,0
56760.3,163542.9,2486.9,138121.3,41721.7,2339.6,1,1,0,1,0,0,106782.59999999999,-161056.0,-96399.59999999999,-39382.1,74263.36666666667,60727.53333333333,161056.0,135781.69999999998,0.9403914948350013,1,22,3,1
163542.9,2486.9,1146911.4,41721.7,2339.6,82044.5,1,0,3,0,0,1,-161056.0,1144424.5,-39382.1,79704.9,437647.06666666665,42035.26666666666,1144424.5,79704.9,0.07153510590695507,3,0,1,1
2486.9,1146911.4,141549.7,2339.6,82044.5,93813.2,0,3,1,0,1,1,1144424.5,-1005361.7,79704.9,11768.699999999997,430315.99999999994,59399.1,1144424.5,91473.59999999999,0.6627533456210389,5,4,1,1
1146911.4,141549.7,132775.8,82044.5,93813.2,100752.1,3,1,1,1,1,1,-1005361.7,-8773.900000000023,11768.699999999997,6938.900000000009,473745.6333333333,92203.26666666668,1014135.5999999999,18707.600000000006,0.7588080146531624,5,19,2,0
141549.7,132775.8,246458.1,93813.2,100752.1,43687.9,1,1,2,1,1,0,-8773.900000000023,113682.30000000002,6938.900000000009,-57064.200000000004,173594.53333333333,79417.73333333332,113682.30000000002,57064.200000000004,0.17726227191448804,5,19,3,1
132775.8,246458.1,962861.4,100752.1,43687.9,54844.4,1,2,3,1,0,1,113682.30000000002,716403.3,-57064.200000000004,11156.5,447365.10000000003,66428.13333333333,830085.6000000001,57064.200000000004,0.05695974835033542,3,0,1,1
246458.1,962861.4,164327.3,43687.9,54844.4,182833.4,2,3,1,0,1,1,716403.3,-798534.1000000001,11156.5,127989.0,457882.26666666666,93788.56666666667,798534.1000000001,139145.5,1.1126105485178146,5,19,2,0
962861.4,164327.3,265479.5,54844.4,182833.4,17140.0,3,1,2,1,1,0,-798534.1000000001,101152.20000000001,127989.0,-165693.4,464222.73333333334,84939.26666666666,798534.1000000001,165693.4,0.0645621806498029,3,0,0,0
164327.3,265479.5,2540.5,182833.4,17140.0,1617.0,1,2,0,1,0,0,101152.20000000001,-262939.0,-165693.4,-15523.0,144115.76666666666,67196.8,262939.0,181216.4,0.6362384418650403,5,22,0,0
265479.5,2540.5,35750.3,17140.0,1617.0,29158.5,2,0,0,0,0,0,-262939.0,33209.8,-15523.0,27541.5,101256.76666666666,15971.833333333334,262939.0,27541.5,0.8155927197052973,5,19,1,1
2540.5,35750.3,55518.6,1617.0,29158.5,93609.0,0,0,1,0,0,1,33209.8,19768.299999999996,27541.5,64450.5,31269.8,41461.5,52978.1,91992.0,1.6860532136398678,5,19,2,1
35750.3,55518.6,238082.2,29158.5,93609.0,120168.5,0,1,2,0,1,1,19768.299999999996,182563.6,64450.5,26559.5,109783.7,80978.66666666667,202331.90000000002,91010.0,0.5047332193115683,5,19,1,0
55518.6,238082.2,104103.9,93609.0,120168.5,30127.4,1,2,1,1,1,0,182563.6,-133978.30000000002,26559.5,-90041.1,132568.2333333333,81301.63333333333,182563.6,90041.1,0.28939463944540555,5,19,2,1
238082.2,104103.9,215206.5,120168.5,30127.4,67849.9,2,1,2,1,0,1,-133978.30000000002,111102.6,-90041.1,37722.49999999999,185797.53333333333,72715.26666666666,133978.30000000002,90041.1,0.3152766516036848,3,0,1,1
104103.9,215206.5,80128.7,30127.4,67849.9,87697.1,1,2,1,0,1,1,111102.6,-135077.8,37722.49999999999,19847.20000000001,133146.36666666667,61891.46666666667,135077.8,57569.700000000004,1.0944393901387377,5,19,2,1
215206.5,80128.7,309329.3,67849.9,87697.1,70064.8,2,1,2,1,1,1,-135077.8,229200.59999999998,19847.20000000001,-17632.300000000003,201554.83333333334,75203.93333333333,229200.59999999998,19847.20000000001,0.22650480732084766,5,19,1,1
80128.7,309329.3,147399.5,87697.1,70064.8,138998.1,1,2,1,1,1,1,229200.59999999998,-161929.8,-17632.300000000003,68933.3,178952.5,98920.0,229200.59999999998,68933.3,0.9429961228082673,5,4,1,1
309329.3,147399.5,94220.8,70064.8,138998.1,193843.1,2,1,1,1,1,1,-161929.8,-53178.7,68933.3,54845.0,183649.86666666667,134302.0,215108.5,123778.3,2.057306270947912,5,4,0,0
147399.5,94220.8,1098.5,138998.1,193843.1,903.3,1,1,0,1,1,0,-53178.7,-93122.3,54845.0,-192939.80000000002,80906.26666666666,111248.16666666667,146301.0,192939.80000000002,0.8215552523874488,1,22,1,1
94220.8,1098.5,183195.6,193843.1,903.3,69986.0,1,0,1,1,0,1,-93122.3,182097.1,-192939.80000000002,69082.7,92838.3,88244.13333333335,182097.1,192939.80000000002,0.3820267406709513,2,6,1,0
1098.5,183195.6,196344.1,903.3,69986.0,16081.7,0,1,1,0,1,0,182097.1,13148.5,69082.7,-53904.3,126879.40000000001,28990.333333333332,195245.6,69082.7,0.08190527800286333,5,19,1,1
183195.6,196344.1,76672.7,69986.0,16081.7,103267.2,1,1,1,1,0,1,13148.5,-119671.40000000001,-53904.3,87185.5,152070.80000000002,63111.63333333333,119671.40000000001,87185.5,1.346839920337743,5,19,2,1
196344.1,76672.7,261290.3,16081.7,103267.2,77332.7,1,1,2,0,1,1,-119671.40000000001,184617.59999999998,87185.5,-25934.5,178102.36666666667,65560.53333333333,184617.59999999998,87185.5,0.29596354719808887,2,6,1,1
76672.7,261290.3,156282.3,103267.2,77332.7,129422.4,1,2,1,1,1,1,184617.59999999998,-105008.0,-25934.5,52089.7,164748.43333333332,103340.76666666666,184617.59999999998,52089.7,0.8281268696015506,5,4,0,0
261290.3,156282.3,379.9,77332.7,129422.4,548.8,2,1,0,1,1,0,-105008.0,-155902.4,52089.7,-128873.59999999999,139317.5,69101.29999999999,260910.4,128873.59999999999,1.4407981097400893,1,22,1,0
156282.3,379.9,121524.2,129422.4,548.8,25607.2,1,0,1,1,0,0,-155902.4,121144.3,-128873.59999999999,25058.4,92728.79999999999,51859.46666666667,155902.4,128873.59999999999,0.2107151438549371,2,6,0,0
379.9,121524.2,24579.1,548.8,25607.2,35703.8,0,1,0,0,0,0,121144.3,-96945.1,25058.4,10096.600000000002,48827.73333333333,20619.933333333334,121144.3,35155.0,1.4525490132261465,5,19,2,1
121524.2,24579.1,340271.7,25607.2,35703.8,173917.2,1,0,2,0,0,1,-96945.1,315692.60000000003,10096.600000000002,138213.40000000002,162125.0,78409.40000000001,315692.60000000003,148310.0,0.5111112351945954,5,19,2,1
24579.1,340271.7,234045.7,35703.8,173917.2,135201.9,0,2,2,0,1,1,315692.60000000003,-106226.0,138213.40000000002,-38715.30000000002,199632.16666666666,114940.96666666667,315692.60000000003,138213.40000000002,0.5776706101816432,5,19,3,1
340271.7,234045.7,957785.8,173917.2,135201.9,80051.1,2,2,3,1,1,1,-106226.0,723740.1000000001,-38715.30000000002,-55150.79999999999,510701.0666666667,129723.39999999998,723740.1000000001,93866.1,0.08357924749015125,3,0,1,1
234045.7,957785.8,119302.9,135201.9,80051.1,100733.7,2,3,1,1,1,1,723740.1000000001,-838482.9,-55150.79999999999,20682.59999999999,437044.8,105328.90000000001,838482.9,55150.79999999999,0.8443454069816662,5,19,1,0
957785.8,119302.9,81634.4,80051.1,100733.7,20780.0,3,1,1,1,1,0,-838482.9,-37668.5,20682.59999999999,-79953.7,386241.03333333327,67188.26666666666,876151.4,79953.7,0.25454643451247866,3,0,2,1
119302.9,81634.4,251857.4,100733.7,20780.0,193315.4,1,1,2,1,0,1,-37668.5,170223.0,-79953.7,172535.4,150931.56666666665,104943.03333333333,170223.0,172535.4,0.7675558964878678,5,19,3,1
81634.4,251857.4,1296704.8,20780.0,193315.4,60596.5,1,2,3,0,1,1,170223.0,1044847.4,172535.4,-132718.9,543398.8666666667,91563.96666666667,1215070.4000000001,172535.4,0.04673110893774054,3,0,2,1
251857.4,1296704.8,207912.1,193315.4,60596.5,169260.1,2,3,2,1,1,1,1044847.4,-1088792.7,-132718.9,108663.6,585491.4333333333,141057.33333333334,1088792.7,132718.9,0.8140905984279009,5,19,0,1
1296704.8,207912.1,22598.5,60596.5,169260.1,131625.8,3,2,0,1,1,1,-1088792.7,-185313.6,108663.6,-37634.30000000002,509071.80000000005,120494.13333333335,1274106.3,108663.6,5.824279298214562,5,19,2,1
207912.1,22598.5,293948.6,169260.1,131625.8,68192.1,2,0,2,1,1,1,-185313.6,271350.1,-37634.30000000002,-63433.69999999998,174819.7333333333,123026.0,271350.1,101068.0,0.23198568734231995,2,6,1,0
22598.5,293948.6,180772.7,131625.8,68192.1,45235.8,0,2,1,1,1,0,271350.1,-113175.89999999997,-63433.69999999998,-22956.300000000003,165773.26666666666,81684.56666666667,271350.1,86389.99999999999,0.25023440909822614,2,6,1,1
293948.6,180772.7,180873.8,68192.1,45235.8,104928.7,2,1,1,1,0,1,-113175.89999999997,101.09999999997672,-22956.300000000003,59692.899999999994,218531.69999999998,72785.53333333334,113175.89999999997,59692.899999999994,0.5801178494737796,5,19,1,1
180772.7,180873.8,191218.7,45235.8,104928.7,140553.6,1,1,1,0,1,1,101.09999999997672,10344.900000000023,59692.899999999994,35624.90000000001,184288.4,96906.03333333333,10446.0,95317.8,0.7350372372721011,5,4,0,0
180873.8,191218.7,2454.9,104928.7,140553.6,3585.7,1,1,0,1,1,0,10344.900000000023,-188763.80000000002,35624.90000000001,-136967.9,124849.13333333335,83022.66666666667,188763.80000000002,136967.9,1.4600350177124475,1,22,3,0
191218.7,2454.9,661906.6,140553.6,3585.7,35005.8,1,0,3,1,0,0,-188763.80000000002,659451.7,-136967.9,31420.100000000002,285193.39999999997,59715.03333333335,659451.7,136967.9,0.05288623366765997,3,0,2,1
2454.9,661906.6,314649.5,3585.7,35005.8,92170.4,0,3,2,0,0,1,659451.7,-347257.1,31420.100000000002,57164.59999999999,326337.0,43587.299999999996,659451.7,88584.7,0.2929294566511097,5,19,3,1
661906.6,314649.5,767443.8,35005.8,92170.4,94201.6,3,2,3,0,1,1,-347257.1,452794.30000000005,57164.59999999999,2031.2000000000116,581333.2999999999,73792.59999999999,452794.30000000005,59195.8,0.12274706923546815,3,0,3,0
314649.5,767443.8,1061395.9,92170.4,94201.6,6976.7,2,3,3,1,1,0,452794.30000000005,293952.09999999986,2031.2000000000116,-87224.90000000001,714496.4,64449.56666666667,746746.3999999999,87224.90000000001,0.006573130183440332,3,0,1,1
767443.8,1061395.9,83426.4,94201.6,6976.7,78611.8,3,3,1,1,0,1,293952.09999999986,-977969.4999999999,-87224.90000000001,71635.1,637422.0333333333,59930.03333333333,977969.4999999999,87224.90000000001,0.942277956642542,5,19,1,1
1061395.9,83426.4,92501.8,6976.7,78611.8,183178.0,3,1,1,0,1,1,-977969.4999999999,9075.400000000009,71635.1,104566.2,412441.36666666664,89588.83333333333,977969.4999999999,176201.3,1.9802427602191501,5,19,3,1
83426.4,92501.8,923045.2,78611.8,183178.0,85034.4,1,1,3,1,1,1,9075.400000000009,830543.3999999999,104566.2,-98143.6,366324.4666666666,115608.06666666665,839618.7999999999,104566.2,0.09212366618268944,3,0,1,1
92501.8,923045.2,56724.4,183178.0,85034.4,69277.9,1,3,1,1,1,1,830543.3999999999,-866320.7999999999,-98143.6,-15756.5,357423.8,112496.76666666668,866320.7999999999,113900.1,1.2212853501253405,5,4,2,1
923045.2,56724.4,288142.0,85034.4,69277.9,66980.3,3,1,2,1,1,1,-866320.7999999999,231417.6,-15756.5,-2297.5999999999913,422637.2,73764.2,866320.7999999999,18054.09999999999,0.232455065713899,2,6,2,1
56724.4,288142.0,225683.7,69277.9,66980.3,162254.9,1,2,2,1,1,1,231417.6,-62458.29999999999,-2297.5999999999913,95274.59999999999,190183.3666666667,99504.36666666665,231417.6,95274.59999999999,0.7189450591909863,5,4,0,0
288142.0,225683.7,4227.3,66980.3,162254.9,3128.1,2,2,0,1,1,0,-62458.29999999999,-221456.40000000002,95274.59999999999,-159126.8,172684.33333333334,77454.43333333333,283914.7,159126.8,0.7398008655961024,1,22,2,1
225683.7,4227.3,267253.9,162254.9,3128.1,138405.4,2,0,2,1,0,1,-221456.40000000002,263026.60000000003,-159126.8,135277.3,165721.63333333333,101262.8,263026.60000000003,159126.8,0.5178778761399697,5,19,1,1
4227.3,267253.9,85829.8,3128.1,138405.4,127063.6,0,2,1,0,1,1,263026.60000000003,-181424.10000000003,135277.3,-11341.799999999988,119103.66666666667,89532.36666666665,263026.60000000003,135277.3,1.480396314609674,5,19,1,1
267253.9,85829.8,157274.8,138405.4,127063.6,198846.9,2,1,1,1,1,1,-181424.10000000003,71444.99999999999,-11341.799999999988,71783.29999999999,170119.5,154771.96666666667,181424.10000000003,71783.29999999999,1.264319749128601,5,19,2,0
85829.8,157274.8,353677.8,127063.6,198846.9,9469.7,1,1,2,1,1,0,71444.99999999999,196403.0,71783.29999999999,-189377.19999999998,198927.46666666665,111793.40000000001,267848.0,189377.19999999998,0.026774858996354886,3,0,2,1
157274.8,353677.8,310699.0,198846.9,9469.7,81053.1,1,2,2,1,0,1,196403.0,-42978.79999999999,-189377.19999999998,71583.40000000001,273883.86666666664,96456.56666666667,196403.0,189377.19999999998,0.2608725458641777,5,19,2,1
353677.8,310699.0,293223.1,9469.7,81053.1,180474.6,2,2,2,0,1,1,-42978.79999999999,-17475.900000000023,71583.40000000001,99421.5,319199.9666666667,90332.46666666667,60454.70000000001,171004.9,0.6154835158501638,5,19,0,1
310699.0,293223.1,41009.6,81053.1,180474.6,94664.8,2,2,0,1,1,1,-17475.900000000023,-252213.49999999997,99421.5,-85809.8,214977.2333333333,118730.83333333333,269689.4,99421.5,2.3083007807737514,5,19,1,1
293223.1,41009.6,53792.6,180474.6,94664.8,56457.7,2,0,1,1,1,1,-252213.49999999997,12783.0,-85809.8,-38207.100000000006,129341.76666666665,110532.36666666668,252213.49999999997,124016.90000000001,1.0495244787484013,5,4,1,1
41009.6,53792.6,132307.0,94664.8,56457.7,80719.6,0,1,1,1,1,1,12783.0,78514.4,-38207.100000000006,24261.90000000001,75703.06666666667,77280.7,91297.4,38207.100000000006,0.6100885811893462,5,19,2,1
53792.6,132307.0,309645.5,56457.7,80719.6,64485.9,1,1,2,1,1,1,78514.4,177338.5,24261.90000000001,-16233.700000000004,165248.36666666667,67221.06666666667,255852.9,24261.90000000001,0.20825651186110614,5,19,2,1
132307.0,309645.5,247744.7,80719.6,64485.9,110346.7,1,2,2,1,1,1,177338.5,-61900.79999999999,-16233.700000000004,45860.799999999996,229899.06666666665,85184.06666666667,177338.5,45860.799999999996,0.4454030887317116,5,19,2,1
309645.5,247744.7,217793.4,64485.9,110346.7,186426.9,2,2,2,1,1,1,-61900.79999999999,-29951.300000000017,45860.799999999996,76080.2,258394.53333333333,120419.83333333333,91852.1,121941.0,0.8559765540344472,5,4,3,1
247744.7,217793.4,712846.7,110346.7,186426.9,84951.7,2,2,3,1,1,1,-29951.300000000017,495053.29999999993,76080.2,-101475.2,392794.9333333333,127241.76666666666,495053.29999999993,101475.2,0.11917230005792262,3,0,1,1
217793.4,712846.7,54944.3,186426.9,84951.7,127955.9,2,3,1,1,1,1,495053.29999999993,-657902.3999999999,-101475.2,43004.2,328528.13333333336,133111.5,657902.3999999999,101475.2,2.328786993610008,5,19,2,1
712846.7,54944.3,284478.1,84951.7,127955.9,66241.6,3,1,2,1,1,1,-657902.3999999999,229533.8,43004.2,-61714.29999999999,350756.3666666667,93049.73333333332,657902.3999999999,61714.29999999999,0.23285225522718545,2,6,1,1
54944.3,284478.1,54785.7,127955.9,66241.6,131536.3,1,2,1,1,1,1,229533.8,-229692.39999999997,-61714.29999999999,65294.69999999998,131402.69999999998,108577.93333333333,229692.39999999997,65294.69999999998,2.4008801406180695,5,19,0,0
284478.1,54785.7,4572.7,66241.6,131536.3,796.7,2,1,0,1,1,0,-229692.39999999997,-50213.0,65294.69999999998,-130739.59999999999,114612.16666666667,66191.53333333334,279905.39999999997,130739.59999999999,0.17419157356188644,1,22,1,1
54785.7,4572.7,165700.9,131536.3,796.7,108590.9,1,0,1,1,0,1,-50213.0,161128.19999999998,-130739.59999999999,107794.2,75019.76666666666,80307.96666666666,161128.19999999998,130739.59999999999,0.6553388947260109,5,19,0,1
4572.7,165700.9,34291.8,796.7,108590.9,52473.3,0,1,0,0,1,1,161128.19999999998,-131409.09999999998,107794.2,-56117.59999999999,68188.46666666667,53953.63333333333,161128.19999999998,107794.2,1.5301550179629542,2,6,2,1
165700.9,34291.8,249770.1,108590.9,52473.3,85616.5,1,0,2,1,1,1,-131409.09999999998,215478.3,-56117.59999999999,33143.2,149920.93333333335,82226.90000000001,215478.3,56117.59999999999,0.3427798492299549,3,0,3,1
34291.8,249770.1,652837.3,52473.3,85616.5,78058.2,0,2,3,1,1,1,215478.3,403067.20000000007,33143.2,-7558.300000000003,312299.73333333334,72049.33333333333,618545.5,33143.2,0.1195674334670622,3,0,2,1
249770.1,652837.3,287017.9,85616.5,78058.2,78144.2,2,3,2,1,1,1,403067.20000000007,-365819.4,-7558.300000000003,86.0,396541.76666666666,80606.3,403067.20000000007,7558.300000000003,0.272261513091995,5,19,1,0
652837.3,287017.9,173589.1,78058.2,78144.2,40381.5,3,2,1,1,1,0,-365819.4,-113428.80000000002,86.0,-37762.7,371148.10000000003,65527.96666666667,479248.20000000007,37762.7,0.2326255932798011,3,0,1,1
287017.9,173589.1,111389.8,78144.2,40381.5,53869.6,2,1,1,1,0,1,-113428.80000000002,-62199.3,-37762.7,13488.099999999999,190665.6,57465.1,175628.10000000003,37762.7,0.48360905927599046,2,6,2,1
173589.1,111389.8,268657.4,40381.5,53869.6,93018.6,1,1,2,0,1,1,-62199.3,157267.60000000003,13488.099999999999,39149.00000000001,184545.43333333335,62423.23333333334,157267.60000000003,52637.100000000006,0.34623373026862364,5,19,2,1
111389.8,268657.4,284583.7,53869.6,93018.6,91480.7,1,2,2,1,1,1,157267.60000000003,15926.299999999988,39149.00000000001,-1537.9000000000087,221543.63333333333,79456.3,173193.90000000002,39149.00000000001,0.321453331820017,5,19,3,1
268657.4,284583.7,715191.9,93018.6,91480.7,85977.1,2,2,3,1,1,1,15926.299999999988,430608.2,-1537.9000000000087,-5503.599999999991,422811.0,90158.8,446534.5,7041.5,0.12021525940763673,3,0,0,0
284583.7,715191.9,1828.0,91480.7,85977.1,197.3,2,3,0,1,1,0,430608.2,-713363.9,-5503.599999999991,-85779.8,333867.8666666667,59218.36666666666,713363.9,91283.4,0.10787315472936031,1,22,0,1
715191.9,1828.0,23283.1,85977.1,197.3,164155.7,3,0,0,1,0,1,-713363.9,21455.1,-85779.8,163958.40000000002,246767.66666666666,83443.36666666668,713363.9,163958.40000000002,7.050120038996569,5,19,0,0
1828.0,23283.1,215.3,197.3,164155.7,506.5,0,0,0,0,1,0,21455.1,-23067.8,163958.40000000002,-163649.2,8442.133333333333,54953.166666666664,23067.8,163958.40000000002,2.3416551086453996,1,22,0,0
23283.1,215.3,41221.7,164155.7,506.5,18605.6,0,0,0,1,0,0,-23067.8,41006.399999999994,-163649.2,18099.1,21573.366666666665,61089.26666666667,41006.399999999994,163649.2,0.4513435558563607,5,14,1,1
215.3,41221.7,199752.0,506.5,18605.6,52034.3,0,0,1,0,0,1,41006.399999999994,158530.3,18099.1,33428.700000000004,80396.33333333333,23715.466666666664,199536.7,51527.8,0.2604932091132549,2,6,0,0
41221.7,199752.0,267.6,18605.6,52034.3,1931.7,0,1,0,0,1,0,158530.3,-199484.4,33428.700000000004,-50102.600000000006,80413.76666666668,24190.53333333333,199484.4,50102.600000000006,7.191734921816828,5,22,1,0
199752.0,267.6,199806.7,52034.3,1931.7,42542.7,1,0,1,1,0,0,-199484.4,199539.1,-50102.600000000006,40611.0,133275.43333333335,32169.566666666666,199539.1,50102.600000000006,0.21291822086936588,2,6,1,1
267.6,199806.7,152660.9,1931.7,42542.7,140961.1,0,1,1,0,0,1,199539.1,-47145.80000000002,40611.0,98418.40000000001,117578.40000000001,61811.833333333336,199539.1,139029.4,0.9233548121698997,5,19,1,1
199806.7,152660.9,105210.4,42542.7,140961.1,152399.0,1,1,1,0,1,1,-47145.80000000002,-47450.5,98418.40000000001,11437.899999999994,152559.33333333334,111967.59999999999,94596.30000000002,109856.3,1.448502728791747,5,4,0,0
152660.9,105210.4,122.9,140961.1,152399.0,911.4,1,1,0,1,1,0,-47450.5,-105087.5,11437.899999999994,-151487.6,85998.06666666667,98090.5,152538.0,151487.6,7.35593220338983,5,22,3,1
105210.4,122.9,1384653.4,152399.0,911.4,71528.0,1,0,3,1,0,1,-105087.5,1384530.5,-151487.6,70616.6,496662.23333333334,74946.13333333333,1384530.5,151487.6,0.05165765551317354,3,0,2,1
122.9,1384653.4,347443.7,911.4,71528.0,56720.4,0,3,2,0,1,1,1384530.5,-1037209.7,70616.6,-14807.599999999999,577406.6666666666,43053.26666666666,1384530.5,70616.6,0.16325015175076782,3,0,1,1
1384653.4,347443.7,197350.9,71528.0,56720.4,56402.7,3,2,1,1,1,1,-1037209.7,-150092.80000000002,-14807.599999999999,-317.70000000000437,643149.3333333333,61550.36666666666,1187302.5,15125.300000000003,0.2857976031647022,2,6,0,0
347443.7,197350.9,3951.5,56720.4,56402.7,1737.1,2,1,0,1,1,0,-150092.80000000002,-193399.4,-317.70000000000437,-54665.6,182915.36666666667,38286.73333333334,343492.2,54983.3,0.439493991144845,1,22,1,0
197350.9,3951.5,119505.4,56402.7,1737.1,21839.5,1,0,1,1,0,0,-193399.4,115553.9,-54665.6,20102.4,106935.93333333333,26659.766666666663,193399.4,54665.6,0.1827475348600577,5,19,3,1
3951.5,119505.4,1101393.1,1737.1,21839.5,75305.0,0,1,3,0,0,1,115553.9,981887.7000000001,20102.4,53465.5,408283.3333333333,32960.53333333333,1097441.6,73567.9,0.06837243816722824,3,0,2,1
119505.4,1101393.1,347334.9,21839.5,75305.0,67526.7,1,3,2,0,1,1,981887.7000000001,-754058.2000000001,53465.5,-7778.300000000003,522744.4666666666,54890.4,981887.7000000001,53465.5,0.19441324665835,5,19,1,1
1101393.1,347334.9,202089.3,75305.0,67526.7,111447.1,3,2,1,1,1,1,-754058.2000000001,-145245.60000000003,-7778.300000000003,43920.40000000001,550272.4333333333,84759.6,899303.8,43920.40000000001,0.5514717925600586,5,19,1,0
347334.9,202089.3,52208.1,67526.7,111447.1,4175.5,2,1,1,1,1,0,-145245.60000000003,-149881.19999999998,43920.40000000001,-107271.6,200544.09999999998,61049.76666666666,295126.80000000005,107271.6,0.07997647919615546,2,6,0,0
202089.3,52208.1,2974.7,111447.1,4175.5,1244.6,1,1,0,1,0,0,-149881.19999999998,-49233.4,-107271.6,-2930.9,85757.36666666667,38955.73333333334,199114.59999999998,110202.5,0.41825452834627147,1,22,2,1
52208.1,2974.7,219320.2,4175.5,1244.6,78982.5,1,0,2,0,0,1,-49233.4,216345.5,-2930.9,77737.9,91501.0,28134.2,216345.5,77737.9,0.3601225052571297,2,6,0,1
2974.7,219320.2,39782.1,1244.6,78982.5,84001.1,0,2,0,0,1,1,216345.5,-179538.1,77737.9,5018.600000000006,87359.00000000001,54742.73333333334,216345.5,82756.5,2.1114769839454444,5,19,1,0
219320.2,39782.1,119252.5,78982.5,84001.1,23830.6,2,0,1,1,1,0,-179538.1,79470.4,5018.600000000006,-60170.50000000001,126118.26666666668,62271.4,179538.1,60170.50000000001,0.199831451487797,5,4,1,1
39782.1,119252.5,54929.9,84001.1,23830.6,70122.8,0,1,1,1,0,1,79470.4,-64322.6,-60170.50000000001,46292.200000000004,71321.5,59318.166666666664,79470.4,60170.50000000001,1.2765638283734655,5,4,1,1
119252.5,54929.9,138678.4,23830.6,70122.8,78670.1,1,1,1,0,1,1,-64322.6,83748.5,46292.200000000004,8547.300000000003,104286.93333333333,57541.166666666664,83748.5,54839.50000000001,0.5672803603130675,2,6,0,0
54929.9,138678.4,4945.3,70122.8,78670.1,2849.7,1,1,0,1,1,0,83748.5,-133733.1,8547.300000000003,-75820.40000000001,66184.53333333333,50547.53333333335,133733.1,75820.40000000001,0.5761276105371691,1,22,0,0
138678.4,4945.3,3213.2,78670.1,2849.7,2226.5,1,0,0,1,0,0,-133733.1,-1732.1000000000004,-75820.40000000001,-623.1999999999998,48945.63333333333,27915.433333333334,135465.19999999998,76443.6,0.6927073610851845,1,22,1,1
4945.3,3213.2,118094.4,2849.7,2226.5,67639.1,0,0,1,0,0,1,-1732.1000000000004,114881.2,-623.1999999999998,65412.600000000006,42084.299999999996,24238.433333333334,114881.2,65412.600000000006,0.5727496583270814,5,4,2,1
3213.2,118094.4,215882.1,2226.5,67639.1,54449.8,0,1,2,0,1,1,114881.2,97787.70000000001,65412.600000000006,-13189.300000000003,112396.56666666667,41438.46666666667,212668.9,65412.600000000006,0.2522189092152188,2,6,1,0
118094.4,215882.1,158301.7,67639.1,54449.8,21315.4,1,2,1,1,1,0,97787.70000000001,-57580.399999999994,-13189.300000000003,-33134.4,164092.73333333334,47801.43333333334,97787.70000000001,46323.700000000004,0.13464963010738287,2,6,3,1
215882.1,158301.7,894435.1,54449.8,21315.4,83170.1,2,1,3,1,0,1,-57580.399999999994,736133.3999999999,-33134.4,61854.700000000004,422872.9666666666,52978.43333333334,736133.3999999999,61854.700000000004,0.09298607245391818,3,0,1,1
158301.7,894435.1,192082.4,21315.4,83170.1,72605.8,1,3,1,0,1,1,736133.3999999999,-702352.7,61854.700000000004,-10564.300000000003,414939.73333333334,59030.43333333333,736133.3999999999,61854.700000000004,0.3779910184846791,3,0,0,0
894435.1,192082.4,437.3,83170.1,72605.8,357.9,3,1,0,1,1,0,-702352.7,-191645.1,-10564.300000000003,-72247.90000000001,362318.26666666666,52044.600000000006,893997.7999999999,82812.20000000001,0.8165639972621491,1,22,0,0
192082.4,437.3,2486.0,72605.8,357.9,1895.4,1,0,0,1,0,0,-191645.1,2048.7,-72247.90000000001,1537.5,65001.899999999994,24953.03333333333,191645.1,72247.90000000001,0.7621230398069965,1,22,3,1
437.3,2486.0,813070.6,357.9,1895.4,60882.7,0,0,3,0,0,1,2048.7,810584.6,1537.5,58987.299999999996,271997.9666666667,21045.333333333332,812633.2999999999,60524.799999999996,0.0748798752778968,3,0,3,0
2486.0,813070.6,622434.6,1895.4,60882.7,30050.9,0,3,3,0,1,0,810584.6,-190636.0,58987.299999999996,-30831.799999999996,479330.39999999997,30943.0,810584.6,58987.299999999996,0.04827953285448326,3,0,3,0
813070.6,622434.6,663962.2,60882.7,30050.9,46807.6,3,3,3,1,0,0,-190636.0,41527.59999999998,-30831.799999999996,16756.699999999997,699822.4666666667,45913.73333333334,190636.0,30831.799999999996,0.07049728057217629,3,0,0,0
622434.6,663962.2,1004.6,30050.9,46807.6,1461.2,3,3,0,0,0,0,41527.59999999998,-662957.6,16756.699999999997,-45346.4,429133.8,26106.566666666666,662957.6,45346.4,1.453062848050915,1,22,0,0
663962.2,1004.6,747.4,46807.6,1461.2,679.3,3,0,0,0,0,0,-662957.6,-257.20000000000005,-45346.4,-781.9000000000001,221904.7333333333,16316.033333333333,663214.7999999999,46128.299999999996,0.9076696953500801,1,22,0,1
1004.6,747.4,43168.6,1461.2,679.3,56952.9,0,0,0,0,0,1,-257.20000000000005,42421.2,-781.9000000000001,56273.6,14973.533333333333,19697.8,42421.2,56273.6,1.3192825506838146,2,6,1,0
747.4,43168.6,53056.3,679.3,56952.9,20948.2,0,0,1,0,1,0,42421.2,9887.700000000004,56273.6,-36004.7,32324.100000000002,26193.46666666667,52308.9,56273.6,0.39482220165745335,3,2,3,1
43168.6,53056.3,1132419.6,56952.9,20948.2,94686.6,0,1,3,1,0,1,9887.700000000004,1079363.3,-36004.7,73738.40000000001,409548.1666666667,57529.23333333334,1089251.0,73738.40000000001,0.08361433905388156,3,0,3,1
53056.3,1132419.6,1430141.5,20948.2,94686.6,62152.0,1,3,3,0,1,1,1079363.3,297721.8999999999,73738.40000000001,-32534.600000000006,871872.4666666668,59262.26666666666,1377085.2,73738.40000000001,0.04345860639761422,3,0,2,1
1132419.6,1430141.5,225256.3,94686.6,62152.0,59317.7,3,3,2,1,1,1,297721.8999999999,-1204885.2,-32534.600000000006,-2834.300000000003,929272.4666666667,72052.09999999999,1204885.2,35368.90000000001,0.26333308620852686,3,0,1,1
1430141.5,225256.3,70590.5,62152.0,59317.7,83721.5,3,2,1,1,1,1,-1204885.2,-154665.8,-2834.300000000003,24403.800000000003,575329.4333333333,68397.06666666667,1359551.0,24403.800000000003,1.1859997308457817,5,19,0,0
225256.3,70590.5,62.7,59317.7,83721.5,98.7,2,1,0,1,1,0,-154665.8,-70527.8,24403.800000000003,-83622.8,98636.5,47712.63333333334,225193.59999999998,83622.8,1.5494505494505495,1,22,0,0
70590.5,62.7,736.4,83721.5,98.7,2968.6,1,0,0,1,0,0,-70527.8,673.6999999999999,-83622.8,2869.9,23796.53333333333,28929.600000000002,70527.8,83622.8,4.025766205587198,1,22,2,1
62.7,736.4,315103.5,98.7,2968.6,179475.6,0,0,2,0,0,1,673.6999999999999,314367.1,2869.9,176507.0,105300.86666666665,60847.63333333333,315040.8,179376.9,0.5695748553257729,5,19,2,1
736.4,315103.5,290311.3,2968.6,179475.6,105426.8,0,2,2,0,1,1,314367.1,-24792.20000000001,176507.0,-74048.8,202050.4,95957.0,314367.1,176507.0,0.3631496150869254,5,19,1,1
315103.5,290311.3,135054.2,179475.6,105426.8,176028.9,2,2,1,1,1,1,-24792.20000000001,-155257.09999999998,-74048.8,70602.09999999999,246823.0,153643.7666666667,180049.3,74048.8,1.3033848381994917,5,19,3,1
290311.3,135054.2,880935.7,105426.8,176028.9,58747.6,2,1,3,1,1,1,-155257.09999999998,745881.5,70602.09999999999,-117281.29999999999,435433.73333333334,113401.09999999999,745881.5,117281.29999999999,0.06668765190506877,3,0,0,0
135054.2,880935.7,2365.9,176028.9,58747.6,1478.2,1,3,0,1,1,0,745881.5,-878569.7999999999,-117281.29999999999,-57269.4,339451.9333333333,78751.56666666667,878569.7999999999,174550.69999999998,0.6245299759178673,5,22,1,1
880935.7,2365.9,183684.4,58747.6,1478.2,61432.2,3,0,1,1,0,1,-878569.7999999999,181318.5,-57269.4,59954.0,355662.0,40552.666666666664,878569.7999999999,59954.0,0.33444247610316336,2,6,3,0
2365.9,183684.4,718357.4,1478.2,61432.2,47743.3,0,1,3,0,1,0,181318.5,534673.0,59954.0,-13688.899999999994,301469.23333333334,36884.566666666666,715991.5,59954.0,0.06646167149990868,3,0,3,0
183684.4,718357.4,1306201.1,61432.2,47743.3,35895.5,1,3,3,1,0,0,534673.0,587843.7000000001,-13688.899999999994,-11847.800000000003,736080.9666666668,48357.0,1122516.7000000002,25536.699999999997,0.027480816330030397,3,0,0,0
718357.4,1306201.1,3332.6,47743.3,35895.5,2077.7,3,3,0,0,0,0,587843.7000000001,-1302868.5,-11847.800000000003,-33817.8,675963.7000000001,28572.166666666668,1302868.5,45665.600000000006,0.6232601391888648,1,22,1,1
1306201.1,3332.6,150481.1,35895.5,2077.7,115084.0,3,0,1,0,0,1,-1302868.5,147148.5,-33817.8,113006.3,486671.6000000001,51019.06666666667,1302868.5,113006.3,0.7647687000646588,5,19,0,0
3332.6,150481.1,3571.2,2077.7,115084.0,2234.1,0,1,0,0,1,0,147148.5,-146909.9,113006.3,-112849.9,52461.63333333334,39798.6,147148.5,113006.3,0.6254129108112648,1,22,2,1
150481.1,3571.2,262467.0,115084.0,2234.1,145833.6,1,0,2,1,0,1,-146909.9,258895.8,-112849.9,143599.5,138839.7666666667,87717.23333333334,258895.8,143599.5,0.5556243046771416,5,4,2,1
3571.2,262467.0,242924.5,2234.1,145833.6,145868.8,0,2,2,0,1,1,258895.8,-19542.5,143599.5,35.19999999998254,169654.23333333334,97978.83333333333,258895.8,143634.69999999998,0.6004672214320851,5,4,1,1
262467.0,242924.5,54658.9,145833.6,145868.8,118480.3,2,2,1,1,1,1,-19542.5,-188265.6,35.19999999998254,-27388.499999999985,186683.46666666667,136727.56666666668,207808.1,27388.499999999985,2.1675908664304178,5,4,2,1
242924.5,54658.9,224172.3,145868.8,118480.3,121718.3,2,1,2,1,1,1,-188265.6,169513.4,-27388.499999999985,3238.0,173918.56666666668,128689.13333333332,188265.6,27388.499999999985,0.542965197014988,5,19,2,0
54658.9,224172.3,208180.6,118480.3,121718.3,50038.2,1,2,2,1,1,0,169513.4,-15991.699999999983,3238.0,-71680.1,162337.2666666667,96745.59999999999,169513.4,71680.1,0.2403584178428833,5,19,3,0
224172.3,208180.6,1350453.2,121718.3,50038.2,16426.9,2,2,3,1,0,0,-15991.699999999983,1142272.5999999999,-71680.1,-33611.299999999996,594268.7000000001,62727.799999999996,1142272.5999999999,105291.4,0.012163981570052506,3,0,0,0
208180.6,1350453.2,400.5,50038.2,16426.9,77.5,2,3,0,0,0,0,1142272.5999999999,-1350052.7,-33611.299999999996,-16349.400000000001,519678.10000000003,22180.86666666667,1350052.7,49960.7,0.1930261519302615,1,22,1,1
1350453.2,400.5,77359.6,16426.9,77.5,57038.2,3,0,1,0,0,1,-1350052.7,76959.1,-16349.400000000001,56960.7,476071.10000000003,24514.2,1350052.7,56960.7,0.7373029681775993,2,6,0,0
400.5,77359.6,2332.3,77.5,57038.2,3266.3,0,1,0,0,1,0,76959.1,-75027.3,56960.7,-53771.899999999994,26697.46666666667,20127.333333333332,76959.1,56960.7,1.3998628551836454,1,22,1,0
77359.6,2332.3,132503.4,57038.2,3266.3,23322.0,1,0,1,1,0,0,-75027.3,130171.09999999999,-53771.899999999994,20055.7,70731.76666666666,27875.5,130171.09999999999,53771.899999999994,0.1760092495041674,5,4,0,0
2332.3,132503.4,26513.7,3266.3,23322.0,37776.3,0,1,0,0,0,0,130171.09999999999,-105989.7,20055.7,14454.300000000003,53783.13333333333,21454.86666666667,130171.09999999999,34510.0,1.4247304325525088,3,2,3,0
132503.4,26513.7,1296490.2,23322.0,37776.3,35151.3,1,0,3,0,0,0,-105989.7,1269976.5,14454.300000000003,-2625.0,485169.10000000003,32083.2,1269976.5,14454.300000000003,0.027112640641139718,3,0,1,0
26513.7,1296490.2,57832.7,37776.3,35151.3,33376.7,0,3,1,0,0,0,1269976.5,-1238657.5,-2625.0,-1774.6000000000058,460278.86666666664,35434.76666666667,1269976.5,4399.600000000006,0.5771150730456464,5,19,1,1
1296490.2,57832.7,67531.3,35151.3,33376.7,62277.6,3,1,1,0,0,1,-1238657.5,9698.600000000006,-1774.6000000000058,28900.9,473951.39999999997,43601.86666666667,1238657.5,28900.9,0.9221898262016842,5,19,1,1
57832.7,67531.3,121242.1,33376.7,62277.6,90346.1,1,1,1,0,1,1,9698.600000000006,53710.8,28900.9,28068.500000000007,82202.03333333334,62000.13333333333,63409.40000000001,56969.40000000001,0.7451648794859254,5,19,2,1
67531.3,121242.1,222776.9,62277.6,90346.1,75178.8,1,1,2,1,1,1,53710.8,101534.79999999999,28068.500000000007,-15167.300000000003,137183.43333333335,75934.16666666667,155245.59999999998,28068.500000000007,0.3374607624903548,5,19,0,1
121242.1,222776.9,39305.6,90346.1,75178.8,87138.8,1,2,0,1,1,1,101534.79999999999,-183471.3,-15167.300000000003,11960.0,127774.86666666665,84221.23333333334,183471.3,15167.300000000003,2.2168999608208293,5,19,3,0
222776.9,39305.6,648593.1,75178.8,87138.8,35800.7,2,0,3,1,1,0,-183471.3,609287.5,11960.0,-51338.100000000006,303558.5333333333,66039.43333333333,609287.5,51338.100000000006,0.05519738770365009,3,0,3,0
39305.6,648593.1,1250225.0,87138.8,35800.7,16491.8,0,3,3,1,0,0,609287.5,601631.9,-51338.100000000006,-19308.899999999998,646041.2333333333,46477.1,1210919.4,70647.0,0.01319105505724565,3,0,2,1
648593.1,1250225.0,268204.1,35800.7,16491.8,123415.4,3,3,2,0,0,1,601631.9,-982020.9,-19308.899999999998,106923.59999999999,722340.7333333334,58569.299999999996,982020.9,106923.59999999999,0.460153069423363,5,19,3,0
1250225.0,268204.1,1140965.5,16491.8,123415.4,41579.6,3,2,3,0,1,0,-982020.9,872761.4,106923.59999999999,-81835.79999999999,886464.8666666667,60495.6,982020.9,106923.59999999999,0.036442437179356274,3,0,0,1
268204.1,1140965.5,40008.6,123415.4,41579.6,100992.4,2,3,0,1,0,1,872761.4,-1100956.9,-81835.79999999999,59412.799999999996,483059.4000000001,88662.46666666667,1100956.9,81835.79999999999,2.5242041909941615,5,19,3,0
1140965.5,40008.6,752048.7,41579.6,100992.4,43711.9,3,0,3,0,1,0,-1100956.9,712040.1,59412.799999999996,-57280.49999999999,644340.9333333333,62094.63333333333,1100956.9,59412.799999999996,0.05812368517665788,3,0,2,1
40008.6,752048.7,312431.4,100992.4,43711.9,64794.6,0,3,2,1,0,1,712040.1,-439617.29999999993,-57280.49999999999,21082.699999999997,368162.89999999997,69832.96666666666,712040.1,57280.49999999999,0.2073875820817559,5,19,0,0
752048.7,312431.4,2732.9,43711.9,64794.6,814.3,3,2,0,0,1,0,-439617.29999999993,-309698.5,21082.699999999997,-63980.299999999996,355737.6666666667,36440.26666666667,749315.7999999999,63980.299999999996,0.2978528841581623,1,22,2,1
312431.4,2732.9,239860.0,64794.6,814.3,71353.4,2,0,2,1,0,1,-309698.5,237127.1,-63980.299999999996,70539.09999999999,185008.1,45654.1,309698.5,70539.09999999999,0.2974781227460904,5,4,1,1
2732.9,239860.0,171667.1,814.3,71353.4,65400.9,0,2,1,0,1,1,237127.1,-68192.9,70539.09999999999,-5952.499999999993,138086.66666666666,45856.200000000004,237127.1,70539.09999999999,0.3809729355657807,3,0,2,1
239860.0,171667.1,339410.8,71353.4,65400.9,84061.5,2,1,2,1,1,1,-68192.9,167743.69999999998,-5952.499999999993,18660.6,250312.6333333333,73605.26666666666,167743.69999999998,18660.6,0.24766817181960085,5,19,1,1
171667.1,339410.8,158584.5,65400.9,84061.5,85255.0,1,2,1,1,1,1,167743.69999999998,-180826.3,18660.6,1193.5,223220.80000000002,78239.13333333333,180826.3,19854.1,0.53759643851424,5,14,3,0
339410.8,158584.5,1371664.5,84061.5,85255.0,47915.5,2,1,3,1,1,0,-180826.3,1213080.0,1193.5,-37339.5,623219.9333333333,72410.66666666667,1213080.0,37339.5,0.034932350489241,3,0,1,1
158584.5,1371664.5,173335.2,85255.0,47915.5,168433.8,1,3,1,1,0,1,1213080.0,-1198329.3,-37339.5,120518.29999999999,567861.4,100534.76666666666,1213080.0,120518.29999999999,0.971717390827767,5,19,2,0
1371664.5,173335.2,340787.0,47915.5,168433.8,15100.4,3,1,2,0,1,0,-1198329.3,167451.8,120518.29999999999,-153333.4,628595.5666666667,77149.9,1198329.3,153333.4,0.0443102456659272,5,19,0,0
173335.2,340787.0,990.3,168433.8,15100.4,916.9,1,2,0,1,0,0,167451.8,-339796.7,-153333.4,-14183.5,171704.16666666666,61483.69999999999,339796.7,167516.9,0.9249470392414002,1,22,1,0
340787.0,990.3,126443.0,15100.4,916.9,31356.3,2,0,1,0,0,0,-339796.7,125452.7,-14183.5,30439.399999999998,156073.43333333332,15791.199999999999,339796.7,30439.399999999998,0.2479856695454114,3,2,1,1
990.3,126443.0,183844.6,916.9,31356.3,109410.8,0,1,1,0,0,1,125452.7,57401.600000000006,30439.399999999998,78054.5,103759.3,47228.0,182854.30000000002,108493.90000000001,0.5951232991162149,5,4,2,1
126443.0,183844.6,263930.4,31356.3,109410.8,119170.1,1,1,2,0,1,1,57401.600000000006,80085.80000000002,78054.5,9759.300000000003,191406.0,86645.73333333334,137487.40000000002,87813.8,0.45151922052472726,5,19,3,0
183844.6,263930.4,623192.1,109410.8,119170.1,16682.8,1,2,3,1,1,0,80085.80000000002,359261.69999999995,9759.300000000003,-102487.3,356989.0333333334,81754.56666666667,439347.5,102487.3,0.0267698727729816,3,0,1,1
263930.4,623192.1,203638.1,119170.1,16682.8,66699.8,2,3,1,1,0,1,359261.69999999995,-419554.0,-102487.3,50017.0,363586.8666666667,67517.56666666667,419554.0,102487.3,0.32753925940548745,5,19,3,1
623192.1,203638.1,935145.7,16682.8,66699.8,95954.6,3,1,3,0,1,1,-419554.0,731507.6,50017.0,29254.800000000003,587325.2999999999,59779.06666666667,731507.6,79271.8,0.10260914143203415,3,0,3,0
203638.1,935145.7,1039046.4,66699.8,95954.6,37550.3,1,3,3,1,1,0,731507.6,103900.70000000007,29254.800000000003,-58404.3,725943.4,66734.90000000001,835408.3,58404.3,0.036139159772691797,3,0,2,1
935145.7,1039046.4,268389.0,95954.6,37550.3,98752.8,3,3,2,1,0,1,103900.70000000007,-770657.4,-58404.3,61202.5,747527.0333333333,77419.23333333334,770657.4,61202.5,0.36794515443943515,5,19,2,1
1039046.4,268389.0,344397.2,37550.3,98752.8,78201.5,3,2,2,0,1,1,-770657.4,76008.20000000001,61202.5,-20551.300000000003,550610.8666666666,71501.53333333334,770657.4,61202.5,0.22706709849238468,5,19,3,0
268389.0,344397.2,919294.8,98752.8,78201.5,6508.1,2,2,3,1,1,0,76008.20000000001,574897.6000000001,-20551.300000000003,-71693.4,510693.6666666667,61154.13333333333,650905.8,92244.7,0.007079440589198819,3,0,1,0
344397.2,919294.8,195700.8,78201.5,6508.1,2159.7,2,3,1,1,0,0,574897.6000000001,-723594.0,-71693.4,-4348.400000000001,486464.26666666666,28956.433333333334,723594.0,76041.8,0.011035667530906715,2,6,3,1
919294.8,195700.8,1357095.2,6508.1,2159.7,68907.1,3,1,3,0,0,1,-723594.0,1161394.4,-4348.400000000001,66747.40000000001,824030.2666666666,25858.300000000003,1161394.4,66747.40000000001,0.05077539823632253,3,0,3,1
195700.8,1357095.2,1348138.9,2159.7,68907.1,71813.5,1,3,3,0,1,1,1161394.4,-8956.300000000047,66747.40000000001,2906.399999999994,966978.2999999999,47626.76666666666,1161394.4,69653.8,0.05326858139871092,3,0,1,1
1357095.2,1348138.9,163748.8,68907.1,71813.5,63409.8,3,3,1,1,1,1,-8956.300000000047,-1184390.0999999999,2906.399999999994,-8403.699999999997,956327.6333333332,68043.46666666667,1193346.4,8403.699999999997,0.3872358928071974,2,6,0,0
1348138.9,163748.8,41706.5,71813.5,63409.8,20725.3,3,1,0,1,1,0,-1184390.0999999999,-122042.29999999999,-8403.699999999997,-42684.5,517864.73333333334,51982.86666666666,1306432.4,51088.2,0.49692021818617754,5,4,2,1
163748.8,41706.5,208051.7,63409.8,20725.3,55418.4,1,0,2,1,0,1,-122042.29999999999,166345.2,-42684.5,34693.100000000006,137835.66666666666,46517.833333333336,166345.2,42684.5,0.2663671271749898,3,2,3,1
41706.5,208051.7,1228532.8,20725.3,55418.4,83609.3,0,2,3,0,1,1,166345.2,1020481.1000000001,34693.100000000006,28190.9,492763.6666666667,53251.0,1186826.3,62884.0,0.06805616581326455,3,0,2,1
208051.7,1228532.8,306920.6,55418.4,83609.3,77956.8,2,3,2,1,1,1,1020481.1000000001,-921612.2000000001,28190.9,-5652.5,581168.3666666667,72328.16666666667,1020481.1000000001,28190.9,0.2539958087016359,3,0,0,0
1228532.8,306920.6,7487.3,83609.3,77956.8,38090.0,3,2,0,1,1,0,-921612.2000000001,-299433.3,-5652.5,-39866.8,514313.56666666665,66552.03333333334,1221045.5,45519.3,5.086601765420723,2,6,0,0
306920.6,7487.3,916.9,77956.8,38090.0,371.2,2,0,0,1,0,0,-299433.3,-6570.400000000001,-39866.8,-37718.8,105108.26666666666,38806.0,306003.69999999995,77585.6,0.40440135090968515,1,22,1,1
7487.3,916.9,112774.4,38090.0,371.2,185458.8,0,0,1,0,0,1,-6570.400000000001,111857.5,-37718.8,185087.59999999998,40392.86666666666,74640.0,111857.5,185087.59999999998,1.644496938162046,5,19,1,1
916.9,112774.4,180451.5,371.2,185458.8,63277.1,0,1,1,0,1,1,111857.5,67677.1,185087.59999999998,-122181.69999999998,98047.59999999999,83035.7,179534.6,185087.59999999998,0.3506579293719954,3,0,3,0
112774.4,180451.5,1090823.8,185458.8,63277.1,27254.5,1,1,3,1,1,0,67677.1,910372.3,-122181.69999999998,-36022.6,461349.9000000001,91996.8,978049.4,158204.3,0.02498522219150133,3,0,2,0
180451.5,1090823.8,576348.8,63277.1,27254.5,31671.9,1,3,2,1,0,0,910372.3,-514475.0,-36022.6,4417.4000000000015,615874.7000000001,40734.5,910372.3,36022.6,0.05495256526505258,3,0,0,0
1090823.8,576348.8,2150.2,27254.5,31671.9,706.4,3,2,0,0,0,0,-514475.0,-574198.6000000001,4417.4000000000015,-30965.5,556440.9333333333,19877.600000000002,1088673.6,30965.5,0.3283748605429528,5,22,2,1
576348.8,2150.2,290970.7,31671.9,706.4,88275.9,2,0,2,0,0,1,-574198.6000000001,288820.5,-30965.5,87569.5,289823.23333333334,40218.066666666666,574198.6000000001,87569.5,0.30338311251575323,5,19,0,0
2150.2,290970.7,2931.7,706.4,88275.9,2077.2,0,2,0,0,1,0,288820.5,-288039.0,87569.5,-86198.7,98684.20000000001,30353.16666666666,288820.5,87569.5,0.7082892897330105,1,22,1,1
290970.7,2931.7,204754.8,88275.9,2077.2,119655.8,2,0,1,1,0,1,-288039.0,201823.09999999998,-86198.7,117578.6,166219.06666666668,70002.96666666666,288039.0,117578.6,0.5843829576500398,5,4,1,0
2931.7,204754.8,178239.3,2077.2,119655.8,27091.7,0,1,1,0,1,0,201823.09999999998,-26515.5,117578.6,-92564.1,128641.93333333333,49608.23333333334,201823.09999999998,117578.6,0.15199536805088412,5,4,0,1
204754.8,178239.3,41466.3,119655.8,27091.7,63030.5,1,1,0,1,0,1,-26515.5,-136773.0,-92564.1,35938.8,141486.8,69926.0,163288.5,92564.1,1.5200049195390102,5,19,1,1
178239.3,41466.3,83830.2,27091.7,63030.5,111769.8,1,0,1,0,1,1,-136773.0,42363.899999999994,35938.8,48739.3,101178.59999999999,67297.33333333333,136773.0,84678.1,1.3332720991707145,5,4,1,1
41466.3,83830.2,61596.2,63030.5,111769.8,54882.3,0,1,1,1,1,1,42363.899999999994,-22234.0,48739.3,-56887.5,62297.56666666667,76560.86666666665,42363.899999999994,56887.5,0.8909869279772458,2,6,0,0
83830.2,61596.2,139.5,111769.8,54882.3,108.0,1,1,0,1,1,0,-22234.0,-61456.7,-56887.5,-54774.3,48521.96666666667,55586.700000000004,83690.7,111661.8,0.7686832740213523,1,22,2,1
61596.2,139.5,204838.3,54882.3,108.0,98976.3,1,0,2,1,0,1,-61456.7,204698.8,-54774.3,98868.3,88858.0,51322.200000000004,204698.8,98868.3,0.48318999332647594,5,19,0,0
139.5,204838.3,1299.9,108.0,98976.3,1417.5,0,2,0,0,1,0,204698.8,-203538.4,98868.3,-97558.8,68759.23333333332,33500.6,204698.8,98868.3,1.0896302559766315,1,22,2,1
204838.3,1299.9,329790.6,98976.3,1417.5,95021.4,2,0,2,1,0,1,-203538.4,328490.69999999995,-97558.8,93603.9,178642.93333333332,65138.4,328490.69999999995,97558.8,0.28812559204054927,5,19,0,0
1299.9,329790.6,57.0,1417.5,95021.4,137.0,0,2,0,0,1,0,328490.69999999995,-329733.6,93603.9,-94884.4,110382.5,32191.966666666664,329733.6,94884.4,2.3620689655172415,1,22,2,1
329790.6,57.0,574134.2,95021.4,137.0,77107.1,2,0,2,1,0,1,-329733.6,574077.2,-94884.4,76970.1,301327.26666666666,57421.833333333336,574077.2,94884.4,0.13430129349323994,3,0,0,0
57.0,574134.2,1277.8,137.0,77107.1,1256.1,0,2,0,0,1,0,574077.2,-572856.3999999999,76970.1,-75851.0,191823.0,26166.733333333337,574077.2,76970.1,0.9822489834219581,1,22,3,0
574134.2,1277.8,700849.2,77107.1,1256.1,5490.1,2,0,3,1,0,0,-572856.3999999999,699571.3999999999,-75851.0,4234.0,425420.39999999997,27951.100000000006,699571.3999999999,75851.0,0.007833485672116525,3,0,0,1
1277.8,700849.2,46996.9,1256.1,5490.1,120786.6,0,3,0,0,0,1,699571.3999999999,-653852.2999999999,4234.0,115296.5,249707.96666666667,42510.933333333334,699571.3999999999,119530.5,2.570042491260248,5,19,2,1
700849.2,46996.9,263356.6,5490.1,120786.6,195947.7,3,0,2,0,1,1,-653852.2999999999,216359.69999999998,115296.5,75161.1,337067.56666666665,107408.13333333335,653852.2999999999,190457.6,0.7440366254856515,5,19,1,0
46996.9,263356.6,157938.5,120786.6,195947.7,28748.5,0,2,1,1,1,0,216359.69999999998,-105418.09999999998,75161.1,-167199.2,156097.33333333334,115160.93333333335,216359.69999999998,167199.2,0.1820222300311195,3,0,1,1
263356.6,157938.5,122565.9,195947.7,28748.5,130809.0,2,1,1,1,0,1,-105418.09999999998,-35372.600000000006,-167199.2,102060.5,181287.0,118501.73333333334,140790.69999999998,167199.2,1.067245724579801,5,19,1,1
157938.5,122565.9,178388.9,28748.5,130809.0,164490.9,1,1,1,0,1,1,-35372.600000000006,55823.0,102060.5,33681.899999999994,152964.43333333335,108016.13333333335,55823.0,135742.4,0.922086396146867,5,19,1,1
122565.9,178388.9,195363.2,130809.0,164490.9,76846.0,1,1,1,1,1,1,55823.0,16974.300000000017,33681.899999999994,-87644.9,165439.33333333334,124048.63333333335,72797.30000000002,87644.9,0.39334739936999713,5,4,1,1
178388.9,195363.2,55587.4,164490.9,76846.0,59096.5,1,1,1,1,1,1,16974.300000000017,-139775.80000000002,-87644.9,-17749.5,143113.16666666666,100144.46666666667,139775.80000000002,105394.4,1.0631084902605579,5,19,1,0
195363.2,55587.4,128927.6,76846.0,59096.5,36690.9,1,1,1,1,1,0,-139775.80000000002,73340.20000000001,-17749.5,-22405.6,126626.06666666667,57544.46666666667,139775.80000000002,40155.1,0.28458309482923105,3,0,0,0
55587.4,128927.6,4719.4,59096.5,36690.9,3890.0,1,1,0,1,0,0,73340.20000000001,-124208.20000000001,-22405.6,-32800.9,63078.13333333333,33225.799999999996,124208.20000000001,55206.5,0.8240827048555208,1,22,2,1
128927.6,4719.4,233947.6,36690.9,3890.0,130689.5,1,0,2,0,0,1,-124208.20000000001,229228.2,-32800.9,126799.5,122531.53333333333,57090.13333333333,229228.2,126799.5,0.558624843234796,5,4,0,0
4719.4,233947.6,43949.7,3890.0,130689.5,26227.1,0,2,0,0,1,0,229228.2,-189997.90000000002,126799.5,-104462.4,94205.56666666667,53602.200000000004,229228.2,126799.5,0.5967390735528671,5,4,1,1
233947.6,43949.7,123382.2,130689.5,26227.1,171823.0,2,0,1,1,0,1,-189997.90000000002,79432.5,-104462.4,145595.9,133759.83333333334,109579.86666666665,189997.90000000002,145595.9,1.3925963988614334,5,19,1,1
43949.7,123382.2,62086.8,26227.1,171823.0,185036.4,0,1,1,0,1,1,79432.5,-61295.399999999994,145595.9,13213.399999999994,76472.90000000001,127695.5,79432.5,158809.3,2.9802376634379053,5,19,2,1
123382.2,62086.8,487133.1,171823.0,185036.4,64487.6,1,1,2,1,1,1,-61295.399999999994,425046.3,13213.399999999994,-120548.79999999999,224200.69999999998,140449.0,425046.3,120548.79999999999,0.1323816173000412,3,0,2,1
62086.8,487133.1,243596.3,185036.4,64487.6,118462.7,1,2,2,1,1,1,425046.3,-243536.8,-120548.79999999999,53975.1,264272.06666666665,122662.23333333334,425046.3,120548.79999999999,0.48630547218708914,5,19,1,0
487133.1,243596.3,145880.3,64487.6,118462.7,32728.6,2,2,1,1,1,0,-243536.8,-97716.0,53975.1,-85734.1,292203.23333333334,71892.96666666666,341252.8,85734.1,0.2243508935004007,5,19,1,0
243596.3,145880.3,73768.0,118462.7,32728.6,48766.9,2,1,1,1,0,0,-97716.0,-72112.29999999999,-85734.1,16038.300000000003,154414.86666666667,66652.73333333332,169828.3,85734.1,0.6610757906437664,2,6,0,1
145880.3,73768.0,22969.8,32728.6,48766.9,86025.2,1,1,0,0,0,1,-72112.29999999999,-50798.2,16038.300000000003,37258.299999999996,80872.7,55840.23333333334,122910.49999999999,53296.6,3.744980584045832,5,4,0,0
73768.0,22969.8,4403.3,48766.9,86025.2,3115.2,1,0,0,0,1,0,-50798.2,-18566.5,37258.299999999996,-82910.0,33713.700000000004,45969.100000000006,69364.7,82910.0,0.7073087664328043,1,22,3,1
22969.8,4403.3,1409498.0,86025.2,3115.2,79378.3,0,0,3,1,0,1,-18566.5,1405094.7,-82910.0,76263.1,478957.0333333334,56172.9,1405094.7,82910.0,0.05631667706043069,3,0,2,0
4403.3,1409498.0,525880.8,3115.2,79378.3,23285.7,0,3,2,0,1,0,1405094.7,-883617.2,76263.1,-56092.600000000006,646594.0333333333,35259.73333333333,1405094.7,76263.1,0.04427934185971068,3,0,2,0
1409498.0,525880.8,216407.8,79378.3,23285.7,27495.7,3,2,2,1,0,0,-883617.2,-309473.00000000006,-56092.600000000006,4210.0,717262.2000000001,43386.566666666666,1193090.2,56092.600000000006,0.12705444510574432,5,19,0,0
525880.8,216407.8,992.3,23285.7,27495.7,2887.4,2,2,0,0,0,0,-309473.00000000006,-215415.5,4210.0,-24608.3,247760.30000000005,17889.600000000002,524888.5,24608.3,2.9068760696667675,1,22,1,1
216407.8,992.3,91760.1,27495.7,2887.4,92886.3,2,0,1,0,0,1,-215415.5,90767.8,-24608.3,89998.90000000001,103053.39999999998,41089.8,215415.5,89998.90000000001,1.0122622767163862,5,4,1,0
992.3,91760.1,136164.2,2887.4,92886.3,20965.9,0,1,1,0,1,0,90767.8,44404.100000000006,89998.90000000001,-71920.4,76305.53333333334,38913.200000000004,135171.90000000002,89998.90000000001,0.15397399629273853,2,6,0,0
91760.1,136164.2,330.6,92886.3,20965.9,1592.8,1,1,0,1,0,0,44404.100000000006,-135833.6,-71920.4,-19373.100000000002,76084.96666666667,38481.66666666667,135833.6,91293.5,4.803377563329312,1,22,3,1
136164.2,330.6,1441625.0,20965.9,1592.8,76665.5,1,0,3,0,0,1,-135833.6,1441294.4,-19373.100000000002,75072.7,526039.9333333333,33074.73333333333,1441294.4,75072.7,0.053179881605908884,3,0,3,1
330.6,1441625.0,1333571.8,1592.8,76665.5,78672.1,0,3,3,0,1,1,1441294.4,-108053.19999999995,75072.7,2006.6000000000058,925175.8000000002,52310.13333333334,1441294.4,77079.3,0.05899347977103313,3,0,1,1
1441625.0,1333571.8,121862.6,76665.5,78672.1,78436.6,3,3,1,1,1,1,-108053.19999999995,-1211709.2,2006.6000000000058,-235.5,965686.4666666667,77924.73333333334,1319762.4,2006.6000000000058,0.6436425643096052,5,19,1,1
1333571.8,121862.6,61718.7,78672.1,78436.6,60711.8,3,1,1,1,1,1,-1211709.2,-60143.90000000001,-235.5,-17724.800000000003,505717.7,72606.83333333333,1271853.1,17960.300000000003,0.9836697197167193,3,0,0,1
121862.6,61718.7,36048.9,78436.6,60711.8,108815.0,1,1,0,1,1,1,-60143.90000000001,-25669.799999999996,-17724.800000000003,48103.2,73210.06666666667,82654.46666666667,85813.70000000001,48103.2,3.0184549749097775,5,4,2,0
61718.7,36048.9,260436.6,60711.8,108815.0,36654.6,1,0,2,1,1,0,-25669.799999999996,224387.7,48103.2,-72160.4,119401.40000000001,68727.13333333333,224387.7,72160.4,0.14074235056689202,3,2,1,1
36048.9,260436.6,86122.7,108815.0,36654.6,183072.5,0,2,1,1,0,1,224387.7,-174313.90000000002,-72160.4,146417.9,127536.06666666667,109514.03333333333,224387.7,146417.9,2.1256924632824648,5,19,1,1
260436.6,86122.7,105757.8,36654.6,183072.5,54093.1,2,1,1,0,1,1,-174313.90000000002,19635.100000000006,146417.9,-128979.4,150772.36666666667,91273.40000000001,174313.90000000002,146417.9,0.5114761135716366,2,6,2,0
86122.7,105757.8,294667.4,183072.5,54093.1,48781.5,1,1,2,1,1,0,19635.100000000006,188909.60000000003,-128979.4,-5311.5999999999985,162182.63333333333,95315.7,208544.7,134291.0,0.165547103116588,2,6,3,1
105757.8,294667.4,888695.6,54093.1,48781.5,96491.2,1,2,3,1,0,1,188909.60000000003,594028.2,-5311.5999999999985,47709.7,429706.93333333335,66455.26666666666,782937.7999999999,47709.7,0.1085760877221765,3,0,1,0
294667.4,888695.6,137234.7,48781.5,96491.2,45021.8,2,3,1,0,1,0,594028.2,-751460.8999999999,47709.7,-51469.399999999994,440199.23333333334,63431.5,751460.8999999999,51469.399999999994,0.32806186728380443,5,4,3,0
888695.6,137234.7,1194327.5,96491.2,45021.8,9008.3,3,1,3,1,0,0,-751460.8999999999,1057092.8,-51469.399999999994,-36013.5,740085.9333333332,50173.76666666666,1057092.8,87482.9,0.007542564713142155,3,0,0,1
137234.7,1194327.5,21220.0,45021.8,9008.3,56259.6,1,3,0,0,0,1,1057092.8,-1173107.5,-36013.5,47251.3,450927.39999999997,36763.23333333334,1173107.5,47251.3,2.6511285990292635,5,19,2,1
1194327.5,21220.0,225893.6,9008.3,56259.6,59218.5,3,0,2,0,1,1,-1173107.5,204673.6,47251.3,2958.9000000000015,480480.3666666667,41495.46666666667,1173107.5,50210.2,0.26215102087433695,5,19,2,0
21220.0,225893.6,286013.5,56259.6,59218.5,27858.2,0,2,2,1,1,0,204673.6,60119.899999999994,2958.9000000000015,-31360.3,177709.03333333333,47778.76666666667,264793.5,31360.3,0.0974013555256814,2,6,1,0
225893.6,286013.5,65568.3,59218.5,27858.2,16371.1,2,2,1,1,0,0,60119.899999999994,-220445.2,-31360.3,-11487.1,192491.80000000002,34482.6,220445.2,42847.4,0.24967629668152624,2,6,1,0
286013.5,65568.3,78935.3,27858.2,16371.1,20322.4,2,1,1,0,0,0,-220445.2,13367.0,-11487.1,3951.300000000001,143505.69999999998,21517.233333333334,220445.2,11487.1,0.257453161599923,5,14,1,1
65568.3,78935.3,58012.5,16371.1,20322.4,68756.6,1,1,1,0,0,1,13367.0,-20922.800000000003,3951.300000000001,48434.200000000004,67505.36666666667,35150.03333333333,20922.800000000003,52385.50000000001,1.185182759185362,5,19,2,1
78935.3,58012.5,213276.5,20322.4,68756.6,156623.6,1,1,2,0,1,1,-20922.800000000003,155264.0,48434.200000000004,87867.0,116741.43333333333,81900.86666666667,155264.0,136301.2,0.7343653221741628,5,19,0,1
58012.5,213276.5,29796.2,68756.6,156623.6,51597.6,1,2,0,1,1,1,155264.0,-183480.3,87867.0,-105026.0,100361.73333333334,92325.93333333333,183480.3,105026.0,1.7316257903427166,5,19,2,1
213276.5,29796.2,312176.1,156623.6,51597.6,147984.8,2,0,2,1,1,1,-183480.3,282379.89999999997,-105026.0,96387.19999999998,185082.93333333335,118735.33333333333,282379.89999999997,105026.0,0.4740411772676471,5,19,3,0
29796.2,312176.1,854032.2,51597.6,147984.8,21961.4,0,2,3,1,1,0,282379.89999999997,541856.1,96387.19999999998,-126023.4,398668.1666666667,73847.93333333333,824236.0,126023.4,0.025714925368240958,3,0,2,1
312176.1,854032.2,298150.9,147984.8,21961.4,183470.1,2,3,2,1,0,1,541856.1,-555881.2999999999,-126023.4,161508.7,488119.7333333332,117805.43333333333,555881.2999999999,161508.7,0.6153578092240901,5,19,2,1
854032.2,298150.9,243559.3,21961.4,183470.1,85100.7,3,2,2,0,1,1,-555881.2999999999,-54591.600000000035,161508.7,-98369.40000000001,465247.46666666673,96844.06666666667,610472.8999999999,161508.7,0.34940300204918456,5,19,0,1
298150.9,243559.3,37735.9,183470.1,85100.7,75016.9,2,2,0,1,1,1,-54591.600000000035,-205823.4,-98369.40000000001,-10083.800000000003,193148.69999999998,114529.23333333332,260415.00000000003,108453.20000000001,1.9878924871942314,2,6,2,1
243559.3,37735.9,398217.4,85100.7,75016.9,81901.3,2,0,2,1,1,1,-205823.4,360481.5,-10083.800000000003,6884.400000000009,226504.20000000004,80672.96666666666,360481.5,10083.800000000003,0.2056693010669522,3,0,2,1
37735.9,398217.4,283525.3,75016.9,81901.3,195763.8,0,2,2,1,1,1,360481.5,-114692.10000000003,6884.400000000009,113862.49999999999,239826.20000000004,117560.66666666667,360481.5,120746.9,0.6904608143935853,5,4,0,0
398217.4,283525.3,2656.8,81901.3,195763.8,1768.9,2,2,0,1,1,0,-114692.10000000003,-280868.5,113862.49999999999,-193994.9,228133.16666666666,93144.66666666667,395560.60000000003,193994.9,0.665550455263752,1,22,1,1
283525.3,2656.8,67662.6,195763.8,1768.9,185968.8,2,0,1,1,0,1,-280868.5,65005.8,-193994.9,184199.9,117948.23333333332,127833.83333333333,280868.5,193994.9,2.7484319486400364,5,19,0,0
2656.8,67662.6,982.7,1768.9,185968.8,1922.1,0,1,0,0,1,0,65005.8,-66679.90000000001,184199.9,-184046.69999999998,23767.36666666667,63219.93333333333,66679.90000000001,184199.9,1.953949374809393,1,22,3,1
67662.6,982.7,919346.3,185968.8,1922.1,97813.2,1,0,3,1,0,1,-66679.90000000001,918363.6000000001,-184046.69999999998,95891.09999999999,329330.5333333334,95234.7,918363.6000000001,184046.69999999998,0.10639417769541498,3,0,0,1
982.7,919346.3,35244.4,1922.1,97813.2,128965.2,0,3,0,0,1,1,918363.6000000001,-884101.9,95891.09999999999,31152.0,318524.4666666667,76233.5,918363.6000000001,127043.09999999999,3.6590647290142826,5,19,1,1
919346.3,35244.4,196704.6,97813.2,128965.2,161073.7,3,0,1,1,1,1,-884101.9,161460.2,31152.0,32108.500000000015,383765.10000000003,129284.03333333333,884101.9,63260.500000000015,0.8188567076890542,5,19,1,1
35244.4,196704.6,127225.5,128965.2,161073.7,80583.1,0,1,1,1,1,1,161460.2,-69479.1,32108.500000000015,-80490.6,119724.83333333333,123540.66666666667,161460.2,80490.6,0.6333829823189352,3,0,0,0
196704.6,127225.5,4287.2,161073.7,80583.1,3879.9,1,1,0,1,1,0,-69479.1,-122938.3,-80490.6,-76703.20000000001,109405.76666666666,81845.56666666667,192417.4,157193.80000000002,0.9047852245697496,1,22,0,0
127225.5,4287.2,1204.3,80583.1,3879.9,509.3,1,0,0,1,0,0,-122938.3,-3082.8999999999996,-76703.20000000001,-3370.6,44239.0,28324.100000000002,126021.2,80073.8,0.42255040238944663,1,22,3,0
4287.2,1204.3,1012078.2,3879.9,509.3,11162.9,0,0,3,0,0,0,-3082.8999999999996,1010873.8999999999,-3370.6,10653.6,339189.89999999997,5184.033333333333,1010873.8999999999,10653.6,0.011029670405241013,3,0,3,1
1204.3,1012078.2,1139396.7,509.3,11162.9,66281.8,0,3,3,0,0,1,1010873.8999999999,127318.5,10653.6,55118.9,717559.7333333334,25984.666666666668,1138192.4,65772.5,0.05817266438224336,3,0,3,0
1012078.2,1139396.7,772952.3,11162.9,66281.8,49105.4,3,3,3,0,1,0,127318.5,-366444.3999999999,55118.9,-17176.4,974809.0666666668,42183.36666666667,366444.3999999999,55118.9,0.06352958192946456,3,0,2,1
1139396.7,772952.3,592124.1,66281.8,49105.4,70978.4,3,3,2,1,0,1,-366444.3999999999,-180828.20000000007,-17176.4,21872.999999999993,834824.3666666667,62121.86666666667,547272.6,21872.999999999993,0.11987061517912347,3,0,1,0
772952.3,592124.1,150963.6,49105.4,70978.4,22930.2,3,2,1,0,1,0,-180828.20000000007,-441160.5,21872.999999999993,-48048.2,505346.6666666667,47671.333333333336,621988.7000000001,48048.2,0.15189123807833094,2,6,3,1
592124.1,150963.6,1385718.6,70978.4,22930.2,60478.3,2,1,3,1,0,1,-441160.5,1234755.0,-48048.2,37548.100000000006,709602.1,51462.299999999996,1234755.0,48048.2,0.04364396664375679,3,0,1,1
150963.6,1385718.6,92443.7,22930.2,60478.3,52555.1,1,3,1,0,1,1,1234755.0,-1293274.9000000001,37548.100000000006,-7923.200000000004,543041.9666666667,45321.200000000004,1293274.9000000001,37548.100000000006,0.5685031159168671,5,19,1,0
1385718.6,92443.7,130852.0,60478.3,52555.1,27949.9,3,1,1,1,1,0,-1293274.9000000001,38408.3,-7923.200000000004,-24605.199999999997,536338.1,46994.43333333333,1293274.9000000001,32528.4,0.21359770123726626,3,2,0,0
92443.7,130852.0,2942.6,52555.1,27949.9,3754.9,1,1,0,1,0,0,38408.3,-127909.4,-24605.199999999997,-24195.0,75412.76666666668,28086.63333333333,127909.4,48800.2,1.275614893327898,1,22,3,0
130852.0,2942.6,848300.4,27949.9,3754.9,17761.4,1,0,3,0,0,0,-127909.4,845357.8,-24195.0,14006.500000000002,327365.0,16488.733333333334,845357.8,24195.0,0.02093760543127714,3,0,1,1
2942.6,848300.4,166686.8,3754.9,17761.4,80041.4,0,3,1,0,0,1,845357.8,-681613.6000000001,14006.500000000002,62279.99999999999,339309.93333333335,33852.566666666666,845357.8,76286.5,0.4801875122234501,5,19,1,1
848300.4,166686.8,150270.9,17761.4,80041.4,129908.3,3,1,1,0,1,1,-681613.6000000001,-16415.899999999994,62279.99999999999,49866.90000000001,388419.36666666664,75903.7,698029.5,112146.9,0.8644883042005858,5,4,3,0
166686.8,150270.9,727948.9,80041.4,129908.3,43850.5,1,1,3,1,1,0,-16415.899999999994,577678.0,49866.90000000001,-86057.8,348302.2,84600.06666666667,577678.0,86057.8,0.06023834882043393,3,0,0,0
150270.9,727948.9,1605.6,129908.3,43850.5,1942.7,1,3,0,1,0,0,577678.0,-726343.3,-86057.8,-41907.8,293275.13333333336,58567.166666666664,726343.3,127965.6,1.2091995518486245,1,22,1,1
727948.9,1605.6,97150.8,43850.5,1942.7,134390.6,3,0,1,0,0,1,-726343.3,95545.2,-41907.8,132447.9,275568.43333333335,60061.26666666666,726343.3,132447.9,1.3833053016001762,5,19,1,1
1605.6,97150.8,169506.8,1942.7,134390.6,85047.3,0,1,1,0,1,1,95545.2,72355.99999999999,132447.9,-49343.3,89421.06666666667,73793.53333333334,167901.19999999998,132447.9,0.5017308937995775,3,0,3,1
97150.8,169506.8,983298.9,134390.6,85047.3,79658.0,1,1,3,1,1,1,72355.99999999999,813792.1000000001,-49343.3,-5389.300000000003,416652.1666666667,99698.63333333335,886148.1,54732.600000000006,0.08101088996347909,3,0,0,0
169506.8,983298.9,241.9,85047.3,79658.0,153.5,1,3,0,1,1,0,813792.1000000001,-983057.0,-5389.300000000003,-79504.5,384349.19999999995,54952.93333333333,983057.0,84893.8,0.6319473034170441,1,22,1,1
983298.9,241.9,86101.2,79658.0,153.5,51379.6,3,0,1,1,0,1,-983057.0,85859.3,-79504.5,51226.1,356547.3333333333,43730.36666666667,983057.0,79504.5,0.5967280743116901,5,19,2,1
241.9,86101.2,488937.6,153.5,51379.6,82478.7,0,1,2,0,1,1,85859.3,402836.39999999997,51226.1,31099.1,191760.2333333333,44670.6,488695.69999999995,82325.2,0.16868927918556645,3,0,1,1
86101.2,488937.6,96850.1,51379.6,82478.7,145543.9,1,2,1,1,1,1,402836.39999999997,-392087.5,31099.1,63065.2,223962.96666666665,93134.06666666665,402836.39999999997,94164.29999999999,1.502759390445746,5,4,0,0
488937.6,96850.1,2995.4,82478.7,145543.9,1529.5,2,1,0,1,1,0,-392087.5,-93854.70000000001,63065.2,-144014.4,196261.03333333333,76517.36666666665,485942.19999999995,144014.4,0.5104458683753837,1,22,2,0
96850.1,2995.4,274152.8,145543.9,1529.5,2665.6,1,0,2,1,0,0,-93854.70000000001,271157.39999999997,-144014.4,1136.1,124666.09999999999,49913.0,271157.39999999997,144014.4,0.009723009493211475,2,6,2,1
2995.4,274152.8,291361.9,1529.5,2665.6,159878.7,0,2,2,0,0,1,271157.39999999997,17209.100000000035,1136.1,157213.1,189503.3666666667,54691.26666666667,288366.5,158349.2,0.5487270342243299,5,19,3,1
274152.8,291361.9,638349.8,2665.6,159878.7,60095.6,2,2,3,0,1,1,17209.100000000035,346987.9,157213.1,-99783.1,401288.1666666667,74213.3,364197.00000000006,157213.1,0.09414196708142293,3,0,1,1
291361.9,638349.8,152161.1,159878.7,60095.6,109839.7,2,3,1,1,1,1,346987.9,-486188.70000000007,-99783.1,49744.1,360624.26666666666,109938.0,486188.70000000007,99783.1,0.7218597798006204,5,4,0,0
638349.8,152161.1,49037.9,60095.6,109839.7,33005.4,3,1,0,1,1,0,-486188.70000000007,-103123.20000000001,49744.1,-76834.29999999999,279849.60000000003,67646.9,589311.9,76834.29999999999,0.6730452763010589,2,6,2,1
152161.1,49037.9,267215.2,109839.7,33005.4,102771.1,1,0,2,1,0,1,-103123.20000000001,218177.30000000002,-76834.29999999999,69765.70000000001,156138.06666666668,81872.06666666667,218177.30000000002,76834.29999999999,0.3845990624819902,5,19,3,1
49037.9,267215.2,1189663.2,33005.4,102771.1,76974.0,0,2,3,0,1,1,218177.30000000002,922448.0,69765.70000000001,-25797.100000000006,501972.10000000003,70916.83333333333,1140625.3,69765.70000000001,0.06470229162145083,3,0,1,1
267215.2,1189663.2,141113.3,102771.1,76974.0,63769.4,2,3,1,1,1,1,922448.0,-1048549.8999999999,-25797.100000000006,-13204.599999999999,532663.9,81171.5,1048549.8999999999,39001.700000000004,0.45189892165429024,2,6,2,1
1189663.2,141113.3,322377.5,76974.0,63769.4,78162.5,3,1,2,1,1,1,-1048549.8999999999,181264.2,-13204.599999999999,14393.099999999999,551051.3333333334,72968.63333333333,1048549.8999999999,14393.099999999999,0.24245568485491434,3,0,1,0
141113.3,322377.5,66827.5,63769.4,78162.5,37097.8,1,2,1,1,1,0,181264.2,-255550.0,14393.099999999999,-41064.7,176772.7666666667,59676.56666666667,255550.0,41064.7,0.555119447541094,2,6,1,1
322377.5,66827.5,124916.0,78162.5,37097.8,121839.1,2,1,1,1,0,1,-255550.0,58088.5,-41064.7,84741.3,171373.66666666666,79033.13333333335,255550.0,84741.3,0.9753604393317163,5,4,2,0
66827.5,124916.0,331306.8,37097.8,121839.1,16791.0,1,1,2,0,1,0,58088.5,206390.8,84741.3,-105048.1,174350.1,58575.966666666674,264479.3,105048.1,0.0506809679699663,5,19,0,0
124916.0,331306.8,4176.5,121839.1,16791.0,1732.1,1,2,0,1,0,0,206390.8,-327130.3,-105048.1,-15058.9,153466.43333333332,46787.4,327130.3,120107.0,0.4146259724715739,1,22,3,0
331306.8,4176.5,1044356.1,16791.0,1732.1,43320.0,2,0,3,0,0,0,-327130.3,1040179.6,-15058.9,41587.9,459946.4666666666,20614.366666666665,1040179.6,41587.9,0.041480064625404475,3,0,1,0
4176.5,1044356.1,163593.2,1732.1,43320.0,27434.2,0,3,1,0,0,0,1040179.6,-880762.8999999999,41587.9,-15885.8,404041.93333333335,24162.100000000002,1040179.6,41587.9,0.16769665428236452,2,6,2,1
1044356.1,163593.2,279168.1,43320.0,27434.2,185596.7,3,1,2,0,0,1,-880762.8999999999,115574.89999999997,-15885.8,158162.5,495705.8,85450.3,880762.8999999999,158162.5,0.6648182051666894,5,19,2,1
163593.2,279168.1,334370.4,27434.2,185596.7,76096.3,1,2,2,0,1,1,115574.89999999997,55202.30000000005,158162.5,-109500.40000000001,259043.9,96375.73333333334,170777.2,158162.5,0.22758016983509952,5,19,1,1
279168.1,334370.4,188840.8,185596.7,76096.3,127449.9,2,2,1,1,1,1,55202.30000000005,-145529.60000000003,-109500.40000000001,51353.59999999999,267459.76666666666,129714.3,145529.60000000003,109500.40000000001,0.6749030140572692,5,4,2,0
334370.4,188840.8,294448.2,76096.3,127449.9,20315.3,2,1,2,1,1,0,-145529.60000000003,105607.40000000002,51353.59999999999,-107134.59999999999,272553.13333333336,74620.5,145529.60000000003,107134.59999999999,0.0689942441684338,3,2,3,0
188840.8,294448.2,825011.3,127449.9,20315.3,22892.2,1,2,3,1,0,0,105607.40000000002,530563.1000000001,-107134.59999999999,2576.9000000000015,436100.10000000003,56885.799999999996,636170.5,107134.59999999999,0.02774770751902729,3,0,2,1
294448.2,825011.3,207940.0,20315.3,22892.2,98534.0,2,3,2,0,0,1,530563.1000000001,-617071.3,2576.9000000000015,75641.8,442466.5,47247.166666666664,617071.3,78218.7,0.47385556479963065,5,19,0,0
825011.3,207940.0,647.6,22892.2,98534.0,596.4,3,2,0,0,1,0,-617071.3,-207292.4,75641.8,-97937.6,344532.9666666667,40674.2,824363.7000000001,97937.6,0.9195189639222942,1,22,0,1
207940.0,647.6,28976.6,98534.0,596.4,142469.5,2,0,0,1,0,1,-207292.4,28329.0,-97937.6,141873.1,79188.06666666667,80533.3,207292.4,141873.1,4.916538981834244,5,4,2,0
647.6,28976.6,320703.6,596.4,142469.5,11601.6,0,0,2,0,1,0,28329.0,291727.0,141873.1,-130867.9,116775.93333333333,51555.833333333336,320056.0,141873.1,0.03617534640912541,3,0,0,0
28976.6,320703.6,1206.9,142469.5,11601.6,775.8,0,2,0,1,0,0,291727.0,-319496.69999999995,-130867.9,-10825.800000000001,116962.36666666665,51615.63333333333,319496.69999999995,141693.7,0.6422717112343737,1,22,0,0
320703.6,1206.9,39594.2,11601.6,775.8,25628.8,2,0,0,0,0,0,-319496.69999999995,38387.299999999996,-10825.800000000001,24853.0,120501.56666666667,12668.733333333332,319496.69999999995,24853.0,0.6472703762072171,5,4,2,1
1206.9,39594.2,299147.3,775.8,25628.8,86672.2,0,0,2,0,0,1,38387.299999999996,259553.09999999998,24853.0,61043.399999999994,113316.13333333332,37692.26666666666,297940.39999999997,85896.4,0.2897298764525822,3,0,2,0
39594.2,299147.3,277701.4,25628.8,86672.2,15520.7,0,2,2,0,1,0,259553.09999999998,-21445.899999999965,61043.399999999994,-71151.5,205480.96666666667,42607.23333333333,259553.09999999998,71151.5,0.05588968622525408,3,0,3,0
299147.3,277701.4,743464.2,86672.2,15520.7,11532.5,2,2,3,1,0,0,-21445.899999999965,465762.79999999993,-71151.5,-3988.2000000000007,440104.3,37908.46666666667,465762.79999999993,75139.7,0.015511822207683696,3,0,0,0
277701.4,743464.2,3476.2,15520.7,11532.5,476.8,2,3,0,0,0,0,465762.79999999993,-739988.0,-3988.2000000000007,-11055.7,341547.26666666666,9176.666666666666,739988.0,15043.900000000001,0.13712182215575752,1,22,1,1
743464.2,3476.2,162626.2,11532.5,476.8,146289.2,3,0,1,0,0,1,-739988.0,159150.0,-11055.7,145812.40000000002,303188.86666666664,52766.166666666664,739988.0,145812.40000000002,0.8995371008047854,5,19,3,1
3476.2,162626.2,925378.7,476.8,146289.2,94219.7,0,1,3,0,1,1,159150.0,762752.5,145812.40000000002,-52069.500000000015,363827.0333333334,80328.56666666667,921902.5,145812.40000000002,0.10181734049277286,3,0,1,1
162626.2,925378.7,160693.0,146289.2,94219.7,141694.6,1,3,1,1,1,1,762752.5,-764685.7,-52069.500000000015,47474.90000000001,416232.6333333333,127401.16666666667,764685.7,52069.500000000015,0.8817665874270353,5,4,0,0
925378.7,160693.0,22456.3,94219.7,141694.6,41398.0,3,1,0,1,1,0,-764685.7,-138236.7,47474.90000000001,-100296.6,369509.3333333333,92437.43333333333,902922.3999999999,100296.6,1.843409492681667,5,19,1,1
160693.0,22456.3,151748.2,141694.6,41398.0,164399.7,1,0,1,1,0,1,-138236.7,129291.90000000001,-100296.6,123001.70000000001,111632.5,115830.76666666668,138236.7,123001.70000000001,1.0833645251507091,5,19,3,1
22456.3,151748.2,1369938.7,41398.0,164399.7,88527.7,0,1,3,0,1,1,129291.90000000001,1218190.5,123001.70000000001,-75872.00000000001,514714.39999999997,98108.46666666667,1347482.4,123001.70000000001,0.06462160341801905,3,0,3,1
151748.2,1369938.7,885392.5,164399.7,88527.7,75042.6,1,3,3,1,1,1,1218190.5,-484546.19999999995,-75872.00000000001,-13485.099999999991,802359.7999999999,109323.33333333333,1218190.5,89357.1,0.08475621291550028,3,0,2,1
1369938.7,885392.5,310728.0,88527.7,75042.6,99416.7,3,3,2,1,1,1,-484546.19999999995,-574664.5,-13485.099999999991,24374.09999999999,855353.0666666668,87662.33333333333,1059210.7,24374.09999999999,0.31994664160731695,5,19,2,0
885392.5,310728.0,214936.1,75042.6,99416.7,25201.0,3,2,2,1,1,0,-574664.5,-95791.9,24374.09999999999,-74215.7,470352.2,66553.43333333333,670456.4,74215.7,0.11724825541984144,2,6,2,0
310728.0,214936.1,246795.7,99416.7,25201.0,47398.4,2,2,2,1,0,0,-95791.9,31859.600000000006,-74215.7,22197.4,257486.6,57338.700000000004,95791.9,74215.7,0.19205443184613083,5,4,2,1
214936.1,246795.7,316988.3,25201.0,47398.4,150650.1,2,2,2,0,0,1,31859.600000000006,70192.59999999998,22197.4,103251.70000000001,259573.3666666667,74416.5,102052.19999999998,125449.1,0.47525295017844454,5,19,3,0
246795.7,316988.3,1370708.0,47398.4,150650.1,22427.2,2,2,3,0,1,0,70192.59999999998,1053719.7,103251.70000000001,-128222.90000000001,644830.6666666666,73491.90000000001,1123912.3,128222.90000000001,0.01636175147314273,3,0,1,1
316988.3,1370708.0,130194.4,150650.1,22427.2,189952.2,2,3,1,1,0,1,1053719.7,-1240513.6,-128222.90000000001,167525.0,605963.5666666667,121009.83333333333,1240513.6,167525.0,1.4589778133482445,5,4,2,1
1370708.0,130194.4,307278.1,22427.2,189952.2,65648.6,3,1,2,0,1,1,-1240513.6,177083.69999999998,167525.0,-124303.6,602726.8333333334,92676.0,1240513.6,167525.0,0.21364485902230257,5,19,1,1
130194.4,307278.1,101729.1,189952.2,65648.6,184514.8,1,2,1,1,1,1,177083.69999999998,-205548.99999999997,-124303.6,118866.19999999998,179733.86666666667,146705.19999999998,205548.99999999997,124303.6,1.8137679998348568,5,4,2,0
307278.1,101729.1,218110.8,65648.6,184514.8,18945.9,2,1,2,1,1,0,-205548.99999999997,116381.69999999998,118866.19999999998,-165568.9,209039.33333333334,89703.09999999999,205548.99999999997,165568.9,0.08686325086492341,2,6,3,1
101729.1,218110.8,1488965.1,184514.8,18945.9,57518.3,1,2,3,1,0,1,116381.69999999998,1270854.3,-165568.9,38572.4,602935.0,86993.0,1387236.0,165568.9,0.03862969076327527,3,0,0,0
218110.8,1488965.1,18.1,18945.9,57518.3,23.7,2,3,0,0,1,0,1270854.3,-1488947.0,38572.4,-57494.600000000006,569031.3333333334,25495.96666666667,1488947.0,57494.600000000006,1.2408376963350785,1,22,1,0
1488965.1,18.1,101173.9,57518.3,23.7,37173.0,3,0,1,1,0,0,-1488947.0,101155.79999999999,-57494.600000000006,37149.3,530052.3666666667,31571.666666666668,1488947.0,57494.600000000006,0.367413261589584,2,6,1,1
18.1,101173.9,187001.3,23.7,37173.0,100501.0,0,1,1,0,0,1,101155.79999999999,85827.4,37149.3,63328.0,96064.43333333333,45899.23333333334,186983.19999999998,100477.3,0.5374318925489152,5,19,2,1
101173.9,187001.3,249180.3,37173.0,100501.0,153701.2,1,1,2,0,1,1,85827.4,62179.0,63328.0,53200.20000000001,179118.5,97125.06666666667,148006.4,116528.20000000001,0.6168247777822815,5,19,3,1
187001.3,249180.3,1131638.3,100501.0,153701.2,86298.4,1,2,3,1,1,1,62179.0,882458.0,53200.20000000001,-67402.80000000002,522606.6333333333,113500.2,944637.0,67402.80000000002,0.07625963502681463,3,0,1,0
249180.3,1131638.3,65569.2,153701.2,86298.4,15894.9,2,3,1,1,1,0,882458.0,-1066069.1,-67402.80000000002,-70403.5,482129.26666666666,85298.16666666667,1066069.1,137806.30000000002,0.2424104242476003,3,0,0,0
1131638.3,65569.2,1048.6,86298.4,15894.9,2271.2,3,1,0,1,0,0,-1066069.1,-64520.6,-70403.5,-13623.7,399418.7,34821.49999999999,1130589.7,84027.2,2.1638719512195124,5,22,1,1
65569.2,1048.6,148943.9,15894.9,2271.2,57100.7,1,0,1,0,0,1,-64520.6,147895.3,-13623.7,54829.5,71853.90000000001,25088.93333333333,147895.3,54829.5,0.3833679434475433,3,0,2,0
1048.6,148943.9,333506.1,2271.2,57100.7,40947.3,0,1,2,0,1,0,147895.3,184562.19999999998,54829.5,-16153.399999999994,161166.19999999998,33439.73333333333,332457.5,54829.5,0.12277789588287627,5,19,0,0
148943.9,333506.1,4212.6,57100.7,40947.3,894.4,1,2,0,1,0,0,184562.19999999998,-329293.5,-16153.399999999994,-40052.9,162220.86666666667,32980.799999999996,329293.5,56206.299999999996,0.21226504651604328,1,22,1,1
333506.1,4212.6,53170.0,40947.3,894.4,69416.8,2,0,1,0,0,1,-329293.5,48957.4,-40052.9,68522.40000000001,130296.23333333332,37086.166666666664,329293.5,68522.40000000001,1.305538733520152,5,19,3,0
4212.6,53170.0,616731.8,894.4,69416.8,12370.6,0,1,3,0,1,0,48957.4,563561.8,68522.40000000001,-57046.200000000004,224704.80000000002,27560.600000000002,612519.2000000001,68522.40000000001,0.02005828131729008,3,0,2,0
53170.0,616731.8,204828.0,69416.8,12370.6,13972.7,1,3,2,1,0,0,563561.8,-411903.80000000005,-57046.200000000004,1602.1000000000004,291576.60000000003,31920.033333333336,563561.8,57046.200000000004,0.0682164146678449,2,6,2,0
616731.8,204828.0,364175.0,12370.6,13972.7,8272.3,3,2,2,0,0,0,-411903.80000000005,159347.0,1602.1000000000004,-5700.4000000000015,395244.93333333335,11538.533333333335,411903.80000000005,5700.4000000000015,0.02271511576819999,3,0,1,1
204828.0,364175.0,80526.6,13972.7,8272.3,143897.3,2,2,1,0,0,1,159347.0,-283648.4,-5700.4000000000015,135625.0,216509.86666666667,55380.76666666666,283648.4,135625.0,1.7869314371718514,5,4,2,1
364175.0,80526.6,247223.3,8272.3,143897.3,53075.9,2,1,2,0,1,1,-283648.4,166696.69999999998,135625.0,-90821.4,230641.6333333333,68415.16666666666,283648.4,135625.0,0.21468722937025206,3,2,2,0
80526.6,247223.3,269617.9,143897.3,53075.9,32468.2,1,2,2,1,1,0,166696.69999999998,22394.600000000035,-90821.4,-20607.7,199122.6,76480.46666666666,189091.30000000002,111429.09999999999,0.12042256681560527,2,6,1,0
247223.3,269617.9,126002.1,53075.9,32468.2,5443.2,2,2,1,1,0,0,22394.600000000035,-143615.80000000002,-20607.7,-27025.0,214281.1,30329.100000000002,143615.80000000002,47632.700000000004,0.043198937169006156,3,0,2,1
269617.9,126002.1,231298.7,32468.2,5443.2,74448.0,2,1,2,0,0,1,-143615.80000000002,105296.6,-27025.0,69004.8,208972.9,37453.13333333333,143615.80000000002,69004.8,0.32186812174853663,2,6,2,0
126002.1,231298.7,395883.5,5443.2,74448.0,13681.7,1,2,2,0,1,0,105296.6,164584.8,69004.8,-60766.3,251061.43333333335,31190.966666666664,269881.4,69004.8,0.03455982742441293,3,0,3,0
231298.7,395883.5,1484471.4,74448.0,13681.7,37026.1,2,2,3,1,0,0,164584.8,1088587.9,-60766.3,23344.399999999998,703884.5333333332,41718.6,1253172.7,60766.3,0.024942262314880358,3,0,2,1
395883.5,1484471.4,240753.3,13681.7,37026.1,55805.1,2,3,2,0,0,1,1088587.9,-1243718.0999999999,23344.399999999998,18779.0,707036.0666666665,35504.299999999996,1243718.0999999999,42123.399999999994,0.23179274471940897,5,19,0,0
1484471.4,240753.3,4025.2,37026.1,55805.1,3355.7,3,2,0,0,1,0,-1243718.0999999999,-236728.09999999998,18779.0,-52449.4,576416.6333333333,32062.3,1480446.2,52449.4,0.8334657990164422,1,22,1,1
240753.3,4025.2,75125.6,55805.1,3355.7,91900.8,2,0,1,1,0,1,-236728.09999999998,71100.40000000001,-52449.4,88545.1,106634.7,50353.86666666667,236728.09999999998,88545.1,1.2232791048709777,5,19,1,1
4025.2,75125.6,127956.7,3355.7,91900.8,118980.0,0,1,1,0,1,1,71100.40000000001,52831.09999999999,88545.1,27079.199999999997,69035.83333333333,71412.16666666667,123931.5,115624.3,0.9298385325775628,5,19,1,1
75125.6,127956.7,88349.4,91900.8,118980.0,115215.0,1,1,1,1,1,1,52831.09999999999,-39607.3,27079.199999999997,-3765.0,97143.89999999998,108698.59999999999,52831.09999999999,27079.199999999997,1.3040687987830277,5,19,0,0
127956.7,88349.4,285.6,118980.0,115215.0,360.0,1,1,0,1,1,0,-39607.3,-88063.79999999999,-3765.0,-114855.0,72197.23333333332,78185.0,127671.09999999999,118620.0,1.256106071179344,1,22,2,0
88349.4,285.6,301751.3,115215.0,360.0,43203.3,1,0,2,1,0,0,-88063.79999999999,301465.7,-114855.0,42843.3,130128.76666666666,52926.1,301465.7,114855.0,0.1431747164810343,3,0,2,0
285.6,301751.3,614320.7,360.0,43203.3,48583.7,0,2,2,0,0,0,301465.7,312569.39999999997,42843.3,5380.399999999994,305452.53333333327,30715.666666666668,614035.1,48223.7,0.07908511126987701,3,0,2,1
301751.3,614320.7,288978.0,43203.3,48583.7,135239.8,2,2,2,0,0,1,312569.39999999997,-325342.69999999995,5380.399999999994,86656.09999999999,401683.3333333333,75675.59999999999,325342.69999999995,92036.49999999999,0.46799179179109895,5,19,1,0
614320.7,288978.0,147630.3,48583.7,135239.8,25763.3,2,2,1,0,1,0,-325342.69999999995,-141347.7,86656.09999999999,-109476.49999999999,350309.6666666667,69862.26666666666,466690.39999999997,109476.49999999999,0.17451109622417468,3,0,3,1
288978.0,147630.3,918360.2,135239.8,25763.3,98394.7,2,1,3,1,0,1,-141347.7,770729.8999999999,-109476.49999999999,72631.4,451656.1666666667,86465.93333333333,770729.8999999999,109476.49999999999,0.10714161269008317,3,0,1,1
147630.3,918360.2,196939.9,25763.3,98394.7,198248.3,1,3,1,0,1,1,770729.8999999999,-721420.2999999999,72631.4,99853.59999999999,420976.8,107468.76666666666,770729.8999999999,172485.0,1.0066385397852857,5,19,1,1
918360.2,196939.9,68008.6,98394.7,198248.3,76927.6,3,1,1,1,1,1,-721420.2999999999,-128931.29999999999,99853.59999999999,-121320.69999999998,394436.23333333334,124523.53333333333,850351.6,121320.69999999998,1.1311285465581329,3,2,2,1
196939.9,68008.6,294796.5,198248.3,76927.6,143818.3,1,1,2,1,1,1,-128931.29999999999,226787.9,-121320.69999999998,66890.69999999998,186581.66666666666,139664.73333333334,226787.9,121320.69999999998,0.487854544221033,5,4,2,1
68008.6,294796.5,292262.7,76927.6,143818.3,143338.3,1,2,2,1,1,1,226787.9,-2533.7999999999884,66890.69999999998,-480.0,218355.93333333335,121361.39999999998,226787.9,66890.69999999998,0.4904416798938766,5,4,3,1
294796.5,292262.7,971262.5,143818.3,143338.3,88976.9,2,2,3,1,1,1,-2533.7999999999884,678999.8,-480.0,-54361.399999999994,519440.56666666665,125377.83333333333,678999.8,54841.399999999994,0.09160943451493853,3,0,3,0
292262.7,971262.5,1284753.6,143338.3,88976.9,50802.4,2,3,3,1,1,0,678999.8,313491.1000000001,-54361.399999999994,-38174.49999999999,849426.2666666666,94372.53333333333,992490.9000000001,92535.9,0.039542493173404476,3,0,3,1
971262.5,1284753.6,932373.3,88976.9,50802.4,60578.5,3,3,3,1,0,1,313491.1000000001,-352380.30000000005,-38174.49999999999,9776.099999999999,1062796.4666666668,66785.93333333333,352380.30000000005,38174.49999999999,0.06497229706996428,3,0,3,0
1284753.6,932373.3,978858.3,50802.4,60578.5,27080.4,3,3,3,0,1,0,-352380.30000000005,46485.0,9776.099999999999,-33498.1,1065328.4000000001,46153.76666666666,352380.30000000005,33498.1,0.02766526302605492,3,0,2,1
932373.3,978858.3,296746.6,60578.5,27080.4,58032.1,3,3,2,1,0,1,46485.0,-682111.7000000001,-33498.1,30951.699999999997,735992.7333333334,48563.666666666664,682111.7000000001,33498.1,0.19556046957077328,5,4,2,1
978858.3,296746.6,271098.2,27080.4,58032.1,72137.0,3,2,2,0,1,1,-682111.7000000001,-25648.399999999965,30951.699999999997,14104.900000000001,515567.69999999995,52416.5,707760.1000000001,45056.6,0.2660907889067913,5,4,2,0
296746.6,271098.2,228387.5,58032.1,72137.0,50341.8,2,2,2,1,1,0,-25648.399999999965,-42710.70000000001,14104.900000000001,-21795.199999999997,265410.76666666666,60170.30000000001,68359.09999999998,21795.199999999997,0.22042178130685217,2,6,1,1
271098.2,228387.5,143592.8,72137.0,50341.8,69873.7,2,2,1,1,0,1,-42710.70000000001,-84794.70000000001,-21795.199999999997,19531.899999999994,214359.5,64117.5,127505.40000000002,21795.199999999997,0.4866066640760256,5,19,1,0
228387.5,143592.8,87447.2,50341.8,69873.7,22012.7,2,1,1,0,1,0,-84794.70000000001,-56145.59999999999,19531.899999999994,-47861.0,153142.5,47409.4,140940.3,47861.0,0.2517227341443277,5,19,0,0
143592.8,87447.2,1834.4,69873.7,22012.7,2843.0,1,1,0,1,0,0,-56145.59999999999,-85612.8,-47861.0,-19169.7,77624.8,31576.466666666664,141758.4,67030.7,1.5489811485234826,5,22,1,0
87447.2,1834.4,101963.5,22012.7,2843.0,23693.9,1,0,1,0,0,0,-85612.8,100129.1,-19169.7,20850.9,63748.36666666666,16183.200000000003,100129.1,20850.9,0.2323740125239667,2,6,2,1
1834.4,101963.5,232938.3,2843.0,23693.9,111361.5,0,1,2,0,0,1,100129.1,130974.79999999999,20850.9,87667.6,112245.39999999998,45966.13333333333,231103.9,108518.5,0.4780708965812124,5,4,0,0
101963.5,232938.3,658.6,23693.9,111361.5,252.1,1,2,0,0,1,0,130974.79999999999,-232279.69999999998,87667.6,-111109.4,111853.46666666666,45102.5,232279.69999999998,111109.4,0.38220133414190416,1,22,2,1
232938.3,658.6,299488.5,111361.5,252.1,76285.0,2,0,2,1,0,1,-232279.69999999998,298829.9,-111109.4,76032.9,177695.13333333333,62632.86666666667,298829.9,111109.4,0.25471677638114193,5,19,1,1
658.6,299488.5,197972.9,252.1,76285.0,182726.9,0,2,1,0,1,1,298829.9,-101515.6,76032.9,106441.9,166040.0,86421.33333333333,298829.9,182474.8,0.9229847974909824,5,19,1,1
299488.5,197972.9,89534.7,76285.0,182726.9,142159.7,2,1,1,1,1,1,-101515.6,-108438.2,106441.9,-40567.19999999998,195665.36666666667,133723.86666666667,209953.8,106441.9,1.5877432130423956,5,4,1,0
197972.9,89534.7,184378.6,182726.9,142159.7,31755.9,1,1,1,1,1,0,-108438.2,94843.90000000001,-40567.19999999998,-110403.80000000002,157295.4,118880.83333333333,108438.2,150971.0,0.1722310928107014,2,6,3,0
89534.7,184378.6,691423.3,142159.7,31755.9,5574.1,1,1,3,1,0,0,94843.90000000001,507044.70000000007,-110403.80000000002,-26181.800000000003,321778.8666666667,59829.9,601888.6000000001,136585.6,0.008061764679083452,3,0,0,0
184378.6,691423.3,535.9,31755.9,5574.1,931.4,1,3,0,0,0,0,507044.70000000007,-690887.4,-26181.800000000003,-4642.700000000001,292112.60000000003,12753.800000000001,690887.4,30824.5,1.7347737008753958,1,22,1,1
691423.3,535.9,59629.0,5574.1,931.4,52780.7,3,0,1,0,0,1,-690887.4,59093.1,-4642.700000000001,51849.299999999996,250529.40000000002,19762.066666666666,690887.4,51849.299999999996,0.8851366761697131,5,4,2,1
535.9,59629.0,215568.1,931.4,52780.7,168775.9,0,1,2,0,1,1,59093.1,155939.1,51849.299999999996,115995.2,91911.0,74162.66666666667,215032.2,167844.5,0.7829317838224494,5,19,0,0
59629.0,215568.1,510.8,52780.7,168775.9,163.3,1,2,0,1,1,0,155939.1,-215057.30000000002,115995.2,-168612.6,91902.63333333332,73906.63333333332,215057.30000000002,168612.6,0.31906994919890586,1,22,1,1
215568.1,510.8,96881.6,168775.9,163.3,58290.6,2,0,1,1,0,1,-215057.30000000002,96370.8,-168612.6,58127.299999999996,104320.16666666667,75743.26666666666,215057.30000000002,168612.6,0.6016622179834149,2,6,1,1
510.8,96881.6,78223.7,163.3,58290.6,61059.3,0,1,1,0,1,1,96370.8,-18657.90000000001,58127.299999999996,2768.7000000000044,58538.700000000004,39837.73333333334,96370.8,60896.0,0.7805629168280608,5,19,1,1
96881.6,78223.7,167929.5,58290.6,61059.3,132586.7,1,1,1,1,1,1,-18657.90000000001,89705.8,2768.7000000000044,71527.40000000001,114344.93333333333,83978.86666666667,89705.8,74296.1,0.7895331699721017,5,19,2,0
78223.7,167929.5,277825.3,61059.3,132586.7,29803.0,1,1,2,1,1,0,89705.8,109895.79999999999,71527.40000000001,-102783.70000000001,174659.5,74483.0,199601.59999999998,102783.70000000001,0.10727206171625941,5,19,0,0
167929.5,277825.3,416.3,132586.7,29803.0,159.2,1,2,0,1,0,0,109895.79999999999,-277409.0,-102783.70000000001,-29643.8,148723.69999999998,54182.966666666674,277409.0,132427.5,0.3815001198178768,1,22,3,1
277825.3,416.3,782674.2,29803.0,159.2,74818.2,2,0,3,0,0,1,-277409.0,782257.8999999999,-29643.8,74659.0,353638.5999999999,34926.799999999996,782257.8999999999,74659.0,0.0955929100602651,3,0,2,1
416.3,782674.2,246783.1,159.2,74818.2,63897.6,0,3,2,0,1,1,782257.8999999999,-535891.1,74659.0,-10920.599999999999,343291.2,46291.666666666664,782257.8999999999,74659.0,0.25892105690763706,2,6,1,1
782674.2,246783.1,145868.4,74818.2,63897.6,172997.8,3,2,1,1,1,1,-535891.1,-100914.70000000001,-10920.599999999999,109100.19999999998,391775.23333333334,103904.53333333333,636805.7999999999,109100.19999999998,1.1859773194377985,5,19,2,0
246783.1,145868.4,276852.1,63897.6,172997.8,48424.3,2,1,2,1,1,0,-100914.70000000001,130983.69999999998,109100.19999999998,-124573.49999999999,223167.86666666667,95106.56666666667,130983.69999999998,124573.49999999999,0.17490972649394212,2,6,2,1
145868.4,276852.1,259793.9,172997.8,48424.3,62599.0,1,2,2,1,0,1,130983.69999999998,-17058.199999999983,-124573.49999999999,14174.699999999997,227504.80000000002,94673.7,130983.69999999998,124573.49999999999,0.24095546140436166,5,19,3,0
276852.1,259793.9,707724.5,48424.3,62599.0,40639.0,2,2,3,0,1,0,-17058.199999999983,447930.6,14174.699999999997,-21960.0,414790.1666666667,50554.1,447930.6,21960.0,0.05742198069731838,3,0,0,0
259793.9,707724.5,40143.1,62599.0,40639.0,40281.4,2,3,0,1,0,0,447930.6,-667581.4,-21960.0,-357.59999999999854,335887.1666666667,47839.799999999996,667581.4,22317.6,1.0034201788058519,5,4,2,0
707724.5,40143.1,274350.5,40639.0,40281.4,23014.5,3,0,2,0,0,0,-667581.4,234207.4,-357.59999999999854,-17266.9,340739.36666666664,34644.96666666667,667581.4,17624.5,0.08388691149857026,3,0,1,1
40143.1,274350.5,185230.9,40281.4,23014.5,149188.9,0,2,1,0,0,1,234207.4,-89119.6,-17266.9,126174.4,166574.83333333334,70828.26666666666,234207.4,126174.4,0.8054168855364545,5,19,3,1
274350.5,185230.9,1392252.1,23014.5,149188.9,94327.1,2,1,3,0,1,1,-89119.6,1207021.2000000002,126174.4,-54861.79999999999,617277.8333333334,88843.5,1207021.2000000002,126174.4,0.06775140238509794,3,0,0,0
185230.9,1392252.1,392.0,149188.9,94327.1,407.0,1,3,0,1,1,0,1207021.2000000002,-1391860.1,-54861.79999999999,-93920.1,525958.3333333334,81307.66666666667,1391860.1,148781.9,1.0356234096692112,1,22,1,1
1392252.1,392.0,184726.5,94327.1,407.0,90625.7,3,0,1,1,0,1,-1391860.1,184334.5,-93920.1,90218.7,525790.2000000001,61786.6,1391860.1,93920.1,0.49059127633947297,5,4,2,1
392.0,184726.5,324129.1,407.0,90625.7,86192.8,0,1,2,0,1,1,184334.5,139402.59999999998,90218.7,-4432.899999999994,169749.19999999998,59075.166666666664,323737.1,90218.7,0.26592038197007933,5,19,1,1
184726.5,324129.1,74383.9,90625.7,86192.8,95715.1,1,2,1,1,1,1,139402.59999999998,-249745.19999999998,-4432.899999999994,9522.300000000003,194413.16666666666,90844.53333333333,249745.19999999998,9522.300000000003,1.2867544353759972,5,4,2,1
324129.1,74383.9,321318.4,86192.8,95715.1,148615.4,2,1,2,1,1,1,-249745.19999999998,246934.50000000003,9522.300000000003,52900.29999999999,239943.80000000002,110174.43333333335,249745.19999999998,62422.59999999999,0.46251611325055375,5,19,3,1
74383.9,321318.4,758501.7,95715.1,148615.4,70406.5,1,2,3,1,1,1,246934.50000000003,437183.29999999993,52900.29999999999,-78208.9,384734.6666666667,104912.33333333333,684117.7999999999,78208.9,0.09282300511257245,3,0,1,1
321318.4,758501.7,197017.4,148615.4,70406.5,74268.5,2,3,1,1,1,1,437183.29999999993,-561484.2999999999,-78208.9,3862.0,425612.5,97763.46666666667,561484.2999999999,78208.9,0.3769622532717756,2,6,1,0
758501.7,197017.4,76494.1,70406.5,74268.5,4691.6,3,1,1,1,1,0,-561484.2999999999,-120523.29999999999,3862.0,-69576.9,344004.39999999997,49788.86666666667,682007.6,69576.9,0.06133203303218115,2,6,0,0
197017.4,76494.1,3165.8,74268.5,4691.6,3398.3,1,1,0,1,0,0,-120523.29999999999,-73328.3,-69576.9,-1293.3000000000002,92225.76666666666,27452.800000000003,193851.6,70870.2,1.0731021851711506,1,22,1,0
76494.1,3165.8,195373.4,4691.6,3398.3,22383.8,1,0,1,0,0,0,-73328.3,192207.6,-1293.3000000000002,18985.5,91677.76666666666,10157.9,192207.6,18985.5,0.1145687459564815,2,6,3,0
3165.8,195373.4,1037546.4,3398.3,22383.8,29157.4,0,1,3,0,0,0,192207.6,842173.0,18985.5,6773.600000000002,412028.5333333334,18313.166666666668,1034380.6,25759.100000000002,0.028102234172626715,3,0,2,1
195373.4,1037546.4,286497.9,22383.8,29157.4,170680.4,1,3,2,0,0,1,842173.0,-751048.5,6773.600000000002,141523.0,506472.5666666667,74073.86666666665,842173.0,148296.6,0.5957453937868522,5,4,2,1
1037546.4,286497.9,274420.8,29157.4,170680.4,134213.5,3,2,2,0,1,1,-751048.5,-12077.100000000035,141523.0,-36466.899999999994,532821.7000000001,111350.43333333333,763125.6000000001,141523.0,0.4890773983699546,5,19,0,0
286497.9,274420.8,1253.2,170680.4,134213.5,1799.9,2,2,0,1,1,0,-12077.100000000035,-273167.6,-36466.899999999994,-132413.6,187390.6333333333,102231.26666666668,285244.7,168880.5,1.4350980704831766,5,22,0,0
274420.8,1253.2,1603.8,134213.5,1799.9,647.6,2,0,0,1,0,0,-273167.6,350.5999999999999,-132413.6,-1152.3000000000002,92425.93333333333,45553.666666666664,273167.6,133565.9,0.4035393818544367,5,22,3,0
1253.2,1603.8,1253136.9,1799.9,647.6,29022.8,0,0,3,0,0,0,350.5999999999999,1251533.0999999999,-1152.3000000000002,28375.2,418664.6333333333,10490.1,1251883.7,28375.2,0.023160100735920605,3,0,3,1
1603.8,1253136.9,1453141.0,647.6,29022.8,67556.2,0,3,3,0,0,1,1251533.0999999999,200004.1000000001,28375.2,38533.399999999994,902627.2333333334,32408.866666666665,1451537.2,66908.59999999999,0.046489744292023766,3,0,2,0
1253136.9,1453141.0,496569.4,29022.8,67556.2,44102.9,3,3,2,0,1,0,200004.1000000001,-956571.6,38533.399999999994,-23453.299999999996,1067615.7666666666,46893.96666666667,956571.6,38533.399999999994,0.0888149998469502,3,0,0,0
1453141.0,496569.4,3692.7,67556.2,44102.9,537.7,3,2,0,1,0,0,-956571.6,-492876.7,-23453.299999999996,-43565.200000000004,651134.3666666666,37398.933333333334,1449448.3,67018.5,0.14557219048650408,1,22,2,1
496569.4,3692.7,237473.5,44102.9,537.7,78712.7,2,0,2,0,0,1,-492876.7,233780.8,-43565.200000000004,78175.0,245911.8666666667,41117.76666666666,492876.7,78175.0,0.3314574828034168,5,4,2,1
3692.7,237473.5,267080.9,537.7,78712.7,187053.1,0,2,2,0,1,1,233780.8,29607.400000000023,78175.0,108340.40000000001,169415.7,88767.83333333333,263388.2,186515.4,0.700358579147445,5,19,2,1
237473.5,267080.9,496745.5,78712.7,187053.1,98767.4,2,2,2,1,1,1,29607.400000000023,229664.59999999998,108340.40000000001,-88285.70000000001,333766.63333333336,121511.06666666665,259272.0,108340.40000000001,0.19882857755414482,3,0,0,0
267080.9,496745.5,37.8,187053.1,98767.4,395.7,2,2,0,1,1,0,229664.59999999998,-496707.7,-88285.70000000001,-98371.7,254621.40000000002,95405.40000000001,496707.7,186657.4,10.198453608247423,1,22,1,1
496745.5,37.8,159863.8,98767.4,395.7,53052.7,2,0,1,1,0,1,-496707.7,159826.0,-98371.7,52657.0,218882.36666666667,50738.6,496707.7,98371.7,0.33185979652806624,2,6,1,0
37.8,159863.8,55337.1,395.7,53052.7,31222.8,0,1,1,0,1,0,159826.0,-104526.69999999998,52657.0,-21829.899999999998,71746.23333333332,28223.733333333334,159826.0,52657.0,0.5642188654832746,2,6,1,0
159863.8,55337.1,63416.1,53052.7,31222.8,16194.8,1,1,1,1,0,0,-104526.69999999998,8079.0,-21829.899999999998,-15028.0,92872.33333333333,33490.1,104526.69999999998,36857.899999999994,0.25536960851253054,2,6,0,0
55337.1,63416.1,1857.6,31222.8,16194.8,2461.7,1,1,0,0,0,0,8079.0,-61558.5,-15028.0,-13733.099999999999,40203.6,16626.43333333333,61558.5,28761.1,1.3244915527816636,1,22,0,0
63416.1,1857.6,39464.1,16194.8,2461.7,48804.9,1,0,0,0,0,0,-61558.5,37606.5,-13733.099999999999,46343.200000000004,34912.6,22487.13333333333,61558.5,46343.200000000004,1.2366597322697777,5,19,1,1
1857.6,39464.1,81508.8,2461.7,48804.9,72377.3,0,0,1,0,0,1,37606.5,42044.700000000004,46343.200000000004,23572.4,40943.5,41214.63333333333,79651.2,69915.6,0.8879582577800461,2,6,3,1
39464.1,81508.8,958914.2,48804.9,72377.3,64320.0,0,1,3,0,1,1,42044.700000000004,877405.3999999999,23572.4,-8057.300000000003,359962.36666666664,61834.06666666667,919450.1,23572.4,0.06707579564908346,3,0,1,0
81508.8,958914.2,66515.3,72377.3,64320.0,26984.4,1,3,1,1,1,0,877405.3999999999,-892398.8999999999,-8057.300000000003,-37335.6,368979.43333333335,54560.56666666666,892398.8999999999,45392.9,0.40568101352600794,3,2,2,0
958914.2,66515.3,451305.2,64320.0,26984.4,37504.4,3,1,2,1,0,0,-892398.8999999999,384789.9,-37335.6,10520.0,492244.89999999997,42936.26666666666,892398.8999999999,37335.6,0.08310189401342148,3,0,1,1
66515.3,451305.2,153811.2,26984.4,37504.4,139468.8,1,2,1,0,0,1,384789.9,-297494.0,10520.0,101964.4,223877.2333333333,67985.86666666665,384789.9,112484.4,0.9067473191333326,5,4,0,1
451305.2,153811.2,40148.6,37504.4,139468.8,154082.8,2,1,0,0,1,1,-297494.0,-113662.6,101964.4,14614.0,215088.33333333334,110352.0,411156.60000000003,116578.4,3.837716938649451,5,19,2,1
153811.2,40148.6,212207.0,139468.8,154082.8,197709.5,1,0,2,1,1,1,-113662.6,172058.4,14614.0,43626.70000000001,135388.93333333335,163753.69999999998,172058.4,58240.70000000001,0.9316778820779612,5,19,1,0
40148.6,212207.0,192370.4,154082.8,197709.5,16343.5,0,2,1,1,1,0,172058.4,-19836.600000000006,43626.70000000001,-181366.0,148242.0,122711.93333333333,172058.4,181366.0,0.08495805509550797,5,19,2,1
212207.0,192370.4,296331.1,197709.5,16343.5,155852.3,2,1,2,1,0,1,-19836.600000000006,103960.69999999998,-181366.0,139508.8,233636.16666666666,123301.76666666666,103960.69999999998,181366.0,0.5259379594718223,5,4,0,0
192370.4,296331.1,972.8,16343.5,155852.3,538.7,1,2,0,0,1,0,103960.69999999998,-295358.3,139508.8,-155313.59999999998,163224.76666666666,57578.166666666664,295358.3,155313.59999999998,0.553193674265763,1,22,2,1
296331.1,972.8,587638.4,155852.3,538.7,89564.5,2,0,2,1,0,1,-295358.3,586665.6,-155313.59999999998,89025.8,294980.76666666666,81985.16666666667,586665.6,155313.59999999998,0.15241404847939058,3,0,0,0
972.8,587638.4,2468.9,538.7,89564.5,1887.9,0,2,0,0,1,0,586665.6,-585169.5,89025.8,-87676.6,197026.70000000004,30663.699999999997,586665.6,89025.8,0.7643629296732661,1,22,1,0
587638.4,2468.9,125962.0,89564.5,1887.9,25589.7,2,0,1,1,0,0,-585169.5,123493.1,-87676.6,23701.8,238689.7666666667,39014.03333333333,585169.5,87676.6,0.20315251303954338,5,4,2,0
2468.9,125962.0,528870.1,1887.9,25589.7,14516.8,0,1,2,0,0,0,123493.1,402908.1,23701.8,-11072.900000000001,219100.33333333334,13998.133333333333,526401.2,23701.8,0.02744865431293183,3,0,3,1
125962.0,528870.1,1062547.0,25589.7,14516.8,73895.9,1,2,3,0,0,1,402908.1,533676.9,-11072.900000000001,59379.09999999999,572459.7000000001,38000.799999999996,936585.0,59379.09999999999,0.06954594051280506,3,0,0,0
528870.1,1062547.0,866.5,14516.8,73895.9,2487.3,2,3,0,0,1,0,533676.9,-1061680.5,59379.09999999999,-71408.59999999999,530761.2000000001,30300.0,1061680.5,71408.59999999999,2.867204610951009,1,22,1,1
1062547.0,866.5,98250.9,73895.9,2487.3,57444.8,3,0,1,1,0,1,-1061680.5,97384.4,-71408.59999999999,54957.5,387221.4666666666,44609.333333333336,1061680.5,71408.59999999999,0.584668591650645,3,2,0,0
866.5,98250.9,1861.1,2487.3,57444.8,3110.8,0,1,0,0,1,0,97384.4,-96389.79999999999,54957.5,-54334.0,33659.5,21014.300000000003,97384.4,54957.5,1.67058697169862,1,22,1,1
98250.9,1861.1,153055.8,57444.8,3110.8,91428.4,1,0,1,1,0,1,-96389.79999999999,151194.69999999998,-54334.0,88317.59999999999,84389.26666666666,50661.333333333336,151194.69999999998,88317.59999999999,0.5973494807156559,5,4,2,1
1861.1,153055.8,345439.9,3110.8,91428.4,192146.2,0,1,2,0,1,1,151194.69999999998,192384.10000000003,88317.59999999999,100717.80000000002,166785.6,95561.8,343578.80000000005,189035.40000000002,0.5562346554794178,5,19,0,0
153055.8,345439.9,112.7,91428.4,192146.2,1833.0,1,2,0,1,1,0,192384.10000000003,-345327.2,100717.80000000002,-190313.2,166202.80000000002,95135.86666666665,345327.2,190313.2,16.12137203166227,1,22,2,1
345439.9,112.7,286494.1,192146.2,1833.0,75222.2,2,0,2,1,0,1,-345327.2,286381.39999999997,-190313.2,73389.2,210682.2333333333,89733.8,345327.2,190313.2,0.2625601624600211,5,19,3,0
112.7,286494.1,929806.4,1833.0,75222.2,43015.7,0,2,3,0,1,0,286381.39999999997,643312.3,73389.2,-32206.5,405471.06666666665,40023.63333333333,929693.7000000001,73389.2,0.04626302178279071,3,0,0,1
286494.1,929806.4,42783.4,75222.2,43015.7,94164.5,2,3,0,1,0,1,643312.3,-887023.0,-32206.5,51148.8,419694.6333333333,70800.8,887023.0,51148.8,2.2009073400585257,5,4,0,0
929806.4,42783.4,1865.1,43015.7,94164.5,1481.0,3,0,0,0,1,0,-887023.0,-40918.3,51148.8,-92683.5,324818.3,46220.4,927941.3,92683.5,0.7936337816837254,1,22,2,1
42783.4,1865.1,273456.8,94164.5,1481.0,60070.8,0,0,2,1,0,1,-40918.3,271591.7,-92683.5,58589.8,106035.09999999999,51905.43333333333,271591.7,92683.5,0.2196711887538041,3,2,1,0
1865.1,273456.8,84375.4,1481.0,60070.8,41484.9,0,2,1,0,1,0,271591.7,-189081.4,58589.8,-18585.9,119899.09999999998,34345.56666666667,271591.7,58589.8,0.491664730896317,5,19,3,1
273456.8,84375.4,879244.3,60070.8,41484.9,86396.2,2,1,3,1,0,1,-189081.4,794868.9,-18585.9,44911.299999999996,412358.8333333333,62650.63333333334,794868.9,44911.299999999996,0.09826177063442931,3,0,2,1
84375.4,879244.3,235399.0,41484.9,86396.2,80698.0,1,3,2,0,1,1,794868.9,-643845.3,44911.299999999996,-5698.199999999997,399672.9000000001,69526.36666666667,794868.9,44911.299999999996,0.3428122344944775,3,0,3,1
879244.3,235399.0,1025940.1,86396.2,80698.0,57130.9,3,2,3,1,1,1,-643845.3,790541.1,-5698.199999999997,-23567.1,713527.7999999999,74741.7,790541.1,29265.299999999996,0.055686335209691865,3,0,0,0
235399.0,1025940.1,1006.7,80698.0,57130.9,1895.9,2,3,0,1,1,0,790541.1,-1024933.4,-23567.1,-55235.0,420781.93333333335,46574.93333333333,1024933.4,78802.1,1.8814131189838246,1,22,2,1
1025940.1,1006.7,238671.9,57130.9,1895.9,59566.8,3,0,2,1,0,1,-1024933.4,237665.19999999998,-55235.0,57670.9,421872.89999999997,39531.200000000004,1024933.4,57670.9,0.2495750460148597,5,19,2,1
1006.7,238671.9,268573.3,1895.9,59566.8,137052.8,0,2,2,0,1,1,237665.19999999998,29901.399999999994,57670.9,77485.99999999999,169417.30000000002,66171.83333333333,267566.6,135156.9,0.510297522882867,5,19,1,1
238671.9,268573.3,163514.8,59566.8,137052.8,147416.6,2,2,1,1,1,1,29901.399999999994,-105058.5,77485.99999999999,10363.800000000017,223586.66666666666,114678.73333333332,105058.5,87849.8,0.9015434594088156,5,19,2,1
268573.3,163514.8,326559.2,137052.8,147416.6,181990.0,2,1,2,1,1,1,-105058.5,163044.40000000002,10363.800000000017,34573.399999999994,252882.43333333335,155486.46666666667,163044.40000000002,44937.20000000001,0.5572938772085514,5,19,1,0
163514.8,326559.2,70010.9,147416.6,181990.0,22095.0,1,2,1,1,1,0,163044.40000000002,-256548.30000000002,34573.399999999994,-159895.0,186694.96666666667,117167.2,256548.30000000002,159895.0,0.31558920697767096,2,6,3,0
326559.2,70010.9,1351390.8,181990.0,22095.0,16694.3,2,1,3,1,0,0,-256548.30000000002,1281379.9000000001,-159895.0,-5400.700000000001,582653.6333333333,73593.09999999999,1281379.9000000001,165295.7,0.012353412237664901,3,0,1,1
70010.9,1351390.8,196399.3,22095.0,16694.3,149201.7,1,3,1,0,0,1,1281379.9000000001,-1154991.5,-5400.700000000001,132507.40000000002,539267.0,62663.666666666664,1281379.9000000001,132507.40000000002,0.7596816298142112,5,19,2,1
1351390.8,196399.3,248288.9,16694.3,149201.7,176309.0,3,1,2,0,1,1,-1154991.5,51889.600000000006,132507.40000000002,27107.29999999999,598693.0,114068.33333333333,1154991.5,159614.7,0.710093322362287,5,19,0,0
196399.3,248288.9,1544.4,149201.7,176309.0,921.0,1,2,0,1,1,0,51889.600000000006,-246744.5,27107.29999999999,-175388.0,148744.19999999998,108810.56666666667,246744.5,175388.0,0.5959622104309563,1,22,1,1
248288.9,1544.4,125562.9,176309.0,921.0,147726.9,2,0,1,1,0,1,-246744.5,124018.5,-175388.0,146805.9,125132.06666666665,108318.96666666667,246744.5,175388.0,1.1765077382910216,5,4,1,1
1544.4,125562.9,117586.9,921.0,147726.9,52084.0,0,1,1,0,1,1,124018.5,-7976.0,146805.9,-95642.9,81564.73333333332,66910.63333333333,124018.5,146805.9,0.44293673073505013,2,6,2,1
125562.9,117586.9,259719.5,147726.9,52084.0,164562.8,1,1,2,1,1,1,-7976.0,142132.6,-95642.9,112478.79999999999,167623.1,121457.89999999998,142132.6,112478.79999999999,0.6336149822597754,5,4,1,0
117586.9,259719.5,58177.7,52084.0,164562.8,31220.9,1,2,1,1,1,0,142132.6,-201541.8,112478.79999999999,-133341.9,145161.36666666667,82622.56666666667,201541.8,133341.9,0.5366379791916973,5,19,2,1
259719.5,58177.7,264391.8,164562.8,31220.9,188384.0,2,1,2,1,0,1,-201541.8,206214.09999999998,-133341.9,157163.1,194096.33333333334,128055.89999999998,206214.09999999998,157163.1,0.7125156206976893,5,19,0,0
58177.7,264391.8,39251.3,31220.9,188384.0,30683.5,1,2,0,0,1,0,206214.09999999998,-225140.5,157163.1,-157700.5,120606.93333333333,83429.46666666666,225140.5,157700.5,0.7816994163399341,2,6,2,0
264391.8,39251.3,287139.2,188384.0,30683.5,48268.8,2,0,2,1,0,0,-225140.5,247887.90000000002,-157700.5,17585.300000000003,196927.43333333335,89112.09999999999,247887.90000000002,157700.5,0.16810185407685863,3,2,0,1
39251.3,287139.2,40422.0,30683.5,48268.8,114086.6,0,2,0,0,0,1,247887.90000000002,-246717.2,17585.300000000003,65817.8,122270.83333333333,64346.30000000001,247887.90000000002,83403.1,2.822318976820127,5,19,2,0
287139.2,40422.0,294357.9,48268.8,114086.6,28973.2,2,0,2,0,1,0,-246717.2,253935.90000000002,65817.8,-85113.40000000001,207306.3666666667,63776.20000000001,253935.90000000002,85113.40000000001,0.09842814333115119,3,2,3,1
40422.0,294357.9,1034988.1,114086.6,28973.2,80673.7,0,2,3,1,0,1,253935.90000000002,740630.2,-85113.40000000001,51700.5,456589.3333333333,74577.83333333333,994566.1,85113.40000000001,0.07794642474978722,3,0,3,0
294357.9,1034988.1,922345.6,28973.2,80673.7,26103.4,2,3,3,0,1,0,740630.2,-112642.5,51700.5,-54570.299999999996,750563.8666666667,45250.1,740630.2,54570.299999999996,0.02830107467192919,3,0,3,0
1034988.1,922345.6,830524.8,80673.7,26103.4,48757.3,3,3,3,1,0,0,-112642.5,-91820.79999999993,-54570.299999999996,22653.9,929286.1666666666,51844.80000000001,204463.29999999993,54570.299999999996,0.05870654469734715,3,0,2,1
922345.6,830524.8,331153.7,26103.4,48757.3,169885.1,3,3,2,0,0,1,-91820.79999999993,-499371.10000000003,22653.9,121127.8,694674.7,81581.93333333333,591191.8999999999,143781.7,0.5130082707568396,5,19,3,1
830524.8,331153.7,710887.6,48757.3,169885.1,62139.2,3,2,3,0,1,1,-499371.10000000003,379733.89999999997,121127.8,-107745.90000000001,624188.7000000001,93593.86666666668,499371.10000000003,121127.8,0.08741060132347037,3,0,2,1
331153.7,710887.6,239565.7,169885.1,62139.2,163239.0,2,3,2,1,1,1,379733.89999999997,-471321.89999999997,-107745.90000000001,101099.8,427202.3333333333,131754.43333333332,471321.89999999997,107745.90000000001,0.6813926977330321,5,19,1,0
710887.6,239565.7,181669.7,62139.2,163239.0,26093.5,3,2,1,1,1,0,-471321.89999999997,-57896.0,101099.8,-137145.5,377374.3333333333,83823.90000000001,529217.8999999999,137145.5,0.1436307560878006,2,6,0,0
239565.7,181669.7,27.3,163239.0,26093.5,199.4,2,1,0,1,0,0,-57896.0,-181642.40000000002,-137145.5,-25894.1,140420.9,63177.299999999996,239538.40000000002,163039.6,7.045936395759718,1,22,1,1
181669.7,27.3,146093.4,26093.5,199.4,66637.6,1,0,1,0,0,1,-181642.40000000002,146066.1,-25894.1,66438.20000000001,109263.46666666667,30976.833333333332,181642.40000000002,66438.20000000001,0.4561269973387071,2,6,3,0
27.3,146093.4,1071003.7,199.4,66637.6,40787.3,0,1,3,0,1,0,146066.1,924910.2999999999,66438.20000000001,-25850.300000000003,405708.1333333333,35874.76666666667,1070976.4,66438.20000000001,0.038083212893463496,3,0,1,1
146093.4,1071003.7,73297.5,66637.6,40787.3,125903.9,1,3,1,1,0,1,924910.2999999999,-997706.2,-25850.300000000003,85116.59999999999,430131.53333333327,77776.26666666666,997706.2,85116.59999999999,1.71768726508728,5,14,2,1
1071003.7,73297.5,261777.2,40787.3,125903.9,164927.5,3,1,2,0,1,1,-997706.2,188479.7,85116.59999999999,39023.600000000006,468692.8,110539.56666666667,997706.2,124140.2,0.6300276340810655,5,19,0,1
73297.5,261777.2,20507.1,125903.9,164927.5,69503.7,1,2,0,1,1,1,188479.7,-241270.1,39023.600000000006,-95423.8,118527.26666666666,120111.70000000001,241270.1,95423.8,3.389085288251959,2,6,1,1
261777.2,20507.1,180876.5,164927.5,69503.7,87484.5,2,0,1,1,1,1,-241270.1,160369.4,-95423.8,17980.800000000003,154386.93333333332,107305.23333333334,241270.1,95423.8,0.48366712277646473,5,19,1,1
20507.1,180876.5,135257.6,69503.7,87484.5,128792.6,0,1,1,1,1,1,160369.4,-45618.899999999994,17980.800000000003,41308.100000000006,112213.73333333334,95260.26666666668,160369.4,59288.90000000001,0.9521952763077541,5,14,0,0
180876.5,135257.6,110.9,87484.5,128792.6,69.5,1,1,0,1,1,0,-45618.899999999994,-135146.7,41308.100000000006,-128723.1,105415.0,72115.53333333334,180765.6,128723.1,0.6210902591599642,1,22,2,1
135257.6,110.9,297288.0,128792.6,69.5,155177.1,1,0,2,1,0,1,-135146.7,297177.1,-128723.1,155107.6,144218.83333333334,94679.73333333334,297177.1,155107.6,0.5219739041807804,5,4,3,0
110.9,297288.0,815374.4,69.5,155177.1,31888.8,0,2,3,0,1,0,297177.1,518086.4,155107.6,-123288.3,370924.43333333335,62378.46666666667,815263.5,155107.6,0.03910934766979725,3,0,1,1
297288.0,815374.4,62552.2,155177.1,31888.8,68787.7,2,3,1,1,0,1,518086.4,-752822.2000000001,-123288.3,36898.899999999994,391738.19999999995,85284.53333333333,752822.2000000001,123288.3,1.0996671633105901,2,6,2,1
815374.4,62552.2,239806.0,31888.8,68787.7,76465.3,3,1,2,0,1,1,-752822.2000000001,177253.8,36898.899999999994,7677.600000000006,372577.5333333334,59047.26666666666,752822.2000000001,44576.5,0.31886183472542506,3,0,2,1
62552.2,239806.0,245420.1,68787.7,76465.3,172214.8,1,2,2,1,1,1,177253.8,5614.100000000006,7677.600000000006,95749.49999999999,182592.7666666667,105822.59999999999,182867.90000000002,103427.09999999999,0.7017114665364957,5,4,1,0
239806.0,245420.1,139972.1,76465.3,172214.8,14768.2,2,2,1,1,1,0,5614.100000000006,-105448.0,95749.49999999999,-157446.59999999998,208399.4,87816.09999999999,105448.0,157446.59999999998,0.10550741535337861,2,6,2,1
245420.1,139972.1,249665.3,172214.8,14768.2,68850.1,2,1,2,1,0,1,-105448.0,109693.19999999998,-157446.59999999998,54081.90000000001,211685.83333333334,85277.7,109693.19999999998,157446.59999999998,0.2757684957881781,5,19,1,1
139972.1,249665.3,91985.0,14768.2,68850.1,153450.8,1,2,1,0,1,1,109693.19999999998,-157680.3,54081.90000000001,84600.69999999998,160540.80000000002,79023.03333333333,157680.3,138682.59999999998,1.6681973343769703,5,19,0,1
249665.3,91985.0,7694.1,68850.1,153450.8,58624.7,2,1,0,1,1,1,-157680.3,-84290.9,84600.69999999998,-94826.09999999999,116448.13333333332,93641.86666666665,241971.19999999998,94826.09999999999,7.618445504281945,2,6,2,1
91985.0,7694.1,209929.0,153450.8,58624.7,197869.6,1,0,2,1,1,1,-84290.9,202234.9,-94826.09999999999,139244.90000000002,103202.7,136648.36666666667,202234.9,139244.90000000002,0.9425503739341685,5,4,2,1
7694.1,209929.0,333631.4,58624.7,197869.6,94015.5,0,2,2,1,1,1,202234.9,123702.40000000002,139244.90000000002,-103854.1,183751.5,116836.59999999999,325937.30000000005,139244.90000000002,0.28179367471504563,5,19,2,0
209929.0,333631.4,279275.9,197869.6,94015.5,12203.6,2,2,2,1,1,0,123702.40000000002,-54355.5,-103854.1,-81811.9,274278.76666666666,101362.89999999998,123702.40000000002,185666.0,0.043697133561708824,3,2,0,0
333631.4,279275.9,204.2,94015.5,12203.6,70.4,2,2,0,1,0,0,-54355.5,-279071.7,-81811.9,-12133.2,204370.5,35429.833333333336,333427.2,93945.1,0.3430799220272905,1,22,0,0
279275.9,204.2,660.6,12203.6,70.4,486.9,2,0,0,0,0,0,-279071.7,456.40000000000003,-12133.2,416.5,93380.23333333334,4253.633333333333,279071.7,12133.2,0.7359431680773881,1,22,0,0
204.2,660.6,638.2,70.4,486.9,341.1,0,0,0,0,0,0,456.40000000000003,-22.399999999999977,416.5,-145.79999999999995,501.0,299.46666666666664,456.40000000000003,416.5,0.5336357947434293,1,22,1,1
660.6,638.2,99482.3,486.9,341.1,105395.8,0,0,1,0,0,1,-22.399999999999977,98844.1,-145.79999999999995,105054.7,33593.700000000004,35407.933333333334,98844.1,105054.7,1.059432085586224,5,19,2,1
638.2,99482.3,287275.5,341.1,105395.8,135767.4,0,1,2,0,1,1,98844.1,187793.2,105054.7,30371.59999999999,129132.0,80501.43333333333,286637.3,135426.3,0.4726018313367087,5,4,3,1
99482.3,287275.5,1053102.5,105395.8,135767.4,80555.9,1,2,3,1,1,1,187793.2,765827.0,30371.59999999999,-55211.5,479953.43333333335,107239.7,953620.2,55211.5,0.07649381091222278,3,0,2,1
287275.5,1053102.5,237764.6,135767.4,80555.9,175005.7,2,3,2,1,1,1,765827.0,-815337.9,-55211.5,94449.80000000002,526047.5333333333,130443.0,815337.9,94449.80000000002,0.7360429767804931,5,4,1,1
1053102.5,237764.6,97060.5,80555.9,175005.7,135841.2,3,2,1,1,1,1,-815337.9,-140704.1,94449.80000000002,-39164.5,462642.5333333334,130467.60000000002,956042.0,94449.80000000002,1.3995374066957549,5,4,2,0
237764.6,97060.5,224000.6,175005.7,135841.2,12850.5,2,1,2,1,1,0,-140704.1,126940.1,-39164.5,-122990.70000000001,186275.2333333333,107899.13333333335,140704.1,162155.2,0.05736789380075857,3,0,3,1
97060.5,224000.6,1019748.7,135841.2,12850.5,53426.1,1,2,3,1,0,1,126940.1,795748.1,-122990.70000000001,40575.6,446936.5999999999,67372.6,922688.2,122990.70000000001,0.05239138584693871,3,0,2,1
224000.6,1019748.7,209084.0,12850.5,53426.1,120936.7,2,3,2,0,1,1,795748.1,-810664.7,40575.6,67510.6,484277.76666666666,62404.43333333333,810664.7,108086.2,0.5784092593921133,5,19,2,1
1019748.7,209084.0,265968.6,53426.1,120936.7,161953.6,3,2,2,1,1,1,-810664.7,56884.59999999998,67510.6,41016.90000000001,498267.0999999999,112105.46666666667,810664.7,108527.5,0.608917710896283,5,19,1,1
209084.0,265968.6,179783.2,120936.7,161953.6,134250.4,2,2,1,1,1,1,56884.59999999998,-86185.39999999997,41016.90000000001,-27703.20000000001,218278.6,139046.9,86185.39999999997,41016.90000000001,0.7467308028180452,5,19,3,0
265968.6,179783.2,878563.5,161953.6,134250.4,14446.9,2,1,3,1,1,0,-86185.39999999997,698780.3,-27703.20000000001,-119803.5,441438.43333333335,103550.3,698780.3,147506.7,0.01644375569465873,3,0,2,1
179783.2,878563.5,319930.6,134250.4,14446.9,162116.6,1,3,2,1,0,1,698780.3,-558632.9,-119803.5,147669.7,459425.7666666666,103604.63333333335,698780.3,147669.7,0.5067226869743409,5,19,2,0
878563.5,319930.6,288246.4,14446.9,162116.6,18653.1,3,2,2,0,1,0,-558632.9,-31684.199999999953,147669.7,-143463.5,495580.1666666667,65072.200000000004,590317.1,147669.7,0.06471211882570319,5,19,1,1
319930.6,288246.4,170196.7,162116.6,18653.1,165256.3,2,2,1,1,0,1,-31684.199999999953,-118049.70000000001,-143463.5,146603.19999999998,259457.9,115342.0,149733.89999999997,146603.19999999998,0.970966705190493,5,4,3,1
288246.4,170196.7,802406.6,18653.1,165256.3,60548.5,2,1,3,0,1,1,-118049.70000000001,632209.8999999999,146603.19999999998,-104707.79999999999,420283.23333333334,81485.96666666666,632209.8999999999,146603.19999999998,0.0754585325463019,3,0,2,0
170196.7,802406.6,238070.0,165256.3,60548.5,11679.0,1,3,2,1,1,0,632209.8999999999,-564336.6,-104707.79999999999,-48869.5,403557.76666666666,79161.26666666666,632209.8999999999,153577.3,0.04905679398162733,2,6,2,1
802406.6,238070.0,289875.9,60548.5,11679.0,72013.0,3,2,2,1,0,1,-564336.6,51805.90000000002,-48869.5,60334.0,443450.8333333333,48080.166666666664,564336.6,60334.0,0.2484261422693564,2,6,2,0
238070.0,289875.9,217703.9,11679.0,72013.0,48288.4,2,2,2,0,1,0,51805.90000000002,-72172.00000000003,60334.0,-23724.6,248549.93333333335,43993.46666666667,72172.00000000003,60334.0,0.22180667499904688,5,19,2,0
289875.9,217703.9,244143.6,72013.0,48288.4,37763.4,2,2,2,1,0,0,-72172.00000000003,26439.70000000001,-23724.6,-10525.0,250574.46666666667,52688.26666666666,72172.00000000003,34249.6,0.15467636802124643,5,4,1,0
217703.9,244143.6,88055.9,48288.4,37763.4,44823.9,2,2,1,0,0,0,26439.70000000001,-156087.7,-10525.0,7060.5,183301.13333333333,43625.23333333334,156087.7,10525.0,0.509033363654637,5,19,2,0
244143.6,88055.9,258406.0,37763.4,44823.9,21476.0,2,1,2,0,0,0,-156087.7,170350.1,7060.5,-23347.9,196868.5,34687.76666666667,170350.1,23347.9,0.08310920369804224,5,4,0,0
88055.9,258406.0,521.0,44823.9,21476.0,309.9,1,2,0,0,0,0,170350.1,-257885.0,-23347.9,-21166.1,115660.96666666667,22203.266666666663,257885.0,44514.0,0.5936781609195402,1,22,1,1
258406.0,521.0,138454.4,21476.0,309.9,189867.3,2,0,1,0,0,1,-257885.0,137933.4,-21166.1,189557.4,132460.46666666667,70551.06666666667,257885.0,189557.4,1.3713246287252068,5,4,1,1
521.0,138454.4,119198.0,309.9,189867.3,190049.7,0,1,1,0,1,1,137933.4,-19256.399999999994,189557.4,182.40000000002328,86057.8,126742.3,137933.4,189739.80000000002,1.5943900536078324,5,19,3,1
138454.4,119198.0,1185062.6,189867.3,190049.7,67620.0,1,1,3,1,1,1,-19256.399999999994,1065864.6,182.40000000002328,-122429.70000000001,480905.0,149179.0,1065864.6,122429.70000000001,0.05706022866620829,3,0,3,1
119198.0,1185062.6,886753.6,190049.7,67620.0,71034.6,1,3,3,1,1,1,1065864.6,-298309.0000000001,-122429.70000000001,3414.600000000006,730338.0666666668,109568.10000000002,1065864.6,122429.70000000001,0.08010626615300333,3,0,3,0
1185062.6,886753.6,1479728.3,67620.0,71034.6,38451.1,3,3,3,1,1,0,-298309.0000000001,592974.7000000001,3414.600000000006,-32583.500000000007,1183848.1666666667,59035.23333333334,592974.7000000001,32583.500000000007,0.025985225811234525,3,0,2,0
886753.6,1479728.3,354267.3,71034.6,38451.1,14405.9,3,3,2,1,0,0,592974.7000000001,-1125461.0,-32583.500000000007,-24045.199999999997,906916.3999999999,41297.200000000004,1125461.0,56628.700000000004,0.04066381327372503,3,0,0,0
1479728.3,354267.3,1208.4,38451.1,14405.9,981.0,3,2,0,0,0,0,-1125461.0,-353058.89999999997,-24045.199999999997,-13424.9,611734.6666666666,17946.0,1478519.9000000001,37470.1,0.8111460228212336,1,22,3,1
354267.3,1208.4,1257310.3,14405.9,981.0,95955.2,2,0,3,0,0,1,-353058.89999999997,1256101.9000000001,-13424.9,94974.2,537595.3333333334,37114.03333333333,1256101.9000000001,94974.2,0.07631777428549318,3,0,1,1
1208.4,1257310.3,80491.2,981.0,95955.2,81427.1,0,3,1,0,1,1,1256101.9000000001,-1176819.1,94974.2,-14528.099999999991,446336.6333333333,59454.43333333333,1256101.9000000001,94974.2,1.0116147900044974,5,4,2,0
1257310.3,80491.2,225363.2,95955.2,81427.1,28756.5,3,1,2,1,1,0,-1176819.1,144872.0,-14528.099999999991,-52670.600000000006,521054.89999999997,68712.93333333333,1176819.1,67198.7,0.12760012459831685,5,19,1,1
80491.2,225363.2,145988.2,81427.1,28756.5,182177.1,1,2,1,1,0,1,144872.0,-79375.0,-52670.600000000006,153420.6,150614.2,97453.56666666667,144872.0,153420.6,1.2478806651450929,5,19,1,0
225363.2,145988.2,170718.4,28756.5,182177.1,29147.0,2,1,1,0,1,0,-79375.0,24730.199999999983,153420.6,-153030.1,180689.93333333335,80026.86666666667,79375.0,153420.6,0.17073045008358745,3,0,3,1
145988.2,170718.4,1057047.3,182177.1,29147.0,55910.9,1,1,3,1,0,1,24730.199999999983,886328.9,-153030.1,26763.9,457917.9666666666,89078.33333333333,911059.1000000001,153030.1,0.05289342029120145,3,0,2,1
170718.4,1057047.3,261782.7,29147.0,55910.9,199141.5,1,3,2,0,1,1,886328.9,-795264.6000000001,26763.9,143230.6,496516.1333333333,94733.13333333335,886328.9,169994.5,0.7607100824077282,5,19,1,0
1057047.3,261782.7,61825.1,55910.9,199141.5,31027.1,3,2,1,1,1,0,-795264.6000000001,-199957.6,143230.6,-168114.4,460218.3666666667,95359.83333333333,995222.2000000001,168114.4,0.5018446901874775,2,6,2,1
261782.7,61825.1,249742.3,199141.5,31027.1,126914.8,2,1,2,1,0,1,-199957.6,187917.19999999998,-168114.4,95887.70000000001,191116.69999999998,119027.8,199957.6,168114.4,0.5081810002510578,5,4,2,1
61825.1,249742.3,272562.5,31027.1,126914.8,99282.7,1,2,2,0,1,1,187917.19999999998,22820.20000000001,95887.70000000001,-27632.100000000006,194709.96666666665,85741.53333333333,210737.4,95887.70000000001,0.36425530197550293,3,0,1,1
249742.3,272562.5,87569.3,126914.8,99282.7,62342.7,2,2,1,1,1,1,22820.20000000001,-184993.2,-27632.100000000006,-36940.0,203291.36666666667,96180.06666666667,184993.2,64572.100000000006,0.7119160263239933,3,0,1,0
272562.5,87569.3,61125.0,99282.7,62342.7,35348.2,2,1,1,1,1,0,-184993.2,-26444.300000000003,-36940.0,-26994.5,140418.93333333332,65657.86666666665,211437.5,63934.5,0.5782841998494912,5,19,0,1
87569.3,61125.0,38468.6,62342.7,35348.2,133432.8,1,1,0,1,0,1,-26444.300000000003,-22656.4,-26994.5,98084.59999999999,62387.63333333333,77041.23333333332,49100.700000000004,98084.59999999999,3.46852579699295,5,4,2,0
61125.0,38468.6,533600.2,35348.2,133432.8,30959.0,1,0,2,0,1,0,-22656.4,495131.6,98084.59999999999,-102473.79999999999,211064.59999999998,66580.0,495131.6,102473.79999999999,0.058018984964801436,3,0,1,0
38468.6,533600.2,83214.3,133432.8,30959.0,5739.7,0,2,1,1,0,0,495131.6,-450385.89999999997,-102473.79999999999,-25219.3,218427.69999999998,56710.5,495131.6,127693.09999999999,0.06897409490802772,3,2,3,0
533600.2,83214.3,1454721.6,30959.0,5739.7,40970.1,2,1,3,0,0,0,-450385.89999999997,1371507.3,-25219.3,35230.4,690512.0333333333,25889.599999999995,1371507.3,35230.4,0.028163513786064777,3,0,2,0
83214.3,1454721.6,325459.8,5739.7,40970.1,47510.3,1,3,2,0,0,0,1371507.3,-1129261.8,35230.4,6540.200000000004,621131.9,31406.7,1371507.3,41770.600000000006,0.1459785633169955,5,19,1,1
1454721.6,325459.8,95432.1,40970.1,47510.3,66064.8,3,2,1,0,0,1,-1129261.8,-230027.69999999998,6540.200000000004,18554.5,625204.5000000001,51515.06666666667,1359289.5,25094.700000000004,0.6922629569824306,2,6,3,1
325459.8,95432.1,816992.2,47510.3,66064.8,71543.3,2,1,3,0,1,1,-230027.69999999998,721560.1,18554.5,5478.5,412628.0333333334,61706.13333333334,721560.1,24033.0,0.0875690275023097,3,0,1,0
95432.1,816992.2,174431.8,66064.8,71543.3,50560.0,1,3,1,1,1,0,721560.1,-642560.3999999999,5478.5,-20983.300000000003,362285.36666666664,62722.700000000004,721560.1,20983.300000000003,0.2898537431033613,3,2,0,0
816992.2,174431.8,1019.6,71543.3,50560.0,3796.7,3,1,0,1,0,0,-642560.3999999999,-173412.19999999998,-20983.300000000003,-46763.3,330814.5333333333,41966.666666666664,815972.6,67746.6,3.7200666274740346,1,22,2,1
174431.8,1019.6,550500.7,50560.0,3796.7,75423.2,1,0,2,0,0,1,-173412.19999999998,549481.1,-46763.3,71626.5,241984.03333333333,43259.96666666667,549481.1,71626.5,0.13700811459801124,3,0,0,0
1019.6,550500.7,545.7,3796.7,75423.2,487.9,0,2,0,0,1,0,549481.1,-549955.0,71626.5,-74935.3,184021.99999999997,26569.266666666663,549955.0,74935.3,0.8924455825864276,1,22,1,0
550500.7,545.7,153521.3,75423.2,487.9,14567.9,2,0,1,1,0,0,-549955.0,152975.59999999998,-74935.3,14080.0,234855.9,30159.66666666666,549955.0,74935.3,0.09489110051113096,3,2,1,0
545.7,153521.3,189476.6,487.9,14567.9,43765.9,0,1,1,0,0,0,152975.59999999998,35955.30000000002,14080.0,29198.0,114514.53333333333,19607.233333333334,188930.9,43278.0,0.23098192081808086,5,19,1,1
153521.3,189476.6,145004.2,14567.9,43765.9,151053.1,1,1,1,0,0,1,35955.30000000002,-44472.399999999994,29198.0,107287.20000000001,162667.36666666667,69795.63333333335,44472.399999999994,136485.2,1.0417081594315238,5,19,2,1
189476.6,145004.2,259388.4,43765.9,151053.1,195282.5,1,1,2,0,1,1,-44472.399999999994,114384.19999999998,107287.20000000001,44229.399999999994,197956.40000000002,130033.83333333333,114384.19999999998,151516.6,0.7528545885067007,5,19,1,0
145004.2,259388.4,78487.9,151053.1,195282.5,49478.8,1,2,1,1,1,0,114384.19999999998,-180900.5,44229.399999999994,-145803.7,160960.16666666666,131938.13333333333,180900.5,145803.7,0.6303923229908943,2,6,1,1
259388.4,78487.9,59015.8,195282.5,49478.8,78927.2,2,1,1,1,0,1,-180900.5,-19472.09999999999,-145803.7,29448.399999999994,132297.36666666667,107896.16666666667,200372.59999999998,145803.7,1.33736834257364,2,6,0,0
78487.9,59015.8,2526.1,49478.8,78927.2,1415.3,1,1,0,0,1,0,-19472.09999999999,-56489.700000000004,29448.399999999994,-77511.9,46676.600000000006,43273.76666666667,75961.79999999999,77511.9,0.5600490681017768,1,22,3,1
59015.8,2526.1,1415431.7,78927.2,1415.3,88731.8,1,0,3,1,0,1,-56489.700000000004,1412905.5999999999,-77511.9,87316.5,492324.53333333327,56358.1,1412905.5999999999,87316.5,0.06268881593593253,3,0,0,0
2526.1,1415431.7,1546.8,1415.3,88731.8,4296.7,0,3,0,0,1,0,1412905.5999999999,-1413884.9,87316.5,-84435.1,473168.2,31481.266666666666,1413884.9,87316.5,2.7760046517637935,1,22,0,0
1415431.7,1546.8,1685.4,88731.8,4296.7,1006.9,3,0,0,1,0,0,-1413884.9,138.60000000000014,-84435.1,-3289.7999999999997,472887.9666666666,31345.13333333333,1413884.9,87724.90000000001,0.5970706831119544,1,22,0,1
1546.8,1685.4,46226.7,4296.7,1006.9,150041.3,0,0,0,0,0,1,138.60000000000014,44541.299999999996,-3289.7999999999997,149034.4,16486.3,51781.63333333333,44679.899999999994,149034.4,3.245701170510322,5,19,0,0
1685.4,46226.7,372.0,1006.9,150041.3,133.2,0,0,0,0,1,0,44541.299999999996,-45854.7,149034.4,-149908.09999999998,16094.699999999999,50393.799999999996,45854.7,149908.09999999998,0.35710455764075066,1,22,1,0
46226.7,372.0,168477.1,150041.3,133.2,40442.3,0,0,1,1,0,0,-45854.7,168105.1,-149908.09999999998,40309.100000000006,71691.93333333333,63538.93333333333,168105.1,149908.09999999998,0.2400448485589522,2,6,0,0
372.0,168477.1,4818.4,133.2,40442.3,1811.1,0,1,0,0,0,0,168105.1,-163658.7,40309.100000000006,-38631.200000000004,57889.166666666664,14128.866666666667,168105.1,40309.100000000006,0.37579366726148483,1,22,3,0
168477.1,4818.4,1109656.2,40442.3,1811.1,50567.3,1,0,3,0,0,0,-163658.7,1104837.8,-38631.200000000004,48756.200000000004,427650.56666666665,30940.233333333337,1104837.8,48756.200000000004,0.045570199517472605,3,0,3,1
4818.4,1109656.2,1497033.9,1811.1,50567.3,89367.7,0,3,3,0,0,1,1104837.8,387377.69999999995,48756.200000000004,38800.399999999994,870502.8333333334,47248.700000000004,1492215.5,87556.59999999999,0.05969647067012265,3,0,1,0
1109656.2,1497033.9,124614.1,50567.3,89367.7,50070.4,3,3,1,0,1,0,387377.69999999995,-1372419.7999999998,38800.399999999994,-39297.299999999996,910434.7333333333,63335.13333333333,1372419.7999999998,39297.299999999996,0.4018004238651656,2,6,0,0
1497033.9,124614.1,2263.2,89367.7,50070.4,2171.1,3,1,0,1,0,0,-1372419.7999999998,-122350.90000000001,-39297.299999999996,-47899.3,541303.7333333333,47203.06666666667,1494770.7,87196.59999999999,0.9588817242293084,5,22,2,0
124614.1,2263.2,226152.0,50070.4,2171.1,21049.6,1,0,2,0,0,0,-122350.90000000001,223888.8,-47899.3,18878.5,117676.43333333333,24430.36666666667,223888.8,47899.3,0.09307681083160514,2,6,2,1
2263.2,226152.0,285506.2,2171.1,21049.6,66222.3,0,2,2,0,0,1,223888.8,59354.20000000001,18878.5,45172.700000000004,171307.13333333333,29814.333333333332,283243.0,64051.200000000004,0.23194616458008765,2,6,0,0
226152.0,285506.2,2734.9,21049.6,66222.3,2514.9,2,2,0,0,1,0,59354.20000000001,-282771.3,45172.700000000004,-63707.4,171464.36666666667,29928.93333333333,282771.3,63707.4,0.9192221937936328,1,22,2,1
285506.2,2734.9,290101.3,66222.3,2514.9,139786.6,2,0,2,1,0,1,-282771.3,287366.39999999997,-63707.4,137271.7,192780.80000000002,69507.93333333333,287366.39999999997,137271.7,0.4818527808983245,5,4,0,0
2734.9,290101.3,2712.9,2514.9,139786.6,1055.3,0,2,0,0,1,0,287366.39999999997,-287388.39999999997,137271.7,-138731.30000000002,98516.36666666668,47785.6,287388.39999999997,138731.30000000002,0.38884999447289875,1,22,2,1
290101.3,2712.9,297004.9,139786.6,1055.3,110031.6,2,0,2,1,0,1,-287388.39999999997,294292.0,-138731.30000000002,108976.3,196606.3666666667,83624.5,294292.0,138731.30000000002,0.3704694081834738,5,19,0,0
2712.9,297004.9,1748.6,1055.3,110031.6,1199.4,0,2,0,0,1,0,294292.0,-295256.30000000005,108976.3,-108832.20000000001,100488.8,37428.76666666667,295256.30000000005,108976.3,0.6855281207133059,1,22,2,1
297004.9,1748.6,214188.6,110031.6,1199.4,91834.3,2,0,2,1,0,1,-295256.30000000005,212440.0,-108832.20000000001,90634.90000000001,170980.69999999998,67688.43333333333,295256.30000000005,108832.20000000001,0.4287523763992276,3,0,1,1
1748.6,214188.6,197909.5,1199.4,91834.3,156786.6,0,2,1,0,1,1,212440.0,-16279.100000000006,90634.90000000001,64952.3,137948.9,83273.43333333333,212440.0,155587.2,0.7922096098994242,5,19,1,1
214188.6,197909.5,118728.7,91834.3,156786.6,69305.8,2,1,1,1,1,1,-16279.100000000006,-79180.8,64952.3,-87480.8,176942.26666666663,105975.56666666667,95459.90000000001,87480.8,0.5837275761667048,5,19,2,1
197909.5,118728.7,263548.5,156786.6,69305.8,120235.8,1,1,2,1,1,1,-79180.8,144819.8,-87480.8,50930.0,193395.56666666665,115442.73333333334,144819.8,87480.8,0.4562171432691013,5,19,1,1
118728.7,263548.5,120590.5,69305.8,120235.8,187625.6,1,2,1,1,1,1,144819.8,-142958.0,50930.0,67389.8,167622.56666666668,125722.40000000001,144819.8,118319.8,1.5558774872192485,5,19,2,0
263548.5,120590.5,251203.7,120235.8,187625.6,21554.4,2,1,2,1,1,0,-142958.0,130613.20000000001,67389.8,-166071.2,211780.9,109805.26666666668,142958.0,166071.2,0.08580412707246321,5,4,3,1
120590.5,251203.7,945735.6,187625.6,21554.4,51385.3,1,2,3,1,0,1,130613.20000000001,694531.8999999999,-166071.2,29830.9,439176.60000000003,86855.09999999999,825145.1,166071.2,0.05433362735459324,3,0,3,0
251203.7,945735.6,942518.9,21554.4,51385.3,36212.4,2,3,3,0,1,0,694531.8999999999,-3216.6999999999534,29830.9,-15172.900000000001,713152.7333333334,36384.03333333333,694531.8999999999,29830.9,0.03842083334261696,3,0,1,1
945735.6,942518.9,57473.9,51385.3,36212.4,89568.6,3,3,1,1,0,1,-3216.6999999999534,-885045.0,-15172.900000000001,53356.200000000004,648576.1333333333,59055.43333333334,888261.7,53356.200000000004,1.558395055928762,3,0,1,0
942518.9,57473.9,136995.7,36212.4,89568.6,33747.5,3,1,1,0,1,0,-885045.0,79521.80000000002,53356.200000000004,-55821.100000000006,378996.1666666667,53176.166666666664,885045.0,55821.100000000006,0.24633805047858814,5,19,1,1
57473.9,136995.7,172878.5,89568.6,33747.5,53860.3,1,1,1,1,0,1,79521.80000000002,35882.79999999999,-55821.100000000006,20112.800000000003,122449.36666666665,59058.80000000001,115404.6,55821.100000000006,0.31154821711076214,3,0,1,1
136995.7,172878.5,60868.1,33747.5,53860.3,105171.2,1,1,1,0,1,1,35882.79999999999,-112010.4,20112.800000000003,51310.899999999994,123580.76666666666,64259.666666666664,112010.4,71423.7,1.7278257769541525,5,19,2,1
172878.5,60868.1,236689.0,53860.3,105171.2,56827.6,1,1,2,1,1,1,-112010.4,175820.9,51310.899999999994,-48343.6,156811.86666666667,71953.03333333334,175820.9,51310.899999999994,0.2400929485825341,5,19,2,0
60868.1,236689.0,483963.2,105171.2,56827.6,45692.4,1,2,2,1,1,0,175820.9,247274.2,-48343.6,-11135.199999999997,260506.7666666667,69230.4,423095.10000000003,59478.799999999996,0.09441276854775622,3,0,2,0
236689.0,483963.2,287809.5,56827.6,45692.4,35108.6,2,2,2,1,0,0,247274.2,-196153.7,-11135.199999999997,-10583.800000000003,336153.89999999997,45876.200000000004,247274.2,21719.0,0.12198512562953749,5,19,3,0
483963.2,287809.5,1267068.3,45692.4,35108.6,20374.3,2,2,3,0,0,0,-196153.7,979258.8,-10583.800000000003,-14734.3,679613.6666666666,33725.1,979258.8,25318.100000000002,0.016079862403737506,3,0,3,0
287809.5,1267068.3,679242.2,35108.6,20374.3,39127.5,2,3,3,0,0,0,979258.8,-587826.1000000001,-14734.3,18753.2,744706.6666666666,31536.8,979258.8,18753.2,0.05760455165395841,3,0,0,0
1267068.3,679242.2,1152.6,20374.3,39127.5,920.4,3,3,0,0,0,0,-587826.1000000001,-678089.6,18753.2,-38207.1,649154.3666666667,20140.733333333334,1265915.7,38207.1,0.7978502080443829,1,22,1,1
679242.2,1152.6,150200.2,39127.5,920.4,152625.9,3,0,1,0,0,1,-678089.6,149047.6,-38207.1,151705.5,276865.0,64224.6,678089.6,151705.5,1.0161430135045524,5,19,0,0
1152.6,150200.2,564.9,920.4,152625.9,677.1,0,1,0,0,1,0,149047.6,-149635.30000000002,151705.5,-151948.8,50639.23333333334,51407.799999999996,149635.30000000002,151948.8,1.1965011486128292,5,22,3,0
150200.2,564.9,1014602.2,152625.9,677.1,30251.0,1,0,3,1,0,0,-149635.30000000002,1014037.2999999999,-151948.8,29573.9,388455.76666666666,61184.666666666664,1014037.2999999999,151948.8,0.02981559687570471,3,0,3,1
564.9,1014602.2,847679.3,677.1,30251.0,80982.9,0,3,3,0,0,1,1014037.2999999999,-166922.8999999999,29573.9,50731.899999999994,620948.7999999999,37303.666666666664,1014037.2999999999,80305.79999999999,0.09553471987021521,3,0,1,1
1014602.2,847679.3,100841.9,30251.0,80982.9,61622.6,3,3,1,0,1,1,-166922.8999999999,-746837.4,50731.899999999994,-19360.299999999996,654374.4666666667,57618.833333333336,913760.2999999999,50731.899999999994,0.6110752467451849,2,6,0,0
847679.3,100841.9,2608.9,80982.9,61622.6,3709.5,3,1,0,1,1,0,-746837.4,-98233.0,-19360.299999999996,-57913.1,317043.3666666667,48771.666666666664,845070.4,77273.4,1.4213188244760335,1,22,1,0
100841.9,2608.9,128877.6,61622.6,3709.5,13230.0,1,0,1,1,0,0,-98233.0,126268.70000000001,-57913.1,9520.5,77442.8,26187.36666666667,126268.70000000001,57913.1,0.1026547464047561,3,2,0,0
2608.9,128877.6,26980.2,3709.5,13230.0,43775.3,0,1,0,0,0,0,126268.70000000001,-101897.40000000001,9520.5,30545.300000000003,52822.23333333334,20238.266666666666,126268.70000000001,40065.8,1.622437104354143,5,19,3,0
128877.6,26980.2,1162708.2,13230.0,43775.3,27468.0,1,0,3,0,0,0,-101897.40000000001,1135728.0,30545.300000000003,-16307.300000000003,439522.0,28157.766666666666,1135728.0,30545.300000000003,0.02362413576842774,3,0,1,1
26980.2,1162708.2,115799.5,43775.3,27468.0,195641.1,0,3,1,0,0,1,1135728.0,-1046908.7,-16307.300000000003,168173.1,435162.6333333333,88961.46666666667,1135728.0,168173.1,1.6894667985025973,5,4,1,0
1162708.2,115799.5,133126.9,27468.0,195641.1,24578.4,3,1,1,0,1,0,-1046908.7,17327.399999999994,168173.1,-171062.7,470544.86666666664,82562.5,1046908.7,171062.7,0.18462245705070088,2,6,3,0
115799.5,133126.9,1153304.9,195641.1,24578.4,28536.0,1,1,3,1,0,0,17327.399999999994,1020177.9999999999,-171062.7,3957.5999999999985,467410.4333333333,82918.5,1037505.3999999999,171062.7,0.02474278506682399,3,0,1,1
133126.9,1153304.9,188709.1,24578.4,28536.0,61151.4,1,3,1,0,0,1,1020177.9999999999,-964595.7999999999,3957.5999999999985,32615.4,491713.6333333333,38088.6,1020177.9999999999,36573.0,0.32404942819700694,5,19,2,1
1153304.9,188709.1,259929.2,28536.0,61151.4,79552.1,3,1,2,0,1,1,-964595.7999999999,71220.1,32615.4,18400.700000000004,533981.0666666667,56413.166666666664,964595.7999999999,51016.100000000006,0.3060517785159247,2,6,2,1
188709.1,259929.2,290801.1,61151.4,79552.1,51706.3,1,2,2,1,1,1,71220.1,30871.899999999965,18400.700000000004,-27845.800000000003,246479.80000000002,64136.6,102091.99999999997,27845.800000000003,0.1778057998893406,5,19,2,1
259929.2,290801.1,243936.0,79552.1,51706.3,56689.3,2,2,2,1,1,1,30871.899999999965,-46865.09999999998,-27845.800000000003,4983.0,264888.76666666666,62649.23333333334,46865.09999999998,27845.800000000003,0.2323931998835765,2,6,2,1
290801.1,243936.0,312723.0,51706.3,56689.3,99292.4,2,2,2,1,1,1,-46865.09999999998,68787.0,4983.0,42603.09999999999,282486.7,69229.33333333333,68787.0,47586.09999999999,0.31750809020094395,3,0,1,1
243936.0,312723.0,197653.6,56689.3,99292.4,57436.1,2,2,1,1,1,1,68787.0,-115069.4,42603.09999999999,-41856.299999999996,251437.53333333333,71139.26666666668,115069.4,42603.09999999999,0.290588228151533,5,4,0,1
312723.0,197653.6,32660.9,99292.4,57436.1,198223.8,2,1,0,1,1,1,-115069.4,-164992.7,-41856.299999999996,140787.69999999998,181012.5,118317.43333333333,280062.1,140787.69999999998,6.068961083096819,5,19,0,0
197653.6,32660.9,881.3,57436.1,198223.8,943.9,1,0,0,1,1,0,-164992.7,-31779.600000000002,140787.69999999998,-197279.9,77065.26666666666,85534.59999999999,196772.30000000002,197279.9,1.0698175223846764,1,22,0,1
32660.9,881.3,36815.3,198223.8,943.9,90350.0,0,0,0,1,0,1,-31779.600000000002,35934.0,-197279.9,89406.1,23452.5,96505.89999999998,35934.0,197279.9,2.4540760478375065,5,19,3,0
881.3,36815.3,968299.5,943.9,90350.0,26985.6,0,0,3,0,1,0,35934.0,931484.2,89406.1,-63364.4,335332.0333333333,39426.5,967418.2,89406.1,0.027869034457794865,3,0,3,1
36815.3,968299.5,744833.1,90350.0,26985.6,53437.1,0,3,3,1,0,1,931484.2,-223466.40000000002,-63364.4,26451.5,583315.9666666667,56924.23333333334,931484.2,63364.4,0.071743627205038,3,0,1,1
968299.5,744833.1,105201.2,26985.6,53437.1,64810.5,3,3,1,0,1,1,-223466.40000000002,-639631.9,26451.5,11373.400000000001,606111.2666666667,48411.06666666667,863098.3,37824.9,0.6160565083239704,5,4,1,1
744833.1,105201.2,135838.1,53437.1,64810.5,92343.7,3,1,1,1,1,1,-639631.9,30636.90000000001,11373.400000000001,27533.199999999997,328624.1333333333,70197.09999999999,639631.9,38906.6,0.6798020599370873,5,19,1,0
105201.2,135838.1,118956.8,64810.5,92343.7,8884.5,1,1,1,1,1,0,30636.90000000001,-16881.300000000003,27533.199999999997,-83459.2,119998.7,55346.23333333334,30636.90000000001,83459.2,0.07468614920585283,3,0,2,1
135838.1,118956.8,265769.1,92343.7,8884.5,54215.8,1,1,2,1,0,1,-16881.300000000003,146812.3,-83459.2,45331.3,173521.33333333334,51814.666666666664,146812.3,83459.2,0.2039951070492881,5,19,3,0
118956.8,265769.1,1367298.9,8884.5,54215.8,14572.4,1,2,3,0,1,0,146812.3,1101529.7999999998,45331.3,-39643.4,584008.2666666666,25890.899999999998,1248342.0999999999,45331.3,0.01065779350967553,3,0,2,1
265769.1,1367298.9,332948.3,54215.8,14572.4,82262.5,2,3,2,1,0,1,1101529.7999999998,-1034350.5999999999,-39643.4,67690.1,655338.7666666667,50350.23333333334,1101529.7999999998,67690.1,0.24707215182611889,5,19,1,0
1367298.9,332948.3,190486.5,14572.4,82262.5,6297.9,3,2,1,0,1,0,-1034350.5999999999,-142461.8,67690.1,-75964.6,630244.5666666667,34377.6,1176812.4,75964.6,0.03306201194304088,3,0,2,1
332948.3,190486.5,261352.8,82262.5,6297.9,76274.2,2,1,2,1,0,1,-142461.8,70866.29999999999,-75964.6,69976.3,261595.86666666667,54944.86666666666,142461.8,75964.6,0.29184270517589567,5,4,1,1
190486.5,261352.8,111608.6,6297.9,76274.2,62747.0,1,2,1,0,1,1,70866.29999999999,-149744.19999999998,69976.3,-13527.199999999997,187815.96666666667,48439.69999999999,149744.19999999998,69976.3,0.5622007425884511,2,6,2,1
261352.8,111608.6,588808.8,76274.2,62747.0,66773.6,2,1,2,1,1,1,-149744.19999999998,477200.20000000007,-13527.199999999997,4026.600000000006,320590.0666666667,68598.26666666668,477200.20000000007,13527.199999999997,0.11340436249532532,3,0,1,1
111608.6,588808.8,146736.3,62747.0,66773.6,179130.9,1,2,1,1,1,1,477200.20000000007,-442072.50000000006,4026.600000000006,112357.29999999999,282384.56666666665,102883.83333333333,477200.20000000007,116383.9,1.220759138951037,5,19,2,0
588808.8,146736.3,265053.9,66773.6,179130.9,37265.6,2,1,2,1,1,0,-442072.50000000006,118317.60000000003,112357.29999999999,-141865.3,333533.00000000006,94390.03333333333,442072.50000000006,141865.3,0.1405957784594814,5,19,2,1
146736.3,265053.9,275409.5,179130.9,37265.6,136055.7,1,2,2,1,0,1,118317.60000000003,10355.599999999977,-141865.3,98790.1,229066.56666666665,117484.06666666667,128673.20000000001,141865.3,0.4940105769387878,5,4,2,1
265053.9,275409.5,252537.8,37265.6,136055.7,186217.6,2,2,2,0,1,1,10355.599999999977,-22871.70000000001,98790.1,50161.899999999994,264333.73333333334,119846.3,22871.70000000001,148952.0,0.7373821369231184,5,19,1,1
275409.5,252537.8,200371.1,136055.7,186217.6,78436.1,2,2,1,1,1,1,-22871.70000000001,-52166.69999999998,50161.899999999994,-107781.5,242772.80000000002,133569.80000000002,75038.4,107781.5,0.3914522031759911,5,19,2,0
252537.8,200371.1,296945.2,186217.6,78436.1,17755.9,2,1,2,1,1,0,-52166.69999999998,96574.1,-107781.5,-60680.200000000004,249951.3666666667,94136.53333333334,96574.1,168461.7,0.059795006637566,2,6,0,0
200371.1,296945.2,17924.3,78436.1,17755.9,16953.1,1,2,0,1,0,0,96574.1,-279020.9,-60680.200000000004,-802.8000000000029,171746.86666666667,37715.03333333333,279020.9,61483.00000000001,0.945763808694973,2,6,1,1
296945.2,17924.3,90707.1,17755.9,16953.1,177258.9,2,0,1,0,0,1,-279020.9,72782.8,-802.8000000000029,160305.8,135192.19999999998,70655.96666666666,279020.9,160305.8,1.9541683708511146,5,4,2,1
17924.3,90707.1,273908.2,16953.1,177258.9,78134.5,0,1,2,0,1,1,72782.8,183201.1,160305.8,-99124.4,127513.20000000001,90782.16666666667,255983.90000000002,160305.8,0.2852569391608606,3,2,0,0
90707.1,273908.2,2352.7,177258.9,78134.5,2925.8,1,2,0,1,1,0,183201.1,-271555.5,-99124.4,-75208.7,122322.66666666669,86106.4,271555.5,174333.1,1.243064111823937,1,22,0,0
273908.2,2352.7,296.4,78134.5,2925.8,1315.1,2,0,0,1,0,0,-271555.5,-2056.2999999999997,-75208.7,-1610.7000000000003,92185.76666666668,27458.46666666667,273611.8,76819.4,4.421990585070612,5,22,0,0
2352.7,296.4,1032.5,2925.8,1315.1,81.7,0,0,0,0,0,0,-2056.2999999999997,736.1,-1610.7000000000003,-1233.3999999999999,1227.2,1440.8666666666666,2056.2999999999997,2844.1000000000004,0.07905176584421868,1,22,2,0
296.4,1032.5,215077.7,1315.1,81.7,38852.8,0,0,2,0,0,0,736.1,214045.2,-1233.3999999999999,38771.100000000006,72135.53333333334,13416.533333333335,214781.30000000002,38771.100000000006,0.1806445733584962,5,4,2,1
1032.5,215077.7,206837.7,81.7,38852.8,161962.2,0,2,2,0,0,1,214045.2,-8240.0,38771.100000000006,123109.40000000001,140982.63333333333,66965.56666666667,214045.2,161880.5,0.7830362499861003,5,19,2,0
215077.7,206837.7,223511.0,38852.8,161962.2,33004.5,2,2,2,0,1,0,-8240.0,16673.29999999999,123109.40000000001,-128957.70000000001,215142.13333333333,77939.83333333333,16673.29999999999,128957.70000000001,0.14766321271341137,2,6,2,1
206837.7,223511.0,263671.6,161962.2,33004.5,194734.6,2,2,2,1,0,1,16673.29999999999,40160.59999999998,-128957.70000000001,161730.1,231340.1,129900.43333333335,56833.899999999965,161730.1,0.738546970750848,5,4,2,1
223511.0,263671.6,267740.2,33004.5,194734.6,86067.8,2,2,2,0,1,1,40160.59999999998,4068.600000000035,161730.1,-108666.8,251640.93333333335,104602.3,44229.20000000001,161730.1,0.3214589312365822,5,19,1,0
263671.6,267740.2,123250.4,194734.6,86067.8,23176.5,2,2,1,1,1,0,4068.600000000035,-144489.80000000002,-108666.8,-62891.3,218220.73333333337,101326.3,144489.80000000002,171558.1,0.1880424887668619,2,6,1,1
267740.2,123250.4,72801.0,86067.8,23176.5,55294.4,2,1,1,1,0,1,-144489.80000000002,-50449.399999999994,-62891.3,32117.9,154597.19999999998,54846.23333333334,194939.2,62891.3,0.7595175956704486,5,19,2,1
123250.4,72801.0,264350.7,23176.5,55294.4,63670.5,1,1,2,0,1,1,-50449.399999999994,191549.7,32117.9,8376.099999999999,153467.36666666667,47380.46666666667,191549.7,40494.0,0.2408552697032022,2,6,3,1
72801.0,264350.7,1076243.3,55294.4,63670.5,54882.0,1,2,3,1,1,1,191549.7,811892.6000000001,8376.099999999999,-8788.5,471131.6666666667,57948.96666666667,1003442.3,8788.5,0.0509939982957401,3,0,2,1
264350.7,1076243.3,369487.7,63670.5,54882.0,72284.2,2,3,2,1,1,1,811892.6000000001,-706755.6000000001,-8788.5,17402.199999999997,570027.2333333333,63612.23333333334,811892.6000000001,17402.199999999997,0.1956330464233412,3,0,1,0
1076243.3,369487.7,67910.5,54882.0,72284.2,23438.3,3,2,1,1,1,0,-706755.6000000001,-301577.2,17402.199999999997,-48845.899999999994,504547.1666666667,50201.5,1008332.8,48845.899999999994,0.3451300589738115,5,4,0,0
369487.7,67910.5,32899.9,72284.2,23438.3,42405.8,2,1,0,1,0,0,-301577.2,-35010.6,-48845.899999999994,18967.500000000004,156766.03333333335,46042.76666666666,336587.8,48845.899999999994,1.288894832664152,5,19,0,0
67910.5,32899.9,4650.8,23438.3,42405.8,1227.7,1,0,0,0,0,0,-35010.6,-28249.100000000002,18967.500000000004,-41178.100000000006,35153.73333333333,22357.266666666666,63259.7,41178.100000000006,0.26391934305000214,1,22,0,0
32899.9,4650.8,3222.8,42405.8,1227.7,1282.6,0,0,0,0,0,0,-28249.100000000002,-1428.0,-41178.100000000006,54.899999999999864,13591.16666666667,14972.033333333333,29677.100000000002,41178.100000000006,0.39785346485513984,1,22,0,0
4650.8,3222.8,2686.9,1227.7,1282.6,56.9,0,0,0,0,0,0,-1428.0,-535.9000000000001,54.899999999999864,-1225.6999999999998,3520.1666666666665,855.7333333333335,1963.9,1225.6999999999998,0.021168942296960452,1,22,3,0
3222.8,2686.9,927481.3,1282.6,56.9,40065.5,0,0,3,0,0,0,-535.9000000000001,924794.4,-1225.6999999999998,40008.6,311130.3333333333,13801.666666666666,924794.4,40008.6,0.043198128956207574,3,0,2,1
2686.9,927481.3,252802.4,56.9,40065.5,116615.9,0,3,2,0,0,1,924794.4,-674678.9,40008.6,76550.4,394323.5333333334,52246.1,924794.4,116559.0,0.46129086871458214,5,19,1,0
927481.3,252802.4,125461.2,40065.5,116615.9,49695.6,3,2,1,0,1,0,-674678.9,-127341.2,76550.4,-66920.29999999999,435248.3,68792.33333333333,802020.1000000001,76550.4,0.3961001799745262,2,6,1,1
252802.4,125461.2,133032.0,116615.9,49695.6,82512.6,2,1,1,1,0,1,-127341.2,7570.800000000003,-66920.29999999999,32817.00000000001,170431.86666666667,82941.36666666667,127341.2,66920.29999999999,0.6202415941909151,3,0,0,0
125461.2,133032.0,1119.8,49695.6,82512.6,4827.9,1,1,0,0,1,0,7570.800000000003,-131912.2,32817.00000000001,-77684.70000000001,86537.66666666667,45678.700000000004,131912.2,77684.70000000001,4.30754817987152,1,22,2,1
133032.0,1119.8,340629.6,82512.6,4827.9,114416.9,1,0,2,1,0,1,-131912.2,339509.8,-77684.70000000001,109589.0,158260.46666666665,67252.46666666666,339509.8,109589.0,0.3358973034131402,5,19,0,0
1119.8,340629.6,784.8,4827.9,114416.9,631.0,0,2,0,0,1,0,339509.8,-339844.8,109589.0,-113785.9,114178.06666666665,39958.6,339844.8,113785.9,0.8030033087299567,1,22,2,1
340629.6,784.8,266104.0,114416.9,631.0,85666.5,2,0,2,1,0,1,-339844.8,265319.2,-113785.9,85035.5,202506.1333333333,66904.8,339844.8,113785.9,0.32192743465925105,5,19,2,1
784.8,266104.0,263607.2,631.0,85666.5,132346.5,0,2,2,0,1,1,265319.2,-2496.7999999999884,85035.5,46680.0,176832.0,72881.33333333333,265319.2,131715.5,0.5020575991186921,5,4,2,1
266104.0,263607.2,248717.2,85666.5,132346.5,55818.2,2,2,2,1,1,1,-2496.7999999999884,-14890.0,46680.0,-76528.3,259476.1333333333,91277.06666666667,17386.79999999999,76528.3,0.22442346398454152,5,4,2,1
263607.2,248717.2,211949.1,132346.5,55818.2,164430.6,2,2,2,1,1,1,-14890.0,-36768.100000000006,-76528.3,108612.40000000001,241424.5,117531.76666666668,51658.100000000006,108612.40000000001,0.7757986431711993,5,19,0,0
248717.2,211949.1,50914.2,55818.2,164430.6,20074.4,2,2,0,1,1,0,-36768.100000000006,-161034.90000000002,108612.40000000001,-144356.2,170526.83333333334,80107.73333333332,197803.0,144356.2,0.3942712588775062,2,6,1,1
211949.1,50914.2,113748.8,164430.6,20074.4,72369.1,2,0,1,1,0,1,-161034.90000000002,62834.600000000006,-144356.2,52294.700000000004,125537.36666666665,85624.7,161034.90000000002,144356.2,0.6362129867481086,2,6,1,0
50914.2,113748.8,79899.5,20074.4,72369.1,49230.2,0,1,1,0,1,0,62834.600000000006,-33849.3,52294.700000000004,-23138.90000000001,81520.83333333333,47224.56666666667,62834.600000000006,52294.700000000004,0.6161438288871784,5,19,1,0
113748.8,79899.5,72880.8,72369.1,49230.2,41788.9,1,1,1,1,0,0,-33849.3,-7018.699999999997,-23138.90000000001,-7441.299999999996,88843.03333333333,54462.73333333334,40868.0,30580.200000000004,0.5733790877832325,3,2,1,0
79899.5,72880.8,196031.5,49230.2,41788.9,3641.7,1,1,1,0,0,0,-7018.699999999997,123150.7,-7441.299999999996,-38147.200000000004,116270.59999999999,31553.600000000002,123150.7,45588.5,0.01857702166732557,2,6,1,1
72880.8,196031.5,78652.3,41788.9,3641.7,87926.5,1,1,1,0,0,1,123150.7,-117379.2,-38147.200000000004,84284.8,115854.86666666665,44452.36666666667,123150.7,84284.8,1.1178996939734251,5,19,0,0
196031.5,78652.3,39447.2,3641.7,87926.5,28329.0,1,1,0,0,1,0,-117379.2,-39205.100000000006,84284.8,-59597.5,104710.33333333333,39965.73333333333,156584.3,84284.8,0.718131625777602,5,4,2,1
78652.3,39447.2,320013.2,87926.5,28329.0,194521.3,1,0,2,1,0,1,-39205.100000000006,280566.0,-59597.5,166192.3,146037.56666666668,103592.26666666666,280566.0,166192.3,0.6078520890635477,5,19,1,1
39447.2,320013.2,193836.9,28329.0,194521.3,149451.5,0,2,1,0,1,1,280566.0,-126176.30000000002,166192.3,-45069.79999999999,184432.43333333335,124100.59999999999,280566.0,166192.3,0.7710127895525075,5,19,0,0
320013.2,193836.9,3028.4,194521.3,149451.5,1920.5,2,1,0,1,1,0,-126176.30000000002,-190808.5,-45069.79999999999,-147531.0,172292.83333333334,115297.76666666666,316984.8,192600.8,0.6339539182676437,1,22,2,1
193836.9,3028.4,292765.5,149451.5,1920.5,156237.5,1,0,2,1,0,1,-190808.5,289737.1,-147531.0,154317.0,163210.26666666666,102536.5,289737.1,154317.0,0.5336590764312173,5,19,0,1
3028.4,292765.5,32247.2,1920.5,156237.5,60943.4,0,2,0,0,1,1,289737.1,-260518.3,154317.0,-95294.1,109347.03333333334,73033.8,289737.1,154317.0,1.8898233079675766,5,4,1,1
292765.5,32247.2,67069.7,156237.5,60943.4,131066.1,2,0,1,1,1,1,-260518.3,34822.5,-95294.1,70122.70000000001,130694.13333333335,116082.33333333333,260518.3,95294.1,1.9541483837204623,5,19,2,1
32247.2,67069.7,338899.1,60943.4,131066.1,192159.3,0,1,2,1,1,1,34822.5,271829.39999999997,70122.70000000001,61093.19999999998,146072.0,128056.26666666666,306651.89999999997,131215.9,0.5670086848602287,5,19,2,1
67069.7,338899.1,262923.4,131066.1,192159.3,77602.1,1,2,2,1,1,1,271829.39999999997,-75975.69999999995,61093.19999999998,-114557.19999999998,222964.06666666665,133609.16666666666,271829.39999999997,114557.19999999998,0.295149860568285,5,19,1,0
338899.1,262923.4,64684.9,192159.3,77602.1,39473.2,2,2,1,1,1,0,-75975.69999999995,-198238.50000000003,-114557.19999999998,-38128.90000000001,222169.13333333333,103078.20000000001,274214.19999999995,152686.09999999998,0.6102288133890075,2,6,1,0
262923.4,64684.9,144411.3,77602.1,39473.2,45181.7,2,1,1,1,0,0,-198238.50000000003,79726.4,-38128.90000000001,5708.5,157339.86666666667,54085.666666666664,198238.50000000003,38128.90000000001,0.31286600933576986,5,4,2,0
64684.9,144411.3,274044.3,39473.2,45181.7,10308.2,1,1,2,0,0,0,79726.4,129633.0,5708.5,-34873.5,161046.83333333334,31654.366666666665,209359.4,34873.5,0.03761494906134132,3,0,1,0
144411.3,274044.3,190108.3,45181.7,10308.2,11599.9,1,2,1,0,0,0,129633.0,-83936.0,-34873.5,1291.699999999999,202854.6333333333,22363.266666666663,129633.0,34873.5,0.06101700442850508,2,6,0,0
274044.3,190108.3,541.0,10308.2,11599.9,1518.9,2,1,0,0,0,0,-83936.0,-189567.3,1291.699999999999,-10081.0,154897.86666666667,7809.0,273503.3,10081.0,2.80239852398524,1,22,3,0
190108.3,541.0,1262900.9,11599.9,1518.9,18474.3,1,0,3,0,0,0,-189567.3,1262359.9,-10081.0,16955.399999999998,484516.73333333334,10531.033333333333,1262359.9,16955.399999999998,0.014628452138681556,3,0,0,0
541.0,1262900.9,169.6,1518.9,18474.3,1338.7,0,3,0,0,0,0,1262359.9,-1262731.2999999998,16955.399999999998,-17135.6,421203.8333333333,7110.633333333334,1262731.2999999998,17135.6,7.847010550996483,5,22,2,1
1262900.9,169.6,236270.3,18474.3,1338.7,56788.6,3,0,2,0,0,1,-1262731.2999999998,236100.69999999998,-17135.6,55449.9,499780.26666666666,25533.86666666667,1262731.2999999998,55449.9,0.24035335650161488,5,19,0,0
169.6,236270.3,2046.8,1338.7,56788.6,3560.1,0,2,0,0,1,0,236100.69999999998,-234223.5,55449.9,-53228.5,79495.56666666667,20562.466666666664,236100.69999999998,55449.9,1.7384998535013185,1,22,0,0
236270.3,2046.8,588.7,56788.6,3560.1,889.3,2,0,0,1,0,0,-234223.5,-1458.1,-53228.5,-2670.8,79635.26666666666,20412.666666666668,235681.59999999998,55899.299999999996,1.5080549431914532,1,22,1,1
2046.8,588.7,53573.0,3560.1,889.3,191832.1,0,0,1,0,0,1,-1458.1,52984.3,-2670.8,190942.80000000002,18736.166666666668,65427.166666666664,52984.3,190942.80000000002,3.580693993354986,5,19,3,0
588.7,53573.0,942760.3,889.3,191832.1,16243.3,0,1,3,0,1,0,52984.3,889187.3,190942.80000000002,-175588.80000000002,332307.3333333333,69654.9,942171.6000000001,190942.80000000002,0.01722949382839537,3,0,0,0
53573.0,942760.3,2767.6,191832.1,16243.3,2697.2,1,3,0,1,0,0,889187.3,-939992.7000000001,-175588.80000000002,-13546.099999999999,333033.63333333336,70257.53333333334,939992.7000000001,189134.9,0.9742107924582821,5,22,1,1
942760.3,2767.6,69859.0,16243.3,2697.2,113138.9,3,0,1,0,0,1,-939992.7000000001,67091.4,-13546.099999999999,110441.7,338462.3,44026.46666666667,939992.7000000001,110441.7,1.619509018036072,5,4,2,0
2767.6,69859.0,210241.3,2697.2,113138.9,42790.7,0,1,2,0,1,0,67091.4,140382.3,110441.7,-70348.2,94289.3,52875.6,207473.69999999998,110441.7,0.2035304027781279,5,4,1,1
69859.0,210241.3,104437.9,113138.9,42790.7,166249.1,1,2,1,1,0,1,140382.3,-105803.4,-70348.2,123458.40000000001,128179.39999999998,107392.89999999998,140382.3,123458.40000000001,1.5918312046565026,5,4,1,1
210241.3,104437.9,200687.7,42790.7,166249.1,92042.3,2,1,1,0,1,1,-105803.4,96249.80000000002,123458.40000000001,-74206.8,171788.96666666665,100360.7,105803.4,123458.40000000001,0.45863220001923377,3,0,2,1
104437.9,200687.7,281206.9,166249.1,92042.3,164983.1,1,1,2,1,1,1,96249.80000000002,80519.20000000001,-74206.8,72940.8,195444.16666666666,141091.5,176769.00000000003,74206.8,0.5866943994105428,5,4,0,0
200687.7,281206.9,27529.0,92042.3,164983.1,2169.9,1,2,0,1,1,0,80519.20000000001,-253677.90000000002,72940.8,-162813.2,169807.86666666667,86398.43333333333,253677.90000000002,162813.2,0.07881946966945151,2,6,0,0
281206.9,27529.0,339.9,164983.1,2169.9,1001.0,2,0,0,1,0,0,-253677.90000000002,-27189.1,-162813.2,-1168.9,103025.26666666668,56051.333333333336,280867.0,163982.1,2.9363449691991788,1,22,3,1
27529.0,339.9,616369.4,2169.9,1001.0,73527.6,0,0,3,0,0,1,-27189.1,616029.5,-1168.9,72526.6,214746.1,25566.166666666668,616029.5,72526.6,0.11929125733487526,3,0,1,0
339.9,616369.4,146137.4,1001.0,73527.6,7250.5,0,3,1,0,1,0,616029.5,-470232.0,72526.6,-66277.1,254282.23333333337,27259.7,616029.5,72526.6,0.04961392761929787,2,6,2,1
616369.4,146137.4,288683.9,73527.6,7250.5,66518.1,3,1,2,1,0,1,-470232.0,142546.50000000003,-66277.1,59267.600000000006,350396.9000000001,49098.73333333334,470232.0,66277.1,0.23041766299518956,5,4,2,0
146137.4,288683.9,348274.7,7250.5,66518.1,48646.4,1,2,2,0,1,0,142546.50000000003,59590.79999999999,59267.600000000006,-17871.700000000004,261032.0,40805.0,202137.30000000002,59267.600000000006,0.13967784717681997,5,19,2,0
288683.9,348274.7,513007.9,66518.1,48646.4,45264.0,2,2,2,1,0,0,59590.79999999999,164733.2,-17871.700000000004,-3382.4000000000015,383322.1666666667,53476.166666666664,224324.0,21254.100000000006,0.08823238739132985,3,0,1,1
348274.7,513007.9,127113.6,48646.4,45264.0,63893.1,2,2,1,0,0,1,164733.2,-385894.30000000005,-3382.4000000000015,18629.1,329465.4,52601.166666666664,385894.30000000005,18629.1,0.50264171070829,2,6,3,1
513007.9,127113.6,1213104.3,45264.0,63893.1,67125.7,2,1,3,0,1,1,-385894.30000000005,1085990.7,18629.1,3232.5999999999985,617741.9333333333,58760.93333333333,1085990.7,21861.699999999997,0.05533377852689292,3,0,1,1
127113.6,1213104.3,158157.7,63893.1,67125.7,106963.9,1,3,1,1,1,1,1085990.7,-1054946.6,3232.5999999999985,39838.2,499458.5333333334,79327.56666666667,1085990.7,43070.799999999996,0.676307405156972,5,19,3,1
1213104.3,158157.7,822087.9,67125.7,106963.9,83033.4,3,1,3,1,1,1,-1054946.6,663930.2,39838.2,-23930.5,731116.6333333333,85707.66666666666,1054946.6,39838.2,0.10100294505861834,3,0,3,0
158157.7,822087.9,892397.7,106963.9,83033.4,45074.9,1,3,3,1,1,0,663930.2,70309.79999999993,-23930.5,-37958.49999999999,624214.4333333333,78357.4,734240.0,61888.99999999999,0.05050982257145825,3,0,2,1
822087.9,892397.7,214179.7,83033.4,45074.9,153432.4,3,3,2,1,0,1,70309.79999999993,-678218.0,-37958.49999999999,108357.5,642888.4333333333,93846.89999999998,678218.0,108357.5,0.7163689352028451,5,4,1,0
892397.7,214179.7,74382.0,45074.9,153432.4,2223.6,3,2,1,0,1,0,-678218.0,-139797.7,108357.5,-151208.8,393653.1333333333,66910.3,818015.7,151208.8,0.029893927375878895,2,6,0,0
214179.7,74382.0,6.4,153432.4,2223.6,113.0,2,1,0,1,0,0,-139797.7,-74375.6,-151208.8,-2110.6,96189.36666666668,51923.0,214173.30000000002,153319.4,15.27027027027027,1,22,0,0
74382.0,6.4,3691.5,2223.6,113.0,272.8,1,0,0,0,0,0,-74375.6,3685.1,-2110.6,159.8,26026.63333333333,869.8000000000001,74375.6,2110.6,0.0738794854434665,1,22,3,1
6.4,3691.5,1280689.7,113.0,272.8,87343.4,0,0,3,0,0,1,3685.1,1276998.2,159.8,87070.59999999999,428129.19999999995,29243.066666666666,1280683.3,87230.4,0.06820022976664077,3,0,0,0
3691.5,1280689.7,1494.6,272.8,87343.4,763.5,0,3,0,0,1,0,1276998.2,-1279195.0999999999,87070.59999999999,-86579.9,428625.26666666666,29459.899999999998,1279195.0999999999,87070.59999999999,0.5104974592136935,1,22,2,1
1280689.7,1494.6,292109.5,87343.4,763.5,73471.5,3,0,2,1,0,1,-1279195.0999999999,290614.9,-86579.9,72708.0,524764.6,53859.46666666667,1279195.0999999999,86579.9,0.2515195448297819,3,2,2,0
1494.6,292109.5,293181.2,763.5,73471.5,25335.1,0,2,2,0,1,0,290614.9,1071.7000000000116,72708.0,-48136.4,195595.1,33190.03333333333,291686.60000000003,72708.0,0.08641418203424354,5,19,2,1
292109.5,293181.2,337477.2,73471.5,25335.1,145233.1,2,2,2,1,0,1,1071.7000000000116,44296.0,-48136.4,119898.0,307589.3,81346.56666666667,45367.70000000001,119898.0,0.4303480935953789,5,19,1,1
293181.2,337477.2,88203.0,25335.1,145233.1,96666.8,2,2,1,0,1,1,44296.0,-249274.2,119898.0,-48566.3,239620.46666666667,89078.33333333333,249274.2,119898.0,1.095945762096957,3,0,3,1
337477.2,88203.0,1067032.6,145233.1,96666.8,67961.0,2,1,3,1,1,1,-249274.2,978829.6000000001,-48566.3,-28705.800000000003,497570.93333333335,103286.96666666667,978829.6000000001,77272.1,0.0636915276145006,3,0,2,1
88203.0,1067032.6,296354.3,96666.8,67961.0,176038.2,1,3,2,1,1,1,978829.6000000001,-770678.3,-28705.800000000003,108077.20000000001,483863.30000000005,113555.33333333333,978829.6000000001,108077.20000000001,0.5940106352071315,5,19,1,0
1067032.6,296354.3,140530.6,67961.0,176038.2,29613.8,3,2,1,1,1,0,-770678.3,-155823.69999999998,108077.20000000001,-146424.40000000002,501305.83333333343,91204.33333333333,926502.0000000001,146424.40000000002,0.2107269824011112,5,19,2,1
296354.3,140530.6,207830.4,176038.2,29613.8,165536.6,2,1,2,1,0,1,-155823.69999999998,67299.79999999999,-146424.40000000002,135922.80000000002,214905.1,123729.53333333333,155823.69999999998,146424.40000000002,0.7964946586511952,5,19,1,1
140530.6,207830.4,80200.1,29613.8,165536.6,152558.2,1,2,1,0,1,1,67299.79999999999,-127630.29999999999,135922.80000000002,-12978.399999999994,142853.69999999998,115902.86666666665,127630.29999999999,135922.80000000002,1.9021958551690688,5,19,2,0
207830.4,80200.1,211076.4,165536.6,152558.2,25361.6,2,1,2,1,1,0,-127630.29999999999,130876.29999999999,-12978.399999999994,-127196.6,166368.96666666667,114485.46666666667,130876.29999999999,140175.0,0.12015308128676969,2,6,2,1
80200.1,211076.4,539138.6,152558.2,25361.6,79232.7,1,2,2,1,0,1,130876.29999999999,328062.19999999995,-127196.6,53871.1,276805.0333333333,85717.5,458938.5,127196.6,0.14696138068878636,3,0,1,0
211076.4,539138.6,89596.9,25361.6,79232.7,14159.2,2,2,1,0,1,0,328062.19999999995,-449541.69999999995,53871.1,-65073.5,279937.3,39584.49999999999,449541.69999999995,65073.5,0.15803048955388466,2,6,0,0
539138.6,89596.9,354.2,79232.7,14159.2,3054.3,2,1,0,1,0,0,-449541.69999999995,-89242.7,-65073.5,-11104.900000000001,209696.56666666665,32148.733333333334,538784.4,76178.4,8.598817567567568,1,22,1,1
89596.9,354.2,65758.0,14159.2,3054.3,84104.6,1,0,1,0,0,1,-89242.7,65403.8,-11104.900000000001,81050.3,51903.033333333326,33772.700000000004,89242.7,81050.3,1.278982344622029,3,0,2,1
354.2,65758.0,265273.4,3054.3,84104.6,117518.8,0,1,2,0,1,1,65403.8,199515.40000000002,81050.3,33414.2,110461.86666666668,68225.90000000001,264919.2,114464.5,0.4430084471023212,5,4,2,0
65758.0,265273.4,277362.1,84104.6,117518.8,42640.4,1,2,2,1,1,0,199515.40000000002,12088.699999999953,33414.2,-74878.4,202797.83333333334,81421.26666666668,211604.09999999998,74878.4,0.15373494167032314,3,2,1,0
265273.4,277362.1,129982.7,117518.8,42640.4,14230.4,2,2,1,1,0,0,12088.699999999953,-147379.39999999997,-74878.4,-28410.0,224206.06666666665,58129.86666666667,147379.39999999997,103288.40000000001,0.10947834228445566,2,6,0,0
277362.1,129982.7,535.9,42640.4,14230.4,783.0,2,1,0,0,0,0,-147379.39999999997,-129446.8,-28410.0,-13447.4,135960.23333333334,19217.933333333334,276826.19999999995,41857.4,1.458372136338238,1,22,1,1
129982.7,535.9,89915.2,14230.4,783.0,129523.1,1,0,1,0,0,1,-129446.8,89379.3,-13447.4,128740.1,73477.93333333333,48178.833333333336,129446.8,128740.1,1.440486808828665,5,19,1,1
535.9,89915.2,80618.9,783.0,129523.1,153009.2,0,1,1,0,1,1,89379.3,-9296.300000000003,128740.1,23486.100000000006,57023.333333333336,94438.43333333335,89379.3,152226.2,1.8979085808838763,5,19,2,1
89915.2,80618.9,255679.6,129523.1,153009.2,166063.4,1,1,2,1,1,1,-9296.300000000003,175060.7,23486.100000000006,13054.199999999983,142071.2333333333,149531.90000000002,175060.7,36540.29999999999,0.6494955033741316,5,4,2,1
80618.9,255679.6,504125.0,153009.2,166063.4,65979.6,1,2,2,1,1,1,175060.7,248445.4,13054.199999999983,-100083.79999999999,280141.1666666667,128350.73333333332,423506.1,100083.79999999999,0.13087918496566336,3,0,0,0
255679.6,504125.0,849.2,166063.4,65979.6,4026.5,2,2,0,1,1,0,248445.4,-503275.8,-100083.79999999999,-61953.100000000006,253551.26666666663,78689.83333333333,503275.8,162036.9,4.735944483650905,1,22,1,0
504125.0,849.2,74524.6,65979.6,4026.5,35054.2,2,0,1,1,0,0,-503275.8,73675.40000000001,-61953.100000000006,31027.699999999997,193166.2666666667,35020.1,503275.8,61953.100000000006,0.4703645458741693,5,4,2,1
849.2,74524.6,219052.8,4026.5,35054.2,171622.7,0,1,2,0,0,1,73675.40000000001,144528.19999999998,31027.699999999997,136568.5,98142.2,70234.46666666667,218203.59999999998,167596.2,0.7834728272232667,5,19,1,1
74524.6,219052.8,113128.3,35054.2,171622.7,115190.1,1,2,1,0,1,1,144528.19999999998,-105924.49999999999,136568.5,-56432.600000000006,135568.56666666668,107289.0,144528.19999999998,136568.5,1.0182163241529825,5,19,2,1
219052.8,113128.3,217046.5,171622.7,115190.1,154956.5,2,1,2,1,1,1,-105924.49999999999,103918.2,-56432.600000000006,39766.399999999994,183075.86666666667,147256.43333333335,105924.49999999999,56432.600000000006,0.7139289786797821,5,19,3,1
113128.3,217046.5,849952.5,115190.1,154956.5,65647.0,1,2,3,1,1,1,103918.2,632906.0,39766.399999999994,-89309.5,393375.76666666666,111931.2,736824.2,89309.5,0.07723598996886301,3,0,1,1
217046.5,849952.5,108825.4,154956.5,65647.0,195682.7,2,3,1,1,1,1,632906.0,-741127.1,-89309.5,130035.70000000001,391941.4666666666,138762.06666666668,741127.1,130035.70000000001,1.798117919916491,5,19,1,1
849952.5,108825.4,177847.0,65647.0,195682.7,161191.8,3,1,1,1,1,1,-741127.1,69021.6,130035.70000000001,-34490.90000000002,378874.9666666666,140840.5,741127.1,130035.70000000001,0.906345868381989,5,4,1,1
108825.4,177847.0,123811.5,195682.7,161191.8,189549.2,1,1,1,1,1,1,69021.6,-54035.5,-34490.90000000002,28357.400000000023,136827.96666666667,182141.2333333333,69021.6,34490.90000000002,1.5309375063099446,5,19,1,1
177847.0,123811.5,137694.2,161191.8,189549.2,67244.4,1,1,1,1,1,1,-54035.5,13882.700000000012,28357.400000000023,-122304.80000000002,146450.9,139328.46666666667,54035.5,122304.80000000002,0.48835689261499304,5,19,2,1
123811.5,137694.2,332581.4,189549.2,67244.4,76425.0,1,1,2,1,1,1,13882.700000000012,194887.2,-122304.80000000002,9180.600000000006,198029.03333333335,111072.86666666665,208769.90000000002,122304.80000000002,0.22979267694261632,3,0,2,1
137694.2,332581.4,292286.0,67244.4,76425.0,56807.2,1,2,2,1,1,1,194887.2,-40295.40000000002,9180.600000000006,-19617.800000000003,254187.20000000004,66825.53333333333,194887.2,19617.800000000003,0.19435417928269133,2,6,1,1
332581.4,292286.0,154404.6,76425.0,56807.2,152168.5,2,2,1,1,1,1,-40295.40000000002,-137881.4,-19617.800000000003,95361.3,259757.33333333334,95133.56666666667,178176.80000000002,95361.3,0.9855115358510312,5,19,2,0
292286.0,154404.6,286473.1,56807.2,152168.5,42784.5,2,1,2,1,1,0,-137881.4,132068.49999999997,95361.3,-109384.0,244387.9,83920.06666666667,137881.4,109384.0,0.14934857985416483,5,19,1,1
154404.6,286473.1,126991.3,152168.5,42784.5,123476.3,1,2,1,1,0,1,132068.49999999997,-159481.8,-109384.0,80691.8,189289.66666666666,106143.09999999999,159481.8,109384.0,0.9723132819863881,5,4,1,0
286473.1,126991.3,101233.4,42784.5,123476.3,16365.3,2,1,1,0,1,0,-159481.8,-25757.90000000001,80691.8,-107111.0,171565.93333333332,60875.36666666666,185239.69999999998,107111.0,0.16165749982219482,3,2,3,0
126991.3,101233.4,1333545.6,123476.3,16365.3,13862.6,1,1,3,1,0,0,-25757.90000000001,1232312.2000000002,-107111.0,-2502.699999999999,520590.10000000003,51234.73333333334,1232312.2000000002,109613.7,0.010395287273800555,3,0,2,1
101233.4,1333545.6,265898.6,16365.3,13862.6,64983.1,1,3,2,0,0,1,1232312.2000000002,-1067647.0,-2502.699999999999,51120.5,566892.5333333333,31737.0,1232312.2000000002,51120.5,0.24438961171810716,2,6,2,0
1333545.6,265898.6,235271.2,13862.6,64983.1,44793.7,3,2,2,0,1,0,-1067647.0,-30627.399999999965,51120.5,-20189.4,611571.8,41213.13333333333,1098274.4000000001,51120.5,0.19039095991791632,5,4,0,0
265898.6,235271.2,2113.6,64983.1,44793.7,2213.3,2,2,0,1,0,0,-30627.399999999965,-233157.6,-20189.4,-42580.399999999994,167761.13333333333,37330.03333333333,263785.0,62769.799999999996,1.0466754941832972,1,22,2,1
235271.2,2113.6,280463.6,44793.7,2213.3,78161.8,2,0,2,0,0,1,-233157.6,278350.0,-42580.399999999994,75948.5,172616.13333333333,41722.933333333334,278350.0,75948.5,0.2786868645811272,5,4,1,0
2113.6,280463.6,105011.1,2213.3,78161.8,30104.7,0,2,1,0,1,0,278350.0,-175452.49999999997,75948.5,-48057.100000000006,129196.09999999998,36826.6,278350.0,75948.5,0.28667839229955405,2,6,1,1
280463.6,105011.1,140652.4,78161.8,30104.7,71801.0,2,1,1,1,0,1,-175452.49999999997,35641.29999999999,-48057.100000000006,41696.3,175375.69999999998,60022.5,175452.49999999997,48057.100000000006,0.5104817942545292,3,2,1,0
105011.1,140652.4,119352.1,30104.7,71801.0,18288.0,1,1,1,0,1,0,35641.29999999999,-21300.29999999999,41696.3,-53513.0,121671.86666666665,40064.566666666666,35641.29999999999,53513.0,0.15322601591412371,2,6,0,0
140652.4,119352.1,40999.5,71801.0,18288.0,43194.3,1,1,0,1,0,0,-21300.29999999999,-78352.6,-53513.0,24906.300000000003,100334.66666666667,44427.76666666666,99652.9,53513.0,1.0535066645528715,5,4,1,1
119352.1,40999.5,159306.4,18288.0,43194.3,163874.4,1,0,1,0,0,1,-78352.6,118306.9,24906.300000000003,120680.09999999999,106552.66666666667,75118.90000000001,118306.9,145586.4,1.0286678459381047,5,4,2,1
40999.5,159306.4,307251.0,43194.3,163874.4,116220.2,0,1,2,0,1,1,118306.9,147944.6,120680.09999999999,-47654.2,169185.63333333333,107762.96666666667,266251.5,120680.09999999999,0.37825693567495083,5,19,0,0
159306.4,307251.0,788.0,163874.4,116220.2,97.1,1,2,0,1,1,0,147944.6,-306463.0,-47654.2,-116123.09999999999,155781.80000000002,93397.23333333332,306463.0,163777.3,0.12306717363751583,1,22,1,1
307251.0,788.0,123527.2,116220.2,97.1,187800.4,2,0,1,1,0,1,-306463.0,122739.2,-116123.09999999999,187703.3,143855.4,101372.56666666667,306463.0,187703.3,1.520303865837922,5,19,1,1
788.0,123527.2,112438.7,97.1,187800.4,82215.7,0,1,1,0,1,1,122739.2,-11088.5,187703.3,-105584.7,78917.96666666666,90037.73333333334,122739.2,187703.3,0.7311981444276354,5,19,1,1
123527.2,112438.7,79131.5,187800.4,82215.7,157809.0,1,1,1,1,1,1,-11088.5,-33307.2,-105584.7,75593.3,105032.46666666667,142608.36666666667,44395.7,105584.7,1.99423751303194,5,19,1,1
112438.7,79131.5,176176.1,82215.7,157809.0,62364.9,1,1,1,1,1,1,-33307.2,97044.6,75593.3,-95444.1,122582.10000000002,100796.53333333334,97044.6,95444.1,0.3539898204704244,5,19,0,0
79131.5,176176.1,3321.4,157809.0,62364.9,733.7,1,1,0,1,1,0,97044.6,-172854.7,-95444.1,-61631.200000000004,86209.66666666667,73635.86666666667,172854.7,157075.3,0.22083433662412713,1,22,2,0
176176.1,3321.4,207682.0,62364.9,733.7,22324.6,1,0,2,1,0,0,-172854.7,204360.6,-61631.200000000004,21590.899999999998,129059.83333333333,28474.399999999998,204360.6,61631.200000000004,0.10749363212203213,5,19,1,1
3321.4,207682.0,132263.0,733.7,22324.6,69275.1,0,2,1,0,0,1,204360.6,-75419.0,21590.899999999998,46950.50000000001,114422.13333333335,30777.800000000003,204360.6,68541.40000000001,0.5237638359644348,3,2,0,0
207682.0,132263.0,474.1,22324.6,69275.1,1163.5,2,1,0,0,1,0,-75419.0,-131788.9,46950.50000000001,-68111.6,113473.03333333333,30921.06666666667,207207.9,68111.6,2.448958114081246,5,22,2,0
132263.0,474.1,286572.6,69275.1,1163.5,33026.2,1,0,2,1,0,0,-131788.9,286098.5,-68111.6,31862.699999999997,139769.9,34488.26666666667,286098.5,68111.6,0.11524508887071244,3,2,1,1
474.1,286572.6,161663.9,1163.5,33026.2,63623.1,0,2,1,0,0,1,286098.5,-124908.69999999998,31862.699999999997,30596.9,149570.19999999998,32604.266666666663,286098.5,62459.6,0.39354924909488703,5,4,0,0
286572.6,161663.9,3476.3,33026.2,63623.1,2558.3,2,1,0,0,1,0,-124908.69999999998,-158187.6,30596.9,-61064.799999999996,150570.93333333332,33069.2,283096.3,61064.799999999996,0.7357144911281742,1,22,2,1
161663.9,3476.3,227491.9,63623.1,2558.3,60291.1,1,0,2,1,0,1,-158187.6,224015.6,-61064.799999999996,57732.799999999996,130877.36666666665,42157.5,224015.6,61064.799999999996,0.2650240952574784,5,4,0,0
3476.3,227491.9,69.5,2558.3,60291.1,4272.6,0,2,0,0,1,0,224015.6,-227422.4,57732.799999999996,-56018.5,77012.56666666667,22374.0,227422.4,57732.799999999996,60.60425531914894,1,22,1,1
227491.9,69.5,72207.9,60291.1,4272.6,88866.9,2,0,1,1,0,1,-227422.4,72138.4,-56018.5,84594.29999999999,99923.09999999999,51143.533333333326,227422.4,84594.29999999999,1.2306917845307157,5,19,1,1
69.5,72207.9,148113.6,4272.6,88866.9,100521.5,0,1,1,0,1,1,72138.4,75905.70000000001,84594.29999999999,11654.600000000006,73463.66666666667,64553.666666666664,148044.1,96248.9,0.6786738106844294,5,19,1,1
72207.9,148113.6,173739.6,88866.9,100521.5,133859.6,1,1,1,1,1,1,75905.70000000001,25626.0,11654.600000000006,33338.100000000006,131353.69999999998,107749.33333333333,101531.70000000001,44992.70000000001,0.7704566462876266,5,19,0,0
148113.6,173739.6,1448.1,100521.5,133859.6,348.9,1,1,0,1,1,0,25626.0,-172291.5,33338.100000000006,-133510.7,107767.09999999999,78243.33333333333,172291.5,133510.7,0.2407701331861155,5,22,2,1
173739.6,1448.1,275650.8,133859.6,348.9,73954.3,1,0,2,1,0,1,-172291.5,274202.7,-133510.7,73605.40000000001,150279.5,69387.59999999999,274202.7,133510.7,0.26828883395646247,2,6,1,0
1448.1,275650.8,63843.9,348.9,73954.3,27640.2,0,2,1,0,1,0,274202.7,-211806.9,73605.40000000001,-46314.100000000006,113647.59999999999,33981.13333333333,274202.7,73605.40000000001,0.43292729724692186,2,6,3,0
275650.8,63843.9,1494835.4,73954.3,27640.2,51198.0,2,1,3,1,0,0,-211806.9,1430991.5,-46314.100000000006,23557.8,611443.3666666666,50930.833333333336,1430991.5,46314.100000000006,0.034249901862170334,3,0,1,0
63843.9,1494835.4,145484.7,27640.2,51198.0,23713.3,1,3,1,0,0,0,1430991.5,-1349350.7,23557.8,-27484.7,568054.6666666666,34183.833333333336,1430991.5,27484.7,0.16299402621700962,2,6,1,1
1494835.4,145484.7,71394.6,51198.0,23713.3,101944.0,3,1,1,0,0,1,-1349350.7,-74090.1,-27484.7,78230.7,570571.5666666667,58951.76666666666,1423440.7999999998,78230.7,1.42787510714946,5,19,1,0
145484.7,71394.6,109652.3,23713.3,101944.0,20794.8,1,1,1,0,1,0,-74090.1,38257.7,78230.7,-81149.2,108843.86666666668,48817.36666666667,74090.1,81149.2,0.18964135142307617,5,4,1,1
71394.6,109652.3,126479.8,101944.0,20794.8,188245.0,1,1,1,1,0,1,38257.7,16827.5,-81149.2,167450.2,102508.90000000001,103661.26666666666,55085.2,167450.2,1.4883286633228126,5,4,3,0
109652.3,126479.8,673659.1,20794.8,188245.0,49973.9,1,1,3,0,1,0,16827.5,547179.2999999999,167450.2,-138271.1,303263.73333333334,86337.9,564006.7999999999,167450.2,0.07418266274045324,3,0,2,1
126479.8,673659.1,306446.8,188245.0,49973.9,191239.3,1,3,2,1,0,1,547179.2999999999,-367212.3,-138271.1,141265.4,368861.89999999997,143152.7333333333,547179.2999999999,141265.4,0.624051796097084,5,19,1,1
673659.1,306446.8,95557.5,49973.9,191239.3,132602.1,3,2,1,0,1,1,-367212.3,-210889.3,141265.4,-58637.19999999998,358554.4666666666,124605.09999999999,578101.6,141265.4,1.3876536362542318,5,4,0,1
306446.8,95557.5,42855.5,191239.3,132602.1,89937.7,2,1,0,1,1,1,-210889.3,-52702.0,-58637.19999999998,-42664.40000000001,148286.6,137926.36666666667,263591.3,101301.59999999999,2.098577812000513,5,19,2,1
95557.5,42855.5,255028.2,132602.1,89937.7,176188.5,1,0,2,1,1,1,-52702.0,212172.7,-42664.40000000001,86250.8,131147.06666666668,132909.43333333332,212172.7,86250.8,0.6908561843114435,5,19,3,0
42855.5,255028.2,1020984.4,89937.7,176188.5,29647.5,0,2,3,1,1,0,212172.7,765956.2,86250.8,-146541.0,439622.7,98591.23333333334,978128.9,146541.0,0.029038123365916886,3,0,0,1
255028.2,1020984.4,45883.6,176188.5,29647.5,72623.1,2,3,0,1,0,1,765956.2,-975100.8,-146541.0,42975.600000000006,440632.0666666667,92819.7,975100.8,146541.0,1.5827336404806844,3,2,3,0
1020984.4,45883.6,1142105.3,29647.5,72623.1,20630.7,3,0,3,0,1,0,-975100.8,1096221.7,42975.600000000006,-51992.40000000001,736324.4333333332,40967.1,1096221.7,51992.40000000001,0.018063730144908578,3,0,3,0
45883.6,1142105.3,657696.6,72623.1,20630.7,50172.4,0,3,3,1,0,0,1096221.7,-484408.70000000007,-51992.40000000001,29541.7,615228.5,47808.73333333334,1096221.7,51992.40000000001,0.07628490661969878,3,0,1,1
1142105.3,657696.6,64993.0,20630.7,50172.4,143887.7,3,3,1,0,0,1,-484408.70000000007,-592703.6,29541.7,93715.30000000002,621598.2999999999,71563.6,1077112.3,123257.00000000001,2.2138612795027237,5,4,3,0
657696.6,64993.0,1054707.1,50172.4,143887.7,41968.1,3,1,3,0,1,0,-592703.6,989714.1000000001,93715.30000000002,-101919.6,592465.5666666668,78676.06666666667,989714.1000000001,101919.6,0.039791199100490456,3,0,2,1
64993.0,1054707.1,278413.9,143887.7,41968.1,125468.8,1,3,2,1,0,1,989714.1000000001,-776293.2000000001,-101919.6,83500.70000000001,466038.0,103774.86666666668,989714.1000000001,101919.6,0.45065404186342034,5,19,2,1
1054707.1,278413.9,240427.6,41968.1,125468.8,129054.8,3,2,2,0,1,1,-776293.2000000001,-37986.30000000002,83500.70000000001,3586.0,524516.2000000001,98830.56666666667,814279.5000000001,87086.70000000001,0.5367697520178548,5,19,3,1
278413.9,240427.6,1480233.5,125468.8,129054.8,94202.1,2,2,3,1,1,1,-37986.30000000002,1239805.9,3586.0,-34852.7,666358.3333333334,116241.90000000001,1239805.9,34852.7,0.0636399840700916,3,0,2,0
240427.6,1480233.5,222332.2,129054.8,94202.1,26688.2,2,3,2,1,1,0,1239805.9,-1257901.3,-34852.7,-67513.90000000001,647664.4333333333,83315.03333333334,1257901.3,102366.6,0.12003695354539942,2,6,1,0
1480233.5,222332.2,171357.5,94202.1,26688.2,42285.0,3,2,1,1,0,0,-1257901.3,-50974.70000000001,-67513.90000000001,15596.8,624641.0666666667,54391.76666666666,1308876.0,67513.90000000001,0.2467633645252497,5,19,1,1
222332.2,171357.5,51809.9,26688.2,42285.0,77748.2,2,1,1,0,0,1,-50974.70000000001,-119547.6,15596.8,35463.2,148499.86666666667,48907.13333333333,170522.30000000002,51060.0,1.5006147355093233,3,2,3,0
171357.5,51809.9,805003.0,42285.0,77748.2,5349.3,1,1,3,0,1,0,-119547.6,753193.1,35463.2,-72398.9,342723.4666666667,41794.166666666664,753193.1,72398.9,0.006645060148769448,3,0,3,0
51809.9,805003.0,1257140.7,77748.2,5349.3,16943.1,1,3,3,1,0,0,753193.1,452137.69999999995,-72398.9,11593.8,704651.2000000001,33346.86666666667,1205330.8,72398.9,0.013477478314497084,3,0,3,0
805003.0,1257140.7,1455713.4,5349.3,16943.1,14257.4,3,3,3,0,0,0,452137.69999999995,198572.69999999995,11593.8,-2685.699999999999,1172619.0333333332,12183.266666666665,650710.3999999999,11593.8,0.009794091478383397,3,0,2,1
1257140.7,1455713.4,343080.6,16943.1,14257.4,92732.6,3,3,2,0,0,1,198572.69999999995,-1112632.7999999998,-2685.699999999999,78475.20000000001,1018644.8999999999,41311.03333333333,1112632.7999999998,78475.20000000001,0.2702931314299572,5,19,1,1
1455713.4,343080.6,66508.3,14257.4,92732.6,84848.0,3,2,1,0,1,1,-1112632.7999999998,-276572.3,78475.20000000001,-7884.600000000006,621767.4333333333,63946.0,1389205.0999999999,78475.20000000001,1.2757313638844492,5,4,3,1
343080.6,66508.3,1430946.5,92732.6,84848.0,97315.7,2,1,3,1,1,1,-276572.3,1364438.2,-7884.600000000006,12467.699999999997,613511.7999999999,91632.09999999999,1364438.2,12467.699999999997,0.06800787590040865,3,0,0,1
66508.3,1430946.5,24023.9,84848.0,97315.7,165549.2,1,3,0,1,1,1,1364438.2,-1406922.6,12467.699999999997,68233.50000000001,507159.56666666665,115904.3,1406922.6,80701.20000000001,6.890734196604356,5,4,2,1
1430946.5,24023.9,315896.1,97315.7,165549.2,107885.8,3,0,2,1,1,1,-1406922.6,291872.19999999995,68233.50000000001,-57663.40000000001,590288.8333333334,123583.56666666667,1406922.6,68233.50000000001,0.34152197028716,5,19,2,1
24023.9,315896.1,215808.8,165549.2,107885.8,53668.4,0,2,2,1,1,1,291872.19999999995,-100087.29999999999,-57663.40000000001,-54217.4,185242.93333333335,109034.46666666667,291872.19999999995,111880.80000000002,0.24868379471182497,3,2,3,0
315896.1,215808.8,645060.9,107885.8,53668.4,38460.1,2,2,3,1,1,0,-100087.29999999999,429252.10000000003,-54217.4,-15208.300000000003,392255.2666666666,66671.43333333333,429252.10000000003,69425.70000000001,0.05962234011960712,3,0,1,1
215808.8,645060.9,166487.6,53668.4,38460.1,156540.0,2,3,1,1,0,1,429252.10000000003,-478573.30000000005,-15208.300000000003,118079.9,342452.4333333333,82889.5,478573.30000000005,118079.9,0.9402445572850032,5,4,1,1
645060.9,166487.6,78018.6,38460.1,156540.0,94251.0,3,1,1,0,1,1,-478573.30000000005,-88469.0,118079.9,-62289.0,296522.36666666664,96417.03333333333,567042.3,118079.9,1.2080425944249906,5,19,2,1
166487.6,78018.6,216314.3,156540.0,94251.0,115411.1,1,1,2,1,1,1,-88469.0,138295.69999999998,-62289.0,21160.100000000006,153606.83333333334,122067.36666666665,138295.69999999998,62289.0,0.5335318398652338,5,19,3,1
78018.6,216314.3,1275382.8,94251.0,115411.1,70412.3,1,2,3,1,1,1,138295.69999999998,1059068.5,21160.100000000006,-44998.8,523238.5666666667,93358.13333333335,1197364.2,44998.8,0.055208714427766765,3,0,2,1
216314.3,1275382.8,460710.1,115411.1,70412.3,63935.8,2,3,2,1,1,1,1059068.5,-814672.7000000001,-44998.8,-6476.5,650802.4,83253.06666666667,1059068.5,51475.3,0.13877633944569603,3,0,0,0
1275382.8,460710.1,1721.1,70412.3,63935.8,1493.3,3,2,0,1,1,0,-814672.7000000001,-458989.0,-6476.5,-62442.5,579271.3333333334,45280.46666666667,1273661.7,68919.0,0.86713895824865,1,22,0,0
460710.1,1721.1,545.9,63935.8,1493.3,3265.6,2,0,0,1,0,0,-458989.0,-1175.1999999999998,-62442.5,1772.3,154325.69999999998,22898.233333333337,460164.19999999995,62442.5,5.971109892119218,1,22,1,1
1721.1,545.9,135158.3,1493.3,3265.6,106834.9,0,0,1,0,0,1,-1175.1999999999998,134612.4,1772.3,103569.29999999999,45808.43333333333,37197.93333333333,134612.4,105341.59999999999,0.7904369140710259,5,4,2,0
545.9,135158.3,278532.5,3265.6,106834.9,9776.8,0,1,2,0,1,0,134612.4,143374.2,103569.29999999999,-97058.09999999999,138078.9,39959.1,277986.6,103569.29999999999,0.03510098426221621,2,6,3,0
135158.3,278532.5,892788.7,106834.9,9776.8,8100.4,1,2,3,1,0,0,143374.2,614256.2,-97058.09999999999,-1676.3999999999996,435493.1666666667,41570.7,757630.3999999999,98734.5,0.00907313334820059,3,0,1,1
278532.5,892788.7,158811.5,9776.8,8100.4,56232.7,2,3,1,0,0,1,614256.2,-733977.2,-1676.3999999999996,48132.299999999996,443377.56666666665,24703.3,733977.2,48132.299999999996,0.3540823297914207,5,19,2,0
892788.7,158811.5,602565.8,8100.4,56232.7,23578.2,3,1,2,0,1,0,-733977.2,443754.30000000005,48132.299999999996,-32654.499999999996,551388.6666666666,29303.766666666666,733977.2,48132.299999999996,0.039129603555987484,3,0,2,1
158811.5,602565.8,230438.8,56232.7,23578.2,96923.5,1,2,2,1,0,1,443754.30000000005,-372127.00000000006,-32654.499999999996,73345.3,330605.3666666667,58911.46666666667,443754.30000000005,73345.3,0.4206022570753837,3,0,0,0
602565.8,230438.8,1297.5,23578.2,96923.5,2479.2,2,2,0,0,1,0,-372127.00000000006,-229141.3,73345.3,-94444.3,278100.7,40993.63333333333,601268.3,94444.3,1.9092799383904504,5,22,2,0
230438.8,1297.5,223640.2,96923.5,2479.2,2593.2,2,0,2,1,0,0,-229141.3,222342.7,-94444.3,114.0,151792.16666666666,33998.63333333333,229141.3,94444.3,0.011595358994675398,2,6,2,0
1297.5,223640.2,374708.1,2479.2,2593.2,31942.4,0,2,2,0,0,0,222342.7,151067.89999999997,114.0,29349.2,199881.93333333335,12338.266666666668,373410.6,29463.2,0.08524586138954192,3,0,0,0
223640.2,374708.1,1469.6,2593.2,31942.4,3386.2,2,2,0,0,0,0,151067.89999999997,-373238.5,29349.2,-28556.2,199939.30000000002,12640.599999999999,373238.5,29349.2,2.3025975792193663,1,22,0,0
374708.1,1469.6,2091.1,31942.4,3386.2,1245.7,2,0,0,0,0,0,-373238.5,621.5,-28556.2,-2140.5,126089.59999999998,12191.433333333332,373238.5,30696.7,0.5954304287557957,1,22,0,0
1469.6,2091.1,1302.2,3386.2,1245.7,145.0,0,0,0,0,0,0,621.5,-788.8999999999999,-2140.5,-1100.7,1620.9666666666665,1592.3,788.8999999999999,3241.2,0.11126457949662369,5,22,1,1
2091.1,1302.2,143553.9,1245.7,145.0,166090.8,0,0,1,0,0,1,-788.8999999999999,142251.69999999998,-1100.7,165945.8,48982.399999999994,55827.166666666664,142251.69999999998,165945.8,1.156984540409279,5,19,0,0
1302.2,143553.9,3011.7,145.0,166090.8,1708.7,0,1,0,0,1,0,142251.69999999998,-140542.19999999998,165945.8,-164382.09999999998,49289.26666666667,55981.5,142251.69999999998,165945.8,0.5671656653500183,1,22,0,0
143553.9,3011.7,3972.0,166090.8,1708.7,801.3,1,0,0,1,0,0,-140542.19999999998,960.3000000000002,-164382.09999999998,-907.4000000000001,50179.200000000004,56200.26666666666,140542.19999999998,165289.5,0.20168638308582934,1,22,0,0
3011.7,3972.0,216.9,1708.7,801.3,526.2,0,0,0,0,0,0,960.3000000000002,-3755.1,-907.4000000000001,-275.0999999999999,2400.2,1012.0666666666666,3755.1,1182.5,2.414869206057825,1,22,0,0
3972.0,216.9,4012.6,801.3,526.2,2910.4,0,0,0,0,0,0,-3755.1,3795.7,-275.0999999999999,2384.2,2733.8333333333335,1412.6333333333332,3795.7,2384.2,0.725134542555312,1,22,2,1
216.9,4012.6,229970.3,526.2,2910.4,195810.8,0,0,2,0,0,1,3795.7,225957.69999999998,2384.2,192900.4,78066.59999999999,66415.8,229753.4,195284.59999999998,0.8514575514422886,5,19,2,1
4012.6,229970.3,318376.6,2910.4,195810.8,110696.3,0,2,2,0,1,1,225957.69999999998,88406.29999999999,192900.4,-85114.49999999999,184119.83333333334,103139.16666666667,314364.0,192900.4,0.34768871930688594,5,19,1,1
229970.3,318376.6,194388.0,195810.8,110696.3,81111.3,2,2,1,1,1,1,88406.29999999999,-123988.59999999998,-85114.49999999999,-29585.0,247578.29999999996,129206.13333333332,123988.59999999998,114699.49999999999,0.41726280808070415,3,0,3,1
318376.6,194388.0,965589.5,110696.3,81111.3,79506.7,2,1,3,1,1,1,-123988.59999999998,771201.5,-29585.0,-1604.6000000000058,492784.7,90438.09999999999,771201.5,31189.600000000006,0.08233997745421066,3,0,1,0
194388.0,965589.5,195649.1,81111.3,79506.7,24517.3,1,3,1,1,1,0,771201.5,-769940.4,-1604.6000000000058,-54989.399999999994,451875.5333333334,61711.76666666666,771201.5,56594.0,0.1253119727513556,3,2,2,1
965589.5,195649.1,285636.1,79506.7,24517.3,52696.1,3,1,2,1,0,1,-769940.4,89986.99999999997,-54989.399999999994,28178.8,482291.5666666667,52240.03333333333,769940.4,54989.399999999994,0.18448618894394322,5,4,1,1
195649.1,285636.1,164348.9,24517.3,52696.1,131345.4,1,2,1,0,1,1,89986.99999999997,-121287.19999999998,28178.8,78649.29999999999,215211.36666666667,69519.59999999999,121287.19999999998,106828.09999999999,0.7991815023921524,5,19,0,1
285636.1,164348.9,27789.1,52696.1,131345.4,145901.5,2,1,0,1,1,1,-121287.19999999998,-136559.8,78649.29999999999,14556.100000000006,159258.03333333333,109981.0,257846.99999999997,93205.4,5.250125044530247,5,4,0,0
164348.9,27789.1,328.4,131345.4,145901.5,1209.0,1,0,0,1,1,0,-136559.8,-27460.699999999997,14556.100000000006,-144692.5,64155.46666666667,92818.63333333335,164020.5,144692.5,3.6703096539162114,5,22,0,0
27789.1,328.4,43511.7,145901.5,1209.0,37389.1,0,0,0,1,0,0,-27460.699999999997,43183.299999999996,-144692.5,36180.1,23876.399999999998,61499.86666666667,43183.299999999996,144692.5,0.8592686732838919,2,6,1,1
328.4,43511.7,120274.0,1209.0,37389.1,59348.5,0,0,1,0,0,1,43183.299999999996,76762.3,36180.1,21959.4,54704.700000000004,32648.86666666667,119945.6,58139.5,0.4934400332571191,5,4,0,0
43511.7,120274.0,1625.2,37389.1,59348.5,2234.6,0,1,0,0,1,0,76762.3,-118648.8,21959.4,-57113.9,55136.966666666674,32990.73333333334,118648.8,57113.9,1.3741237240191857,1,22,2,1
120274.0,1625.2,277409.6,59348.5,2234.6,160418.9,1,0,2,1,0,1,-118648.8,275784.39999999997,-57113.9,158184.3,133102.93333333332,74000.66666666667,275784.39999999997,158184.3,0.5782724236204385,5,19,1,0
1625.2,277409.6,199481.0,2234.6,160418.9,23447.3,0,2,1,0,1,0,275784.39999999997,-77928.59999999998,158184.3,-136971.6,159505.26666666666,62033.6,275784.39999999997,158184.3,0.11754093101131931,2,6,0,0
277409.6,199481.0,1273.5,160418.9,23447.3,975.7,2,1,0,1,0,0,-77928.59999999998,-198207.5,-136971.6,-22471.6,159388.03333333333,61613.96666666667,276136.1,159443.19999999998,0.7655551196547666,1,22,0,1
199481.0,1273.5,48957.4,23447.3,975.7,99938.6,1,0,0,0,0,1,-198207.5,47683.9,-22471.6,98962.90000000001,83237.3,41453.86666666667,198207.5,98962.90000000001,2.041296284192294,5,4,0,1
1273.5,48957.4,49981.5,975.7,99938.6,67255.7,0,0,0,0,1,1,47683.9,1024.0999999999985,98962.90000000001,-32682.90000000001,33404.13333333333,56056.666666666664,48708.0,98962.90000000001,1.345584954734157,5,4,0,0
48957.4,49981.5,645.3,99938.6,67255.7,2078.1,0,0,0,1,1,0,1024.0999999999985,-49336.2,-32682.90000000001,-65177.6,33194.73333333333,56424.13333333333,49336.2,97860.5,3.2153798545567076,1,22,3,0
49981.5,645.3,1265558.0,67255.7,2078.1,42126.0,0,0,3,1,0,0,-49336.2,1264912.7,-65177.6,40047.9,438728.26666666666,37153.26666666667,1264912.7,65177.6,0.03328647656885218,3,0,1,0
645.3,1265558.0,81837.6,2078.1,42126.0,11989.7,0,3,1,0,0,0,1264912.7,-1183720.4,40047.9,-30136.3,449346.96666666673,18731.266666666666,1264912.7,40047.9,0.1465042168365539,3,0,0,0
1265558.0,81837.6,397.6,42126.0,11989.7,2093.3,3,1,0,0,0,0,-1183720.4,-81440.0,-30136.3,-9896.400000000001,449264.4000000001,18736.333333333332,1265160.4,40032.7,5.251630707476167,1,22,2,1
81837.6,397.6,504698.2,11989.7,2093.3,91288.7,1,0,2,0,0,1,-81440.0,504300.60000000003,-9896.400000000001,89195.4,195644.46666666667,35123.9,504300.60000000003,89195.4,0.18087744145423648,3,0,0,0
397.6,504698.2,923.6,2093.3,91288.7,100.2,0,2,0,0,1,0,504300.60000000003,-503774.60000000003,89195.4,-91188.5,168673.13333333333,31160.733333333334,504300.60000000003,91188.5,0.10837118754055808,1,22,2,1
504698.2,923.6,207207.0,91288.7,100.2,127231.1,2,0,2,1,0,1,-503774.60000000003,206283.4,-91188.5,127130.90000000001,237609.6,72873.33333333333,503774.60000000003,127130.90000000001,0.6140260028570326,5,19,2,1
923.6,207207.0,342052.2,100.2,127231.1,198841.8,0,2,2,0,1,1,206283.4,134845.2,127130.90000000001,71610.69999999998,183394.2666666667,108724.36666666665,341128.60000000003,198741.59999999998,0.5813183446317707,5,19,3,1
207207.0,342052.2,940307.2,127231.1,198841.8,56915.9,2,2,3,1,1,1,134845.2,598255.0,71610.69999999998,-141925.9,496522.1333333333,127662.93333333335,733100.2,141925.9,0.0605289840075839,3,0,2,1
342052.2,940307.2,264760.0,198841.8,56915.9,186417.9,2,3,2,1,1,1,598255.0,-675547.2,-141925.9,129502.0,515706.4666666666,147391.86666666667,675547.2,141925.9,0.7040987909850771,5,19,0,0
940307.2,264760.0,29753.2,56915.9,186417.9,19262.1,3,2,0,1,1,0,-675547.2,-235006.8,129502.0,-167155.8,411606.8,87531.96666666666,910554.0,167155.8,0.6473741522205267,5,19,2,1
264760.0,29753.2,270901.7,186417.9,19262.1,87353.1,2,0,2,1,0,1,-235006.8,241148.5,-167155.8,68091.0,188471.63333333333,97677.7,241148.5,167155.8,0.3224519356949931,3,0,1,1
29753.2,270901.7,91596.1,19262.1,87353.1,75594.8,0,2,1,0,1,1,241148.5,-179305.6,68091.0,-11758.300000000003,130750.33333333333,60736.666666666664,241148.5,68091.0,0.8252968707524583,5,19,2,1
270901.7,91596.1,260155.5,87353.1,75594.8,188871.9,2,1,2,1,1,1,-179305.6,168559.4,-11758.300000000003,113277.09999999999,207551.1,117273.26666666668,179305.6,113277.09999999999,0.725993392438782,5,19,1,1
91596.1,260155.5,178919.7,75594.8,188871.9,191347.4,1,2,1,1,1,1,168559.4,-81235.79999999999,113277.09999999999,2475.5,176890.43333333335,151938.03333333333,168559.4,115752.59999999999,1.0694536741696181,5,19,3,0
260155.5,178919.7,849670.8,188871.9,191347.4,32960.5,2,1,3,1,1,0,-81235.79999999999,670751.1000000001,2475.5,-158386.9,429582.0,137726.6,670751.1000000001,158386.9,0.03879203711362434,3,0,1,0
178919.7,849670.8,151261.5,191347.4,32960.5,41987.2,1,3,1,1,0,0,670751.1000000001,-698409.3,-158386.9,9026.699999999997,393284.0,88765.03333333333,698409.3,158386.9,0.27757838195190476,2,6,2,0
849670.8,151261.5,329928.6,32960.5,41987.2,21431.2,3,1,2,0,0,0,-698409.3,178667.09999999998,9026.699999999997,-20555.999999999996,443620.3,32126.3,698409.3,20555.999999999996,0.06495688777242176,3,0,2,1
151261.5,329928.6,268448.2,41987.2,21431.2,67000.3,1,2,2,0,0,1,178667.09999999998,-61480.399999999965,-20555.999999999996,45569.100000000006,249879.43333333335,43472.9,178667.09999999998,45569.100000000006,0.2495827888479459,5,4,3,1
329928.6,268448.2,896290.0,21431.2,67000.3,77812.6,2,2,3,0,1,1,-61480.399999999965,627841.8,45569.100000000006,10812.300000000003,498222.26666666666,55414.700000000004,627841.8,56381.40000000001,0.08681622374876018,3,0,3,1
268448.2,896290.0,1201444.3,67000.3,77812.6,95607.4,2,3,3,1,1,1,627841.8,305154.30000000005,10812.300000000003,17794.79999999999,788727.5,80140.1,932996.1000000001,28607.09999999999,0.07957698948091935,3,0,3,0
896290.0,1201444.3,1330143.1,77812.6,95607.4,45255.0,3,3,3,1,1,0,305154.30000000005,128698.80000000005,17794.79999999999,-50352.399999999994,1142625.8,72891.66666666667,433853.1000000001,50352.399999999994,0.034022629578253964,3,0,2,0
1201444.3,1330143.1,245688.2,95607.4,45255.0,50587.1,3,3,2,1,0,0,128698.80000000005,-1084454.9000000001,-50352.399999999994,5332.0999999999985,925758.5333333336,63816.5,1084454.9000000001,50352.399999999994,0.20589875338435712,2,6,1,1
1330143.1,245688.2,140207.6,45255.0,50587.1,119921.3,3,2,1,0,0,1,-1084454.9000000001,-105480.6,5332.0999999999985,69334.20000000001,572012.9666666667,71921.13333333335,1189935.5,74666.3,0.8553063078869627,5,4,3,0
245688.2,140207.6,967412.8,50587.1,119921.3,11105.3,2,1,3,0,1,0,-105480.6,827205.2000000001,69334.20000000001,-108816.0,451102.8666666667,60537.899999999994,827205.2000000001,108816.0,0.011479369014583003,3,0,0,1
140207.6,967412.8,31140.8,119921.3,11105.3,109601.0,1,3,0,1,0,1,827205.2000000001,-936272.0,-108816.0,98495.7,379587.0666666667,80209.2,936272.0,108816.0,3.5194176316076784,5,19,1,1
967412.8,31140.8,102172.6,11105.3,109601.0,167937.0,3,0,1,0,1,1,-936272.0,71031.8,98495.7,58336.0,366908.7333333334,96214.43333333333,936272.0,156831.7,1.6436437592489643,5,4,2,1
31140.8,102172.6,290240.7,109601.0,167937.0,80166.9,0,1,2,1,1,1,71031.8,188068.1,58336.0,-87770.1,141184.69999999998,119234.96666666667,259099.90000000002,87770.1,0.27620738164088754,5,4,1,1
102172.6,290240.7,79368.4,167937.0,80166.9,74696.0,1,2,1,1,1,1,188068.1,-210872.30000000002,-87770.1,-5470.899999999994,157260.56666666668,107599.96666666667,210872.30000000002,93241.0,0.9411183655161813,5,19,0,0
290240.7,79368.4,1808.0,80166.9,74696.0,409.6,2,1,0,1,1,0,-210872.30000000002,-77560.4,-5470.899999999994,-74286.4,123805.7,51757.5,288432.7,79757.29999999999,0.22642343836373688,1,22,1,1
79368.4,1808.0,124150.0,74696.0,409.6,159210.2,1,0,1,1,0,1,-77560.4,122342.0,-74286.4,158800.6,68442.13333333333,78105.26666666668,122342.0,158800.6,1.2823916037728251,5,4,1,0
1808.0,124150.0,125134.4,409.6,159210.2,17016.7,0,1,1,0,1,0,122342.0,984.3999999999942,158800.6,-142193.5,83697.46666666666,58878.83333333334,123326.4,158800.6,0.1359862996402297,5,19,3,1
124150.0,125134.4,724796.1,159210.2,17016.7,80547.7,1,1,3,1,0,1,984.3999999999942,599661.7,-142193.5,63531.0,324693.5,85591.53333333334,600646.1,142193.5,0.11113137731925252,3,0,0,0
125134.4,724796.1,2895.9,17016.7,80547.7,1665.2,1,3,0,0,1,0,599661.7,-721900.2,63531.0,-78882.5,284275.4666666667,33076.53333333333,721900.2,78882.5,0.5748213607649556,1,22,1,0
724796.1,2895.9,167633.5,80547.7,1665.2,34040.2,3,0,1,1,0,0,-721900.2,164737.6,-78882.5,32374.999999999996,298441.8333333333,38751.03333333333,721900.2,78882.5,0.2030620188565003,5,4,2,1
2895.9,167633.5,220608.4,1665.2,34040.2,178421.6,0,1,2,0,0,1,164737.6,52974.899999999994,32374.999999999996,144381.40000000002,130379.26666666666,71375.66666666667,217712.5,176756.4,0.8087669881700418,5,19,0,1
167633.5,220608.4,40950.8,34040.2,178421.6,71949.8,1,2,0,0,1,1,52974.899999999994,-179657.59999999998,144381.40000000002,-106471.8,143064.23333333334,94803.86666666665,179657.59999999998,144381.40000000002,1.7569386449435678,3,2,3,0
220608.4,40950.8,1146491.7,178421.6,71949.8,35189.4,2,0,3,1,1,0,-179657.59999999998,1105540.9,-106471.8,-36760.4,469350.3,95186.93333333335,1105540.9,143232.2,0.0306930868377967,3,0,2,1
40950.8,1146491.7,335828.7,71949.8,35189.4,81258.9,0,3,2,1,0,1,1105540.9,-810663.0,-36760.4,46069.49999999999,507757.06666666665,62799.36666666667,1105540.9,46069.49999999999,0.24196460289247793,3,0,3,0
1146491.7,335828.7,1485876.6,35189.4,81258.9,45017.5,3,2,3,0,1,0,-810663.0,1150047.9000000001,46069.49999999999,-36241.399999999994,989399.0,53821.93333333333,1150047.9000000001,46069.49999999999,0.03029691005504087,3,0,1,1
335828.7,1485876.6,76476.1,81258.9,45017.5,75471.8,2,3,1,1,0,1,1150047.9000000001,-1409400.5,-36241.399999999994,30454.300000000003,632727.1333333334,67249.40000000001,1409400.5,36241.399999999994,0.9868548885875641,5,19,3,0
1485876.6,76476.1,885800.0,45017.5,75471.8,32078.5,3,1,3,0,1,0,-1409400.5,809323.9,30454.300000000003,-43393.3,816050.9,50855.93333333333,1409400.5,43393.3,0.0362141158115649,3,0,2,1
76476.1,885800.0,259708.9,75471.8,32078.5,197771.6,1,3,2,1,0,1,809323.9,-626091.1,-43393.3,165693.1,407328.3333333333,101773.96666666667,809323.9,165693.1,0.7615096690576678,5,4,0,0
