down_t1,down_t2,down_t3,up_t1,up_t2,up_t3,down_class_t1,down_class_t2,down_class_t3,up_class_t1,up_class_t2,up_class_t3,down_delta1,down_delta2,up_delta1,up_delta2,avg_down,avg_up,burst_down,burst_up,ratio,priority,protocol,next_down_class,next_up_class
233913.4,101135.2,995744.3,90518.5,18426.5,33530.4,2,1,3,1,0,0,-132778.2,894609.1000000001,-72092.0,15103.900000000001,443597.6333333333,47491.799999999996,894609.1000000001,72092.0,0.033673671369576136,3,0,0,0
101135.2,995744.3,3879.7,18426.5,33530.4,3136.8,1,3,0,0,0,0,894609.1000000001,-991864.6000000001,15103.900000000001,-30393.600000000002,366919.73333333334,18364.56666666667,991864.6000000001,30393.600000000002,0.8083077795243128,1,22,2,1
995744.3,3879.7,364908.3,33530.4,3136.8,57410.8,3,0,2,0,0,1,-991864.6000000001,361028.6,-30393.600000000002,54274.0,454844.10000000003,31359.333333333332,991864.6000000001,54274.0,0.15732895818221132,3,0,2,1
3879.7,364908.3,607221.2,3136.8,57410.8,54162.6,0,2,2,0,1,1,361028.6,242312.89999999997,54274.0,-3248.2000000000044,325336.39999999997,38236.73333333334,603341.5,54274.0,0.08919733171810912,3,0,3,1
364908.3,607221.2,692321.5,57410.8,54162.6,70927.1,2,2,3,1,1,1,242312.89999999997,85100.30000000005,-3248.2000000000044,16764.500000000007,554817.0,60833.5,327413.2,16764.500000000007,0.10244806430529126,3,0,1,0
607221.2,692321.5,201763.1,54162.6,70927.1,23319.0,2,3,1,1,1,0,85100.30000000005,-490558.4,16764.500000000007,-47608.100000000006,500435.26666666666,49469.56666666667,490558.4,47608.100000000006,0.1155755657225443,2,6,0,0
692321.5,201763.1,2297.1,70927.1,23319.0,552.0,3,1,0,1,0,0,-490558.4,-199466.0,-47608.100000000006,-22767.0,298793.89999999997,31599.36666666667,690024.4,70375.1,0.24019842478569253,1,22,2,0
201763.1,2297.1,238920.5,23319.0,552.0,19835.7,1,0,2,0,0,0,-199466.0,236623.4,-22767.0,19283.7,147660.23333333334,14568.9,236623.4,22767.0,0.0830218293456219,3,2,1,1
2297.1,238920.5,151202.3,552.0,19835.7,70102.3,0,2,1,0,0,1,236623.4,-87718.20000000001,19283.7,50266.600000000006,130806.63333333335,30163.333333333332,236623.4,69550.3,0.46362943136823076,3,2,3,0
238920.5,151202.3,1400316.1,19835.7,70102.3,35040.4,2,1,3,0,1,0,-87718.20000000001,1249113.8,50266.600000000006,-35061.9,596812.9666666667,41659.46666666667,1249113.8,50266.600000000006,0.025023189390460204,3,0,0,0
151202.3,1400316.1,30810.1,70102.3,35040.4,14759.3,1,3,0,1,0,0,1249113.8,-1369506.0,-35061.9,-20281.100000000002,527442.8333333334,39967.333333333336,1369506.0,55343.0,0.47902541616495353,2,7,1,1
1400316.1,30810.1,141714.1,35040.4,14759.3,121239.9,3,0,1,0,0,1,-1369506.0,110904.0,-20281.100000000002,106480.59999999999,524280.1000000001,57013.19999999999,1369506.0,106480.59999999999,0.8555185721211077,5,4,1,1
30810.1,141714.1,62569.6,14759.3,121239.9,86913.7,0,1,1,0,1,1,110904.0,-79144.5,106480.59999999999,-34326.2,78364.6,74304.29999999999,110904.0,106480.59999999999,1.3890501289743107,3,0,3,0
141714.1,62569.6,1286271.3,121239.9,86913.7,34762.9,1,1,3,1,1,0,-79144.5,1223701.7,-34326.2,-52150.799999999996,496851.6666666667,80972.16666666666,1223701.7,86477.0,0.027026081491454027,3,0,0,0
62569.6,1286271.3,226.9,86913.7,34762.9,146.0,1,3,0,1,0,0,1223701.7,-1286044.4000000001,-52150.799999999996,-34616.9,449689.26666666666,40607.53333333333,1286044.4000000001,86767.7,0.6406318560772268,1,22,3,0
1286271.3,226.9,1268983.8,34762.9,146.0,39479.3,3,0,3,0,0,0,-1286044.4000000001,1268756.9000000001,-34616.9,39333.3,851827.3333333334,24796.06666666667,1286044.4000000001,39333.3,0.031110932140400737,3,0,0,0
226.9,1268983.8,2375.4,146.0,39479.3,2501.9,0,3,0,0,0,0,1268756.9000000001,-1266608.4000000001,39333.3,-36977.4,423862.03333333327,14042.400000000001,1268756.9000000001,39333.3,1.0528109745834036,1,22,2,0
1268983.8,2375.4,217008.9,39479.3,2501.9,26730.6,3,0,2,0,0,0,-1266608.4000000001,214633.5,-36977.4,24228.699999999997,496122.69999999995,22903.933333333334,1266608.4000000001,36977.4,0.12317686888939168,3,2,3,1
2375.4,217008.9,864737.0,2501.9,26730.6,90577.6,0,2,3,0,0,1,214633.5,647728.1,24228.699999999997,63847.00000000001,361373.76666666666,39936.700000000004,862361.6,88075.70000000001,0.1047457148870525,3,0,3,1
217008.9,864737.0,652019.5,26730.6,90577.6,55569.0,2,3,3,0,1,1,647728.1,-212717.5,63847.00000000001,-35008.600000000006,577921.7999999999,57625.73333333334,647728.1,63847.00000000001,0.08522584796030186,3,0,1,1
864737.0,652019.5,64318.5,90577.6,55569.0,117179.4,3,3,1,1,1,1,-212717.5,-587701.0,-35008.600000000006,61610.399999999994,527025.0,87775.33333333333,800418.5,61610.399999999994,1.821833192111257,5,19,2,1
652019.5,64318.5,295324.8,55569.0,117179.4,56747.3,3,1,2,1,1,1,-587701.0,231006.3,61610.399999999994,-60432.09999999999,337220.93333333335,76498.56666666667,587701.0,61610.399999999994,0.19215151537725456,3,2,0,0
64318.5,295324.8,976.8,117179.4,56747.3,541.2,1,2,0,1,1,0,231006.3,-294348.0,-60432.09999999999,-56206.100000000006,120206.7,58155.966666666674,294348.0,116638.2,0.5534874207404378,1,22,3,1
295324.8,976.8,695110.6,56747.3,541.2,76789.0,2,0,3,1,0,1,-294348.0,694133.7999999999,-56206.100000000006,76247.8,330470.73333333334,44692.5,694133.7999999999,76247.8,0.11047003099933882,3,0,2,0
976.8,695110.6,602376.3,541.2,76789.0,41040.1,0,3,2,0,1,0,694133.7999999999,-92734.29999999993,76247.8,-35748.9,432821.2333333334,39456.76666666666,694133.7999999999,76247.8,0.06813022336665076,3,0,1,1
695110.6,602376.3,78933.5,76789.0,41040.1,70371.5,3,2,1,1,0,1,-92734.29999999993,-523442.80000000005,-35748.9,29331.4,458806.8,62733.53333333333,616177.1,35748.9,0.8915176507103991,3,0,0,0
602376.3,78933.5,4656.8,41040.1,70371.5,2945.2,2,1,0,0,1,0,-523442.80000000005,-74276.7,29331.4,-67426.3,228655.53333333335,38118.933333333334,597719.5,67426.3,0.6323156855167675,1,22,3,1
78933.5,4656.8,1346282.7,70371.5,2945.2,97178.2,1,0,3,1,0,1,-74276.7,1341625.9,-67426.3,94233.0,476624.3333333333,56831.63333333333,1341625.9,94233.0,0.0721825570643097,3,0,0,0
4656.8,1346282.7,28555.8,2945.2,97178.2,17735.0,0,3,0,0,1,0,1341625.9,-1317726.9,94233.0,-79443.2,459831.76666666666,39286.13333333333,1341625.9,94233.0,0.6210429740026894,2,7,0,0
1346282.7,28555.8,4443.8,97178.2,17735.0,368.7,3,0,0,1,0,0,-1317726.9,-24112.0,-79443.2,-17366.3,459760.76666666666,38427.299999999996,1341838.9,96809.5,0.08295086393088552,1,22,2,0
28555.8,4443.8,485151.6,17735.0,368.7,42393.5,0,0,2,0,0,0,-24112.0,480707.8,-17366.3,42024.8,172717.06666666665,20165.733333333334,480707.8,42024.8,0.08738178461787076,3,0,3,1
4443.8,485151.6,1489700.4,368.7,42393.5,80141.9,0,2,3,0,0,1,480707.8,1004548.7999999999,42024.8,37748.399999999994,659765.2666666666,40968.03333333333,1485256.5999999999,79773.2,0.05379729118869057,3,0,2,0
485151.6,1489700.4,385398.5,42393.5,80141.9,35466.4,2,3,2,0,1,0,1004548.7999999999,-1104301.9,37748.399999999994,-44675.49999999999,786750.1666666666,52667.26666666666,1104301.9,44675.49999999999,0.09202502857424569,3,3,0,0
1489700.4,385398.5,3800.2,80141.9,35466.4,340.9,3,2,0,1,0,0,-1104301.9,-381598.3,-44675.49999999999,-35125.5,626299.7,38649.73333333333,1485900.2,79801.0,0.08968220561927812,1,22,2,0
385398.5,3800.2,243808.9,35466.4,340.9,17951.8,2,0,2,0,0,0,-381598.3,240008.69999999998,-35125.5,17610.899999999998,211002.53333333333,17919.7,381598.3,35125.5,0.07363031607822323,5,19,0,0
3800.2,243808.9,435.2,340.9,17951.8,160.2,0,2,0,0,0,0,240008.69999999998,-243373.69999999998,17610.899999999998,-17791.6,82681.43333333333,6150.966666666667,243373.69999999998,17791.6,0.3672627235213205,1,22,1,1
243808.9,435.2,54564.2,17951.8,160.2,52833.2,2,0,1,0,0,1,-243373.69999999998,54129.0,-17791.6,52673.0,99602.76666666666,23648.399999999998,243373.69999999998,52673.0,0.9682581572137553,5,4,2,0
435.2,54564.2,276459.0,160.2,52833.2,41720.7,0,1,2,0,1,0,54129.0,221894.8,52673.0,-11112.5,110486.13333333335,31571.366666666665,276023.8,52673.0,0.15091043912320046,3,2,0,0
54564.2,276459.0,80.5,52833.2,41720.7,213.9,1,2,0,1,0,0,221894.8,-276378.5,-11112.5,-41506.799999999996,110367.90000000001,31589.266666666663,276378.5,52619.299999999996,2.6245398773006134,1,22,1,0
276459.0,80.5,137434.7,41720.7,213.9,35770.1,2,0,1,0,0,0,-276378.5,137354.2,-41506.799999999996,35556.2,137991.4,25901.566666666666,276378.5,41506.799999999996,0.2602678925490247,2,6,3,1
80.5,137434.7,1137496.6,213.9,35770.1,77177.7,0,1,3,0,0,1,137354.2,1000061.9000000001,35556.2,41407.6,425003.93333333335,37720.566666666666,1137416.1,76963.8,0.06784867062576659,3,0,0,0
137434.7,1137496.6,42468.4,35770.1,77177.7,46345.6,1,3,0,0,1,0,1000061.9000000001,-1095028.2000000002,41407.6,-30832.1,439133.23333333334,53097.799999999996,1095028.2000000002,41407.6,1.0912704205851742,3,2,3,1
1137496.6,42468.4,1468460.6,77177.7,46345.6,64296.1,3,0,3,1,0,1,-1095028.2000000002,1425992.2000000002,-30832.1,17950.5,882808.5333333333,62606.46666666667,1425992.2000000002,30832.1,0.04378466553023926,3,0,0,0
42468.4,1468460.6,174.9,46345.6,64296.1,1203.9,0,3,0,0,1,0,1425992.2000000002,-1468285.7000000002,17950.5,-63092.2,503701.3,37281.86666666666,1468285.7000000002,63092.2,6.844229675952246,1,22,0,0
1468460.6,174.9,398.6,64296.1,1203.9,57.7,3,0,0,1,0,0,-1468285.7000000002,223.70000000000002,-63092.2,-1146.2,489678.0333333334,21852.566666666666,1468285.7000000002,64238.4,0.1443943943943944,1,22,2,0
174.9,398.6,284805.3,1203.9,57.7,36885.3,0,0,2,0,0,0,223.70000000000002,284406.7,-1146.2,36827.600000000006,95126.26666666666,12715.633333333333,284630.39999999997,36827.600000000006,0.12951012670716908,3,3,0,0
398.6,284805.3,4297.4,57.7,36885.3,3179.7,0,2,0,0,0,0,284406.7,-280507.89999999997,36827.600000000006,-33705.600000000006,96500.43333333333,13374.233333333332,284406.7,36827.600000000006,0.7397403685092128,1,22,1,1
284805.3,4297.4,115796.0,36885.3,3179.7,75718.0,2,0,1,0,0,1,-280507.89999999997,111498.6,-33705.600000000006,72538.3,134966.23333333334,38594.333333333336,280507.89999999997,72538.3,0.6538856792490306,3,2,0,0
4297.4,115796.0,2254.3,3179.7,75718.0,1517.6,0,1,0,0,1,0,111498.6,-113541.7,72538.3,-74200.4,40782.566666666666,26805.100000000002,113541.7,74200.4,0.6729038265419234,1,22,2,1
115796.0,2254.3,274440.4,75718.0,1517.6,73664.5,1,0,2,1,0,1,-113541.7,272186.10000000003,-74200.4,72146.9,130830.23333333334,50300.03333333333,272186.10000000003,74200.4,0.268416135466442,2,6,3,0
2254.3,274440.4,1016022.8,1517.6,73664.5,35268.3,0,2,3,0,1,0,272186.10000000003,741582.4,72146.9,-38396.2,430905.8333333333,36816.8,1013768.5,72146.9,0.03471208056346712,3,0,1,1
274440.4,1016022.8,51787.1,73664.5,35268.3,65806.6,2,3,1,1,0,1,741582.4,-964235.7000000001,-38396.2,30538.300000000003,447416.7666666668,58246.466666666674,964235.7000000001,38396.2,1.2706895985757347,3,2,0,0
1016022.8,51787.1,562.0,35268.3,65806.6,418.4,3,1,0,0,1,0,-964235.7000000001,-51225.1,30538.300000000003,-65388.200000000004,356123.96666666673,33831.1,1015460.8,65388.200000000004,0.7431616341030195,1,22,0,1
51787.1,562.0,50431.8,65806.6,418.4,64513.7,1,0,0,1,0,1,-51225.1,49869.8,-65388.200000000004,64095.299999999996,34260.299999999996,43579.566666666666,51225.1,65388.200000000004,1.279201234117479,2,6,0,0
562.0,50431.8,4345.7,418.4,64513.7,236.7,0,0,0,0,1,0,49869.8,-46086.100000000006,64095.299999999996,-64277.0,18446.5,21722.93333333333,49869.8,64277.0,0.054455103871902825,1,22,3,1
50431.8,4345.7,1220130.1,64513.7,236.7,87665.2,0,0,3,1,0,1,-46086.100000000006,1215784.4000000001,-64277.0,87428.5,424969.2,50805.19999999999,1215784.4000000001,87428.5,0.07184900048855405,3,0,1,1
4345.7,1220130.1,63748.3,236.7,87665.2,130833.4,0,3,1,0,1,1,1215784.4000000001,-1156381.8,87428.5,43168.2,429408.0333333334,72911.76666666666,1215784.4000000001,130596.7,2.052311162632374,5,19,1,1
1220130.1,63748.3,102937.3,87665.2,130833.4,132909.2,3,1,1,1,1,1,-1156381.8,39189.0,43168.2,2075.8000000000175,462271.9000000001,117135.93333333333,1156381.8,45244.000000000015,1.291154021389512,5,4,0,0
63748.3,102937.3,708.0,130833.4,132909.2,663.5,1,1,0,1,1,0,39189.0,-102229.3,2075.8000000000175,-132245.7,55797.86666666667,88135.36666666665,102229.3,132245.7,0.9358251057827927,1,22,0,0
102937.3,708.0,878.1,132909.2,663.5,2263.6,1,0,0,1,0,0,-102229.3,170.10000000000002,-132245.7,1600.1,34841.13333333334,45278.76666666667,102229.3,132245.7,2.574906154021158,1,22,1,1
708.0,878.1,182970.6,663.5,2263.6,95382.2,0,0,1,0,0,1,170.10000000000002,182092.5,1600.1,93118.59999999999,61518.9,32769.76666666667,182262.6,94718.7,0.5212951080932778,3,0,3,0
878.1,182970.6,1197809.5,2263.6,95382.2,27142.2,0,1,3,0,1,0,182092.5,1014838.9,93118.59999999999,-68240.0,460552.73333333334,41596.0,1196931.4,93118.59999999999,0.02265984477511259,3,0,1,0
182970.6,1197809.5,165147.3,95382.2,27142.2,35438.5,1,3,1,1,0,0,1014838.9,-1032662.2,-68240.0,8296.3,515309.13333333336,52654.299999999996,1032662.2,68240.0,0.21458592065434523,3,0,1,0
1197809.5,165147.3,153292.4,27142.2,35438.5,19797.5,3,1,1,0,0,0,-1032662.2,-11854.899999999994,8296.3,-15641.0,505416.39999999997,27459.399999999998,1044517.1,15641.0,0.12914776500488606,3,2,0,0
165147.3,153292.4,3066.7,35438.5,19797.5,825.7,1,1,0,0,0,0,-11854.899999999994,-150225.69999999998,-15641.0,-18971.8,107168.79999999999,18687.233333333334,162080.59999999998,34612.8,0.26915930501678786,1,22,1,1
153292.4,3066.7,204467.0,19797.5,825.7,69470.6,1,0,1,0,0,1,-150225.69999999998,201400.3,-18971.8,68644.90000000001,120275.36666666665,30031.266666666666,201400.3,68644.90000000001,0.339762701253986,2,6,2,0
3066.7,204467.0,318145.4,825.7,69470.6,5599.8,0,1,2,0,1,0,201400.3,113678.40000000002,68644.90000000001,-63870.8,175226.3666666667,25298.7,315078.7,68644.90000000001,0.017601330708126823,3,0,2,0
204467.0,318145.4,336694.7,69470.6,5599.8,18669.8,1,2,2,1,0,0,113678.40000000002,18549.29999999999,-63870.8,13070.0,286435.7,31246.733333333337,132227.7,63870.8,0.0554500696029085,3,0,2,1
318145.4,336694.7,292362.6,5599.8,18669.8,144493.9,2,2,2,0,0,1,18549.29999999999,-44332.100000000035,13070.0,125824.09999999999,315734.23333333334,56254.5,44332.100000000035,138894.1,0.49422670948093406,5,19,0,0
336694.7,292362.6,395.5,18669.8,144493.9,642.4,2,2,0,0,1,0,-44332.100000000035,-291967.1,125824.09999999999,-143851.5,209817.6,54602.033333333326,336299.2,143851.5,1.6201765447667087,1,22,2,0
292362.6,395.5,297634.2,144493.9,642.4,14669.0,2,0,2,1,0,0,-291967.1,297238.7,-143851.5,14026.6,196797.43333333335,53268.43333333333,297238.7,143851.5,0.049285165195514506,2,6,2,1
395.5,297634.2,245077.1,642.4,14669.0,62147.6,0,2,2,0,0,1,297238.7,-52557.100000000006,14026.6,47478.6,181035.6,25819.666666666668,297238.7,61505.2,0.2535828374709939,3,3,1,0
297634.2,245077.1,99912.8,14669.0,62147.6,36989.2,2,2,1,0,1,0,-52557.100000000006,-145164.3,47478.6,-25158.4,214208.03333333335,37935.26666666667,197721.40000000002,47478.6,0.3702111219871529,3,2,0,0
245077.1,99912.8,3685.2,62147.6,36989.2,2676.2,2,1,0,1,0,0,-145164.3,-96227.6,-25158.4,-34313.0,116225.03333333334,33937.666666666664,241391.9,59471.4,0.7260051001030872,1,22,2,0
99912.8,3685.2,387892.8,36989.2,2676.2,28908.5,1,0,2,0,0,0,-96227.6,384207.6,-34313.0,26232.3,163830.26666666666,22857.966666666664,384207.6,34313.0,0.07452684214081277,3,3,0,0
3685.2,387892.8,352.1,2676.2,28908.5,282.1,0,2,0,0,0,0,384207.6,-387540.7,26232.3,-28626.4,130643.36666666665,10622.266666666666,387540.7,28626.4,0.7989238176154064,1,22,2,0
387892.8,352.1,221209.7,28908.5,282.1,50347.9,2,0,2,0,0,0,-387540.7,220857.6,-28626.4,50065.8,203151.53333333333,26512.833333333332,387540.7,50065.8,0.22760155815247635,2,6,0,0
352.1,221209.7,427.4,282.1,50347.9,3833.9,0,2,0,0,0,0,220857.6,-220782.30000000002,50065.8,-46514.0,73996.40000000001,18154.633333333335,220857.6,50065.8,8.94934640522876,1,22,0,0
221209.7,427.4,146.8,50347.9,3833.9,2258.4,2,0,0,0,0,0,-220782.30000000002,-280.59999999999997,-46514.0,-1575.5,73927.96666666666,18813.4,221062.90000000002,48089.5,15.280108254397835,1,22,3,1
427.4,146.8,902801.0,3833.9,2258.4,92051.7,0,0,3,0,0,1,-280.59999999999997,902654.2,-1575.5,89793.3,301125.06666666665,32714.666666666668,902654.2,89793.3,0.10196222427509022,3,0,2,1
146.8,902801.0,205918.8,2258.4,92051.7,54899.3,0,3,2,0,1,1,902654.2,-696882.2,89793.3,-37152.399999999994,369622.2,49736.46666666667,902654.2,89793.3,0.2666052511706014,2,6,2,1
902801.0,205918.8,430534.1,92051.7,54899.3,84773.9,3,2,2,1,1,1,-696882.2,224615.3,-37152.399999999994,29874.59999999999,513084.6333333333,77241.63333333333,696882.2,37152.399999999994,0.1969035741801307,3,0,2,0
205918.8,430534.1,227813.9,54899.3,84773.9,41033.7,2,2,2,1,1,0,224615.3,-202720.19999999998,29874.59999999999,-43740.2,288088.9333333333,60235.63333333334,224615.3,43740.2,0.1801185962814548,3,2,2,0
430534.1,227813.9,233755.5,84773.9,41033.7,28510.6,2,2,2,1,0,0,-202720.19999999998,5941.600000000006,-43740.2,-12523.099999999999,297367.8333333333,51439.399999999994,202720.19999999998,56263.299999999996,0.12196708968520661,3,2,0,0
227813.9,233755.5,40.5,41033.7,28510.6,118.7,2,2,0,0,0,0,5941.600000000006,-233715.0,-12523.099999999999,-28391.899999999998,153869.96666666667,23220.999999999996,233715.0,40915.0,2.860240963855422,1,22,2,0
233755.5,40.5,561697.7,28510.6,118.7,49169.8,2,0,2,0,0,0,-233715.0,561657.2,-28391.899999999998,49051.100000000006,265164.56666666665,25933.033333333336,561657.2,49051.100000000006,0.08753767811817974,3,0,2,1
40.5,561697.7,278564.9,118.7,49169.8,68486.1,0,2,2,0,0,1,561657.2,-283132.79999999993,49051.100000000006,19316.300000000003,280101.0333333333,39258.200000000004,561657.2,68367.40000000001,0.2458524176864433,3,2,0,0
561697.7,278564.9,4904.4,49169.8,68486.1,7243.2,2,2,0,0,1,0,-283132.79999999993,-273660.5,19316.300000000003,-61242.90000000001,281722.3333333333,41633.03333333333,556793.2999999999,61242.90000000001,1.4765768336934808,5,18,1,1
278564.9,4904.4,59783.2,68486.1,7243.2,61291.4,2,0,1,1,0,1,-273660.5,54878.799999999996,-61242.90000000001,54048.200000000004,114417.50000000001,45673.56666666667,273660.5,61242.90000000001,1.025210674392231,3,2,0,0
4904.4,59783.2,26854.3,7243.2,61291.4,15457.4,0,1,0,0,1,0,54878.799999999996,-32928.899999999994,54048.200000000004,-45834.0,30513.966666666664,27997.333333333332,54878.799999999996,54048.200000000004,0.5755809840143287,3,2,2,1
59783.2,26854.3,296979.8,61291.4,15457.4,51311.1,1,0,2,1,0,1,-32928.899999999994,270125.5,-45834.0,35853.7,127872.43333333333,42686.63333333333,270125.5,45834.0,0.172775815810315,2,6,0,1
26854.3,296979.8,23906.0,15457.4,51311.1,64353.1,0,2,0,0,1,1,270125.5,-273073.8,35853.7,13042.0,115913.36666666665,43707.200000000004,273073.8,48895.7,2.691809930145982,3,2,1,1
296979.8,23906.0,85656.4,51311.1,64353.1,61329.0,2,0,1,1,1,1,-273073.8,61750.399999999994,13042.0,-3024.0999999999985,135514.06666666665,58997.73333333334,273073.8,13042.0,0.7159801721742663,3,3,1,0
23906.0,85656.4,187527.0,64353.1,61329.0,42172.7,0,1,1,1,1,0,61750.399999999994,101870.6,-3024.0999999999985,-19156.300000000003,99029.8,55951.6,163621.0,22180.4,0.22488748346913526,3,0,2,0
85656.4,187527.0,539107.1,61329.0,42172.7,7059.7,1,1,2,1,0,0,101870.6,351580.1,-19156.300000000003,-35113.0,270763.5,36853.799999999996,453450.69999999995,54269.3,0.013095147336869915,3,0,1,1
187527.0,539107.1,104986.2,42172.7,7059.7,76639.7,1,2,1,0,0,1,351580.1,-434120.89999999997,-35113.0,69580.0,277206.76666666666,41957.36666666666,434120.89999999997,69580.0,0.7299908941280461,3,2,1,1
539107.1,104986.2,83767.0,7059.7,76639.7,105008.9,2,1,1,0,1,1,-434120.89999999997,-21219.199999999997,69580.0,28369.199999999997,242620.09999999998,62902.76666666666,455340.1,97949.2,1.2535681883296723,5,19,0,0
104986.2,83767.0,1788.1,76639.7,105008.9,2847.3,1,1,0,1,1,0,-21219.199999999997,-81978.9,28369.199999999997,-102161.59999999999,63513.76666666667,61498.633333333324,103198.09999999999,102161.59999999999,1.5914705717958753,1,22,3,0
83767.0,1788.1,1455194.9,105008.9,2847.3,10677.2,1,0,3,1,0,0,-81978.9,1453406.7999999998,-102161.59999999999,7829.900000000001,513583.3333333333,39511.13333333333,1453406.7999999998,102161.59999999999,0.007337293899742297,3,0,0,0
1788.1,1455194.9,360.9,2847.3,10677.2,1037.5,0,3,0,0,0,0,1453406.7999999998,-1454834.0,7829.900000000001,-9639.7,485781.3,4854.0,1454834.0,9639.7,2.866814037026803,1,22,1,0
1455194.9,360.9,101010.1,10677.2,1037.5,22636.4,3,0,1,0,0,0,-1454834.0,100649.20000000001,-9639.7,21598.9,518855.3,11450.366666666669,1454834.0,21598.9,0.22409814366935912,3,2,0,0
360.9,101010.1,40279.3,1037.5,22636.4,8443.6,0,1,0,0,0,0,100649.20000000001,-60730.8,21598.9,-14192.800000000001,47216.76666666666,10705.833333333334,100649.20000000001,21598.9,0.20962108027993834,2,7,2,0
101010.1,40279.3,496611.1,22636.4,8443.6,20067.2,1,0,2,0,0,0,-60730.8,456331.8,-14192.800000000001,11623.6,212633.5,17049.066666666666,456331.8,14192.800000000001,0.040408197867107955,3,0,2,0
40279.3,496611.1,279941.9,8443.6,20067.2,45754.8,0,2,2,0,0,0,456331.8,-216669.19999999995,11623.6,25687.600000000002,272277.43333333335,24755.2,456331.8,37311.200000000004,0.16344333076495243,3,3,2,0
496611.1,279941.9,237670.7,20067.2,45754.8,31780.2,2,2,2,0,0,0,-216669.19999999995,-42271.20000000001,25687.600000000002,-13974.600000000002,338074.56666666665,32534.066666666666,258940.39999999997,25687.600000000002,0.13371469973076305,3,0,0,0
279941.9,237670.7,3247.8,45754.8,31780.2,2605.9,2,2,0,0,0,0,-42271.20000000001,-234422.90000000002,-13974.600000000002,-29174.3,173620.13333333333,26713.63333333333,276694.10000000003,43148.9,0.8021115488795862,1,22,2,0
237670.7,3247.8,291277.1,31780.2,2605.9,6923.7,2,0,2,0,0,0,-234422.90000000002,288029.3,-29174.3,4317.799999999999,177398.53333333333,13769.933333333332,288029.3,29174.3,0.023770067162618817,2,6,1,0
3247.8,291277.1,136760.2,2605.9,6923.7,20709.2,0,2,1,0,0,0,288029.3,-154516.89999999997,4317.799999999999,13785.5,143761.69999999998,10079.6,288029.3,18103.3,0.15142598924256295,3,2,1,1
291277.1,136760.2,73864.3,6923.7,20709.2,70006.2,2,1,1,0,0,1,-154516.89999999997,-62895.90000000001,13785.5,49297.0,167300.53333333333,32546.36666666667,217412.8,63082.5,0.9477548997973337,2,6,2,1
136760.2,73864.3,275142.7,20709.2,70006.2,77857.2,1,1,2,0,1,1,-62895.90000000001,201278.40000000002,49297.0,7851.0,161922.4,56190.86666666666,201278.40000000002,57148.0,0.28296922662594126,2,6,0,0
73864.3,275142.7,2864.0,70006.2,77857.2,2393.4,1,2,0,1,1,0,201278.40000000002,-272278.7,7851.0,-75463.8,117290.33333333333,50085.6,272278.7,75463.8,0.8353926701570681,1,22,1,0
275142.7,2864.0,62341.4,77857.2,2393.4,11916.4,2,0,1,1,0,0,-272278.7,59477.4,-75463.8,9523.0,113449.36666666668,30722.33333333333,272278.7,75463.8,0.19114438969304998,2,6,1,1
2864.0,62341.4,191641.1,2393.4,11916.4,77748.6,0,1,1,0,0,1,59477.4,129299.70000000001,9523.0,65832.20000000001,85615.5,30686.133333333335,188777.1,75355.20000000001,0.4056968693204677,2,6,1,0
62341.4,191641.1,179886.3,11916.4,77748.6,20487.4,1,1,1,0,1,0,129299.70000000001,-11754.800000000017,65832.20000000001,-57261.200000000004,144622.93333333332,36717.46666666667,129299.70000000001,65832.20000000001,0.11389019680655613,2,6,0,0
191641.1,179886.3,2458.3,77748.6,20487.4,2375.3,1,1,0,1,0,0,-11754.800000000017,-177428.0,-57261.200000000004,-18112.100000000002,124661.90000000001,33537.1,189182.80000000002,75373.3,0.9658439393323304,1,22,3,0
179886.3,2458.3,790892.7,20487.4,2375.3,14080.4,1,0,3,0,0,0,-177428.0,788434.3999999999,-18112.100000000002,11705.099999999999,324412.4333333333,12314.366666666667,788434.3999999999,18112.100000000002,0.01780315104292777,3,0,0,0
2458.3,790892.7,2532.1,2375.3,14080.4,335.8,0,3,0,0,0,0,788434.3999999999,-788360.6,11705.099999999999,-13744.6,265294.36666666664,5597.166666666667,788434.3999999999,13744.6,0.1325648414985591,1,22,1,1
790892.7,2532.1,188727.9,14080.4,335.8,71818.3,3,0,1,0,0,1,-788360.6,186195.8,-13744.6,71482.5,327384.23333333334,28744.833333333332,788360.6,71482.5,0.3805368441187333,3,2,0,0
2532.1,188727.9,1137.4,335.8,71818.3,1403.5,0,1,0,0,1,0,186195.8,-187590.5,71482.5,-70414.8,64132.46666666667,24519.2,187590.5,71482.5,1.2328706957132818,1,22,0,0
188727.9,1137.4,3998.2,71818.3,1403.5,1249.6,1,0,0,1,0,0,-187590.5,2860.7999999999997,-70414.8,-153.9000000000001,64621.166666666664,24823.800000000003,187590.5,70568.7,0.31246249249849967,1,22,3,0
1137.4,3998.2,1279270.5,1403.5,1249.6,10607.0,0,0,3,0,0,0,2860.7999999999997,1275272.3,-153.9000000000001,9357.4,428135.3666666667,4420.033333333334,1278133.1,9357.4,0.008291437744059802,3,0,1,0
3998.2,1279270.5,191755.6,1249.6,10607.0,27522.7,0,3,1,0,0,0,1275272.3,-1087514.9,9357.4,16915.7,491674.76666666666,13126.433333333334,1275272.3,26273.100000000002,0.14352934918537355,2,6,0,0
1279270.5,191755.6,2428.3,10607.0,27522.7,773.3,3,1,0,0,0,0,-1087514.9,-189327.30000000002,16915.7,-26749.4,491151.46666666673,12967.666666666666,1276842.2,26749.4,0.3183221504136994,1,22,1,1
191755.6,2428.3,99410.5,27522.7,773.3,78852.2,1,0,1,0,0,1,-189327.30000000002,96982.2,-26749.4,78078.9,97864.8,35716.066666666666,189327.30000000002,78078.9,0.7931899226950604,2,6,1,1
2428.3,99410.5,170166.8,773.3,78852.2,167465.2,0,1,1,0,1,1,96982.2,70756.29999999999,78078.9,88613.00000000001,90668.53333333333,82363.56666666667,167738.5,166691.90000000002,0.9841180293804117,5,19,2,1
99410.5,170166.8,383935.8,78852.2,167465.2,61770.8,1,1,2,1,1,1,70756.29999999999,213769.0,88613.00000000001,-105694.40000000001,217837.69999999998,102696.06666666667,284525.3,105694.40000000001,0.16088793780643065,3,3,3,1
170166.8,383935.8,1113458.9,167465.2,61770.8,74872.0,1,2,3,1,1,1,213769.0,729523.0999999999,-105694.40000000001,13101.199999999997,555853.8333333334,101369.33333333333,943292.0999999999,105694.40000000001,0.06724265507900196,3,0,3,0
383935.8,1113458.9,1208330.3,61770.8,74872.0,31833.3,2,3,3,1,1,0,729523.0999999999,94871.40000000014,13101.199999999997,-43038.7,901908.3333333334,56158.69999999999,824394.5,43038.7,0.02634484433201391,3,0,0,0
1113458.9,1208330.3,2230.4,74872.0,31833.3,3310.6,3,3,0,1,0,0,94871.40000000014,-1206099.9000000001,-43038.7,-28522.7,774673.2000000001,36671.96666666667,1206099.9000000001,71561.4,1.4836425562427176,1,22,2,0
1208330.3,2230.4,428432.4,31833.3,3310.6,18685.7,3,0,2,0,0,0,-1206099.9000000001,426202.0,-28522.7,15375.1,546331.0333333333,17943.2,1206099.9000000001,28522.7,0.04361401328654582,3,0,3,1
2230.4,428432.4,994870.7,3310.6,18685.7,77425.5,0,2,3,0,0,1,426202.0,566438.2999999999,15375.1,58739.8,475177.8333333333,33140.6,992640.2999999999,74114.9,0.07782460793688271,3,0,3,1
428432.4,994870.7,724162.2,18685.7,77425.5,91431.6,2,3,3,0,1,1,566438.2999999999,-270708.5,58739.8,14006.100000000006,715821.7666666666,62514.26666666666,566438.2999999999,72745.90000000001,0.12625827990154706,3,0,3,1
994870.7,724162.2,957540.3,77425.5,91431.6,57750.1,3,3,3,1,1,1,-270708.5,233378.1000000001,14006.100000000006,-33681.50000000001,892191.0666666668,75535.73333333334,270708.5,33681.50000000001,0.060310818969375,3,0,2,0
724162.2,957540.3,232369.2,91431.6,57750.1,34932.8,3,3,2,1,1,0,233378.1000000001,-725171.1000000001,-33681.50000000001,-22817.299999999996,638023.9,61371.5,725171.1000000001,56498.8,0.15033252973057648,5,19,1,1
957540.3,232369.2,86405.1,57750.1,34932.8,57091.1,3,2,1,1,0,1,-725171.1000000001,-145964.1,-22817.299999999996,22158.299999999996,425438.2,49924.666666666664,871135.2000000001,22817.299999999996,0.6607299716108006,2,6,1,0
232369.2,86405.1,65612.3,34932.8,57091.1,14640.2,2,1,1,0,1,0,-145964.1,-20792.800000000003,22158.299999999996,-42450.899999999994,128128.86666666668,35554.7,166756.90000000002,42450.899999999994,0.22312854253634554,3,2,0,0
86405.1,65612.3,583.3,57091.1,14640.2,2616.4,1,1,0,1,0,0,-20792.800000000003,-65029.0,-42450.899999999994,-12023.800000000001,50866.9,24782.566666666666,85821.8,54474.7,4.47783672770837,1,22,1,1
65612.3,583.3,123270.2,14640.2,2616.4,73324.7,1,0,1,0,0,1,-65029.0,122686.9,-12023.800000000001,70708.3,63155.26666666666,30193.766666666666,122686.9,70708.3,0.5948242574096788,5,19,0,0
583.3,123270.2,2245.5,2616.4,73324.7,1923.8,0,1,0,0,1,0,122686.9,-121024.7,70708.3,-71400.9,42033.0,25954.966666666664,122686.9,71400.9,0.856354328956154,1,22,1,0
123270.2,2245.5,170304.3,73324.7,1923.8,36028.0,1,0,1,1,0,0,-121024.7,168058.8,-71400.9,34104.2,98606.66666666667,37092.166666666664,168058.8,71400.9,0.21154949376208493,3,3,0,0
2245.5,170304.3,201.6,1923.8,36028.0,1450.4,0,1,0,0,0,0,168058.8,-170102.69999999998,34104.2,-34577.6,57583.799999999996,13134.066666666668,170102.69999999998,34577.6,7.1589338598223105,1,22,1,1
170304.3,201.6,179188.3,36028.0,1450.4,178403.0,1,0,1,0,0,1,-170102.69999999998,178986.69999999998,-34577.6,176952.6,116564.73333333332,71960.46666666666,178986.69999999998,176952.6,0.9956119031660932,5,19,3,0
201.6,179188.3,1090041.8,1450.4,178403.0,17527.3,0,1,3,0,1,0,178986.69999999998,910853.5,176952.6,-160875.7,423143.89999999997,65793.56666666667,1089840.2,176952.6,0.01607946036614342,3,0,1,0
179188.3,1090041.8,148447.2,178403.0,17527.3,19399.1,1,3,1,1,0,0,910853.5,-941594.6000000001,-160875.7,1871.7999999999993,472559.10000000003,71776.46666666666,941594.6000000001,160875.7,0.13067925377337009,3,0,2,0
1090041.8,148447.2,283234.4,17527.3,19399.1,22626.0,3,1,2,0,0,0,-941594.6000000001,134787.2,1871.7999999999993,3226.9000000000015,507241.1333333333,19850.8,941594.6000000001,5098.700000000001,0.07988408228632438,3,2,0,0
148447.2,283234.4,3892.0,19399.1,22626.0,1080.7,1,2,0,0,0,0,134787.2,-279342.4,3226.9000000000015,-21545.3,145191.2,14368.599999999999,279342.4,21545.3,0.2776008219881839,1,22,2,0
283234.4,3892.0,230238.2,22626.0,1080.7,41934.2,2,0,2,0,0,0,-279342.4,226346.2,-21545.3,40853.5,172454.86666666667,21880.3,279342.4,40853.5,0.18213319017786717,3,2,1,1
3892.0,230238.2,166910.2,1080.7,41934.2,133736.5,0,2,1,0,0,1,226346.2,-63328.0,40853.5,91802.3,133680.13333333333,58917.13333333333,226346.2,132655.8,0.8012434156605428,5,19,1,1
230238.2,166910.2,63395.5,41934.2,133736.5,66713.4,2,1,1,0,1,1,-63328.0,-103514.70000000001,91802.3,-67023.1,153514.63333333333,80794.7,166842.7,91802.3,1.0523199230241416,3,2,0,0
166910.2,63395.5,2259.0,133736.5,66713.4,620.5,1,1,0,1,1,0,-103514.70000000001,-61136.5,-67023.1,-66092.9,77521.56666666667,67023.46666666666,164651.2,133116.0,0.2745575221238938,1,22,0,0
63395.5,2259.0,1116.9,66713.4,620.5,793.9,1,0,0,1,0,0,-61136.5,-1142.1,-66092.9,173.39999999999998,22257.13333333333,22709.266666666663,62278.6,66092.9,0.7101708560694158,1,22,2,0
2259.0,1116.9,231920.1,620.5,793.9,9985.9,0,0,2,0,0,0,-1142.1,230803.2,173.39999999999998,9192.0,78432.0,3800.1,230803.2,9365.4,0.04305731561293905,3,3,0,0
1116.9,231920.1,1150.8,793.9,9985.9,259.9,0,2,0,0,0,0,230803.2,-230769.30000000002,9192.0,-9726.0,78062.59999999999,3679.8999999999996,230803.2,9726.0,0.22564681368293105,1,22,2,0
231920.1,1150.8,387365.2,9985.9,259.9,19499.9,2,0,2,0,0,0,-230769.30000000002,386214.4,-9726.0,19240.0,206812.03333333333,9915.233333333334,386214.4,19240.0,0.05033970439341378,3,0,1,1
1150.8,387365.2,110105.1,259.9,19499.9,58598.3,0,2,1,0,0,1,386214.4,-277260.1,19240.0,39098.4,166207.03333333333,26119.36666666667,386214.4,58338.4,0.5321984885487725,5,4,0,0
387365.2,110105.1,3417.3,19499.9,58598.3,273.2,2,1,0,0,1,0,-277260.1,-106687.8,39098.4,-58325.100000000006,166962.53333333335,26123.800000000003,383947.9,58325.100000000006,0.07992276862768041,1,22,0,0
110105.1,3417.3,2562.7,58598.3,273.2,2744.6,1,0,0,1,0,0,-106687.8,-854.6000000000004,-58325.100000000006,2471.4,38695.03333333333,20538.7,107542.40000000001,58325.100000000006,1.0705620782462848,1,22,0,0
3417.3,2562.7,2245.1,273.2,2744.6,216.4,0,0,0,0,0,0,-854.6000000000004,-317.5999999999999,2471.4,-2528.2,2741.7000000000003,1078.0666666666666,1172.2000000000003,2528.2,0.0963447753884511,1,22,1,1
2562.7,2245.1,78474.3,2744.6,216.4,122806.7,0,0,1,0,0,1,-317.5999999999999,76229.2,-2528.2,122590.3,27760.7,41922.566666666666,76229.2,122590.3,1.5649089586150036,5,19,3,1
2245.1,78474.3,1067645.1,216.4,122806.7,60250.4,0,1,3,0,1,1,76229.2,989170.8,122590.3,-62556.299999999996,382788.1666666667,61091.166666666664,1065400.0,122590.3,0.056432932223514885,3,0,2,0
78474.3,1067645.1,270080.8,122806.7,60250.4,14806.0,1,3,2,1,1,0,989170.8,-797564.3,-62556.299999999996,-45444.4,472066.7333333334,65954.36666666667,989170.8,108000.7,0.054820428477594565,2,6,3,1
1067645.1,270080.8,827533.5,60250.4,14806.0,91944.1,3,2,3,1,0,1,-797564.3,557452.7,-45444.4,77138.1,721753.1333333334,55666.833333333336,797564.3,77138.1,0.11110606264753917,3,0,0,0
270080.8,827533.5,1197.5,14806.0,91944.1,1713.2,2,3,0,0,1,0,557452.7,-826336.0,77138.1,-90230.90000000001,366270.60000000003,36154.433333333334,826336.0,90230.90000000001,1.429453483521068,1,22,1,0
827533.5,1197.5,64761.7,91944.1,1713.2,20118.9,3,0,1,1,0,0,-826336.0,63564.2,-90230.90000000001,18405.7,297830.89999999997,37925.4,826336.0,90230.90000000001,0.31065567062522104,3,2,1,1
1197.5,64761.7,113656.0,1713.2,20118.9,75505.7,0,1,1,0,0,1,63564.2,48894.3,18405.7,55386.799999999996,59871.73333333334,32445.933333333334,112458.5,73792.5,0.6643295177595748,5,19,0,0
64761.7,113656.0,40154.5,20118.9,75505.7,24259.8,1,1,0,0,1,0,48894.3,-73501.5,55386.799999999996,-51245.899999999994,72857.40000000001,39961.46666666667,73501.5,55386.799999999996,0.6041463809440799,2,6,3,1
113656.0,40154.5,924883.4,75505.7,24259.8,66883.8,1,0,3,1,0,1,-73501.5,884728.9,-51245.899999999994,42624.0,359564.6333333333,55549.76666666666,884728.9,51245.899999999994,0.07231584833737059,3,0,1,0
40154.5,924883.4,133593.4,24259.8,66883.8,18862.4,0,3,1,0,1,0,884728.9,-791290.0,42624.0,-48021.4,366210.43333333335,36668.666666666664,884728.9,48021.4,0.14119154695106984,3,2,3,1
924883.4,133593.4,1216721.9,66883.8,18862.4,75567.3,3,1,3,1,0,1,-791290.0,1083128.5,-48021.4,56704.9,758399.5666666668,53771.166666666664,1083128.5,56704.9,0.06210723904349956,3,0,1,1
133593.4,1216721.9,56025.7,18862.4,75567.3,91977.9,1,3,1,0,1,1,1083128.5,-1160696.2,56704.9,16410.59999999999,468780.33333333326,62135.86666666667,1160696.2,73115.5,1.6416797705379755,5,4,0,0
1216721.9,56025.7,3348.4,75567.3,91977.9,2055.2,3,1,0,1,1,0,-1160696.2,-52677.299999999996,16410.59999999999,-89922.7,425365.33333333326,56533.466666666674,1213373.5,89922.7,0.61360243625724,1,22,0,0
56025.7,3348.4,823.3,91977.9,2055.2,307.9,1,0,0,1,0,0,-52677.299999999996,-2525.1000000000004,-89922.7,-1747.2999999999997,20065.8,31446.999999999996,55202.399999999994,91670.0,0.37352905495572,1,22,3,1
3348.4,823.3,957870.6,2055.2,307.9,58850.4,0,0,3,0,0,1,-2525.1000000000004,957047.2999999999,-1747.2999999999997,58542.5,320680.76666666666,20404.5,957047.2999999999,58542.5,0.06143871475049475,3,0,0,0
823.3,957870.6,274.8,307.9,58850.4,423.5,0,3,0,0,1,0,957047.2999999999,-957595.7999999999,58542.5,-58426.9,319656.23333333334,19860.600000000002,957595.7999999999,58542.5,1.5355329949238579,1,22,1,0
957870.6,274.8,68844.9,58850.4,423.5,16111.7,3,0,1,1,0,0,-957595.7999999999,68570.09999999999,-58426.9,15688.2,342330.10000000003,25128.533333333336,957595.7999999999,58426.9,0.23402555562495372,2,6,1,1
274.8,68844.9,152379.9,423.5,16111.7,58155.5,0,1,1,0,0,1,68570.09999999999,83535.0,15688.2,42043.8,73833.2,24896.899999999998,152105.1,57732.0,0.381645599940675,2,6,0,0
68844.9,152379.9,1885.7,16111.7,58155.5,1233.2,1,1,0,0,1,0,83535.0,-150494.19999999998,42043.8,-56922.3,74370.16666666667,25166.8,150494.19999999998,56922.3,0.6536280277733609,1,22,0,0
152379.9,1885.7,3691.2,58155.5,1233.2,1492.5,1,0,0,1,0,0,-150494.19999999998,1805.4999999999998,-56922.3,259.29999999999995,52652.26666666667,20293.733333333334,150494.19999999998,56922.3,0.4042305400574184,1,22,2,1
1885.7,3691.2,242600.9,1233.2,1492.5,138399.5,0,0,2,0,0,1,1805.4999999999998,238909.69999999998,259.29999999999995,136907.0,82725.93333333333,47041.73333333334,240715.19999999998,137166.3,0.5704798684593979,5,19,0,0
3691.2,242600.9,4344.9,1492.5,138399.5,2323.8,0,2,0,0,1,0,238909.69999999998,-238256.0,136907.0,-136075.7,83545.66666666667,47405.26666666666,238909.69999999998,136907.0,0.534710876918475,2,7,1,0
242600.9,4344.9,95239.9,138399.5,2323.8,9752.7,2,0,1,1,0,0,-238256.0,90895.0,-136075.7,7428.900000000001,114061.89999999998,50158.666666666664,238256.0,136075.7,0.10240033431015458,3,0,2,0
4344.9,95239.9,447635.4,2323.8,9752.7,5000.9,0,1,2,0,0,0,90895.0,352395.5,7428.900000000001,-4751.800000000001,182406.7333333333,5692.466666666667,443290.5,7428.900000000001,0.011171790319107203,3,0,2,1
95239.9,447635.4,224049.5,9752.7,5000.9,77090.6,1,2,2,0,0,1,352395.5,-223585.90000000002,-4751.800000000001,72089.70000000001,255641.6,30614.733333333337,352395.5,72089.70000000001,0.3440768933789481,3,2,2,1
447635.4,224049.5,583672.2,5000.9,77090.6,66348.4,2,2,2,0,1,1,-223585.90000000002,359622.69999999995,72089.70000000001,-10742.200000000012,418452.3666666667,49479.96666666667,359622.69999999995,72089.70000000001,0.11367388463270199,3,0,0,0
224049.5,583672.2,7547.5,77090.6,66348.4,3296.2,2,2,0,1,1,0,359622.69999999995,-576124.7,-10742.200000000012,-63052.2,271756.39999999997,48911.73333333334,576124.7,73794.40000000001,0.43666953699410477,5,18,1,0
583672.2,7547.5,197819.7,66348.4,3296.2,25202.7,2,0,1,1,0,0,-576124.7,190272.2,-63052.2,21906.5,263013.1333333333,31615.766666666663,576124.7,63052.2,0.1274017329834542,2,6,2,0
7547.5,197819.7,224110.9,3296.2,25202.7,18474.6,0,1,2,0,0,0,190272.2,26291.199999999983,21906.5,-6728.100000000002,143159.36666666667,15657.833333333334,216563.4,21906.5,0.0824347123022026,3,0,2,1
197819.7,224110.9,281028.8,25202.7,18474.6,78746.2,1,2,2,0,0,1,26291.199999999983,56917.899999999994,-6728.100000000002,60271.6,234319.79999999996,40807.833333333336,83209.09999999998,60271.6,0.2802058714058082,3,2,0,0
224110.9,281028.8,569.3,18474.6,78746.2,1946.5,2,2,0,0,1,0,56917.899999999994,-280459.5,60271.6,-76799.7,168569.66666666666,33055.76666666666,280459.5,76799.7,3.413115903910223,1,22,0,0
281028.8,569.3,3191.8,78746.2,1946.5,2652.8,2,0,0,1,0,0,-280459.5,2622.5,-76799.7,706.3000000000002,94929.96666666666,27781.833333333332,280459.5,76799.7,0.8308694562766225,1,22,0,0
569.3,3191.8,9141.8,1946.5,2652.8,2429.2,0,0,0,0,0,0,2622.5,5949.999999999999,706.3000000000002,-223.60000000000036,4300.966666666666,2342.8333333333335,8572.5,706.3000000000002,0.26569541059631624,2,7,0,0
3191.8,9141.8,1875.5,2652.8,2429.2,2670.7,0,0,0,0,0,0,5949.999999999999,-7266.299999999999,-223.60000000000036,241.5,4736.366666666666,2584.233333333333,7266.299999999999,241.5,1.4232347455369037,1,22,1,0
9141.8,1875.5,123791.1,2429.2,2670.7,7143.1,0,0,1,0,0,0,-7266.299999999999,121915.6,241.5,4472.400000000001,44936.13333333333,4081.0,121915.6,4713.900000000001,0.057702389732462736,3,3,0,1
1875.5,123791.1,37719.5,2670.7,7143.1,142983.3,0,1,0,0,0,1,121915.6,-86071.6,4472.400000000001,135840.19999999998,54462.03333333333,50932.36666666666,121915.6,140312.59999999998,3.790599276255617,5,19,3,0
123791.1,37719.5,626431.5,7143.1,142983.3,40855.4,1,0,3,0,1,0,-86071.6,588712.0,135840.19999999998,-102127.9,262647.36666666664,63660.6,588712.0,135840.19999999998,0.06521915769057321,3,0,3,0
37719.5,626431.5,677106.9,142983.3,40855.4,49241.7,0,3,3,1,0,0,588712.0,50675.40000000002,-102127.9,8386.299999999996,447085.9666666666,77693.46666666666,639387.4,102127.9,0.07272356444224029,3,0,1,1
626431.5,677106.9,69240.1,40855.4,49241.7,90253.8,3,3,1,0,0,1,50675.40000000002,-607866.8,8386.299999999996,41012.100000000006,457592.8333333333,60116.966666666674,607866.8,49398.4,1.3034714930871982,3,0,2,1
677106.9,69240.1,384583.0,49241.7,90253.8,88255.7,3,1,2,0,1,1,-607866.8,315342.9,41012.100000000006,-1998.1000000000058,376976.6666666667,75917.06666666667,607866.8,41012.100000000006,0.22948354585734196,3,3,0,0
69240.1,384583.0,2903.6,90253.8,88255.7,687.8,1,2,0,1,1,0,315342.9,-381679.4,-1998.1000000000058,-87567.9,152242.2333333333,59732.43333333333,381679.4,89566.0,0.23679680506782344,1,22,1,1
384583.0,2903.6,203016.6,88255.7,687.8,77128.8,2,0,1,1,0,1,-381679.4,200113.0,-87567.9,76441.0,196834.4,55357.43333333333,381679.4,87567.9,0.37991188941254356,2,6,3,1
2903.6,203016.6,1050029.0,687.8,77128.8,81983.6,0,1,3,0,1,1,200113.0,847012.4,76441.0,4854.800000000003,418649.73333333334,53266.73333333334,1047125.4,81295.8,0.07807738826509719,3,0,0,0
203016.6,1050029.0,11.7,77128.8,81983.6,114.0,1,3,0,1,1,0,847012.4,-1050017.3,4854.800000000003,-81869.6,417685.76666666666,53075.466666666674,1050017.3,81869.6,8.976377952755906,1,22,1,1
1050029.0,11.7,120610.0,81983.6,114.0,109897.8,3,0,1,1,0,1,-1050017.3,120598.3,-81869.6,109783.8,390216.89999999997,63998.466666666674,1050017.3,109783.8,0.9111755975823101,5,4,0,0
11.7,120610.0,3634.7,114.0,109897.8,3021.6,0,1,0,0,1,0,120598.3,-116975.3,109783.8,-106876.2,41418.799999999996,37677.8,120598.3,109783.8,0.8310916742305471,1,22,0,0
120610.0,3634.7,31082.7,109897.8,3021.6,30649.2,1,0,0,1,0,0,-116975.3,27448.0,-106876.2,27627.600000000002,51775.799999999996,47856.200000000004,116975.3,106876.2,0.986021612613685,2,6,0,0
3634.7,31082.7,2736.6,3021.6,30649.2,1897.7,0,0,0,0,0,0,27448.0,-28346.100000000002,27627.600000000002,-28751.5,12484.666666666666,11856.166666666666,28346.100000000002,28751.5,0.693198421975453,1,22,0,0
31082.7,2736.6,734.4,30649.2,1897.7,446.4,0,0,0,0,0,0,-28346.100000000002,-2002.1999999999998,-28751.5,-1451.3000000000002,11517.900000000001,10997.766666666668,30348.3,30202.8,0.607016589611096,1,22,1,0
2736.6,734.4,193597.7,1897.7,446.4,33746.1,0,0,1,0,0,0,-2002.1999999999998,192863.30000000002,-1451.3000000000002,33299.7,65689.56666666667,12030.066666666666,192863.30000000002,33299.7,0.17430953823553566,2,6,1,1
734.4,193597.7,124190.8,446.4,33746.1,196949.9,0,1,1,0,0,1,192863.30000000002,-69406.90000000001,33299.7,163203.8,106174.3,77047.46666666666,192863.30000000002,196503.5,1.5858526891469484,5,19,0,0
193597.7,124190.8,908.6,33746.1,196949.9,2756.1,1,1,0,0,1,0,-69406.90000000001,-123282.2,163203.8,-194193.8,106232.36666666665,77817.36666666667,192689.1,194193.8,3.030013192612137,1,22,0,0
124190.8,908.6,685.4,196949.9,2756.1,344.0,1,0,0,1,0,0,-123282.2,-223.20000000000005,-194193.8,-2412.1,41928.26666666667,66683.33333333333,123505.40000000001,196605.9,0.5011655011655012,1,22,0,0
908.6,685.4,437.1,2756.1,344.0,834.3,0,0,0,0,0,0,-223.20000000000005,-248.29999999999995,-2412.1,490.29999999999995,677.0333333333333,1311.4666666666665,471.5,2412.1,1.9043597352202692,1,22,3,1
685.4,437.1,1390842.7,344.0,834.3,66319.1,0,0,3,0,0,1,-248.29999999999995,1390405.5999999999,490.29999999999995,65484.8,463988.39999999997,22499.133333333335,1390405.5999999999,65975.1,0.047682640400211765,3,0,1,1
437.1,1390842.7,170979.3,834.3,66319.1,56025.3,0,3,1,0,1,1,1390405.5999999999,-1219863.4,65484.8,-10293.800000000003,520753.0333333334,41059.56666666667,1390405.5999999999,65484.8,0.32767108257501015,3,2,0,0
1390842.7,170979.3,363.2,66319.1,56025.3,737.1,3,1,0,1,1,0,-1219863.4,-170616.09999999998,-10293.800000000003,-55288.200000000004,520728.39999999997,41027.16666666667,1390479.5,65582.0,2.0238879736408566,1,22,0,0
170979.3,363.2,810.7,56025.3,737.1,1432.4,1,0,0,1,0,0,-170616.09999999998,447.50000000000006,-55288.200000000004,695.3000000000001,57384.4,19398.266666666666,170616.09999999998,55288.200000000004,1.7646913884440065,1,22,2,1
363.2,810.7,303021.7,737.1,1432.4,85854.3,0,0,2,0,0,1,447.50000000000006,302211.0,695.3000000000001,84421.90000000001,101398.53333333334,29341.266666666666,302658.5,85117.2,0.2833262986568333,3,3,2,1
810.7,303021.7,293625.0,1432.4,85854.3,161571.4,0,2,2,0,1,1,302211.0,-9396.700000000012,84421.90000000001,75717.09999999999,199152.46666666667,82952.7,302211.0,160139.0,0.5502625789269342,5,19,0,0
303021.7,293625.0,1999.9,85854.3,161571.4,4126.0,2,2,0,1,1,0,-9396.700000000012,-291625.1,75717.09999999999,-157445.4,199548.86666666667,83850.56666666667,301021.8,157445.4,2.0620720675695936,1,22,0,0
293625.0,1999.9,990.8,161571.4,4126.0,448.9,2,0,0,1,0,0,-291625.1,-1009.1000000000001,-157445.4,-3677.1,98871.90000000001,55382.1,292634.2,161122.5,0.4526114135914499,1,22,1,0
1999.9,990.8,181130.1,4126.0,448.9,24103.8,0,0,1,0,0,0,-1009.1000000000001,180139.30000000002,-3677.1,23654.899999999998,61373.600000000006,9559.566666666666,180139.30000000002,23654.899999999998,0.13307377915774815,3,2,2,1
990.8,181130.1,283841.2,448.9,24103.8,151846.6,0,1,2,0,0,1,180139.30000000002,102711.1,23654.899999999998,127742.8,155320.69999999998,58799.76666666667,282850.4,151397.7,0.5349683732721914,5,19,2,1
181130.1,283841.2,319335.2,24103.8,151846.6,51472.1,1,2,2,0,1,1,102711.1,35494.0,127742.8,-100374.5,261435.5,75807.5,138205.1,127742.8,0.16118466994972697,3,3,2,0
283841.2,319335.2,251758.3,151846.6,51472.1,31119.1,2,2,2,1,1,0,35494.0,-67576.90000000002,-100374.5,-20353.0,284978.23333333334,78145.93333333333,67576.90000000002,120727.5,0.12360655594450731,2,6,0,0
319335.2,251758.3,26394.5,51472.1,31119.1,16423.3,2,2,0,1,0,0,-67576.90000000002,-225363.8,-20353.0,-14695.8,199162.66666666666,33004.833333333336,292940.7,35048.8,0.6222007539163872,2,7,2,0
251758.3,26394.5,559144.8,31119.1,16423.3,43759.9,2,0,2,0,0,0,-225363.8,532750.3,-14695.8,27336.600000000002,279099.2,30434.099999999995,532750.3,27336.600000000002,0.07826205615780356,3,0,0,0
26394.5,559144.8,515.1,16423.3,43759.9,1957.4,0,2,0,0,0,0,532750.3,-558629.7000000001,27336.600000000002,-41802.5,195351.46666666667,20713.533333333333,558629.7000000001,41802.5,3.7926758380158883,1,22,2,1
559144.8,515.1,253617.8,43759.9,1957.4,72142.6,2,0,2,0,0,1,-558629.7000000001,253102.69999999998,-41802.5,70185.20000000001,271092.56666666665,39286.63333333334,558629.7000000001,70185.20000000001,0.28445288756196313,3,2,0,1
515.1,253617.8,50864.4,1957.4,72142.6,80391.4,0,2,0,0,1,1,253102.69999999998,-202753.4,70185.20000000001,8248.799999999988,101665.76666666666,51497.13333333333,253102.69999999998,78434.0,1.580473170367283,3,0,0,0
253617.8,50864.4,50184.2,72142.6,80391.4,15826.7,2,0,0,1,1,0,-202753.4,-680.2000000000044,8248.799999999988,-64564.7,118222.13333333335,56120.23333333334,203433.59999999998,64564.7,0.3153658847628385,3,2,3,0
50864.4,50184.2,1427660.4,80391.4,15826.7,27974.2,0,0,3,1,0,0,-680.2000000000044,1377476.2,-64564.7,12147.5,509569.6666666667,41397.43333333333,1377476.2,64564.7,0.019594422038727112,3,0,2,0
50184.2,1427660.4,251064.9,15826.7,27974.2,45647.5,0,3,2,0,0,0,1377476.2,-1176595.5,12147.5,17673.3,576303.1666666666,29816.13333333333,1377476.2,29820.8,0.18181481435750535,3,2,3,0
1427660.4,251064.9,1231016.8,27974.2,45647.5,7233.0,3,2,3,0,0,0,-1176595.5,979951.9,17673.3,-38414.5,969914.0333333332,26951.566666666666,1176595.5,38414.5,0.005875625843915498,3,0,2,0
251064.9,1231016.8,225559.5,45647.5,7233.0,22642.8,2,3,2,0,0,0,979951.9,-1005457.3,-38414.5,15409.8,569213.7333333333,25174.433333333334,1005457.3,38414.5,0.10038459748049858,3,0,0,0
1231016.8,225559.5,542.4,7233.0,22642.8,1163.0,3,2,0,0,0,0,-1005457.3,-225017.1,15409.8,-21479.8,485706.23333333334,10346.266666666666,1230474.4000000001,21479.8,2.1402281928597717,1,22,0,0
225559.5,542.4,1745.5,22642.8,1163.0,1136.8,2,0,0,0,0,0,-225017.1,1203.1,-21479.8,-26.200000000000045,75949.13333333333,8314.199999999999,225017.1,21506.0,0.6509018036072144,1,22,2,0
542.4,1745.5,215389.2,1163.0,1136.8,27516.2,0,0,2,0,0,0,1203.1,213643.7,-26.200000000000045,26379.4,72559.03333333334,9938.666666666666,214846.80000000002,26379.4,0.12775047332701303,3,2,1,0
1745.5,215389.2,78365.6,1136.8,27516.2,37139.3,0,2,1,0,0,0,213643.7,-137023.6,26379.4,9623.100000000002,98500.10000000002,21930.766666666666,213643.7,36002.5,0.4739174597341214,3,2,1,1
215389.2,78365.6,153963.1,27516.2,37139.3,128738.6,2,1,1,0,0,1,-137023.6,75597.5,9623.100000000002,91599.3,149239.30000000002,64464.700000000004,137023.6,101222.40000000001,0.83615985804483,5,19,3,0
78365.6,153963.1,762433.5,37139.3,128738.6,7994.2,1,1,3,0,1,0,75597.5,608470.4,91599.3,-120744.40000000001,331587.39999999997,57957.366666666676,684067.9,120744.40000000001,0.010485097408367538,3,0,0,1
153963.1,762433.5,14156.9,128738.6,7994.2,56649.3,1,3,0,1,0,1,608470.4,-748276.6,-120744.40000000001,48655.100000000006,310184.5,64460.70000000001,748276.6,120744.40000000001,4.001250185408853,2,6,1,1
762433.5,14156.9,89075.9,7994.2,56649.3,87767.3,3,0,1,0,1,1,-748276.6,74919.0,48655.100000000006,31118.0,288555.43333333335,50803.6,748276.6,79773.1,0.9852980963639283,5,4,3,1
14156.9,89075.9,1048457.2,56649.3,87767.3,63922.0,0,1,3,1,1,1,74919.0,959381.2999999999,31118.0,-23845.300000000003,383896.6666666667,69446.2,1034300.2999999999,31118.0,0.06096761892844178,3,0,2,0
89075.9,1048457.2,291551.9,87767.3,63922.0,40244.1,1,3,2,1,1,0,959381.2999999999,-756905.2999999999,-23845.300000000003,-23677.9,476361.6666666667,63977.799999999996,959381.2999999999,47523.200000000004,0.1380336124250522,2,6,1,1
1048457.2,291551.9,106073.8,63922.0,40244.1,51307.6,3,2,1,1,0,1,-756905.2999999999,-185478.10000000003,-23677.9,11063.5,482027.63333333336,51824.56666666667,942383.3999999999,23677.9,0.4836926395336121,3,0,0,0
291551.9,106073.8,490.6,40244.1,51307.6,448.7,2,1,0,0,1,0,-185478.10000000003,-105583.2,11063.5,-50858.9,132705.43333333332,30666.8,291061.30000000005,50858.9,0.9127339300244101,1,22,3,1
106073.8,490.6,1100204.0,51307.6,448.7,72982.8,1,0,3,1,0,1,-105583.2,1099713.4,-50858.9,72534.1,402256.1333333333,41579.700000000004,1099713.4,72534.1,0.06633563744938444,3,0,0,0
490.6,1100204.0,1873.3,448.7,72982.8,2272.3,0,3,0,0,1,0,1099713.4,-1098330.7,72534.1,-70710.5,367522.63333333336,25234.600000000002,1099713.4,72534.1,1.2123459424851946,1,22,2,0
1100204.0,1873.3,295280.1,72982.8,2272.3,4678.7,3,0,2,1,0,0,-1098330.7,293406.8,-70710.5,2406.3999999999996,465785.8,26644.600000000002,1098330.7,70710.5,0.01584490168859436,2,6,2,1
1873.3,295280.1,234263.3,2272.3,4678.7,68662.1,0,2,2,0,0,1,293406.8,-61016.79999999999,2406.3999999999996,63983.40000000001,177138.9,25204.36666666667,293406.8,66389.8,0.2930967287802709,2,6,3,0
295280.1,234263.3,645380.3,4678.7,68662.1,5977.9,2,2,3,0,1,0,-61016.79999999999,411117.00000000006,63983.40000000001,-62684.200000000004,391641.23333333334,26439.566666666666,411117.00000000006,63983.40000000001,0.009262586319126381,3,0,3,1
234263.3,645380.3,1300939.2,68662.1,5977.9,79179.3,2,3,3,1,0,1,411117.00000000006,655558.8999999999,-62684.200000000004,73201.40000000001,726860.9333333332,51273.1,1066675.9,73201.40000000001,0.06086313575366493,3,0,0,0
645380.3,1300939.2,22499.3,5977.9,79179.3,10141.0,3,3,0,0,1,0,655558.8999999999,-1278439.9,73201.40000000001,-69038.3,656272.9333333333,31766.066666666666,1278439.9,73201.40000000001,0.450705101709755,2,7,2,0
1300939.2,22499.3,215196.7,79179.3,10141.0,34113.4,3,0,2,1,0,0,-1278439.9,192697.40000000002,-69038.3,23972.4,512878.39999999997,41144.56666666667,1278439.9,69038.3,0.1585212109608978,3,2,0,0
22499.3,215196.7,2649.4,10141.0,34113.4,241.3,0,2,0,0,0,0,192697.40000000002,-212547.30000000002,23972.4,-33872.1,80115.13333333333,14831.900000000001,212547.30000000002,33872.1,0.09104286145487474,1,22,2,1
215196.7,2649.4,215500.6,34113.4,241.3,105853.3,2,0,2,0,0,1,-212547.30000000002,212851.2,-33872.1,105612.0,144448.9,46736.0,212851.2,105612.0,0.49119496096548704,5,19,0,0
2649.4,215500.6,314.6,241.3,105853.3,155.3,0,2,0,0,1,0,212851.2,-215186.0,105612.0,-105698.0,72821.53333333334,35416.63333333334,215186.0,105698.0,0.4920785804816223,1,22,1,0
215500.6,314.6,102767.6,105853.3,155.3,10554.6,2,0,1,1,0,0,-215186.0,102453.0,-105698.0,10399.300000000001,106194.26666666668,38854.4,215186.0,105698.0,0.10270257646790945,2,6,3,0
314.6,102767.6,1264192.9,155.3,10554.6,23916.7,0,1,3,0,0,0,102453.0,1161425.2999999998,10399.300000000001,13362.1,455758.36666666664,11542.199999999999,1263878.2999999998,23761.4,0.018918537733808083,3,0,0,1
102767.6,1264192.9,21593.9,10554.6,23916.7,63180.5,1,3,0,0,0,1,1161425.2999999998,-1242599.0,13362.1,39263.8,462851.4666666666,32550.600000000002,1242599.0,52625.9,2.9257139417177203,3,2,0,0
1264192.9,21593.9,4529.9,23916.7,63180.5,3873.7,3,0,0,0,1,0,-1242599.0,-17064.0,39263.8,-59306.8,430105.5666666666,30323.63333333333,1259663.0,59306.8,0.8549515548787217,1,22,2,0
21593.9,4529.9,314882.8,63180.5,3873.7,37306.7,0,0,2,1,0,0,-17064.0,310352.89999999997,-59306.8,33433.0,113668.86666666665,34786.96666666667,310352.89999999997,59306.8,0.11847767335124894,3,0,2,0
4529.9,314882.8,341304.6,3873.7,37306.7,26729.6,0,2,2,0,0,0,310352.89999999997,26421.79999999999,33433.0,-10577.099999999999,220239.1,22636.666666666668,336774.69999999995,33433.0,0.07831573815372499,3,3,2,1
314882.8,341304.6,216218.4,37306.7,26729.6,73374.1,2,2,2,0,0,1,26421.79999999999,-125086.19999999998,-10577.099999999999,46644.50000000001,290801.9333333333,45803.46666666667,125086.19999999998,46644.50000000001,0.3393502155680758,3,2,2,1
341304.6,216218.4,251847.7,26729.6,73374.1,75333.9,2,2,2,0,1,1,-125086.19999999998,35629.30000000002,46644.50000000001,1959.7999999999884,269790.23333333334,58479.200000000004,125086.19999999998,48604.299999999996,0.29912364050320683,3,0,0,0
216218.4,251847.7,28357.2,73374.1,75333.9,8874.3,2,2,0,1,1,0,35629.30000000002,-223490.5,1959.7999999999884,-66459.59999999999,165474.43333333332,52527.43333333333,223490.5,66459.59999999999,0.3129359409271392,2,7,2,0
251847.7,28357.2,211181.8,75333.9,8874.3,3601.9,2,0,2,1,0,0,-223490.5,182824.59999999998,-66459.59999999999,-5272.4,163795.56666666668,29270.03333333333,223490.5,71732.0,0.017055839774830148,2,6,2,1
28357.2,211181.8,214267.4,8874.3,3601.9,52612.4,0,2,2,0,0,1,182824.59999999998,3085.600000000006,-5272.4,49010.5,151268.80000000002,21696.2,185910.19999999998,49010.5,0.2455443733186975,3,2,3,0
211181.8,214267.4,736804.1,3601.9,52612.4,31495.7,2,2,3,0,1,0,3085.600000000006,522536.69999999995,49010.5,-21116.7,387417.7666666666,29236.666666666668,525622.3,49010.5,0.042746311066522207,3,0,1,0
214267.4,736804.1,138231.5,52612.4,31495.7,27057.4,2,3,1,1,0,0,522536.69999999995,-598572.6,-21116.7,-4438.299999999999,363101.0,37055.166666666664,598572.6,25555.0,0.19573833939196644,5,19,2,0
736804.1,138231.5,284855.3,31495.7,27057.4,29896.1,3,1,2,0,0,0,-598572.6,146623.8,-4438.299999999999,2838.699999999997,386630.3,29483.06666666667,598572.6,4438.299999999999,0.10495151414941499,2,6,2,1
138231.5,284855.3,277396.8,27057.4,29896.1,72996.2,1,2,2,0,0,1,146623.8,-7458.5,2838.699999999997,43100.1,233494.53333333333,43316.566666666666,146623.8,45938.799999999996,0.2631462830635283,3,2,0,0
284855.3,277396.8,41782.0,29896.1,72996.2,36869.4,2,2,0,0,1,0,-7458.5,-235614.8,43100.1,-36126.799999999996,201344.69999999998,46587.23333333333,243073.3,43100.1,0.8824019338008281,5,4,2,1
277396.8,41782.0,206099.5,72996.2,36869.4,97528.9,2,0,2,1,0,1,-235614.8,164317.5,-36126.799999999996,60659.49999999999,175092.7666666667,69131.5,235614.8,60659.49999999999,0.4732103997806895,5,19,0,0
41782.0,206099.5,76.5,36869.4,97528.9,54.8,0,2,0,0,1,0,164317.5,-206023.0,60659.49999999999,-97474.09999999999,82652.66666666667,44817.69999999999,206023.0,97474.09999999999,0.7070967741935483,1,22,3,0
206099.5,76.5,1195497.3,97528.9,54.8,22623.5,2,0,3,1,0,0,-206023.0,1195420.8,-97474.09999999999,22568.7,467224.43333333335,40069.066666666666,1195420.8,97474.09999999999,0.018923908131027872,3,0,1,0
76.5,1195497.3,176706.6,54.8,22623.5,22418.6,0,3,1,0,0,0,1195420.8,-1018790.7000000001,22568.7,-204.90000000000146,457426.80000000005,15032.299999999997,1195420.8,22568.7,0.12686834069389205,3,2,2,1
1195497.3,176706.6,243161.5,22623.5,22418.6,71640.0,3,1,2,0,0,1,-1018790.7000000001,66454.9,-204.90000000000146,49221.4,538455.1333333334,38894.03333333333,1018790.7000000001,49221.4,0.2946177967408626,3,0,1,1
176706.6,243161.5,136991.3,22418.6,71640.0,79868.3,1,2,1,0,1,1,66454.9,-106170.20000000001,49221.4,8228.300000000003,185619.79999999996,57975.63333333334,106170.20000000001,57449.700000000004,0.5830130598581089,3,0,3,1
243161.5,136991.3,1015571.2,71640.0,79868.3,60629.4,2,1,3,1,1,1,-106170.20000000001,878579.8999999999,8228.300000000003,-19238.9,465241.3333333333,70712.56666666667,878579.8999999999,19238.9,0.05969974365190383,3,0,3,0
136991.3,1015571.2,1326557.7,79868.3,60629.4,18020.9,1,3,3,1,1,0,878579.8999999999,310986.5,-19238.9,-42608.5,826373.4,52839.53333333333,1189566.4,61847.4,0.013584698513529784,3,0,0,0
1015571.2,1326557.7,3456.3,60629.4,18020.9,2423.6,3,3,0,1,0,0,310986.5,-1323101.4,-42608.5,-15597.300000000001,781861.7333333333,27024.633333333335,1323101.4,58205.8,0.7010094582477655,1,22,3,0
1326557.7,3456.3,738401.4,18020.9,2423.6,50479.8,3,0,3,0,0,0,-1323101.4,734945.1,-15597.300000000001,48056.200000000004,689471.7999999999,23641.433333333334,1323101.4,48056.200000000004,0.06836353727994383,3,0,2,1
3456.3,738401.4,612393.4,2423.6,50479.8,65172.7,0,3,2,0,0,1,734945.1,-126008.0,48056.200000000004,14692.899999999994,451417.0333333334,39358.700000000004,734945.1,62749.1,0.10642275631521124,3,0,2,0
738401.4,612393.4,245083.6,50479.8,65172.7,42030.8,3,2,2,0,1,0,-126008.0,-367309.80000000005,14692.899999999994,-23141.899999999994,531959.4666666667,52561.1,493317.80000000005,23141.899999999994,0.17149506741753665,5,19,3,1
612393.4,245083.6,789308.4,65172.7,42030.8,86812.6,2,2,3,1,0,1,-367309.80000000005,544224.8,-23141.899999999994,44781.8,548928.4666666667,64672.03333333333,544224.8,44781.8,0.10998551391887643,3,0,3,1
245083.6,789308.4,794407.7,42030.8,86812.6,98799.4,2,3,3,0,1,1,544224.8,5099.29999999993,44781.8,11986.799999999988,609599.9,75880.93333333333,549324.1,56768.59999999999,0.12436847683062886,3,0,1,1
789308.4,794407.7,89179.0,86812.6,98799.4,154381.5,3,3,1,1,1,1,5099.29999999993,-705228.7,11986.799999999988,55582.100000000006,557631.7000000001,113331.16666666667,705228.7,67568.9,1.7311224489795918,5,19,0,0
794407.7,89179.0,1827.8,98799.4,154381.5,1165.4,3,1,0,1,1,0,-705228.7,-87351.2,55582.100000000006,-153216.1,295138.1666666667,84782.09999999999,792579.8999999999,153216.1,0.6372484689413824,1,22,0,0
89179.0,1827.8,22603.5,154381.5,1165.4,35685.9,1,0,0,1,0,0,-87351.2,20775.7,-153216.1,34520.5,37870.1,63744.26666666666,87351.2,153216.1,1.5787077794244508,2,6,1,0
1827.8,22603.5,160513.8,1165.4,35685.9,18734.8,0,0,1,0,0,0,20775.7,137910.3,34520.5,-16951.100000000002,61648.36666666666,18528.7,158686.0,34520.5,0.11671696317099732,5,4,2,0
22603.5,160513.8,373696.4,35685.9,18734.8,42123.7,0,1,2,0,0,0,137910.3,213182.60000000003,-16951.100000000002,23388.899999999998,185604.56666666665,32181.466666666664,351092.9,23388.899999999998,0.11272141577650793,3,3,2,1
160513.8,373696.4,262741.9,18734.8,42123.7,153492.6,1,2,2,0,0,1,213182.60000000003,-110954.5,23388.899999999998,111368.90000000001,265650.7,71450.36666666667,213182.60000000003,134757.80000000002,0.5841931408993354,5,19,3,1
373696.4,262741.9,941598.9,42123.7,153492.6,80094.4,2,2,3,0,1,1,-110954.5,678857.0,111368.90000000001,-73398.20000000001,526012.4,91903.56666666665,678857.0,111368.90000000001,0.08506203112383508,3,0,0,0
262741.9,941598.9,656.7,153492.6,80094.4,611.7,2,3,0,1,1,0,678857.0,-940942.2000000001,-73398.20000000001,-79482.7,401665.8333333333,78066.23333333334,940942.2000000001,152880.9,0.9300592975520754,1,22,3,0
941598.9,656.7,918519.3,80094.4,611.7,32324.6,3,0,3,1,0,0,-940942.2000000001,917862.6000000001,-79482.7,31712.899999999998,620258.2999999999,37676.899999999994,940942.2000000001,79482.7,0.035192036583187106,3,0,0,0
656.7,918519.3,2277.2,611.7,32324.6,317.5,0,3,0,0,0,0,917862.6000000001,-916242.1000000001,31712.899999999998,-32007.1,307151.06666666665,11084.599999999999,917862.6000000001,32007.1,0.13936441049951717,1,22,1,1
918519.3,2277.2,173021.9,32324.6,317.5,89706.8,3,0,1,0,0,1,-916242.1000000001,170744.69999999998,-32007.1,89389.3,364606.1333333333,40782.96666666667,916242.1000000001,89389.3,0.5184677866340236,3,0,3,0
2277.2,173021.9,980030.2,317.5,89706.8,40104.5,0,1,3,0,1,0,170744.69999999998,807008.2999999999,89389.3,-49602.3,385109.76666666666,43376.26666666667,977753.0,89389.3,0.04092165637175633,3,0,1,1
173021.9,980030.2,150062.0,89706.8,40104.5,65510.9,1,3,1,1,0,1,807008.2999999999,-829968.2,-49602.3,25406.4,434371.36666666664,65107.4,829968.2,49602.3,0.43655597982180816,3,2,0,0
980030.2,150062.0,1283.6,40104.5,65510.9,1652.3,3,1,0,0,1,0,-829968.2,-148778.4,25406.4,-63858.6,377125.26666666666,35755.9,978746.6,63858.6,1.2862369609216877,1,22,1,1
150062.0,1283.6,95901.8,65510.9,1652.3,75982.7,1,0,1,1,0,1,-148778.4,94618.2,-63858.6,74330.4,82415.8,47715.299999999996,148778.4,74330.4,0.7922886505920578,2,6,1,1
1283.6,95901.8,128106.3,1652.3,75982.7,70336.9,0,1,1,0,1,1,94618.2,32204.5,74330.4,-5645.800000000003,75097.23333333334,49323.96666666667,126822.7,74330.4,0.5490467756326142,3,2,2,1
95901.8,128106.3,284194.8,75982.7,70336.9,92728.1,1,1,2,1,1,1,32204.5,156088.5,-5645.800000000003,22391.20000000001,169400.96666666667,79682.56666666667,188293.0,22391.20000000001,0.32628244330141404,3,3,2,1
128106.3,284194.8,205082.5,70336.9,92728.1,121187.8,1,2,2,1,1,1,156088.5,-79112.29999999999,22391.20000000001,28459.699999999997,205794.53333333333,94750.93333333333,156088.5,50850.90000000001,0.5909193084767912,5,19,0,0
284194.8,205082.5,45476.6,92728.1,121187.8,41725.7,2,2,0,1,1,0,-79112.29999999999,-159605.9,28459.699999999997,-79462.1,178251.30000000002,85213.86666666668,238718.19999999998,79462.1,0.9175000439776945,3,2,1,1
205082.5,45476.6,157514.3,121187.8,41725.7,51246.5,2,0,1,1,0,1,-159605.9,112037.69999999998,-79462.1,9520.800000000003,136024.46666666667,71386.66666666667,159605.9,79462.1,0.32534299842618464,2,6,1,0
45476.6,157514.3,84122.4,41725.7,51246.5,23157.6,0,1,1,0,1,0,112037.69999999998,-73391.9,9520.800000000003,-28088.9,95704.43333333333,38709.93333333333,112037.69999999998,28088.9,0.27528131292838853,2,6,1,0
157514.3,84122.4,156487.8,51246.5,23157.6,26418.0,1,1,1,1,0,0,-73391.9,72365.4,-28088.9,3260.4000000000015,132708.16666666666,33607.36666666667,73391.9,28088.9,0.16881719330712486,2,6,0,0
84122.4,156487.8,910.0,23157.6,26418.0,465.8,1,1,0,0,0,0,72365.4,-155577.8,3260.4000000000015,-25952.2,80506.73333333332,16680.466666666667,155577.8,25952.2,0.5113062568605927,1,22,1,1
156487.8,910.0,95372.6,26418.0,465.8,66407.3,1,0,1,0,0,1,-155577.8,94462.6,-25952.2,65941.5,84256.8,31097.033333333336,155577.8,65941.5,0.6962859743157436,2,6,1,0
910.0,95372.6,135231.0,465.8,66407.3,24793.3,0,1,1,0,1,0,94462.6,39858.399999999994,65941.5,-41614.0,77171.2,30555.46666666667,134321.0,65941.5,0.1833390026029342,3,2,1,1
95372.6,135231.0,204551.1,66407.3,24793.3,62623.6,1,1,1,1,0,1,39858.399999999994,69320.1,-41614.0,37830.3,145051.56666666668,51274.73333333334,109178.5,41614.0,0.3061498757529255,3,2,0,0
135231.0,204551.1,165.1,24793.3,62623.6,622.8,1,1,0,0,1,0,69320.1,-204386.0,37830.3,-62000.799999999996,113315.73333333332,29346.566666666666,204386.0,62000.799999999996,3.749548464780253,1,22,2,0
204551.1,165.1,207695.5,62623.6,622.8,30196.0,1,0,2,1,0,0,-204386.0,207530.4,-62000.799999999996,29573.2,137470.56666666668,31147.466666666664,207530.4,62000.799999999996,0.14538521352069003,2,6,1,1
165.1,207695.5,109919.9,622.8,30196.0,162635.7,0,2,1,0,0,1,207530.4,-97775.6,29573.2,132439.7,105926.83333333333,64484.833333333336,207530.4,162012.90000000002,1.4795703091950667,5,19,1,1
207695.5,109919.9,68556.4,30196.0,162635.7,149049.6,2,1,1,0,1,1,-97775.6,-41363.5,132439.7,-13586.100000000006,128723.93333333335,113960.43333333335,139139.1,132439.7,2.174084781511551,5,19,1,0
109919.9,68556.4,134947.2,162635.7,149049.6,42774.1,1,1,1,1,1,0,-41363.5,66390.80000000002,-13586.100000000006,-106275.5,104474.5,118153.13333333335,66390.80000000002,119861.6,0.31696680652279907,5,4,0,0
68556.4,134947.2,4185.9,149049.6,42774.1,895.7,1,1,0,1,0,0,66390.80000000002,-130761.30000000002,-106275.5,-41878.4,69229.83333333333,64239.80000000001,130761.30000000002,148153.9,0.21392915999904466,1,22,2,0
134947.2,4185.9,208843.2,42774.1,895.7,28335.2,1,0,2,0,0,0,-130761.30000000002,204657.30000000002,-41878.4,27439.5,115992.10000000002,24001.666666666668,204657.30000000002,41878.4,0.1356762601020282,3,3,1,0
4185.9,208843.2,95807.3,895.7,28335.2,47614.2,0,2,1,0,0,0,204657.30000000002,-113035.90000000001,27439.5,19278.999999999996,102945.46666666667,25615.033333333336,204657.30000000002,46718.5,0.4969736442458534,3,2,1,1
208843.2,95807.3,60975.2,28335.2,47614.2,127107.0,2,1,1,0,0,1,-113035.90000000001,-34832.100000000006,19278.999999999996,79492.8,121875.23333333334,67685.46666666666,147868.0,98771.8,2.084534621704862,5,19,2,1
95807.3,60975.2,290121.5,47614.2,127107.0,65422.9,1,1,2,0,1,1,-34832.100000000006,229146.3,79492.8,-61684.1,148968.0,80048.03333333334,229146.3,79492.8,0.22550095218399124,2,6,0,0
60975.2,290121.5,116.0,127107.0,65422.9,836.8,1,2,0,1,1,0,229146.3,-290005.5,-61684.1,-64586.1,117070.90000000001,64455.56666666666,290005.5,126270.2,7.152136752136752,1,22,0,0
290121.5,116.0,46426.4,65422.9,836.8,9204.3,2,0,0,1,0,0,-290005.5,46310.4,-64586.1,8367.5,112221.3,25154.666666666668,290005.5,64586.1,0.19825146357538864,2,7,0,0
116.0,46426.4,2959.6,836.8,9204.3,1180.7,0,0,0,0,0,0,46310.4,-43466.8,8367.5,-8023.599999999999,16500.666666666668,3740.6,46310.4,8367.5,0.3988042964264001,1,22,1,0
46426.4,2959.6,75773.2,9204.3,1180.7,24433.7,0,0,1,0,0,0,-43466.8,72813.59999999999,-8023.599999999999,23253.0,41719.73333333333,11606.233333333332,72813.59999999999,23253.0,0.32245408067653636,5,19,2,0
2959.6,75773.2,294875.1,1180.7,24433.7,49645.4,0,1,2,0,0,0,72813.59999999999,219101.89999999997,23253.0,25211.7,124535.96666666666,25086.600000000002,291915.5,48464.700000000004,0.1683602028106042,3,2,1,0
75773.2,294875.1,128327.7,24433.7,49645.4,13958.4,1,2,1,0,0,0,219101.89999999997,-166547.39999999997,25211.7,-35687.0,166325.33333333334,29345.833333333332,219101.89999999997,35687.0,0.10877068029209366,3,2,2,1
294875.1,128327.7,573935.7,49645.4,13958.4,81123.5,2,1,2,0,0,1,-166547.39999999997,445607.99999999994,-35687.0,67165.1,332379.5,48242.43333333333,445607.99999999994,67165.1,0.14134572680227628,3,0,3,0
128327.7,573935.7,1278403.3,13958.4,81123.5,31348.8,1,2,3,0,1,0,445607.99999999994,704467.6000000001,67165.1,-49774.7,660222.2333333333,42143.566666666666,1150075.6,67165.1,0.024521819896882385,3,0,1,1
573935.7,1278403.3,95156.0,81123.5,31348.8,160016.1,2,3,1,1,0,1,704467.6000000001,-1183247.3,-49774.7,128667.3,649165.0,90829.46666666667,1183247.3,128667.3,1.6816009331946153,5,19,0,0
1278403.3,95156.0,2778.2,31348.8,160016.1,694.2,3,1,0,0,1,0,-1183247.3,-92377.8,128667.3,-159321.9,458779.1666666667,64019.700000000004,1275625.1,159321.9,0.24978411053540592,1,22,0,0
95156.0,2778.2,579.6,160016.1,694.2,37.6,1,0,0,1,0,0,-92377.8,-2198.6,-159321.9,-656.6,32837.933333333334,53582.63333333334,94576.4,159978.5,0.06476059249052704,1,22,1,0
2778.2,579.6,189186.2,694.2,37.6,23619.6,0,0,1,0,0,0,-2198.6,188606.6,-656.6,23582.0,64181.333333333336,8117.133333333332,188606.6,23582.0,0.12484776982797989,2,6,1,1
579.6,189186.2,84536.7,37.6,23619.6,51373.4,0,1,1,0,0,1,188606.6,-104649.50000000001,23582.0,27753.800000000003,91434.16666666667,25010.2,188606.6,51335.8,0.6076981039228653,3,2,1,1
189186.2,84536.7,94686.0,23619.6,51373.4,117233.9,1,1,1,0,1,1,-104649.50000000001,10149.300000000003,27753.800000000003,65860.5,122802.96666666667,64075.63333333333,104649.50000000001,93614.29999999999,1.2381203333086908,5,19,0,0
84536.7,94686.0,784.0,51373.4,117233.9,2790.9,1,1,0,1,1,0,10149.300000000003,-93902.0,65860.5,-114443.0,60002.23333333334,57132.73333333333,93902.0,114443.0,3.5552866242038217,1,22,1,1
94686.0,784.0,69862.3,117233.9,2790.9,64845.4,1,0,1,1,0,1,-93902.0,69078.3,-114443.0,62054.5,55110.76666666666,61623.399999999994,93902.0,114443.0,0.9281754512025627,2,6,0,0
784.0,69862.3,1039.6,2790.9,64845.4,3100.7,0,1,0,0,1,0,69078.3,-68822.7,62054.5,-61744.700000000004,23895.300000000003,23579.0,69078.3,62054.5,2.9797232365942725,1,22,0,0
69862.3,1039.6,455.6,64845.4,3100.7,2247.3,1,0,0,1,0,0,-68822.7,-583.9999999999999,-61744.700000000004,-853.3999999999996,23785.83333333334,23397.800000000003,69406.7,62598.1,4.921813403416557,1,22,0,0
1039.6,455.6,3062.4,3100.7,2247.3,4146.9,0,0,0,0,0,0,-583.9999999999999,2606.8,-853.3999999999996,1899.5999999999995,1519.2,3164.9666666666667,2606.8,1899.5999999999995,1.353691976235555,5,18,3,0
455.6,3062.4,1275804.3,2247.3,4146.9,25992.5,0,0,3,0,0,0,2606.8,1272741.9000000001,1899.5999999999995,21845.6,426440.76666666666,10795.566666666668,1275348.7,23745.2,0.020373406506463014,3,0,1,0
3062.4,1275804.3,66379.9,4146.9,25992.5,18015.7,0,3,1,0,0,0,1272741.9000000001,-1209424.4000000001,21845.6,-7976.799999999999,448415.53333333327,16051.700000000003,1272741.9000000001,21845.6,0.2713988511755641,3,2,2,0
1275804.3,66379.9,205711.0,25992.5,18015.7,27683.2,3,1,2,0,0,0,-1209424.4000000001,139331.1,-7976.799999999999,9667.5,515965.06666666665,23897.13333333333,1209424.4000000001,9667.5,0.13457260636229293,3,0,1,0
66379.9,205711.0,175993.1,18015.7,27683.2,48777.9,1,2,1,0,0,0,139331.1,-29717.899999999994,9667.5,21094.7,149361.33333333334,31492.266666666666,139331.1,30762.2,0.2771564501309987,2,6,1,0
205711.0,175993.1,67949.4,27683.2,48777.9,9828.6,2,1,1,0,0,0,-29717.899999999994,-108043.70000000001,21094.7,-38949.3,149884.5,28763.233333333337,137761.6,38949.3,0.14464374013986675,2,6,3,0
175993.1,67949.4,1083016.3,48777.9,9828.6,47040.1,1,1,3,0,0,0,-108043.70000000001,1015066.9,-38949.3,37211.5,442319.60000000003,35215.53333333333,1015066.9,38949.3,0.043434301557325077,3,0,0,0
67949.4,1083016.3,1599.5,9828.6,47040.1,1883.7,1,3,0,0,0,0,1015066.9,-1081416.8,37211.5,-45156.4,384188.39999999997,19584.13333333333,1081416.8,45156.4,1.1769447047797563,1,22,1,0
1083016.3,1599.5,164673.1,47040.1,1883.7,23194.4,3,0,1,0,0,0,-1081416.8,163073.6,-45156.4,21310.7,416429.63333333336,24039.399999999998,1081416.8,45156.4,0.14085032193890842,2,6,0,0
1599.5,164673.1,506.8,1883.7,23194.4,638.0,0,1,0,0,0,0,163073.6,-164166.30000000002,21310.7,-22556.4,55593.13333333333,8572.033333333335,164166.30000000002,22556.4,1.2564001575423396,1,22,1,0
164673.1,506.8,110182.4,23194.4,638.0,42427.4,1,0,1,0,0,0,-164166.30000000002,109675.59999999999,-22556.4,41789.4,91787.43333333333,22086.600000000002,164166.30000000002,41789.4,0.38506163360361,3,2,2,1
506.8,110182.4,254701.3,638.0,42427.4,127212.5,0,1,2,0,0,1,109675.59999999999,144518.9,41789.4,84785.1,121796.83333333333,56759.299999999996,254194.5,126574.5,0.499455638995015,5,19,2,0
110182.4,254701.3,212519.6,42427.4,127212.5,48874.4,1,2,2,0,1,0,144518.9,-42181.69999999998,84785.1,-78338.1,192467.76666666663,72838.09999999999,144518.9,84785.1,0.2299748824349263,2,6,0,0
254701.3,212519.6,1572.9,127212.5,48874.4,2385.4,2,2,0,1,0,0,-42181.69999999998,-210946.7,-78338.1,-46489.0,156264.6,59490.76666666666,253128.4,124827.1,1.5155981955651565,1,22,2,0
212519.6,1572.9,505607.1,48874.4,2385.4,43484.7,2,0,2,0,0,0,-210946.7,504034.19999999995,-46489.0,41099.299999999996,239899.86666666667,31581.5,504034.19999999995,46489.0,0.08600475348397306,3,0,1,0
1572.9,505607.1,90750.2,2385.4,43484.7,20009.8,0,2,1,0,0,0,504034.19999999995,-414856.89999999997,41099.299999999996,-23474.899999999998,199310.06666666665,21959.966666666664,504034.19999999995,41099.299999999996,0.2204907483317025,2,6,1,0
505607.1,90750.2,151519.6,43484.7,20009.8,19491.1,2,1,1,0,0,0,-414856.89999999997,60769.40000000001,-23474.899999999998,-518.7000000000007,249292.29999999996,27661.86666666667,414856.89999999997,23993.6,0.12863663422663318,5,19,0,0
90750.2,151519.6,12581.6,20009.8,19491.1,14012.1,1,1,0,0,0,0,60769.40000000001,-138938.0,-518.7000000000007,-5478.999999999998,84950.46666666666,17837.666666666664,138938.0,5997.699999999999,1.1136092699442086,2,7,2,0
151519.6,12581.6,244028.2,19491.1,14012.1,34165.2,1,0,2,0,0,0,-138938.0,231446.6,-5478.999999999998,20153.1,136043.13333333333,22556.13333333333,231446.6,20153.1,0.1400045568317234,3,2,1,0
12581.6,244028.2,117386.4,14012.1,34165.2,40294.7,0,2,1,0,0,0,231446.6,-126641.80000000002,20153.1,6129.5,124665.40000000001,29490.666666666668,231446.6,26282.6,0.343262564806785,2,6,0,0
244028.2,117386.4,3645.8,34165.2,40294.7,359.4,2,1,0,0,0,0,-126641.80000000002,-113740.59999999999,6129.5,-39935.299999999996,121686.79999999999,24939.766666666663,240382.40000000002,39935.299999999996,0.0985521553142481,1,22,1,0
117386.4,3645.8,72424.3,40294.7,359.4,30594.4,1,0,1,0,0,0,-113740.59999999999,68778.5,-39935.299999999996,30235.0,64485.5,23749.5,113740.59999999999,39935.299999999996,0.4224269695810718,2,6,0,0
3645.8,72424.3,97.3,359.4,30594.4,36.2,0,1,0,0,0,0,68778.5,-72327.0,30235.0,-30558.2,25389.133333333335,10330.000000000002,72327.0,30558.2,0.3682604272634792,1,22,1,1
72424.3,97.3,136101.6,30594.4,36.2,95879.2,1,0,1,0,0,1,-72327.0,136004.30000000002,-30558.2,95843.0,69541.06666666667,42169.933333333334,136004.30000000002,95843.0,0.7044626627265018,5,4,0,0
97.3,136101.6,4234.1,36.2,95879.2,4896.8,0,1,0,0,1,0,136004.30000000002,-131867.5,95843.0,-90982.4,46811.0,33604.066666666666,136004.30000000002,95843.0,1.1562418833085404,1,22,2,0
136101.6,4234.1,229409.5,95879.2,4896.8,9017.9,1,0,2,1,0,0,-131867.5,225175.4,-90982.4,4121.099999999999,123248.40000000001,36597.96666666667,225175.4,90982.4,0.03930901157532022,2,6,0,0
4234.1,229409.5,460.3,4896.8,9017.9,2116.4,0,2,0,0,0,0,225175.4,-228949.2,4121.099999999999,-6901.5,78034.63333333333,5343.7,228949.2,6901.5,4.587903750270973,1,22,1,1
229409.5,460.3,164920.3,9017.9,2116.4,93541.0,2,0,1,0,0,1,-228949.2,164460.0,-6901.5,91424.6,131596.69999999998,34891.76666666667,228949.2,91424.6,0.567185681897972,3,0,1,1
460.3,164920.3,102082.8,2116.4,93541.0,69387.5,0,1,1,0,1,1,164460.0,-62837.499999999985,91424.6,-24153.5,89154.46666666666,55014.96666666667,164460.0,91424.6,0.6797111784631842,3,2,2,0
164920.3,102082.8,275209.0,93541.0,69387.5,19868.9,1,1,2,1,1,0,-62837.499999999985,173126.2,-24153.5,-49518.6,180737.36666666667,60932.46666666667,173126.2,73672.1,0.07219541441081356,2,6,1,0
102082.8,275209.0,158549.9,69387.5,19868.9,20081.6,1,2,1,1,0,0,173126.2,-116659.1,-49518.6,212.6999999999971,178613.9,36446.0,173126.2,49518.6,0.12665711768271262,2,6,1,1
275209.0,158549.9,125612.5,19868.9,20081.6,67189.1,2,1,1,0,0,1,-116659.1,-32937.399999999994,212.6999999999971,47107.50000000001,186457.13333333333,35713.200000000004,149596.5,47320.200000000004,0.5348875717976174,3,0,0,0
158549.9,125612.5,4778.4,20081.6,67189.1,3777.7,1,1,0,0,1,0,-32937.399999999994,-120834.1,47107.50000000001,-63411.40000000001,96313.60000000002,30349.46666666667,153771.5,63411.40000000001,0.7904130225551325,1,22,3,1
125612.5,4778.4,844510.9,67189.1,3777.7,94491.5,1,0,3,1,0,1,-120834.1,839732.5,-63411.40000000001,90713.8,324967.26666666666,55152.76666666666,839732.5,90713.8,0.11188889108608178,3,0,0,0
4778.4,844510.9,259.2,3777.7,94491.5,652.0,0,3,0,0,1,0,839732.5,-844251.7000000001,90713.8,-93839.5,283182.8333333333,32973.73333333333,844251.7000000001,93839.5,2.5057647963105305,1,22,3,0
844510.9,259.2,1083167.1,94491.5,652.0,11401.3,3,0,3,1,0,0,-844251.7000000001,1082907.9000000001,-93839.5,10749.3,642645.7333333334,35514.933333333334,1082907.9000000001,93839.5,0.010525882363042263,3,0,3,0
259.2,1083167.1,1235070.2,652.0,11401.3,21979.4,0,3,3,0,0,0,1082907.9000000001,151903.09999999986,10749.3,10578.100000000002,772832.1666666666,11344.233333333332,1234811.0,21327.4,0.017796059045017,3,0,3,1
1083167.1,1235070.2,720678.8,11401.3,21979.4,77281.7,3,3,3,0,0,1,151903.09999999986,-514391.3999999999,10578.100000000002,55302.299999999996,1012972.0333333332,36887.46666666667,514391.3999999999,65880.4,0.10723444725382894,3,0,0,0
1235070.2,720678.8,695.6,21979.4,77281.7,2803.2,3,3,0,0,1,0,-514391.3999999999,-719983.2000000001,55302.299999999996,-74478.5,652148.2000000001,34021.433333333334,1234374.5999999999,74478.5,4.02411714039621,1,22,0,1
720678.8,695.6,7580.2,77281.7,2803.2,68721.8,3,0,0,1,0,1,-719983.2000000001,6884.599999999999,-74478.5,65918.6,242984.86666666667,49602.23333333334,719983.2000000001,74478.5,9.064765472484568,2,6,0,0
695.6,7580.2,2663.6,2803.2,68721.8,278.7,0,0,0,0,1,0,6884.599999999999,-4916.6,65918.6,-68443.1,3646.4666666666667,23934.566666666666,6884.599999999999,68443.1,0.10459356000900698,1,22,0,0
7580.2,2663.6,35918.0,68721.8,278.7,15121.2,0,0,0,1,0,0,-4916.6,33254.4,-68443.1,14842.5,15387.266666666668,28040.566666666666,33254.4,68443.1,0.4209805395473148,3,2,2,0
2663.6,35918.0,276068.6,278.7,15121.2,17567.6,0,0,2,0,0,0,33254.4,240150.59999999998,14842.5,2446.399999999998,104883.39999999998,10989.166666666666,273405.0,17288.899999999998,0.06363467763201744,3,0,1,1
35918.0,276068.6,170170.4,15121.2,17567.6,92471.7,0,2,1,0,0,1,240150.59999999998,-105898.19999999998,2446.399999999998,74904.1,160719.0,41720.166666666664,240150.59999999998,77350.5,0.5434032980865174,5,4,1,0
276068.6,170170.4,77507.7,17567.6,92471.7,15661.3,2,1,1,0,1,0,-105898.19999999998,-92662.7,74904.1,-76810.4,174582.23333333334,41900.2,198560.89999999997,76810.4,0.20205860761437103,2,6,2,1
170170.4,77507.7,409911.5,92471.7,15661.3,65812.9,1,1,2,1,0,1,-92662.7,332403.8,-76810.4,50151.59999999999,219196.53333333333,57981.96666666667,332403.8,76810.4,0.1605535327661391,3,0,0,0
77507.7,409911.5,361.6,15661.3,65812.9,1194.5,1,2,0,0,1,0,332403.8,-409549.9,50151.59999999999,-64618.399999999994,162593.6,27556.233333333334,409549.9,64618.399999999994,3.2942636514065082,1,22,3,1
409911.5,361.6,718120.4,65812.9,1194.5,80889.6,2,0,3,1,0,1,-409549.9,717758.8,-64618.399999999994,79695.1,376131.1666666667,49299.0,717758.8,79695.1,0.11264056467332682,3,0,1,1
361.6,718120.4,170106.4,1194.5,80889.6,56439.6,0,3,1,0,1,1,717758.8,-548014.0,79695.1,-24450.000000000007,296196.13333333336,46174.56666666667,717758.8,79695.1,0.3317880350884206,3,3,1,1
718120.4,170106.4,167014.2,80889.6,56439.6,77157.9,3,1,1,1,1,1,-548014.0,-3092.1999999999825,-24450.000000000007,20718.299999999996,351747.0,71495.7,551106.2,24450.000000000007,0.46198130469562043,3,2,0,0
170106.4,167014.2,18019.8,56439.6,77157.9,12189.2,1,1,0,1,1,0,-3092.1999999999825,-148994.40000000002,20718.299999999996,-64968.7,118380.13333333332,48595.56666666667,152086.6,64968.7,0.6763961644322117,2,7,0,0
167014.2,18019.8,3022.4,77157.9,12189.2,2279.7,1,0,0,1,0,0,-148994.40000000002,-14997.4,-64968.7,-9909.5,62685.46666666667,30542.266666666663,163991.80000000002,74878.2,0.7540186544949394,1,22,1,0
18019.8,3022.4,134149.9,12189.2,2279.7,42736.4,0,0,1,0,0,0,-14997.4,131127.5,-9909.5,40456.700000000004,51730.700000000004,19068.433333333334,131127.5,40456.700000000004,0.3185696107890443,3,2,2,0
3022.4,134149.9,245354.8,2279.7,42736.4,20517.0,0,1,2,0,0,0,131127.5,111204.9,40456.700000000004,-22219.4,127509.03333333333,21844.366666666665,242332.4,40456.700000000004,0.08362141836467693,3,2,1,1
134149.9,245354.8,122900.4,42736.4,20517.0,70211.8,1,2,1,0,0,1,111204.9,-122454.4,-22219.4,49694.8,167468.36666666667,44488.4,122454.4,49694.8,0.5712855996758378,5,19,1,1
245354.8,122900.4,135475.6,20517.0,70211.8,84549.7,2,1,1,0,1,1,-122454.4,12575.200000000012,49694.8,14337.899999999994,167910.26666666663,58426.166666666664,122454.4,64032.7,0.6240908023968714,5,19,1,0
122900.4,135475.6,97790.8,70211.8,84549.7,17498.8,1,1,1,1,1,0,12575.200000000012,-37684.8,14337.899999999994,-67050.9,118722.26666666666,57420.1,37684.8,67050.9,0.17893933847214183,2,6,3,1
135475.6,97790.8,681529.4,84549.7,17498.8,65653.1,1,1,3,1,0,1,-37684.8,583738.6,-67050.9,48154.3,304931.93333333335,55900.53333333333,583738.6,67050.9,0.0963318730903273,3,0,3,1
97790.8,681529.4,1304535.9,17498.8,65653.1,80099.8,1,3,3,0,1,1,583738.6,623006.4999999999,48154.3,14446.699999999997,694618.7000000001,54417.23333333334,1206745.0999999999,62601.0,0.06140094619017677,3,0,0,0
681529.4,1304535.9,2631.4,65653.1,80099.8,975.7,3,3,0,1,1,0,623006.4999999999,-1301904.5,14446.699999999997,-79124.1,662898.8999999999,48909.53333333335,1301904.5,79124.1,0.37065035708858834,1,22,0,0
1304535.9,2631.4,9831.5,80099.8,975.7,19711.6,3,0,0,1,0,0,-1301904.5,7200.1,-79124.1,18735.899999999998,438999.5999999999,33595.700000000004,1301904.5,79124.1,2.004739384693618,2,6,1,0
2631.4,9831.5,156297.2,975.7,19711.6,39976.2,0,0,1,0,0,0,7200.1,146465.7,18735.899999999998,20264.6,56253.36666666667,20221.166666666668,153665.80000000002,39000.5,0.2557687804466078,3,2,2,0
9831.5,156297.2,267067.4,19711.6,39976.2,39747.4,0,1,2,0,0,0,146465.7,110770.20000000001,20264.6,-228.79999999999563,144398.7,33145.066666666666,257235.90000000002,20264.6,0.14882853980478408,3,2,0,1
156297.2,267067.4,34377.0,39976.2,39747.4,76079.4,1,2,0,0,0,1,110770.20000000001,-232690.40000000002,-228.79999999999563,36331.99999999999,152580.53333333335,51934.333333333336,232690.40000000002,36331.99999999999,2.213025772296236,3,2,0,0
267067.4,34377.0,925.1,39747.4,76079.4,257.5,2,0,0,0,1,0,-232690.40000000002,-33451.9,36331.99999999999,-75821.9,100789.83333333333,38694.76666666666,266142.30000000005,75821.9,0.27804772702731884,1,22,3,0
34377.0,925.1,724379.7,76079.4,257.5,41722.9,0,0,3,1,0,0,-33451.9,723454.6,-75821.9,41465.4,253227.26666666663,39353.26666666666,723454.6,75821.9,0.05759802821913947,3,0,1,1
925.1,724379.7,184685.3,257.5,41722.9,61832.5,0,3,1,0,0,1,723454.6,-539694.3999999999,41465.4,20109.6,303330.03333333327,34604.299999999996,723454.6,61575.0,0.3347974376009482,3,3,1,0
724379.7,184685.3,156205.6,41722.9,61832.5,39214.4,3,1,1,0,1,0,-539694.3999999999,-28479.699999999983,20109.6,-22618.1,355090.2,47589.93333333333,568174.1,22618.1,0.2510418893951984,2,6,0,0
184685.3,156205.6,43497.1,61832.5,39214.4,9693.3,1,1,0,1,0,0,-28479.699999999983,-112708.5,-22618.1,-29521.100000000002,128129.33333333333,36913.4,141188.19999999998,52139.2,0.22284421618415515,2,7,1,1
156205.6,43497.1,62076.4,39214.4,9693.3,73914.9,1,0,1,0,0,1,-112708.5,18579.300000000003,-29521.100000000002,64221.59999999999,87259.7,40940.86666666666,112708.5,64221.59999999999,1.190689365211816,2,6,3,0
43497.1,62076.4,1488544.4,9693.3,73914.9,18864.2,0,1,3,0,1,0,18579.300000000003,1426468.0,64221.59999999999,-55050.7,531372.6333333333,34157.46666666667,1445047.2999999998,64221.59999999999,0.012672908733586494,3,0,0,0
62076.4,1488544.4,1151.5,73914.9,18864.2,171.6,1,3,0,1,0,0,1426468.0,-1487392.9,-55050.7,-18692.600000000002,517257.4333333333,30983.566666666666,1487392.9,73743.29999999999,0.1488937093275488,1,22,3,0
1488544.4,1151.5,805582.0,18864.2,171.6,7293.3,3,0,3,0,0,0,-1487392.9,804430.5,-18692.600000000002,7121.7,765092.6333333333,8776.366666666667,1487392.9,18692.600000000002,0.00905344328269092,3,0,2,0
1151.5,805582.0,243583.1,171.6,7293.3,39521.8,0,3,2,0,0,0,804430.5,-561998.9,7121.7,32228.500000000004,350105.5333333334,15662.233333333335,804430.5,39350.200000000004,0.16225114857661072,3,2,1,0
805582.0,243583.1,99779.6,7293.3,39521.8,24419.5,3,2,1,0,0,0,-561998.9,-143803.5,32228.500000000004,-15102.300000000003,382981.5666666667,23744.86666666667,705802.4,32228.500000000004,0.24473194188048578,5,19,1,0
243583.1,99779.6,54523.4,39521.8,24419.5,37879.8,2,1,1,0,0,0,-143803.5,-45256.200000000004,-15102.300000000003,13460.300000000003,132628.7,33940.36666666667,189059.7,15102.300000000003,0.6947311662301648,3,2,2,0
99779.6,54523.4,233819.1,24419.5,37879.8,7711.7,1,1,2,0,0,0,-45256.200000000004,179295.7,13460.300000000003,-30168.100000000002,129374.03333333333,23337.0,179295.7,30168.100000000002,0.03298133907221834,3,2,0,0
54523.4,233819.1,3697.6,37879.8,7711.7,2352.1,1,2,0,0,0,0,179295.7,-230121.5,-30168.100000000002,-5359.6,97346.7,15981.199999999999,230121.5,35527.700000000004,0.635943329908614,1,22,3,1
233819.1,3697.6,1453787.7,7711.7,2352.1,93630.0,2,0,3,0,0,1,-230121.5,1450090.0999999999,-5359.6,91277.9,563768.1333333333,34564.6,1450090.0999999999,91277.9,0.0644041324574885,3,0,1,0
3697.6,1453787.7,199881.8,2352.1,93630.0,36309.2,0,3,1,0,1,0,1450090.0999999999,-1253905.9,91277.9,-57320.8,552455.7000000001,44097.1,1450090.0999999999,91277.9,0.18165244833472413,2,6,0,0
1453787.7,199881.8,1141.7,93630.0,36309.2,512.4,3,1,0,1,0,0,-1253905.9,-198740.09999999998,-57320.8,-35796.799999999996,551603.7333333333,43483.86666666666,1452646.0,93117.6,0.44841165660278287,1,22,0,0
199881.8,1141.7,463.4,36309.2,512.4,1213.3,1,0,0,0,0,0,-198740.09999999998,-678.3000000000001,-35796.799999999996,700.9,67162.3,12678.300000000001,199418.4,35796.799999999996,2.612618432385874,1,22,0,0
1141.7,463.4,31729.7,512.4,1213.3,27718.3,0,0,0,0,0,0,-678.3000000000001,31266.3,700.9,26505.0,11111.6,9814.666666666666,31266.3,27205.899999999998,0.8735483301660536,3,2,0,0
463.4,31729.7,858.5,1213.3,27718.3,1751.0,0,0,0,0,0,0,31266.3,-30871.2,26505.0,-25967.3,11017.200000000003,10227.533333333333,31266.3,26505.0,2.0372309482257127,1,22,2,0
31729.7,858.5,251258.2,27718.3,1751.0,16373.5,0,0,2,0,0,0,-30871.2,250399.7,-25967.3,14622.5,94615.46666666667,15280.933333333334,250399.7,25967.3,0.06516577303438043,3,2,1,1
858.5,251258.2,91441.4,1751.0,16373.5,184473.2,0,2,1,0,0,1,250399.7,-159816.80000000002,14622.5,168099.7,114519.36666666665,67532.56666666667,250399.7,182722.2,2.0173704977122213,5,19,1,1
251258.2,91441.4,146031.0,16373.5,184473.2,86589.9,2,1,1,0,1,1,-159816.80000000002,54589.600000000006,168099.7,-97883.30000000002,162910.19999999998,95812.2,159816.80000000002,168099.7,0.5929515448668784,3,0,1,0
91441.4,146031.0,147386.0,184473.2,86589.9,7154.9,1,1,1,1,1,0,54589.600000000006,1355.0,-97883.30000000002,-79435.0,128286.13333333335,92739.33333333333,55944.600000000006,177318.30000000002,0.04854498700699519,2,6,2,1
146031.0,147386.0,294735.2,86589.9,7154.9,74361.6,1,1,2,1,0,1,1355.0,147349.2,-79435.0,67206.70000000001,196050.7333333333,56035.46666666667,148704.2,79435.0,0.25229883536531994,3,2,0,0
147386.0,294735.2,42391.5,7154.9,74361.6,39470.5,1,2,0,0,1,0,147349.2,-252343.7,67206.70000000001,-34891.100000000006,161504.23333333334,40329.0,252343.7,67206.70000000001,0.9310727133337264,3,2,0,0
294735.2,42391.5,628.3,74361.6,39470.5,784.2,2,0,0,1,0,0,-252343.7,-41763.2,-34891.100000000006,-38686.3,112585.0,38205.433333333334,294106.9,73577.40000000001,1.2461465119974577,1,22,1,0
42391.5,628.3,192020.3,39470.5,784.2,49841.3,0,0,1,0,0,0,-41763.2,191392.0,-38686.3,49057.100000000006,78346.7,30032.0,191392.0,49057.100000000006,0.2595613090839402,5,4,2,1
628.3,192020.3,268967.7,784.2,49841.3,165660.4,0,1,2,0,0,1,191392.0,76947.40000000002,49057.100000000006,115819.09999999999,153872.1,72095.3,268339.4,164876.19999999998,0.6159095835314666,5,19,1,0
192020.3,268967.7,201157.7,49841.3,165660.4,43083.3,1,2,1,0,1,0,76947.40000000002,-67810.0,115819.09999999999,-122577.09999999999,220715.2333333333,86195.0,76947.40000000002,122577.09999999999,0.21417567323710085,2,6,2,1
268967.7,201157.7,337436.3,165660.4,43083.3,61029.1,2,1,2,1,0,1,-67810.0,136278.59999999998,-122577.09999999999,17945.799999999996,269187.23333333334,89924.26666666666,136278.59999999998,122577.09999999999,0.18086056283641436,3,3,2,1
201157.7,337436.3,326351.8,43083.3,61029.1,78938.1,1,2,2,0,1,1,136278.59999999998,-11084.5,17945.799999999996,17909.000000000007,288315.26666666666,61016.833333333336,136278.59999999998,35854.8,0.24187964681167132,3,3,2,0
337436.3,326351.8,245404.9,61029.1,78938.1,35842.1,2,2,2,1,1,0,-11084.5,-80946.9,17909.000000000007,-43096.00000000001,303064.3333333333,58603.100000000006,92031.4,43096.00000000001,0.14605231577561908,2,6,2,0
326351.8,245404.9,282282.3,78938.1,35842.1,25444.4,2,2,2,1,0,0,-80946.9,36877.399999999994,-43096.00000000001,-10397.699999999997,284679.6666666667,46741.53333333333,80946.9,53493.700000000004,0.09013781544993985,2,6,0,0
245404.9,282282.3,9917.5,35842.1,25444.4,884.6,2,2,0,0,0,0,36877.399999999994,-272364.8,-10397.699999999997,-24559.800000000003,179201.56666666665,20723.7,272364.8,34957.5,0.08918687301507285,5,18,2,1
282282.3,9917.5,244468.7,25444.4,884.6,62663.8,2,0,2,0,0,1,-272364.8,234551.2,-24559.800000000003,61779.200000000004,178889.5,29664.266666666666,272364.8,61779.200000000004,0.25632542601393954,5,19,0,0
9917.5,244468.7,2788.4,884.6,62663.8,4230.2,0,2,0,0,1,0,234551.2,-241680.30000000002,61779.200000000004,-58433.600000000006,85724.86666666667,22592.86666666667,241680.30000000002,61779.200000000004,1.516526851652685,1,22,3,0
244468.7,2788.4,1436456.4,62663.8,4230.2,49113.0,2,0,3,1,0,0,-241680.30000000002,1433668.0,-58433.600000000006,44882.8,561237.8333333334,38669.0,1433668.0,58433.600000000006,0.03419036304174423,3,0,1,1
2788.4,1436456.4,192966.0,4230.2,49113.0,56509.9,0,3,1,0,0,1,1433668.0,-1243490.4,44882.8,7396.9000000000015,544070.2666666666,36617.700000000004,1433668.0,52279.700000000004,0.2928474816937611,3,0,2,0
1436456.4,192966.0,224044.5,49113.0,56509.9,34704.7,3,1,2,0,1,0,-1243490.4,31078.5,7396.9000000000015,-21805.200000000004,617822.2999999999,46775.86666666666,1243490.4,21805.200000000004,0.15490023231888164,2,6,0,0
192966.0,224044.5,28933.1,56509.9,34704.7,14670.7,1,2,0,1,0,0,31078.5,-195111.4,-21805.200000000004,-20033.999999999996,148647.86666666667,35295.1,195111.4,41839.2,0.5070384079684525,2,6,2,0
224044.5,28933.1,279954.8,34704.7,14670.7,9974.0,2,0,2,0,0,0,-195111.4,251021.69999999998,-20033.999999999996,-4696.700000000001,177644.13333333333,19783.13333333333,251021.69999999998,24730.699999999997,0.03562705255615351,3,2,2,0
28933.1,279954.8,267345.4,14670.7,9974.0,35978.6,0,2,2,0,0,0,251021.69999999998,-12609.399999999965,-4696.700000000001,26004.6,192077.7666666667,20207.766666666666,251021.69999999998,26004.6,0.13457671395612583,2,6,0,0
279954.8,267345.4,795.6,9974.0,35978.6,2392.2,2,2,0,0,0,0,-12609.399999999965,-266549.80000000005,26004.6,-33586.4,182698.59999999998,16114.933333333332,279159.2,33586.4,3.0030128044187796,1,22,3,0
267345.4,795.6,1409511.3,35978.6,2392.2,16231.5,2,0,3,0,0,0,-266549.80000000005,1408715.7,-33586.4,13839.3,559217.4333333333,18200.766666666666,1408715.7,33586.4,0.01151568524801096,3,0,2,0
795.6,1409511.3,264336.2,2392.2,16231.5,40365.1,0,3,2,0,0,0,1408715.7,-1145175.1,13839.3,24133.6,558214.3666666667,19662.933333333334,1408715.7,37972.9,0.15270306260337174,2,6,0,0
1409511.3,264336.2,2394.9,16231.5,40365.1,1275.4,3,2,0,0,0,0,-1145175.1,-261941.30000000002,24133.6,-39089.7,558747.4666666667,19290.666666666668,1407116.4000000001,39089.7,0.5323260570140658,1,22,1,1
264336.2,2394.9,71564.2,40365.1,1275.4,97427.3,2,0,1,0,0,1,-261941.30000000002,69169.3,-39089.7,96151.90000000001,112765.10000000002,46355.93333333333,261941.30000000002,96151.90000000001,1.3613781558634646,5,4,2,0
2394.9,71564.2,280828.4,1275.4,97427.3,36078.6,0,1,2,0,1,0,69169.3,209264.2,96151.90000000001,-61348.700000000004,118262.5,44927.1,278433.5,96151.90000000001,0.12847159164959224,3,0,0,0
71564.2,280828.4,29449.1,97427.3,36078.6,8403.4,1,2,0,1,0,0,209264.2,-251379.30000000002,-61348.700000000004,-27675.199999999997,127280.56666666667,47303.1,251379.30000000002,89023.90000000001,0.2853436830435211,2,6,0,0
280828.4,29449.1,240.8,36078.6,8403.4,2253.4,2,0,0,0,0,0,-251379.30000000002,-29208.3,-27675.199999999997,-6150.0,103506.09999999999,15578.466666666667,280587.60000000003,33825.2,9.319272125723739,1,22,0,1
29449.1,240.8,45848.2,8403.4,2253.4,77754.5,0,0,0,0,0,1,-29208.3,45607.399999999994,-6150.0,75501.1,25179.366666666665,29470.433333333334,45607.399999999994,75501.1,1.695874737181892,3,2,0,0
240.8,45848.2,3250.4,2253.4,77754.5,4959.6,0,0,0,0,1,0,45607.399999999994,-42597.799999999996,75501.1,-72794.9,16446.466666666667,28322.5,45607.399999999994,75501.1,1.5253736851817679,1,22,2,0
45848.2,3250.4,307481.0,77754.5,4959.6,17680.9,0,0,2,1,0,0,-42597.799999999996,304230.6,-72794.9,12721.300000000001,118859.86666666665,33465.0,304230.6,72794.9,0.057502227772682636,3,0,0,0
3250.4,307481.0,1897.2,4959.6,17680.9,2774.1,0,2,0,0,0,0,304230.6,-305583.8,12721.300000000001,-14906.800000000001,104209.53333333334,8471.533333333333,305583.8,14906.800000000001,1.4614371509851438,1,22,0,0
307481.0,1897.2,1805.5,17680.9,2774.1,2881.4,2,0,0,0,0,0,-305583.8,-91.70000000000005,-14906.800000000001,107.30000000000018,103727.90000000001,7778.8,305675.5,14906.800000000001,1.5950179905895379,1,22,3,0
1897.2,1805.5,1344675.6,2774.1,2881.4,36363.5,0,0,3,0,0,0,-91.70000000000005,1342870.1,107.30000000000018,33482.1,449459.43333333335,14006.333333333334,1342870.1,33589.4,0.02704256175797214,3,0,3,1
1805.5,1344675.6,895152.1,2881.4,36363.5,98877.5,0,3,3,0,0,1,1342870.1,-449523.5000000001,33482.1,62514.0,747211.0666666668,46040.799999999996,1342870.1,95996.1,0.11045875839563088,3,0,2,0
1344675.6,895152.1,250000.3,36363.5,98877.5,50565.9,3,3,2,0,1,0,-449523.5000000001,-645151.8,62514.0,-48311.6,829942.6666666666,61935.63333333333,1094675.3,62514.0,0.2022625482347492,5,19,3,1
895152.1,250000.3,616753.0,98877.5,50565.9,99380.7,3,2,3,1,0,1,-645151.8,366752.7,-48311.6,48814.799999999996,587301.7999999999,82941.36666666665,645151.8,48814.799999999996,0.1611350716817402,3,0,3,1
250000.3,616753.0,910386.7,50565.9,99380.7,63466.3,2,3,3,0,1,1,366752.7,293633.69999999995,48814.799999999996,-35914.399999999994,592380.0,71137.63333333335,660386.3999999999,48814.799999999996,0.06971348580390531,3,0,2,0
616753.0,910386.7,252904.6,99380.7,63466.3,26333.4,3,3,2,1,1,0,293633.69999999995,-657482.1,-35914.399999999994,-37132.9,593348.1,63060.13333333333,657482.1,73047.29999999999,0.10412343577999064,3,2,3,0
910386.7,252904.6,928943.2,63466.3,26333.4,29698.3,3,2,3,1,0,0,-657482.1,676038.6,-37132.9,3364.899999999998,697411.5,39832.66666666667,676038.6,37132.9,0.03196995040175718,3,0,2,0
252904.6,928943.2,285978.2,26333.4,29698.3,14131.4,2,3,2,0,0,0,676038.6,-642965.0,3364.899999999998,-15566.9,489275.3333333333,23387.699999999997,676038.6,15566.9,0.04941408326199947,3,3,2,0
928943.2,285978.2,212929.0,29698.3,14131.4,20926.2,3,2,2,0,0,0,-642965.0,-73049.20000000001,-15566.9,6794.800000000001,475950.1333333333,21585.3,716014.2,15566.9,0.09827736814915701,5,19,1,1
285978.2,212929.0,139701.5,14131.4,20926.2,108812.7,2,2,1,0,0,1,-73049.20000000001,-73227.5,6794.800000000001,87886.5,212869.56666666665,47956.76666666666,146276.7,94681.3,0.778888709937188,5,4,0,0
212929.0,139701.5,1813.0,20926.2,108812.7,2568.9,2,1,0,0,1,0,-73227.5,-137888.5,87886.5,-106243.8,118147.83333333333,44102.6,211116.0,106243.8,1.4161521499448733,1,22,2,0
139701.5,1813.0,213168.9,108812.7,2568.9,33285.3,1,0,2,1,0,0,-137888.5,211355.9,-106243.8,30716.4,118227.8,48222.299999999996,211355.9,106243.8,0.15614446504877097,2,6,0,0
1813.0,213168.9,1198.6,2568.9,33285.3,4923.8,0,2,0,0,0,0,211355.9,-211970.3,30716.4,-28361.500000000004,72060.16666666667,13592.66666666667,211970.3,30716.4,4.104534844948317,1,22,1,0
213168.9,1198.6,101349.8,33285.3,4923.8,20773.1,2,0,1,0,0,0,-211970.3,100151.2,-28361.500000000004,15849.3,105239.09999999999,19660.733333333334,211970.3,28361.500000000004,0.20496236832861703,2,6,2,0
1198.6,101349.8,275067.7,4923.8,20773.1,12548.0,0,1,2,0,0,0,100151.2,173717.90000000002,15849.3,-8225.099999999999,125872.03333333334,12748.299999999997,273869.10000000003,15849.3,0.04561769477952235,3,0,1,0
101349.8,275067.7,52961.1,20773.1,12548.0,34919.8,1,2,1,0,0,0,173717.90000000002,-222106.6,-8225.099999999999,22371.800000000003,143126.19999999998,22746.966666666664,222106.6,22371.800000000003,0.6593356381261318,5,19,1,0
275067.7,52961.1,61811.5,12548.0,34919.8,10508.2,2,1,1,0,0,0,-222106.6,8850.400000000001,22371.800000000003,-24411.600000000002,129946.76666666666,19325.333333333332,222106.6,24411.600000000002,0.17000121334681498,3,2,0,0
52961.1,61811.5,3501.1,34919.8,10508.2,2401.2,1,1,0,0,0,0,8850.400000000001,-58310.4,-24411.600000000002,-8107.000000000001,39424.56666666667,15943.066666666666,58310.4,32518.600000000002,0.6856457554039005,1,22,0,0
61811.5,3501.1,1797.8,10508.2,2401.2,455.6,1,0,0,0,0,0,-58310.4,-1703.3,-8107.000000000001,-1945.6,22370.13333333333,4455.000000000001,60013.7,10052.6,0.2532799644207249,1,22,2,1
3501.1,1797.8,378179.9,2401.2,455.6,57451.4,0,0,2,0,0,1,-1703.3,376382.10000000003,-1945.6,56995.8,127826.26666666668,20102.733333333334,376382.10000000003,56995.8,0.15191512844778782,3,3,2,1
1797.8,378179.9,282482.1,455.6,57451.4,53807.8,0,2,2,0,1,1,376382.10000000003,-95697.80000000005,56995.8,-3643.5999999999985,220819.93333333335,37238.26666666667,376382.10000000003,56995.8,0.19048148367105858,5,19,0,0
378179.9,282482.1,29474.1,57451.4,53807.8,16739.8,2,2,0,1,1,0,-95697.80000000005,-253007.99999999997,-3643.5999999999985,-37068.0,230045.36666666667,42666.333333333336,348705.80000000005,40711.600000000006,0.5679302190662627,3,2,1,0
282482.1,29474.1,145780.3,53807.8,16739.8,7981.1,2,0,1,1,0,0,-253007.99999999997,116306.19999999998,-37068.0,-8758.699999999999,152578.8333333333,26176.233333333337,253007.99999999997,45826.700000000004,0.054747076614078766,3,0,1,0
29474.1,145780.3,65392.8,16739.8,7981.1,40185.9,0,1,1,0,0,0,116306.19999999998,-80387.49999999999,-8758.699999999999,32204.800000000003,80215.73333333334,21635.600000000002,116306.19999999998,32204.800000000003,0.6145215601479039,5,4,1,0
145780.3,65392.8,204332.2,7981.1,40185.9,34811.7,1,1,1,0,0,0,-80387.49999999999,138939.40000000002,32204.800000000003,-5374.200000000004,138501.76666666666,27659.566666666666,138939.40000000002,32204.800000000003,0.17036732160999776,3,2,0,0
65392.8,204332.2,1362.0,40185.9,34811.7,485.4,1,1,0,0,0,0,138939.40000000002,-202970.2,-5374.200000000004,-34326.299999999996,90362.33333333333,25161.0,202970.2,39700.5,0.3561261922230374,1,22,2,0
204332.2,1362.0,290175.6,34811.7,485.4,34943.2,1,0,2,0,0,0,-202970.2,288813.6,-34326.299999999996,34457.799999999996,165289.93333333332,23413.43333333333,288813.6,34457.799999999996,0.12042046119501021,2,6,2,0
1362.0,290175.6,275070.5,485.4,34943.2,46192.4,0,2,2,0,0,0,288813.6,-15105.099999999977,34457.799999999996,11249.200000000004,188869.36666666667,27207.0,288813.6,45707.0,0.16792870217379846,2,6,0,0
290175.6,275070.5,129.0,34943.2,46192.4,2371.3,2,2,0,0,0,0,-15105.099999999977,-274941.5,11249.200000000004,-43821.1,188458.36666666667,27835.633333333335,290046.6,43821.1,18.24076923076923,1,22,0,0
275070.5,129.0,1721.6,46192.4,2371.3,1512.0,2,0,0,0,0,0,-274941.5,1592.6,-43821.1,-859.3000000000002,92307.03333333333,16691.9,274941.5,44680.4,0.877742946708464,1,22,0,0
129.0,1721.6,826.0,2371.3,1512.0,3548.5,0,0,0,0,0,0,1592.6,-895.5999999999999,-859.3000000000002,2036.5,892.1999999999999,2477.266666666667,1592.6,2036.5,4.29081015719468,1,22,1,1
1721.6,826.0,183156.9,1512.0,3548.5,76650.9,0,0,1,0,0,1,-895.5999999999999,182330.9,2036.5,73102.4,61901.5,27237.13333333333,182330.9,75138.9,0.41849628107769304,2,6,0,0
826.0,183156.9,729.2,3548.5,76650.9,351.8,0,1,0,0,1,0,182330.9,-182427.69999999998,73102.4,-76299.09999999999,61570.700000000004,26850.399999999998,182427.69999999998,76299.09999999999,0.48178581210627225,1,22,0,0
183156.9,729.2,3231.4,76650.9,351.8,2903.2,1,0,0,1,0,0,-182427.69999999998,2502.2,-76299.09999999999,2551.3999999999996,62372.5,26635.3,182427.69999999998,76299.09999999999,0.8981561687909911,1,22,0,0
729.2,3231.4,1990.5,351.8,2903.2,210.4,0,0,0,0,0,0,2502.2,-1240.9,2551.3999999999996,-2692.7999999999997,1983.7,1155.1333333333334,2502.2,2692.7999999999997,0.10564900828521215,1,22,2,0
3231.4,1990.5,250810.7,2903.2,210.4,42580.8,0,0,2,0,0,0,-1240.9,248820.2,-2692.7999999999997,42370.4,85344.2,15231.466666666667,248820.2,42370.4,0.16977198432130558,3,2,2,1
1990.5,250810.7,532151.0,210.4,42580.8,67573.2,0,2,2,0,0,1,248820.2,281340.3,42370.4,24992.399999999994,261650.7333333333,36788.13333333333,530160.5,67362.8,0.12698101294367023,3,0,0,0
250810.7,532151.0,2069.4,42580.8,67573.2,1639.5,2,2,0,0,1,0,281340.3,-530081.6,24992.399999999994,-65933.7,261677.03333333333,37264.5,530081.6,65933.7,0.7918759659969088,1,22,0,0
532151.0,2069.4,993.8,67573.2,1639.5,501.6,2,0,0,1,0,0,-530081.6,-1075.6000000000001,-65933.7,-1137.9,178404.73333333337,23238.100000000002,531157.2,67071.59999999999,0.5042219541616406,1,22,1,1
2069.4,993.8,141782.5,1639.5,501.6,190716.1,0,0,1,0,0,1,-1075.6000000000001,140788.7,-1137.9,190214.5,48281.9,64285.73333333334,140788.7,190214.5,1.345121964121354,5,19,0,0
993.8,141782.5,2383.8,501.6,190716.1,2932.6,0,1,0,0,1,0,140788.7,-139398.7,190214.5,-187783.5,48386.69999999999,64716.76666666667,140788.7,190214.5,1.2297047970479704,1,22,1,1
141782.5,2383.8,170861.8,190716.1,2932.6,154818.1,1,0,1,1,0,1,-139398.7,168478.0,-187783.5,151885.5,105009.36666666665,116155.60000000002,168478.0,187783.5,0.9060960021725034,5,19,2,0
2383.8,170861.8,532277.8,2932.6,154818.1,43696.9,0,1,2,0,1,0,168478.0,361416.00000000006,151885.5,-111121.20000000001,235174.46666666667,67149.2,529894.0,151885.5,0.08209400787707494,3,0,2,0
170861.8,532277.8,320898.5,154818.1,43696.9,50079.2,1,2,2,1,0,0,361416.00000000006,-211379.30000000005,-111121.20000000001,6382.299999999996,341346.0333333334,82864.73333333334,361416.00000000006,111121.20000000001,0.15605882838708068,3,3,1,1
532277.8,320898.5,187228.7,43696.9,50079.2,138404.2,2,2,1,0,0,1,-211379.30000000005,-133669.8,6382.299999999996,88325.00000000001,346801.6666666667,77393.43333333333,345049.10000000003,94707.30000000002,0.7392213948962157,5,4,1,1
320898.5,187228.7,84664.7,50079.2,138404.2,73308.2,2,1,1,0,1,1,-133669.8,-102564.00000000001,88325.00000000001,-65096.000000000015,197597.30000000002,87263.86666666668,236233.8,88325.00000000001,0.8658547676331737,5,19,1,1
187228.7,84664.7,145796.0,138404.2,73308.2,70552.3,1,1,1,1,1,1,-102564.00000000001,61131.3,-65096.000000000015,-2755.899999999994,139229.80000000002,94088.23333333334,102564.00000000001,67851.90000000001,0.4839077621624588,5,19,0,0
84664.7,145796.0,34710.0,73308.2,70552.3,26799.9,1,1,0,1,1,0,61131.3,-111086.0,-2755.899999999994,-43752.4,88390.23333333334,56886.799999999996,111086.0,46508.299999999996,0.7720866584079975,3,3,0,0
145796.0,34710.0,276.5,70552.3,26799.9,234.3,1,0,0,1,0,0,-111086.0,-34433.5,-43752.4,-26565.600000000002,60260.833333333336,32528.83333333334,145519.5,70318.0,0.8443243243243244,1,22,0,1
34710.0,276.5,31352.4,26799.9,234.3,76400.6,0,0,0,0,0,1,-34433.5,31075.9,-26565.600000000002,76166.3,22112.966666666664,34478.26666666667,34433.5,76166.3,2.4367564602244096,3,2,1,0
276.5,31352.4,131154.5,234.3,76400.6,37250.8,0,0,1,0,1,0,31075.9,99802.1,76166.3,-39149.8,54261.13333333333,37961.9,130878.0,76166.3,0.2840201135293602,3,2,0,0
31352.4,131154.5,3229.3,76400.6,37250.8,893.5,0,1,0,1,0,0,99802.1,-127925.2,-39149.8,-36357.3,55245.399999999994,38181.63333333334,127925.2,75507.1,0.2765996966226047,1,22,0,0
131154.5,3229.3,2746.3,37250.8,893.5,2112.9,1,0,0,0,0,0,-127925.2,-483.0,-36357.3,1219.4,45710.033333333326,13419.066666666668,128408.2,36357.3,0.7690823717832053,1,22,2,1
3229.3,2746.3,286727.2,893.5,2112.9,64597.2,0,0,2,0,0,1,-483.0,283980.9,1219.4,62484.299999999996,97567.59999999999,22534.53333333333,283980.9,63703.7,0.225290710854391,3,2,1,1
2746.3,286727.2,136357.6,2112.9,64597.2,62023.3,0,2,1,0,1,1,283980.9,-150369.6,62484.299999999996,-2573.899999999994,141943.69999999998,42911.13333333333,283980.9,62484.299999999996,0.4548543326200181,3,3,3,0
286727.2,136357.6,1483859.2,64597.2,62023.3,25274.4,2,1,3,1,1,0,-150369.6,1347501.5999999999,-2573.899999999994,-36748.9,635648.0,50631.63333333333,1347501.5999999999,39322.799999999996,0.017032871425488736,3,0,1,0
136357.6,1483859.2,129271.7,62023.3,25274.4,16007.8,1,3,1,1,0,0,1347501.5999999999,-1354587.5,-36748.9,-9266.600000000002,583162.8333333334,34435.16666666667,1354587.5,46015.5,0.12382970263636484,3,3,2,0
1483859.2,129271.7,296836.7,25274.4,16007.8,45738.9,3,1,2,0,0,0,-1354587.5,167565.0,-9266.600000000002,29731.100000000002,636655.8666666666,29007.033333333336,1354587.5,29731.100000000002,0.15408723352862524,2,6,1,0
129271.7,296836.7,165793.7,16007.8,45738.9,17620.1,1,2,1,0,0,0,167565.0,-131043.0,29731.100000000002,-28118.800000000003,197300.70000000004,26455.599999999995,167565.0,29731.100000000002,0.10627661801010525,2,6,0,1
296836.7,165793.7,50277.2,45738.9,17620.1,66450.1,2,1,0,0,0,1,-131043.0,-115516.50000000001,-28118.800000000003,48830.00000000001,170969.2,43269.700000000004,246559.5,48830.00000000001,1.321648348588454,3,3,0,0
165793.7,50277.2,1524.2,17620.1,66450.1,2771.6,1,0,0,0,1,0,-115516.50000000001,-48753.0,48830.00000000001,-63678.50000000001,72531.70000000001,28947.266666666674,164269.5,63678.50000000001,1.8172043010752688,2,7,0,0
50277.2,1524.2,1107.0,66450.1,2771.6,2006.6,0,0,0,1,0,0,-48753.0,-417.20000000000005,-63678.50000000001,-765.0,17636.13333333333,23742.766666666674,49170.2,64443.50000000001,1.8110108303249097,1,22,1,1
1524.2,1107.0,177918.7,2771.6,2006.6,91065.7,0,0,1,0,0,1,-417.20000000000005,176811.7,-765.0,89059.09999999999,60183.30000000001,31947.966666666664,176811.7,89059.09999999999,0.5118359574572124,3,3,2,0
1107.0,177918.7,287665.6,2006.6,91065.7,14272.4,0,1,2,0,1,0,176811.7,109746.89999999997,89059.09999999999,-76793.3,155563.76666666666,35781.566666666666,286558.6,89059.09999999999,0.04961437998015759,3,0,0,0
177918.7,287665.6,15819.9,91065.7,14272.4,10937.9,1,2,0,1,0,0,109746.89999999997,-271845.69999999995,-76793.3,-3334.5,160468.06666666668,38758.666666666664,271845.69999999995,80127.8,0.6913576345214242,2,7,0,1
287665.6,15819.9,39205.1,14272.4,10937.9,196820.5,2,0,0,0,0,1,-271845.69999999995,23385.199999999997,-3334.5,185882.6,114230.2,74010.26666666666,271845.69999999995,185882.6,5.020149925649325,5,19,1,0
15819.9,39205.1,173545.5,10937.9,196820.5,15449.3,0,0,1,0,1,0,23385.199999999997,134340.4,185882.6,-181371.2,76190.16666666667,74402.56666666667,157725.6,185882.6,0.08902109809186587,5,4,2,1
39205.1,173545.5,234706.1,196820.5,15449.3,63965.3,0,1,2,1,0,1,134340.4,61160.600000000006,-181371.2,48516.0,149152.23333333334,92078.36666666665,195501.0,181371.2,0.27253244575899066,2,6,0,0
173545.5,234706.1,48274.6,15449.3,63965.3,2444.7,1,2,0,0,1,0,61160.600000000006,-186431.5,48516.0,-61520.600000000006,152175.4,27286.433333333334,186431.5,61520.600000000006,0.05064048919122704,2,7,1,1
234706.1,48274.6,54002.9,63965.3,2444.7,62450.0,2,0,1,1,0,1,-186431.5,5728.300000000003,-61520.600000000006,60005.3,112327.86666666668,42953.333333333336,186431.5,61520.600000000006,1.1563979638507589,3,2,0,0
48274.6,54002.9,2433.4,2444.7,62450.0,664.0,0,1,0,0,1,0,5728.300000000003,-51569.5,60005.3,-61786.0,34903.63333333333,21852.899999999998,51569.5,61786.0,0.2727571475517581,1,22,1,0
54002.9,2433.4,125754.2,62450.0,664.0,12910.5,1,0,1,1,0,0,-51569.5,123320.8,-61786.0,12246.5,60730.166666666664,25341.5,123320.8,61786.0,0.10266374670788962,3,3,0,0
2433.4,125754.2,1895.6,664.0,12910.5,1673.9,0,1,0,0,0,0,123320.8,-123858.59999999999,12246.5,-11236.6,43361.066666666666,5082.8,123858.59999999999,12246.5,0.8825793525255722,1,22,3,1
125754.2,1895.6,1420164.0,12910.5,1673.9,73904.9,1,0,3,0,0,1,-123858.59999999999,1418268.4,-11236.6,72231.0,515937.93333333335,29496.43333333333,1418268.4,72231.0,0.05203965736375703,3,0,0,0
1895.6,1420164.0,2519.3,1673.9,73904.9,2911.3,0,3,0,0,1,0,1418268.4,-1417644.7,72231.0,-70993.59999999999,474859.63333333336,26163.366666666665,1418268.4,72231.0,1.15514026108003,1,22,0,0
1420164.0,2519.3,4962.2,73904.9,2911.3,816.7,3,0,0,1,0,0,-1417644.7,2442.8999999999996,-70993.59999999999,-2094.6000000000004,475881.8333333333,25877.63333333333,1417644.7,73088.2,0.16455109606705354,1,22,1,1
2519.3,4962.2,159015.6,2911.3,816.7,55783.3,0,0,1,0,0,1,2442.8999999999996,154053.4,-2094.6000000000004,54966.600000000006,55499.03333333333,19837.100000000002,156496.30000000002,54966.600000000006,0.35080174019567767,2,6,3,1
4962.2,159015.6,1487114.6,816.7,55783.3,76944.9,0,1,3,0,1,1,154053.4,1328099.0,54966.600000000006,21161.59999999999,550364.1333333334,44514.96666666667,1482152.4000000001,76128.2,0.05174103479245325,3,0,1,0
159015.6,1487114.6,105353.3,55783.3,76944.9,32363.7,1,3,1,1,1,0,1328099.0,-1381761.3,21161.59999999999,-44581.2,583827.8333333334,55030.63333333334,1381761.3,44581.2,0.30718917025693304,2,6,0,0
1487114.6,105353.3,697.1,76944.9,32363.7,2147.2,3,1,0,1,0,0,-1381761.3,-104656.2,-44581.2,-30216.5,531055.0000000001,37151.93333333333,1486417.5,74797.7,3.075777109296662,1,22,0,0
105353.3,697.1,1085.4,32363.7,2147.2,991.2,1,0,0,0,0,0,-104656.2,388.30000000000007,-30216.5,-1155.9999999999998,35711.933333333334,11834.033333333333,104656.2,31372.5,0.9123711340206185,1,22,2,1
697.1,1085.4,313916.1,2147.2,991.2,76034.8,0,0,2,0,0,1,388.30000000000007,312830.69999999995,-1155.9999999999998,75043.6,105232.86666666665,26391.066666666666,313219.0,75043.6,0.24221299190136508,3,3,3,0
1085.4,313916.1,1489882.3,991.2,76034.8,26541.4,0,2,3,0,1,0,312830.69999999995,1175966.2000000002,75043.6,-49493.4,601627.9333333333,34522.46666666667,1488796.9000000001,75043.6,0.017814415397501268,3,0,2,1
313916.1,1489882.3,366895.4,76034.8,26541.4,51965.6,2,3,2,1,0,1,1175966.2000000002,-1122986.9,-49493.4,25424.199999999997,723564.6,51513.93333333334,1175966.2000000002,49493.4,0.1416356224808965,3,3,0,0
1489882.3,366895.4,2058.9,26541.4,51965.6,2641.6,3,2,0,0,1,0,-1122986.9,-364836.5,25424.199999999997,-49324.0,619612.2000000001,27049.533333333336,1487823.4000000001,49324.0,1.2823923491431621,1,22,1,0
366895.4,2058.9,110848.7,51965.6,2641.6,48026.4,2,0,1,1,0,0,-364836.5,108789.8,-49324.0,45384.8,159934.33333333334,34211.200000000004,364836.5,49324.0,0.4332569235640692,3,0,2,1
2058.9,110848.7,565361.1,2641.6,48026.4,98827.9,0,1,2,0,0,1,108789.8,454512.39999999997,45384.8,50801.49999999999,226089.56666666665,49831.96666666667,563302.2,96186.29999999999,0.17480460752498267,3,0,0,0
110848.7,565361.1,32611.5,48026.4,98827.9,8427.6,1,2,0,0,1,0,454512.39999999997,-532749.6,50801.49999999999,-90400.29999999999,236273.76666666663,51760.63333333333,532749.6,90400.29999999999,0.2584162514373323,2,7,0,0
565361.1,32611.5,4848.8,98827.9,8427.6,4316.9,2,0,0,1,0,0,-532749.6,-27762.7,-90400.29999999999,-4110.700000000001,200940.46666666667,37190.799999999996,560512.2999999999,94511.0,0.8901191801723781,1,22,3,1
32611.5,4848.8,1272382.5,8427.6,4316.9,61491.6,0,0,3,0,0,1,-27762.7,1267533.7,-4110.700000000001,57174.7,436614.26666666666,24745.36666666667,1267533.7,57174.7,0.04832788227763092,3,0,1,0
4848.8,1272382.5,52618.3,4316.9,61491.6,40117.5,0,3,1,0,1,0,1267533.7,-1219764.2,57174.7,-21374.1,443283.2,35308.666666666664,1267533.7,57174.7,0.7624103703394002,5,19,2,1
1272382.5,52618.3,298918.0,61491.6,40117.5,59442.8,3,1,2,1,0,1,-1219764.2,246299.7,-21374.1,19325.300000000003,541306.2666666667,53683.966666666674,1219764.2,21374.1,0.19885922273257975,3,2,1,0
52618.3,298918.0,189359.2,40117.5,59442.8,4533.4,1,2,1,0,1,0,246299.7,-109558.79999999999,19325.300000000003,-54909.4,180298.5,34697.9,246299.7,54909.4,0.023940616877252976,2,6,0,0
298918.0,189359.2,1605.8,59442.8,4533.4,1594.7,2,1,0,1,0,0,-109558.79999999999,-187753.40000000002,-54909.4,-2938.7,163294.33333333334,21856.96666666667,297312.2,57848.100000000006,0.992469504605427,1,22,0,0
189359.2,1605.8,1488.5,4533.4,1594.7,4300.4,1,0,0,0,0,0,-187753.40000000002,-117.29999999999995,-2938.7,2705.7,64151.166666666664,3476.1666666666665,187870.7,2938.7,2.887143336690164,1,22,2,1
1605.8,1488.5,485297.4,1594.7,4300.4,96587.4,0,0,2,0,0,1,-117.29999999999995,483808.9,2705.7,92287.0,162797.23333333334,34160.833333333336,483808.9,94992.7,0.19902682555722415,3,0,2,0
1488.5,485297.4,424508.0,4300.4,96587.4,41060.2,0,2,2,0,1,0,483808.9,-60789.40000000002,92287.0,-55527.2,303764.63333333336,47316.0,483808.9,92287.0,0.09672397993917678,3,0,2,0
485297.4,424508.0,542914.7,96587.4,41060.2,44142.8,2,2,2,1,0,0,-60789.40000000002,118406.69999999995,-55527.2,3082.600000000006,484240.0333333334,60596.79999999999,118406.69999999995,55527.2,0.08130691376211814,3,0,3,0
424508.0,542914.7,819895.4,41060.2,44142.8,12135.6,2,2,3,0,0,0,118406.69999999995,276980.70000000007,3082.600000000006,-32007.200000000004,595772.7000000001,32446.2,395387.4,32007.200000000004,0.014801382223412617,3,0,1,0
542914.7,819895.4,93446.9,44142.8,12135.6,3773.1,2,3,1,0,0,0,276980.70000000007,-726448.5,-32007.200000000004,-8362.5,485419.0,20017.166666666668,726448.5,40369.700000000004,0.040376509263450544,2,6,0,0
819895.4,93446.9,1706.0,12135.6,3773.1,2876.0,3,1,0,0,0,0,-726448.5,-91740.9,-8362.5,-897.0999999999999,305016.10000000003,6261.566666666667,818189.4,9259.6,1.6848271821909784,1,22,1,1
93446.9,1706.0,187653.9,3773.1,2876.0,96392.4,1,0,1,0,0,1,-91740.9,185947.9,-897.0999999999999,93516.4,94268.93333333333,34347.166666666664,185947.9,93516.4,0.513668441378296,5,4,1,0
1706.0,187653.9,85255.8,2876.0,96392.4,27846.2,0,1,1,0,1,0,185947.9,-102398.09999999999,93516.4,-68546.2,91538.56666666667,42371.53333333333,185947.9,93516.4,0.3266155896069287,5,4,1,1
187653.9,85255.8,103466.6,96392.4,27846.2,71295.9,1,1,1,1,0,1,-102398.09999999999,18210.800000000003,-68546.2,43449.7,125458.76666666668,65178.166666666664,102398.09999999999,68546.2,0.6890649826612388,2,6,2,1
85255.8,103466.6,357850.2,27846.2,71295.9,81035.3,1,1,2,0,1,1,18210.800000000003,254383.6,43449.7,9739.400000000009,182190.8666666667,60059.13333333333,272594.4,53189.100000000006,0.22644970870574138,3,0,1,1
103466.6,357850.2,86571.9,71295.9,81035.3,67634.4,1,2,1,1,1,1,254383.6,-271278.30000000005,9739.400000000009,-13400.900000000009,182629.56666666668,73321.86666666667,271278.30000000005,13400.900000000009,0.7812421670060723,2,6,1,1
357850.2,86571.9,171565.8,81035.3,67634.4,173961.7,2,1,1,1,1,1,-271278.30000000005,84993.9,-13400.900000000009,106327.30000000002,205329.29999999996,107543.8,271278.30000000005,106327.30000000002,1.0139589943975176,5,19,0,0
86571.9,171565.8,2758.2,67634.4,173961.7,2907.9,1,1,0,1,1,0,84993.9,-168807.59999999998,106327.30000000002,-171053.80000000002,86965.3,81501.33333333333,168807.59999999998,171053.80000000002,1.0538924325891563,1,22,1,1
171565.8,2758.2,132938.4,173961.7,2907.9,57474.8,1,0,1,1,0,1,-168807.59999999998,130180.2,-171053.80000000002,54566.9,102420.8,78114.8,168807.59999999998,171053.80000000002,0.43233834363627344,3,3,2,1
2758.2,132938.4,269121.1,2907.9,57474.8,60679.6,0,1,2,0,1,1,130180.2,136182.69999999998,54566.9,3204.7999999999956,134939.2333333333,40354.1,266362.89999999997,57771.7,0.22547237852261112,2,6,3,0
132938.4,269121.1,1382315.6,57474.8,60679.6,44916.3,1,2,3,1,1,0,136182.69999999998,1113194.5,3204.7999999999956,-15763.299999999996,594791.7000000001,54356.9,1249377.2000000002,15763.299999999996,0.032493496786481474,3,0,1,0
269121.1,1382315.6,122238.3,60679.6,44916.3,9945.1,2,3,1,1,0,0,1113194.5,-1260077.3,-15763.299999999996,-34971.200000000004,591225.0000000001,38513.666666666664,1260077.3,50734.5,0.08135763211994833,3,3,3,1
1382315.6,122238.3,1426026.5,44916.3,9945.1,60888.9,3,1,3,0,0,1,-1260077.3,1303788.2,-34971.200000000004,50943.8,976860.1333333334,38583.433333333334,1303788.2,50943.8,0.04269826493528351,3,0,3,0
122238.3,1426026.5,741616.8,9945.1,60888.9,49576.2,1,3,3,0,1,0,1303788.2,-684409.7,50943.8,-11312.700000000004,763293.8666666667,40136.73333333333,1303788.2,50943.8,0.06684871911111086,3,0,1,0
1426026.5,741616.8,164879.5,60888.9,49576.2,22614.0,3,3,1,1,0,0,-684409.7,-576737.3,-11312.700000000004,-26962.199999999997,777507.6,44359.700000000004,1261147.0,38274.9,0.13715387811172333,2,6,1,1
741616.8,164879.5,177133.3,49576.2,22614.0,161909.8,3,1,1,0,0,1,-576737.3,12253.799999999988,-26962.199999999997,139295.8,361209.8666666667,78033.33333333333,576737.3,139295.8,0.9140510900486242,5,19,2,1
164879.5,177133.3,294150.7,22614.0,161909.8,66606.1,1,1,2,0,1,1,12253.799999999988,117017.40000000002,139295.8,-95303.69999999998,212054.5,83709.96666666666,129271.20000000001,139295.8,0.2264345234108795,3,0,2,1
177133.3,294150.7,262673.8,161909.8,66606.1,131705.2,1,2,2,1,1,1,117017.40000000002,-31476.900000000023,-95303.69999999998,65099.100000000006,244652.6,120073.7,117017.40000000002,95303.69999999998,0.5014002104503363,5,19,2,1
294150.7,262673.8,366705.9,66606.1,131705.2,72275.3,2,2,2,1,1,1,-31476.900000000023,104032.10000000003,65099.100000000006,-59429.90000000001,307843.4666666667,90195.53333333334,104032.10000000003,65099.100000000006,0.19709282808695444,3,0,3,1
262673.8,366705.9,1438072.8,131705.2,72275.3,87063.4,2,2,3,1,1,1,104032.10000000003,1071366.9,-59429.90000000001,14788.099999999991,689150.8333333334,97014.63333333335,1175399.0,59429.90000000001,0.06054167734646163,3,0,2,0
366705.9,1438072.8,297101.1,72275.3,87063.4,5396.5,2,3,2,1,1,0,1071366.9,-1140971.7000000002,14788.099999999991,-81666.9,700626.6000000001,54911.73333333334,1140971.7000000002,81666.9,0.01816378948516352,3,2,1,1
1438072.8,297101.1,96528.0,87063.4,5396.5,64599.6,3,2,1,1,0,1,-1140971.7000000002,-200573.09999999998,-81666.9,59203.1,610567.2999999999,52353.166666666664,1341544.8,81666.9,0.6692247925493893,3,2,0,0
297101.1,96528.0,1100.2,5396.5,64599.6,2280.7,2,1,0,0,1,0,-200573.09999999998,-95427.8,59203.1,-62318.9,131576.43333333332,24092.266666666666,296000.89999999997,62318.9,2.07110424990919,1,22,2,1
96528.0,1100.2,355960.9,64599.6,2280.7,68353.8,1,0,2,1,0,1,-95427.8,354860.7,-62318.9,66073.1,151196.36666666667,45078.03333333333,354860.7,66073.1,0.1920256072349316,3,0,3,0
1100.2,355960.9,815282.7,2280.7,68353.8,37705.4,0,2,3,0,1,0,354860.7,459321.79999999993,66073.1,-30648.4,390781.26666666666,36113.299999999996,814182.5,66073.1,0.0462481955667702,3,0,1,1
355960.9,815282.7,185415.6,68353.8,37705.4,73306.0,2,3,1,1,0,1,459321.79999999993,-629867.1,-30648.4,35600.6,452219.7333333334,59788.4,629867.1,35600.6,0.3953583443985058,3,2,1,1
815282.7,185415.6,78464.0,37705.4,73306.0,68778.9,3,1,1,0,1,1,-629867.1,-106951.6,35600.6,-4527.100000000006,359720.7666666666,59930.1,736818.7,35600.6,0.8765551519785891,2,6,3,1
185415.6,78464.0,659325.1,73306.0,68778.9,66592.1,1,1,3,1,1,1,-106951.6,580861.1,-4527.100000000006,-2186.7999999999884,307734.89999999997,69559.0,580861.1,6713.899999999994,0.1010002485871559,3,0,2,0
78464.0,659325.1,293788.4,68778.9,66592.1,35415.9,1,3,2,1,1,0,580861.1,-365536.69999999995,-2186.7999999999884,-31176.200000000004,343859.1666666667,56928.96666666667,580861.1,33362.99999999999,0.12054859705625866,3,2,2,0
659325.1,293788.4,416757.5,66592.1,35415.9,17178.1,3,2,2,1,0,0,-365536.69999999995,122969.09999999998,-31176.200000000004,-18237.800000000003,456623.6666666667,39728.700000000004,365536.69999999995,49414.00000000001,0.041218355474453426,3,0,3,0
293788.4,416757.5,979189.8,35415.9,17178.1,16397.8,2,2,3,0,0,0,122969.09999999998,562432.3,-18237.800000000003,-780.2999999999993,563245.2333333334,22997.266666666666,685401.4,19018.100000000002,0.01674627661942902,3,0,1,0
416757.5,979189.8,70330.5,17178.1,16397.8,8819.6,2,3,1,0,0,0,562432.3,-908859.3,-780.2999999999993,-7578.199999999999,488759.26666666666,14131.83333333333,908859.3,8358.499999999998,0.125400425129565,3,3,0,0
979189.8,70330.5,149.7,16397.8,8819.6,147.1,3,1,0,0,0,0,-908859.3,-70180.8,-7578.199999999999,-8672.5,349890.0,8454.833333333334,979040.1000000001,16250.699999999999,0.9761114797611148,1,22,1,0
70330.5,149.7,70525.6,8819.6,147.1,25722.9,1,0,1,0,0,0,-70180.8,70375.90000000001,-8672.5,25575.800000000003,47001.93333333333,11563.200000000003,70375.90000000001,25575.800000000003,0.3647262167749473,3,3,0,0
149.7,70525.6,2340.8,147.1,25722.9,1990.4,0,1,0,0,0,0,70375.90000000001,-68184.8,25575.800000000003,-23732.5,24338.7,9286.800000000001,70375.90000000001,25575.800000000003,0.8499444871466393,1,22,0,0
70525.6,2340.8,3336.9,25722.9,1990.4,139.9,1,0,0,0,0,0,-68184.8,996.0999999999999,-23732.5,-1850.5,25401.100000000002,9284.400000000001,68184.8,25583.0,0.041912579765720964,1,22,2,0
2340.8,3336.9,349183.5,1990.4,139.9,18716.5,0,0,2,0,0,0,996.0999999999999,345846.6,-1850.5,18576.6,118287.06666666667,6948.933333333333,346842.7,18576.6,0.05360060369231739,3,0,0,0
3336.9,349183.5,3163.8,139.9,18716.5,2619.5,0,2,0,0,0,0,345846.6,-346019.7,18576.6,-16097.0,118561.40000000001,7158.633333333334,346019.7,18576.6,0.8276984327603639,1,22,1,1
349183.5,3163.8,126282.4,18716.5,2619.5,53442.6,2,0,1,0,0,1,-346019.7,123118.59999999999,-16097.0,50823.1,159543.2333333333,24926.2,346019.7,50823.1,0.42319576444726703,2,6,1,0
3163.8,126282.4,188496.5,2619.5,53442.6,24147.1,0,1,1,0,1,0,123118.59999999999,62214.100000000006,50823.1,-29295.5,105980.90000000001,26736.399999999998,185332.7,50823.1,0.12810302523906153,3,3,1,0
126282.4,188496.5,98577.0,53442.6,24147.1,38551.9,1,1,1,1,0,0,62214.100000000006,-89919.5,-29295.5,14404.800000000003,137785.30000000002,38713.86666666667,89919.5,29295.5,0.3910801598733998,3,3,1,1
188496.5,98577.0,174460.4,24147.1,38551.9,104411.0,1,1,1,0,0,1,-89919.5,75883.4,14404.800000000003,65859.1,153844.63333333333,55703.333333333336,89919.5,80263.9,0.5984762245402135,5,4,2,0
98577.0,174460.4,285760.0,38551.9,104411.0,37808.8,1,1,2,0,1,0,75883.4,111299.6,65859.1,-66602.2,186265.80000000002,60257.23333333334,187183.0,66602.2,0.13230916745112176,3,2,1,0
174460.4,285760.0,132821.6,104411.0,37808.8,14371.2,1,2,1,1,0,0,111299.6,-152938.4,-66602.2,-23437.600000000002,197680.66666666666,52197.0,152938.4,90039.8,0.10819845417873163,2,6,0,0
285760.0,132821.6,4201.7,37808.8,14371.2,3043.6,2,1,0,0,0,0,-152938.4,-128619.90000000001,-23437.600000000002,-11327.6,140927.76666666666,18407.866666666665,281558.3,34765.200000000004,0.7242011088110024,1,22,1,0
132821.6,4201.7,77075.2,14371.2,3043.6,13281.2,1,0,1,0,0,0,-128619.90000000001,72873.5,-11327.6,10237.6,71366.16666666667,10232.0,128619.90000000001,11327.6,0.1723125945492902,3,2,1,0
4201.7,77075.2,88616.6,3043.6,13281.2,15810.7,0,1,1,0,0,0,72873.5,11541.400000000009,10237.6,2529.5,56631.166666666664,10711.833333333334,84414.90000000001,12767.1,0.17841489726645723,2,6,0,0
77075.2,88616.6,2471.5,13281.2,15810.7,3098.0,1,1,0,0,0,0,11541.400000000009,-86145.1,2529.5,-12712.7,56054.43333333333,10729.966666666667,86145.1,12712.7,1.2529828109201213,1,22,3,0
88616.6,2471.5,708922.1,15810.7,3098.0,33803.6,1,0,3,0,0,0,-86145.1,706450.6,-12712.7,30705.6,266670.06666666665,17570.766666666666,706450.6,30705.6,0.04768302796170699,3,0,2,1
2471.5,708922.1,341339.8,3098.0,33803.6,87065.5,0,3,2,0,0,1,706450.6,-367582.3,30705.6,53261.9,350911.1333333333,41322.36666666667,706450.6,83967.5,0.25506912739408827,3,0,0,0
708922.1,341339.8,4818.6,33803.6,87065.5,1384.7,3,2,0,0,1,0,-367582.3,-336521.2,53261.9,-85680.8,351693.5,40751.26666666667,704103.5,85680.8,0.2873060004979666,1,22,1,0
341339.8,4818.6,142676.2,87065.5,1384.7,15011.5,2,0,1,1,0,0,-336521.2,137857.6,-85680.8,13626.8,162944.86666666667,34487.23333333333,336521.2,85680.8,0.1052130263279627,3,2,0,0
4818.6,142676.2,3297.1,1384.7,15011.5,1661.4,0,1,0,0,0,0,137857.6,-139379.1,13626.8,-13350.1,50263.966666666674,6019.200000000001,139379.1,13626.8,0.5037445802128498,1,22,0,0
142676.2,3297.1,2803.6,15011.5,1661.4,2603.4,1,0,0,0,0,0,-139379.1,-493.5,-13350.1,942.0,49592.30000000001,6425.433333333334,139872.6,13350.1,0.9282607145403979,1,22,2,0
3297.1,2803.6,438129.9,1661.4,2603.4,40229.2,0,0,2,0,0,0,-493.5,435326.30000000005,942.0,37625.799999999996,148076.86666666667,14831.333333333334,435326.30000000005,38567.799999999996,0.09182004738766426,3,0,0,1
2803.6,438129.9,34156.2,2603.4,40229.2,69236.2,0,2,0,0,0,1,435326.30000000005,-403973.7,37625.799999999996,29007.0,158363.23333333334,37356.26666666666,435326.30000000005,66632.8,2.0269869895658896,2,6,1,0
438129.9,34156.2,106860.8,40229.2,69236.2,35278.6,2,0,1,0,1,0,-403973.7,72704.6,29007.0,-33957.6,193048.96666666667,48248.0,403973.7,33957.6,0.33013293805644295,3,2,3,0
34156.2,106860.8,1437873.5,69236.2,35278.6,15176.3,0,1,3,1,0,0,72704.6,1331012.7,-33957.6,-20102.3,526296.8333333334,39897.03333333333,1403717.3,54059.899999999994,0.010554676364314132,3,0,0,0
106860.8,1437873.5,274.5,35278.6,15176.3,218.1,1,3,0,0,0,0,1331012.7,-1437599.0,-20102.3,-14958.199999999999,515002.93333333335,16890.999999999996,1437599.0,35060.5,0.7916515426497277,1,22,0,0
1437873.5,274.5,3732.3,15176.3,218.1,2582.0,3,0,0,0,0,0,-1437599.0,3457.8,-14958.199999999999,2363.9,480626.76666666666,5992.133333333334,1437599.0,14958.199999999999,0.6916133179760533,1,22,2,1
274.5,3732.3,278840.6,218.1,2582.0,185538.1,0,0,2,0,0,1,3457.8,275108.3,2363.9,182956.1,94282.46666666666,62779.4,278566.1,185320.0,0.6653888802818518,5,19,2,0
3732.3,278840.6,391431.7,2582.0,185538.1,5320.2,0,2,2,0,1,0,275108.3,112591.10000000003,182956.1,-180217.9,224668.19999999998,64480.100000000006,387699.4,182956.1,0.013591608468071267,3,3,0,0
278840.6,391431.7,1376.8,185538.1,5320.2,2099.9,2,2,0,1,0,0,112591.10000000003,-390054.9,-180217.9,-3220.2999999999997,223883.03333333335,64319.4,390054.9,183438.2,1.5240963855421688,1,22,1,0
391431.7,1376.8,179026.3,5320.2,2099.9,15270.2,2,0,1,0,0,0,-390054.9,177649.5,-3220.2999999999997,13170.300000000001,190611.6,7563.433333333334,390054.9,13170.300000000001,0.08529537115289122,5,19,2,0
1376.8,179026.3,207276.0,2099.9,15270.2,34102.1,0,1,2,0,0,0,177649.5,28249.70000000001,13170.300000000001,18831.899999999998,129226.36666666665,17157.399999999998,205899.2,32002.199999999997,0.1645242839292348,3,0,0,0
179026.3,207276.0,1405.6,15270.2,34102.1,3257.5,1,2,0,0,0,0,28249.70000000001,-205870.4,18831.899999999998,-30844.6,129235.96666666666,17543.266666666666,205870.4,30844.6,2.315868050618513,1,22,1,1
207276.0,1405.6,196077.2,34102.1,3257.5,138919.7,2,0,1,0,0,1,-205870.4,194671.6,-30844.6,135662.2,134919.6,58759.76666666667,205870.4,135662.2,0.7084913060197411,5,19,0,0
1405.6,196077.2,2304.3,3257.5,138919.7,1135.0,0,1,0,0,1,0,194671.6,-193772.90000000002,135662.2,-137784.7,66595.7,47770.73333333334,194671.6,137784.7,0.4923437296664208,1,22,1,1
196077.2,2304.3,189262.7,138919.7,1135.0,71440.1,1,0,1,1,0,1,-193772.90000000002,186958.40000000002,-137784.7,70305.1,129214.73333333334,70498.26666666668,193772.90000000002,137784.7,0.3774632959199255,2,6,2,0
2304.3,189262.7,258049.9,1135.0,71440.1,29836.7,0,1,2,0,1,0,186958.40000000002,68787.19999999998,70305.1,-41603.40000000001,149872.30000000002,34137.26666666667,255745.6,70305.1,0.11562331307505613,2,6,0,0
189262.7,258049.9,2755.9,71440.1,29836.7,2074.0,1,2,0,1,0,0,68787.19999999998,-255294.0,-41603.40000000001,-27762.7,150022.83333333334,34450.26666666667,255294.0,69366.1,0.7522942435344045,1,22,1,1
258049.9,2755.9,177481.9,29836.7,2074.0,56729.7,2,0,1,0,0,1,-255294.0,174726.0,-27762.7,54655.7,146095.9,29546.8,255294.0,54655.7,0.31963473664223424,3,2,3,0
2755.9,177481.9,1349091.7,2074.0,56729.7,26973.9,0,1,3,0,1,0,174726.0,1171609.8,54655.7,-29755.799999999996,509776.5,28592.533333333336,1346335.8,54655.7,0.01999410418572423,3,0,1,1
177481.9,1349091.7,56892.7,56729.7,26973.9,70668.6,1,3,1,1,0,1,1171609.8,-1292199.0,-29755.799999999996,43694.700000000004,527822.1,51457.4,1292199.0,43694.700000000004,1.2421164381996603,5,4,0,0
1349091.7,56892.7,17.3,26973.9,70668.6,137.1,3,1,0,0,1,0,-1292199.0,-56875.399999999994,43694.700000000004,-70531.5,468667.23333333334,32593.2,1349074.4,70531.5,7.491803278688524,1,22,0,0
56892.7,17.3,4692.2,70668.6,137.1,1517.9,1,0,0,1,0,0,-56875.399999999994,4674.9,-70531.5,1380.8000000000002,20534.066666666666,24107.86666666667,56875.399999999994,70531.5,0.3234253814028808,5,18,0,0
17.3,4692.2,952.0,137.1,1517.9,380.9,0,0,0,0,0,0,4674.9,-3740.2,1380.8000000000002,-1137.0,1887.1666666666667,678.6333333333333,4674.9,1380.8000000000002,0.3996852046169989,1,22,2,0
4692.2,952.0,275870.0,1517.9,380.9,33912.8,0,0,2,0,0,0,-3740.2,274918.0,-1137.0,33531.9,93838.06666666667,11937.200000000003,274918.0,33531.9,0.12292992014383536,2,6,0,0
952.0,275870.0,3250.8,380.9,33912.8,3570.2,0,2,0,0,0,0,274918.0,-272619.2,33531.9,-30342.600000000002,93357.59999999999,12621.300000000001,274918.0,33531.9,1.0979150009225658,1,22,0,0
275870.0,3250.8,120.7,33912.8,3570.2,741.1,2,0,0,0,0,0,-272619.2,-3130.1000000000004,-30342.600000000002,-2829.1,93080.5,12741.366666666667,275749.3,33171.700000000004,6.089564502875924,1,22,0,1
3250.8,120.7,46182.8,3570.2,741.1,61308.6,0,0,0,0,0,1,-3130.1000000000004,46062.100000000006,-2829.1,60567.5,16518.100000000002,21873.3,46062.100000000006,60567.5,1.3274914580437296,5,19,2,1
120.7,46182.8,228997.0,741.1,61308.6,188580.3,0,0,2,0,1,1,46062.100000000006,182814.2,60567.5,127271.69999999998,91766.83333333333,83543.33333333333,228876.3,187839.19999999998,0.8235019519821133,5,19,1,0
46182.8,228997.0,145423.7,61308.6,188580.3,23612.4,0,2,1,1,1,0,182814.2,-83573.29999999999,127271.69999999998,-164967.9,140201.16666666666,91167.09999999999,182814.2,164967.9,0.16236856600013616,2,6,3,1
228997.0,145423.7,1148123.3,188580.3,23612.4,74223.1,2,1,3,1,0,1,-83573.29999999999,1002699.6000000001,-164967.9,50610.700000000004,507514.6666666667,95471.93333333333,1002699.6000000001,164967.9,0.06464726859278216,3,0,0,0
145423.7,1148123.3,2009.2,23612.4,74223.1,2977.5,1,3,0,0,1,0,1002699.6000000001,-1146114.1,50610.700000000004,-71245.6,431852.06666666665,33604.333333333336,1146114.1,71245.6,1.4811959009053826,1,22,0,0
1148123.3,2009.2,4459.8,74223.1,2977.5,580.4,3,0,0,1,0,0,-1146114.1,2450.6000000000004,-71245.6,-2397.1,384864.10000000003,25927.0,1146114.1,73642.70000000001,0.13011119081779052,1,22,1,0
2009.2,4459.8,84212.2,2977.5,580.4,48175.6,0,0,1,0,0,0,2450.6000000000004,79752.4,-2397.1,47595.2,30227.066666666666,17244.5,82203.0,47595.2,0.5720670868699919,3,2,3,1
4459.8,84212.2,1059749.7,580.4,48175.6,93792.2,0,1,3,0,0,1,79752.4,975537.5,47595.2,45616.6,382807.23333333334,47516.06666666667,1055289.9,93211.8,0.08850402269137449,3,0,0,0
84212.2,1059749.7,2269.5,48175.6,93792.2,576.5,1,3,0,0,1,0,975537.5,-1057480.2,45616.6,-93215.7,382077.1333333333,47514.76666666666,1057480.2,93215.7,0.25390883065404096,1,22,0,0
1059749.7,2269.5,3924.7,93792.2,576.5,1757.9,3,0,0,1,0,0,-1057480.2,1655.1999999999998,-93215.7,1181.4,355314.6333333333,32042.199999999997,1057480.2,93215.7,0.4477927503375195,1,22,1,1
2269.5,3924.7,93167.0,576.5,1757.9,83119.8,0,0,1,0,0,1,1655.1999999999998,89242.3,1181.4,81361.90000000001,33120.4,28484.733333333334,90897.5,82543.3,0.8921496651210716,3,3,0,0
3924.7,93167.0,18335.2,1757.9,83119.8,15992.5,0,1,0,0,1,0,89242.3,-74831.8,81361.90000000001,-67127.3,38475.63333333333,33623.4,89242.3,81361.90000000001,0.8721818042996913,2,6,0,0
93167.0,18335.2,1012.3,83119.8,15992.5,1510.2,1,0,0,1,0,0,-74831.8,-17322.9,-67127.3,-14482.3,37504.833333333336,33540.833333333336,92154.7,81609.6,1.490377972959637,1,22,3,1
18335.2,1012.3,701727.2,15992.5,1510.2,63771.4,0,0,3,0,0,1,-17322.9,700714.8999999999,-14482.3,62261.200000000004,240358.2333333333,27091.36666666667,700714.8999999999,62261.200000000004,0.09087763609899104,3,0,3,1
1012.3,701727.2,1102328.6,1510.2,63771.4,73785.9,0,3,3,0,1,1,700714.8999999999,400601.40000000014,62261.200000000004,10014.499999999993,601689.3666666667,46355.833333333336,1101316.3,72275.7,0.0669363319283089,3,0,2,1
701727.2,1102328.6,228193.9,63771.4,73785.9,61365.2,3,3,2,1,1,1,400601.40000000014,-874134.7000000001,10014.499999999993,-12420.699999999997,677416.5666666667,66307.5,874134.7000000001,12420.699999999997,0.2689157382570776,2,6,0,0
1102328.6,228193.9,2176.2,73785.9,61365.2,3455.2,3,2,0,1,1,0,-874134.7000000001,-226017.69999999998,-12420.699999999997,-57910.0,444232.89999999997,46202.1,1100152.4000000001,70330.7,1.5869924673893074,1,22,0,0
228193.9,2176.2,820.6,61365.2,3455.2,1921.5,2,0,0,1,0,0,-226017.69999999998,-1355.6,-57910.0,-1533.6999999999998,77063.56666666667,22247.3,227373.3,59443.7,2.3387293086660175,1,22,1,0
2176.2,820.6,100937.8,3455.2,1921.5,21634.1,0,0,1,0,0,0,-1355.6,100117.2,-1533.6999999999998,19712.6,34644.86666666667,9003.6,100117.2,19712.6,0.21432888047014625,3,0,0,0
820.6,100937.8,2119.2,1921.5,21634.1,469.9,0,1,0,0,0,0,100117.2,-98818.6,19712.6,-21164.199999999997,34625.86666666667,8008.5,100117.2,21164.199999999997,0.2216300349023677,1,22,1,0
100937.8,2119.2,156158.9,21634.1,469.9,44430.0,1,0,1,0,0,0,-98818.6,154039.69999999998,-21164.199999999997,43960.1,86405.3,22178.0,154039.69999999998,43960.1,0.28451606334276597,3,0,2,0
2119.2,156158.9,215912.5,469.9,44430.0,17464.2,0,1,2,0,0,0,154039.69999999998,59753.600000000006,43960.1,-26965.8,124730.2,20788.033333333336,213793.3,43960.1,0.08088516929233235,3,2,0,0
156158.9,215912.5,2883.5,44430.0,17464.2,2663.1,1,2,0,0,0,0,59753.600000000006,-213029.0,-26965.8,-14801.1,124984.96666666667,21519.1,213029.0,41766.9,0.9232449297971919,1,22,2,0
215912.5,2883.5,272255.9,17464.2,2663.1,49376.2,2,0,2,0,0,0,-213029.0,269372.4,-14801.1,46713.1,163683.96666666667,23167.833333333332,269372.4,46713.1,0.1813588562861033,3,2,0,0
2883.5,272255.9,2383.9,2663.1,49376.2,1057.1,0,2,0,0,0,0,269372.4,-269872.0,46713.1,-48319.1,92507.76666666668,17698.8,269872.0,48319.1,0.4432470963143108,1,22,2,0
272255.9,2383.9,252057.2,49376.2,1057.1,49570.2,2,0,2,0,0,0,-269872.0,249673.30000000002,-48319.1,48513.1,175565.66666666666,33334.5,269872.0,48513.1,0.19666172336388973,3,2,1,0
2383.9,252057.2,101923.3,1057.1,49570.2,47660.6,0,2,1,0,0,0,249673.30000000002,-150133.90000000002,48513.1,-1909.5999999999985,118788.13333333335,32762.63333333333,249673.30000000002,48513.1,0.4676078226683921,3,3,3,0
252057.2,101923.3,1263200.5,49570.2,47660.6,47282.2,2,1,3,0,0,0,-150133.90000000002,1161277.2,-1909.5999999999985,-378.40000000000146,539060.3333333334,48171.0,1161277.2,2288.0,0.03743044953635663,3,0,1,1
101923.3,1263200.5,183853.0,47660.6,47282.2,74244.6,1,3,1,0,0,1,1161277.2,-1079347.5,-378.40000000000146,26962.40000000001,516325.60000000003,56395.799999999996,1161277.2,26962.40000000001,0.40382368618577785,2,6,0,0
1263200.5,183853.0,4211.0,47282.2,74244.6,945.8,3,1,0,0,1,0,-1079347.5,-179642.0,26962.40000000001,-73298.8,483754.8333333333,40824.200000000004,1258989.5,73298.8,0.22454890788224122,1,22,2,0
183853.0,4211.0,232904.6,74244.6,945.8,38259.7,1,0,2,1,0,0,-179642.0,228693.6,-73298.8,37313.899999999994,140322.86666666667,37816.700000000004,228693.6,73298.8,0.1642712755725925,2,6,3,1
4211.0,232904.6,893033.7,945.8,38259.7,80677.2,0,2,3,0,0,1,228693.6,660129.1,37313.899999999994,42417.5,376716.43333333335,39960.9,888822.7,79731.4,0.09034049852710091,3,0,1,1
232904.6,893033.7,127998.7,38259.7,80677.2,75015.3,2,3,1,0,1,1,660129.1,-765035.0,42417.5,-5661.899999999994,417979.0,64650.73333333334,765035.0,42417.5,0.5860584048243863,3,0,2,0
893033.7,127998.7,260009.2,80677.2,75015.3,47004.9,3,1,2,1,1,0,-765035.0,132010.5,-5661.899999999994,-28010.4,427013.86666666664,67565.8,765035.0,33672.299999999996,0.18078098474598303,3,2,1,1
127998.7,260009.2,201903.5,75015.3,47004.9,58433.7,1,2,1,1,0,1,132010.5,-58105.70000000001,-28010.4,11428.799999999996,196637.13333333333,60151.30000000001,132010.5,28010.4,0.28941256881347366,3,2,0,0
260009.2,201903.5,292.6,47004.9,58433.7,940.0,2,1,0,0,1,0,-58105.70000000001,-201610.9,11428.799999999996,-57493.7,154068.43333333332,35459.53333333333,259716.6,57493.7,3.201634877384196,1,22,1,0
201903.5,292.6,163809.7,58433.7,940.0,47465.2,1,0,1,1,0,0,-201610.9,163517.1,-57493.7,46525.2,122001.93333333335,35612.96666666667,201610.9,57493.7,0.2897564078536994,5,4,3,1
292.6,163809.7,1294539.6,940.0,47465.2,56648.7,0,1,3,0,0,1,163517.1,1130729.9000000001,46525.2,9183.5,486213.96666666673,35017.96666666667,1294247.0,55708.7,0.04375969359323299,3,0,3,0
163809.7,1294539.6,831554.2,47465.2,56648.7,12938.9,1,3,3,0,1,0,1130729.9000000001,-462985.40000000014,9183.5,-43709.799999999996,763301.1666666666,39017.6,1130729.9000000001,43709.799999999996,0.015559881051793074,3,0,0,0
1294539.6,831554.2,46190.2,56648.7,12938.9,24585.5,3,3,0,1,0,0,-462985.40000000014,-785364.0,-43709.799999999996,11646.6,724094.6666666666,31391.03333333333,1248349.4000000001,43709.799999999996,0.5322550615701692,3,2,2,0
831554.2,46190.2,251870.8,12938.9,24585.5,23143.4,3,0,2,0,0,0,-785364.0,205680.59999999998,11646.6,-1442.0999999999985,376538.39999999997,20222.600000000002,785364.0,11646.6,0.0918856338819987,5,19,2,0
46190.2,251870.8,254612.4,24585.5,23143.4,15478.4,0,2,2,0,0,0,205680.59999999998,2741.600000000006,-1442.0999999999985,-7665.000000000002,184224.46666666667,21069.100000000002,208422.2,9107.1,0.06079177293889481,3,2,0,0
251870.8,254612.4,3554.1,23143.4,15478.4,539.7,2,2,0,0,0,0,2741.600000000006,-251058.3,-7665.000000000002,-14938.699999999999,170012.43333333332,13053.833333333334,251058.3,22603.7,0.1518100756659447,1,22,3,0
254612.4,3554.1,691404.1,15478.4,539.7,45101.6,2,0,3,0,0,0,-251058.3,687850.0,-14938.699999999999,44561.9,316523.5333333333,20373.233333333334,687850.0,44561.9,0.06523180115391107,3,0,0,1
3554.1,691404.1,50459.6,539.7,45101.6,77213.3,0,3,0,0,0,1,687850.0,-640944.5,44561.9,32111.700000000004,248472.59999999998,40951.53333333333,687850.0,76673.6,1.5301700732848995,3,3,2,1
691404.1,50459.6,210774.9,45101.6,77213.3,79456.4,3,0,2,0,1,1,-640944.5,160315.3,32111.700000000004,2243.0999999999913,317546.2,67257.09999999999,640944.5,34354.799999999996,0.376970991465343,3,2,0,0
50459.6,210774.9,14766.3,77213.3,79456.4,2899.3,0,2,0,1,1,0,160315.3,-196008.6,2243.0999999999913,-76557.09999999999,92000.26666666666,53189.666666666664,196008.6,76557.09999999999,0.19633243720923935,2,6,3,0
210774.9,14766.3,1014079.1,79456.4,2899.3,7299.7,2,0,3,1,0,0,-196008.6,999312.7999999999,-76557.09999999999,4400.4,413206.76666666666,29885.13333333333,999312.7999999999,76557.09999999999,0.007198346560592206,3,0,0,0
14766.3,1014079.1,180.8,2899.3,7299.7,1646.4,0,3,0,0,0,0,999312.7999999999,-1013898.2999999999,4400.4,-5653.299999999999,343008.73333333334,3948.4666666666667,1013898.2999999999,5653.299999999999,9.056105610561056,1,22,0,0
1014079.1,180.8,4078.3,7299.7,1646.4,2426.2,3,0,0,0,0,0,-1013898.2999999999,3897.5,-5653.299999999999,779.7999999999997,339446.0666666667,3790.7666666666664,1013898.2999999999,5653.299999999999,0.594758904714044,1,22,2,1
180.8,4078.3,326111.9,1646.4,2426.2,95543.4,0,0,2,0,0,1,3897.5,322033.60000000003,779.7999999999997,93117.2,110123.66666666667,33205.333333333336,325931.10000000003,93897.0,0.2929764507935748,3,0,3,1
4078.3,326111.9,1186292.0,2426.2,95543.4,56208.0,0,2,3,0,1,1,322033.60000000003,860180.1,93117.2,-39335.399999999994,505494.06666666665,51392.533333333326,1182213.7,93117.2,0.04738121189284603,3,0,2,1
326111.9,1186292.0,237302.4,95543.4,56208.0,60380.8,2,3,2,1,1,1,860180.1,-948989.6,-39335.399999999994,4172.800000000003,583235.4333333332,70710.73333333334,948989.6,39335.399999999994,0.25444557473681373,2,6,2,1
1186292.0,237302.4,221383.1,56208.0,60380.8,197854.5,3,2,2,1,1,1,-948989.6,-15919.299999999988,4172.800000000003,137473.7,548325.8333333334,104814.43333333333,964908.9,141646.5,0.8937159443699886,5,19,1,1
237302.4,221383.1,203292.7,60380.8,197854.5,63985.8,2,2,1,1,1,1,-15919.299999999988,-18090.399999999994,137473.7,-133868.7,220659.4,107407.03333333333,34009.69999999998,137473.7,0.31474561189058,2,6,1,0
221383.1,203292.7,101161.3,197854.5,63985.8,26910.3,2,1,1,1,1,0,-18090.399999999994,-102131.40000000001,-133868.7,-37075.5,175279.03333333335,96250.2,120221.8,170944.2,0.2660111523759345,3,2,3,0
203292.7,101161.3,841374.1,63985.8,26910.3,19054.6,1,1,3,1,0,0,-102131.40000000001,740212.7999999999,-37075.5,-7855.700000000001,381942.7,36650.23333333334,740212.7999999999,44931.200000000004,0.022646973983423087,3,0,2,0
101161.3,841374.1,225205.1,26910.3,19054.6,32282.5,1,3,2,0,0,0,740212.7999999999,-616169.0,-7855.700000000001,13227.900000000001,389246.8333333333,26082.466666666664,740212.7999999999,13227.900000000001,0.14334647240905107,3,3,2,0
841374.1,225205.1,235036.4,19054.6,32282.5,16293.3,3,2,2,0,0,0,-616169.0,9831.299999999988,13227.900000000001,-15989.2,433871.86666666664,22543.466666666664,616169.0,15989.2,0.06932215894151314,3,2,0,0
225205.1,235036.4,1466.2,32282.5,16293.3,3127.2,2,2,0,0,0,0,9831.299999999988,-233570.19999999998,-15989.2,-13166.099999999999,153902.56666666668,17234.333333333332,233570.19999999998,29155.3,2.1314067611777534,1,22,2,0
235036.4,1466.2,600195.6,16293.3,3127.2,8836.4,2,0,2,0,0,0,-233570.19999999998,598729.4,-13166.099999999999,5709.2,278899.39999999997,9418.966666666667,598729.4,13166.099999999999,0.014722509257799861,3,0,0,0
1466.2,600195.6,27350.4,3127.2,8836.4,49940.9,0,2,0,0,0,0,598729.4,-572845.2,5709.2,41104.5,209670.7333333333,20634.833333333332,598729.4,46813.700000000004,1.8258992227088924,3,2,2,0
600195.6,27350.4,428863.7,8836.4,49940.9,28333.2,2,0,2,0,0,0,-572845.2,401513.3,41104.5,-21607.7,352136.56666666665,29036.833333333332,572845.2,41104.5,0.06606559131586255,3,0,1,0
27350.4,428863.7,105739.3,49940.9,28333.2,30194.4,0,2,1,0,0,0,401513.3,-323124.4,-21607.7,1861.2000000000007,187317.80000000002,36156.166666666664,401513.3,21607.7,0.2855524336511245,2,6,1,0
428863.7,105739.3,168409.9,28333.2,30194.4,35388.8,2,1,1,0,0,0,-323124.4,62670.59999999999,1861.2000000000007,5194.4000000000015,234337.63333333333,31305.46666666667,323124.4,7055.600000000002,0.2101336671201211,3,2,1,0
105739.3,168409.9,86024.5,30194.4,35388.8,42615.5,1,1,1,0,0,0,62670.59999999999,-82385.4,5194.4000000000015,7226.699999999997,120057.90000000001,36066.23333333334,82385.4,12421.099999999999,0.4953821831898681,5,19,1,0
168409.9,86024.5,72214.2,35388.8,42615.5,27088.0,1,1,1,0,0,0,-82385.4,-13810.300000000003,7226.699999999997,-15527.5,108882.86666666665,35030.76666666667,96195.7,15527.5,0.3751010867518196,2,6,1,1
86024.5,72214.2,159160.0,42615.5,27088.0,83049.9,1,1,1,0,0,1,-13810.300000000003,86945.8,-15527.5,55961.899999999994,105799.56666666667,50917.799999999996,86945.8,55961.899999999994,0.5217980535432675,3,3,0,0
72214.2,159160.0,2001.6,27088.0,83049.9,359.1,1,1,0,0,1,0,86945.8,-157158.4,55961.899999999994,-82690.79999999999,77791.93333333333,36832.333333333336,157158.4,82690.79999999999,0.17931688804554083,1,22,0,0
159160.0,2001.6,2537.6,83049.9,359.1,253.8,1,0,0,1,0,0,-157158.4,536.0,-82690.79999999999,-105.30000000000001,54566.4,27887.600000000002,157158.4,82796.09999999999,0.09997636492554952,1,22,3,1
2001.6,2537.6,644766.0,359.1,253.8,86322.4,0,0,3,0,0,1,536.0,642228.4,-105.30000000000001,86068.59999999999,216435.06666666665,28978.43333333333,642764.4,86068.59999999999,0.13388154170421251,3,0,1,1
2537.6,644766.0,193065.5,253.8,86322.4,160506.8,0,3,1,0,1,1,642228.4,-451700.5,86068.59999999999,74184.4,280123.0333333333,82361.0,642228.4,160253.0,0.831354999443197,5,19,3,1
644766.0,193065.5,955377.3,86322.4,160506.8,65443.3,3,1,3,1,1,1,-451700.5,762311.8,74184.4,-95063.49999999999,597736.2666666667,104090.83333333333,762311.8,95063.49999999999,0.06849988114655733,3,0,0,0
193065.5,955377.3,46269.8,160506.8,65443.3,3858.4,1,3,0,1,1,0,762311.8,-909107.5,-95063.49999999999,-61584.9,398237.5333333334,76602.83333333333,909107.5,156648.4,0.08338736308860015,2,7,2,0
955377.3,46269.8,438325.5,65443.3,3858.4,9463.7,3,0,2,1,0,0,-909107.5,392055.7,-61584.9,5605.300000000001,479990.8666666667,26255.13333333333,909107.5,61584.9,0.021590526696423785,3,0,3,1
46269.8,438325.5,617931.0,3858.4,9463.7,84315.3,0,2,3,0,0,1,392055.7,179605.5,5605.300000000001,74851.6,367508.76666666666,32545.800000000003,571661.2,80456.90000000001,0.13644753791679343,3,0,3,1
438325.5,617931.0,855900.5,9463.7,84315.3,55282.5,2,3,3,0,1,1,179605.5,237969.5,74851.6,-29032.800000000003,637385.6666666666,49687.166666666664,417575.0,74851.6,0.06458979216650514,3,0,3,0
617931.0,855900.5,957088.7,84315.3,55282.5,29572.9,3,3,3,1,1,0,237969.5,101188.19999999995,-29032.800000000003,-25709.6,810306.7333333334,56390.23333333333,339157.69999999995,54742.4,0.03089877573648531,3,0,1,1
855900.5,957088.7,51940.1,55282.5,29572.9,143040.1,3,3,1,1,0,1,101188.19999999995,-905148.6,-25709.6,113467.20000000001,621643.1,75965.16666666667,905148.6,113467.20000000001,2.7538904643913975,5,4,2,0
957088.7,51940.1,280651.9,29572.9,143040.1,43674.8,3,1,2,0,1,0,-905148.6,228711.80000000002,113467.20000000001,-99365.3,429893.56666666665,72095.93333333333,905148.6,113467.20000000001,0.15561855943765412,3,2,2,0
51940.1,280651.9,230336.6,143040.1,43674.8,43209.1,1,2,2,1,0,0,228711.80000000002,-50315.30000000002,-99365.3,-465.70000000000437,187642.86666666667,76641.33333333334,228711.80000000002,99831.0,0.18759030223463297,2,6,2,0
280651.9,230336.6,438309.2,43674.8,43209.1,19711.8,2,2,2,0,0,0,-50315.30000000002,207972.6,-465.70000000000437,-23497.3,316432.56666666665,35531.9,207972.6,23963.000000000004,0.044972259372471825,3,0,3,1
230336.6,438309.2,1060134.6,43209.1,19711.8,63812.1,2,2,3,0,0,1,207972.6,621825.4000000001,-23497.3,44100.3,576260.1333333334,42244.333333333336,829798.0000000001,44100.3,0.06019239425598008,3,0,1,0
438309.2,1060134.6,55407.0,19711.8,63812.1,46570.8,2,3,1,0,1,0,621825.4000000001,-1004727.6000000001,44100.3,-17241.299999999996,517950.26666666666,43364.9,1004727.6000000001,44100.3,0.8405067860236789,2,6,2,0
1060134.6,55407.0,297609.7,63812.1,46570.8,43725.9,3,1,2,1,0,0,-1004727.6000000001,242202.7,-17241.299999999996,-2844.9000000000015,471050.43333333335,51369.6,1004727.6000000001,20086.199999999997,0.14692314490036817,3,3,2,0
55407.0,297609.7,401938.5,46570.8,43725.9,44881.0,1,2,2,0,0,0,242202.7,104328.79999999999,-2844.9000000000015,1155.0999999999985,251651.7333333333,45059.23333333334,346531.5,2844.9000000000015,0.11166108332224128,3,0,0,0
297609.7,401938.5,1536.2,43725.9,44881.0,2203.2,2,2,0,0,0,0,104328.79999999999,-400402.3,1155.0999999999985,-42677.8,233694.79999999996,30270.03333333333,400402.3,42677.8,1.433255269320843,1,22,1,0
401938.5,1536.2,79884.8,44881.0,2203.2,28218.9,2,0,1,0,0,0,-400402.3,78348.6,-42677.8,26015.7,161119.83333333334,25101.033333333336,400402.3,42677.8,0.3532405008149133,3,2,0,0
1536.2,79884.8,594.4,2203.2,28218.9,3519.1,0,1,0,0,0,0,78348.6,-79290.40000000001,26015.7,-24699.800000000003,27338.466666666664,11313.733333333335,79290.40000000001,26015.7,5.9104803493449785,1,22,0,0
79884.8,594.4,1479.4,28218.9,3519.1,4911.9,1,0,0,0,0,0,-79290.40000000001,885.0000000000001,-24699.800000000003,1392.7999999999997,27319.53333333333,12216.633333333333,79290.40000000001,24699.800000000003,3.3179546068630095,1,22,1,1
594.4,1479.4,119309.3,3519.1,4911.9,61272.0,0,0,1,0,0,1,885.0000000000001,117829.90000000001,1392.7999999999997,56360.1,40461.03333333333,23234.333333333332,118714.90000000001,57752.9,0.5135516380396328,3,2,0,0
1479.4,119309.3,4358.1,4911.9,61272.0,360.8,0,1,0,0,1,0,117829.90000000001,-114951.2,56360.1,-60911.2,41715.6,22181.566666666666,117829.90000000001,60911.2,0.08276937900025234,1,22,1,1
119309.3,4358.1,84142.1,61272.0,360.8,55681.3,1,0,1,1,0,1,-114951.2,79784.0,-60911.2,55320.5,69269.83333333333,39104.700000000004,114951.2,60911.2,0.6617452886808306,3,2,2,0
4358.1,84142.1,206539.1,360.8,55681.3,24919.0,0,1,2,0,1,0,79784.0,122397.0,55320.5,-30762.300000000003,98346.43333333335,26987.033333333336,202181.0,55320.5,0.12064969465977793,2,6,0,0
84142.1,206539.1,3654.6,55681.3,24919.0,167.5,1,2,0,1,0,0,122397.0,-202884.5,-30762.300000000003,-24751.5,98111.93333333333,26922.600000000002,202884.5,55513.8,0.045820111609585296,1,22,2,0
206539.1,3654.6,597043.1,24919.0,167.5,44063.2,2,0,2,0,0,0,-202884.5,593388.5,-24751.5,43895.7,269078.93333333335,23049.899999999998,593388.5,43895.7,0.07380225346837863,3,0,1,0
3654.6,597043.1,90727.2,167.5,44063.2,46905.3,0,2,1,0,0,0,593388.5,-506315.89999999997,43895.7,2842.100000000006,230474.96666666665,30378.666666666668,593388.5,46737.8,0.5169870007340607,2,6,0,0
597043.1,90727.2,2540.9,44063.2,46905.3,4594.4,2,1,0,0,0,0,-506315.89999999997,-88186.3,2842.100000000006,-42310.9,230103.7333333333,31854.3,594502.2,42310.9,1.8074668555017899,1,22,0,0
90727.2,2540.9,3707.7,46905.3,4594.4,1599.8,1,0,0,0,0,0,-88186.3,1166.7999999999997,-42310.9,-2994.5999999999995,32325.266666666663,17699.833333333336,88186.3,45305.5,0.43136408984280206,1,22,1,0
2540.9,3707.7,160271.6,4594.4,1599.8,48014.1,0,0,1,0,0,0,1166.7999999999997,156563.9,-2994.5999999999995,46414.299999999996,55506.73333333334,18069.43333333333,157730.7,46414.299999999996,0.2995777194604692,5,19,0,0
3707.7,160271.6,1724.6,1599.8,48014.1,3892.7,0,1,0,0,0,0,156563.9,-158547.0,46414.299999999996,-44121.4,55234.63333333334,17835.533333333333,158547.0,46414.299999999996,2.255853036624942,1,22,2,0
160271.6,1724.6,252890.9,48014.1,3892.7,9614.8,1,0,2,0,0,0,-158547.0,251166.3,-44121.4,5722.099999999999,138295.69999999998,20507.199999999997,251166.3,44121.4,0.03801940671093064,3,2,0,1
1724.6,252890.9,34265.6,3892.7,9614.8,70248.6,0,2,0,0,0,1,251166.3,-218625.3,5722.099999999999,60633.8,96293.7,27918.7,251166.3,66355.90000000001,2.050060408677838,3,3,3,0
252890.9,34265.6,1286799.8,9614.8,70248.6,27687.6,2,0,3,0,1,0,-218625.3,1252534.2,60633.8,-42561.00000000001,524652.1,35850.333333333336,1252534.2,60633.8,0.021516617024173436,3,0,0,0
34265.6,1286799.8,914.9,70248.6,27687.6,2318.6,0,3,0,1,0,0,1252534.2,-1285884.9000000001,-42561.00000000001,-25369.0,440660.10000000003,33418.26666666667,1285884.9000000001,67930.0,2.531499071951086,1,22,2,0
1286799.8,914.9,249415.0,27687.6,2318.6,22101.9,3,0,2,0,0,0,-1285884.9000000001,248500.1,-25369.0,19783.300000000003,512376.56666666665,17369.366666666665,1285884.9000000001,25369.0,0.08861460371427655,2,6,2,0
914.9,249415.0,214119.0,2318.6,22101.9,32788.2,0,2,2,0,0,0,248500.1,-35296.0,19783.300000000003,10686.299999999996,154816.30000000002,19069.566666666666,248500.1,30469.6,0.15313002054922473,2,6,2,0
249415.0,214119.0,255053.3,22101.9,32788.2,14706.7,2,2,2,0,0,0,-35296.0,40934.29999999999,10686.299999999996,-18081.499999999996,239529.1,23198.933333333334,40934.29999999999,18081.499999999996,0.05766105492046204,3,0,3,1
214119.0,255053.3,919790.0,32788.2,14706.7,54990.1,2,2,3,0,0,1,40934.29999999999,664736.7,-18081.499999999996,40283.399999999994,462987.43333333335,34161.666666666664,705671.0,40283.399999999994,0.059785429516053104,3,0,0,0
255053.3,919790.0,3170.8,14706.7,54990.1,1678.7,2,3,0,0,1,0,664736.7,-916619.2,40283.399999999994,-53311.4,392671.3666666667,23791.833333333332,916619.2,53311.4,0.5292578346680118,1,22,1,1
919790.0,3170.8,75613.3,54990.1,1678.7,124763.8,3,0,1,1,0,1,-916619.2,72442.5,-53311.4,123085.1,332858.0333333334,60477.53333333333,916619.2,123085.1,1.6500027111273925,5,19,1,0
3170.8,75613.3,95236.3,1678.7,124763.8,25594.3,0,1,1,0,1,0,72442.5,19623.0,123085.1,-99169.5,58006.80000000001,50678.93333333333,92065.5,123085.1,0.26874239399898986,3,3,1,0
75613.3,95236.3,110445.6,124763.8,25594.3,21928.8,1,1,1,1,0,0,19623.0,15209.300000000003,-99169.5,-3665.5,93765.06666666667,57428.96666666667,34832.3,102835.0,0.19854662796319666,3,2,0,0
95236.3,110445.6,859.2,25594.3,21928.8,587.0,1,1,0,0,0,0,15209.300000000003,-109586.40000000001,-3665.5,-21341.8,68847.03333333334,16036.699999999999,109586.40000000001,25007.3,0.6823994419902348,1,22,0,0
110445.6,859.2,3680.7,21928.8,587.0,1874.4,1,0,0,0,0,0,-109586.40000000001,2821.5,-21341.8,1287.4,38328.5,8130.066666666667,109586.40000000001,21341.8,0.5091126381834479,1,22,2,0
859.2,3680.7,232351.5,587.0,1874.4,29558.1,0,0,2,0,0,0,2821.5,228670.8,1287.4,27683.699999999997,78963.8,10673.166666666666,231492.3,28971.1,0.12721231749174206,3,2,1,0
3680.7,232351.5,149279.7,1874.4,29558.1,42551.3,0,2,1,0,0,0,228670.8,-83071.79999999999,27683.699999999997,12993.200000000004,128437.3,24661.266666666666,228670.8,40676.9,0.28504220572384775,3,2,1,1
232351.5,149279.7,174714.0,29558.1,42551.3,69801.2,2,1,1,0,0,1,-83071.79999999999,25434.29999999999,12993.200000000004,27249.899999999994,185448.4,47303.533333333326,83071.79999999999,40243.1,0.3995146381249463,3,2,0,0
149279.7,174714.0,40.4,42551.3,69801.2,172.3,1,1,0,0,1,0,25434.29999999999,-174673.6,27249.899999999994,-69628.9,108011.36666666668,37508.26666666667,174673.6,69628.9,4.161835748792271,1,22,0,0
174714.0,40.4,4986.4,69801.2,172.3,195.5,1,0,0,1,0,0,-174673.6,4946.0,-69628.9,23.19999999999999,59913.6,23389.666666666668,174673.6,69628.9,0.03919878092793841,1,22,3,0
40.4,4986.4,1179017.9,172.3,195.5,15641.4,0,0,3,0,0,0,4946.0,1174031.5,23.19999999999999,15445.9,394681.56666666665,5336.4,1178977.5,15469.1,0.013266453998320129,3,0,3,1
4986.4,1179017.9,915935.2,195.5,15641.4,92811.0,0,3,3,0,0,1,1174031.5,-263082.69999999995,15445.9,77169.6,699979.8333333334,36215.96666666667,1174031.5,92615.5,0.10132911004063384,3,0,1,0
1179017.9,915935.2,116300.9,15641.4,92811.0,38837.3,3,3,1,0,1,0,-263082.69999999995,-799634.2999999999,77169.6,-53973.7,737084.6666666666,49096.56666666667,1062717.0,77169.6,0.3339352151598556,2,6,0,0
915935.2,116300.9,1129.2,92811.0,38837.3,922.6,3,1,0,1,0,0,-799634.2999999999,-115171.7,-53973.7,-37914.700000000004,344455.1,44190.299999999996,914806.0,91888.4,0.8163156963369315,1,22,0,0
116300.9,1129.2,1637.2,38837.3,922.6,5935.8,1,0,0,0,0,0,-115171.7,508.0,-37914.700000000004,5013.2,39689.1,15231.900000000001,115171.7,37914.700000000004,3.6233671102429494,5,18,0,1
1129.2,1637.2,20860.8,922.6,5935.8,51579.4,0,0,0,0,0,1,508.0,19223.6,5013.2,45643.6,7875.733333333334,19479.266666666666,19731.6,50656.8,2.4724328677295344,3,2,2,1
1637.2,20860.8,583462.0,5935.8,51579.4,80247.8,0,0,2,0,1,1,19223.6,562601.2,45643.6,28668.4,201986.66666666666,45921.0,581824.8,74312.0,0.13753708461376302,3,0,1,0
20860.8,583462.0,134020.3,51579.4,80247.8,34566.6,0,2,1,1,1,0,562601.2,-449441.7,28668.4,-45681.200000000004,246114.3666666667,55464.600000000006,562601.2,45681.200000000004,0.25791870396720523,3,0,2,1
583462.0,134020.3,228601.8,80247.8,34566.6,54966.3,2,1,2,1,0,1,-449441.7,94581.5,-45681.200000000004,20399.700000000004,315361.3666666667,56593.56666666667,449441.7,45681.200000000004,0.24044456148393636,3,0,0,0
134020.3,228601.8,1576.8,34566.6,54966.3,2249.1,1,2,0,0,1,0,94581.5,-227025.0,20399.700000000004,-52717.200000000004,121399.63333333332,30594.0,227025.0,52717.200000000004,1.4254658385093169,1,22,3,0
228601.8,1576.8,625653.1,54966.3,2249.1,50348.0,2,0,3,1,0,0,-227025.0,624076.2999999999,-52717.200000000004,48098.9,285277.23333333334,35854.46666666667,624076.2999999999,52717.200000000004,0.08047258061603049,3,0,0,0
1576.8,625653.1,2945.2,2249.1,50348.0,3794.8,0,3,0,0,0,0,624076.2999999999,-622707.9,48098.9,-46553.2,210058.36666666667,18797.3,624076.2999999999,48098.9,1.288032041273505,1,22,1,1
625653.1,2945.2,67768.2,50348.0,3794.8,59221.6,3,0,1,0,0,1,-622707.9,64823.0,-46553.2,55426.799999999996,232122.16666666663,37788.13333333333,622707.9,55426.799999999996,0.8738719064117623,3,2,0,0
2945.2,67768.2,30525.1,3794.8,59221.6,10215.9,0,1,0,0,1,0,64823.0,-37243.1,55426.799999999996,-49005.7,33746.166666666664,24410.766666666666,64823.0,55426.799999999996,0.3346611588116399,2,7,3,0
67768.2,30525.1,704373.3,59221.6,10215.9,36843.2,1,0,3,1,0,0,-37243.1,673848.2000000001,-49005.7,26627.299999999996,267555.5333333334,35426.9,673848.2000000001,49005.7,0.052306280907750316,3,0,0,1
30525.1,704373.3,45822.9,10215.9,36843.2,75033.3,0,3,0,0,0,1,673848.2000000001,-658550.4,26627.299999999996,38190.100000000006,260240.43333333335,40697.46666666667,673848.2000000001,64817.4,1.6374271941061325,3,2,0,0
704373.3,45822.9,3443.4,36843.2,75033.3,952.5,3,0,0,0,1,0,-658550.4,-42379.5,38190.100000000006,-74080.8,251213.20000000004,37609.666666666664,700929.9,74080.8,0.276535826268726,1,22,1,1
45822.9,3443.4,134029.4,75033.3,952.5,61035.9,0,0,1,1,0,1,-42379.5,130586.0,-74080.8,60083.4,61098.56666666667,45673.9,130586.0,74080.8,0.4553884790316227,3,2,0,0
3443.4,134029.4,3163.5,952.5,61035.9,3901.2,0,1,0,0,1,0,130586.0,-130865.9,60083.4,-57134.700000000004,46878.76666666666,21963.2,130865.9,60083.4,1.2328013904250277,1,22,1,0
134029.4,3163.5,150250.8,61035.9,3901.2,32848.7,1,0,1,1,0,0,-130865.9,147087.3,-57134.700000000004,28947.499999999996,95814.56666666665,32595.266666666663,147087.3,57134.700000000004,0.2186243359480552,2,6,2,0
3163.5,150250.8,241404.9,3901.2,32848.7,8476.9,0,1,2,0,0,0,147087.3,91154.1,28947.499999999996,-24371.799999999996,131606.4,15075.599999999999,238241.4,28947.499999999996,0.03511471757732516,3,2,1,0
150250.8,241404.9,64274.8,32848.7,8476.9,17234.7,1,2,1,0,0,0,91154.1,-177130.09999999998,-24371.799999999996,8757.800000000001,151976.8333333333,19520.100000000002,177130.09999999998,24371.799999999996,0.2681366859689028,3,3,0,0
241404.9,64274.8,286.3,8476.9,17234.7,360.2,2,1,0,0,0,0,-177130.09999999998,-63988.5,8757.800000000001,-16874.5,101988.66666666667,8690.6,241118.6,16874.5,1.2537417333797423,1,22,3,1
64274.8,286.3,1485874.5,17234.7,360.2,54424.4,1,0,3,0,0,1,-63988.5,1485588.2,-16874.5,54064.200000000004,516811.8666666667,24006.433333333334,1485588.2,54064.200000000004,0.0366278332202126,3,0,3,1
286.3,1485874.5,616355.1,360.2,54424.4,89031.3,0,3,3,0,1,1,1485588.2,-869519.4,54064.200000000004,34606.9,700838.6333333333,47938.63333333333,1485588.2,88671.1,0.1444478281305239,3,0,3,0
1485874.5,616355.1,1313291.0,54424.4,89031.3,7590.6,3,3,3,1,1,0,-869519.4,696935.9,34606.9,-81440.7,1138506.8666666667,50348.76666666667,869519.4,81440.7,0.005779826573222102,3,0,3,0
616355.1,1313291.0,710661.7,89031.3,7590.6,35435.9,3,3,3,1,0,0,696935.9,-602629.3,-81440.7,27845.300000000003,880102.6,44019.26666666667,696935.9,81440.7,0.04986317700366152,3,0,0,0
1313291.0,710661.7,489.8,7590.6,35435.9,609.0,3,3,0,0,0,0,-602629.3,-710171.8999999999,27845.300000000003,-34826.9,674814.1666666666,14545.166666666666,1312801.2,34826.9,1.2408312958435208,1,22,3,0
710661.7,489.8,1351365.8,35435.9,609.0,38800.6,3,0,3,0,0,0,-710171.8999999999,1350876.0,-34826.9,38191.6,687505.7666666667,24948.5,1350876.0,38191.6,0.028712115763092596,3,0,0,0
489.8,1351365.8,2560.1,609.0,38800.6,957.8,0,3,0,0,0,0,1350876.0,-1348805.7,38191.6,-37842.799999999996,451471.9000000001,13455.800000000001,1350876.0,38191.6,0.3739799304986139,1,22,1,1
1351365.8,2560.1,155908.1,38800.6,957.8,171774.9,3,0,1,0,0,1,-1348805.7,153348.0,-37842.799999999996,170817.1,503278.00000000006,70511.09999999999,1348805.7,170817.1,1.1017631427543355,5,19,1,1
2560.1,155908.1,177183.8,957.8,171774.9,72681.3,0,1,1,0,1,1,153348.0,21275.699999999983,170817.1,-99093.59999999999,111884.0,81804.66666666667,174623.69999999998,170817.1,0.41020053638912596,3,2,2,1
155908.1,177183.8,295497.6,171774.9,72681.3,168807.4,1,1,2,1,1,1,21275.699999999983,118313.79999999999,-99093.59999999999,96126.09999999999,209529.83333333334,137754.53333333333,139589.49999999997,99093.59999999999,0.5712629433777352,5,19,2,0
177183.8,295497.6,289123.1,72681.3,168807.4,11034.6,1,2,2,1,1,0,118313.79999999999,-6374.5,96126.09999999999,-157772.8,253934.83333333334,84174.43333333333,118313.79999999999,157772.8,0.038165618154972214,2,6,1,1
295497.6,289123.1,168586.6,168807.4,11034.6,63917.3,2,2,1,1,0,1,-6374.5,-120536.49999999997,-157772.8,52882.700000000004,251069.09999999998,81253.09999999999,126910.99999999997,157772.8,0.37913405256377103,2,6,0,0
289123.1,168586.6,3923.2,11034.6,63917.3,1436.2,2,1,0,0,1,0,-120536.49999999997,-164663.4,52882.700000000004,-62481.100000000006,153877.63333333333,25462.7,285199.89999999997,62481.100000000006,0.3659854237806432,1,22,2,1
168586.6,3923.2,259535.9,63917.3,1436.2,73192.5,1,0,2,1,0,1,-164663.4,255612.69999999998,-62481.100000000006,71756.3,144015.23333333334,46182.0,255612.69999999998,71756.3,0.2820119220041543,2,6,0,0
3923.2,259535.9,2161.6,1436.2,73192.5,1281.6,0,2,0,0,1,0,255612.69999999998,-257374.3,71756.3,-71910.9,88540.23333333332,25303.433333333334,257374.3,71910.9,0.5926199944511237,1,22,3,1
259535.9,2161.6,985446.6,73192.5,1281.6,63378.3,2,0,3,1,0,1,-257374.3,983285.0,-71910.9,62096.700000000004,415714.7,45950.80000000001,983285.0,71910.9,0.06431422634749935,3,0,1,0
2161.6,985446.6,198588.4,1281.6,63378.3,40203.5,0,3,1,0,1,0,983285.0,-786858.2,62096.700000000004,-23174.800000000003,395398.86666666664,34954.46666666667,983285.0,62096.700000000004,0.20244534703262107,3,0,0,1
985446.6,198588.4,26860.6,63378.3,40203.5,83114.4,3,1,0,1,0,1,-786858.2,-171727.8,-23174.800000000003,42910.899999999994,403631.8666666667,62232.06666666667,958586.0,42910.899999999994,3.094171605563332,3,3,2,0
198588.4,26860.6,298093.3,40203.5,83114.4,48563.3,1,0,2,0,1,0,-171727.8,271232.7,42910.899999999994,-34551.09999999999,174514.1,57293.73333333334,271232.7,42910.899999999994,0.16291254143403616,3,2,2,1
26860.6,298093.3,469556.9,83114.4,48563.3,59538.3,0,2,2,1,0,1,271232.7,171463.60000000003,-34551.09999999999,10975.0,264836.93333333335,63738.666666666664,442696.30000000005,34551.09999999999,0.1267965036899603,3,0,0,0
298093.3,469556.9,35875.3,48563.3,59538.3,9171.5,2,2,0,0,1,0,171463.60000000003,-433681.60000000003,10975.0,-50366.8,267841.8333333333,39091.03333333333,433681.60000000003,50366.8,0.25564230425099577,2,7,2,0
469556.9,35875.3,243160.8,59538.3,9171.5,33422.7,2,0,2,1,0,0,-433681.60000000003,207285.5,-50366.8,24251.199999999997,249531.0,34044.166666666664,433681.60000000003,50366.8,0.13745045480005494,2,6,1,1
35875.3,243160.8,180380.5,9171.5,33422.7,189379.3,0,2,1,0,0,1,207285.5,-62780.29999999999,24251.199999999997,155956.59999999998,153138.86666666667,77324.5,207285.5,180207.8,1.0498820555323023,5,19,1,1
243160.8,180380.5,194855.5,33422.7,189379.3,65605.3,2,1,1,0,1,1,-62780.29999999999,14475.0,155956.59999999998,-123773.99999999999,206132.2666666667,96135.76666666666,62780.29999999999,155956.59999999998,0.33668520167405247,3,2,1,1
180380.5,194855.5,138218.8,189379.3,65605.3,127088.1,1,1,1,1,1,1,14475.0,-56636.70000000001,-123773.99999999999,61482.8,171151.6,127357.56666666665,56636.70000000001,123773.99999999999,0.9194637816000314,5,4,2,1
194855.5,138218.8,308608.0,65605.3,127088.1,75871.8,1,1,2,1,1,1,-56636.70000000001,170389.2,61482.8,-51216.3,213894.1,89521.73333333334,170389.2,61482.8,0.2458508987100182,3,3,2,1
138218.8,308608.0,309212.1,127088.1,75871.8,86149.2,1,2,2,1,1,1,170389.2,604.0999999999767,-51216.3,10277.399999999994,252012.96666666665,96369.70000000001,170993.3,51216.3,0.2786078597575588,3,3,3,0
308608.0,309212.1,807208.0,75871.8,86149.2,18792.2,2,2,3,1,1,0,604.0999999999767,497995.9,10277.399999999994,-67357.0,475009.3666666667,60271.06666666667,498600.0,67357.0,0.02328046391950536,3,0,0,0
309212.1,807208.0,2980.5,86149.2,18792.2,2619.8,2,3,0,1,0,0,497995.9,-804227.5,-67357.0,-16172.400000000001,373133.5333333334,35853.73333333333,804227.5,83529.4,0.8786852255576053,1,22,1,1
807208.0,2980.5,61140.9,18792.2,2619.8,119587.9,3,0,1,0,0,1,-804227.5,58160.4,-16172.400000000001,116968.09999999999,290443.13333333336,46999.96666666667,804227.5,116968.09999999999,1.9559074873368343,5,19,2,1
2980.5,61140.9,232828.4,2619.8,119587.9,71212.4,0,1,2,0,1,1,58160.4,171687.5,116968.09999999999,-48375.5,98983.26666666666,64473.36666666666,229847.9,116968.09999999999,0.30585656278803275,2,6,2,1
61140.9,232828.4,241843.6,119587.9,71212.4,173514.4,1,2,2,1,1,1,171687.5,9015.200000000012,-48375.5,102302.0,178604.30000000002,121438.23333333332,180702.7,102302.0,0.7174623704643395,5,19,0,0
232828.4,241843.6,3573.1,71212.4,173514.4,414.2,2,2,0,1,1,0,9015.200000000012,-238270.5,102302.0,-173100.19999999998,159415.03333333333,81713.66666666667,238270.5,173100.19999999998,0.11588931479253518,1,22,0,0
241843.6,3573.1,4041.2,173514.4,414.2,1154.0,2,0,0,1,0,0,-238270.5,468.0999999999999,-173100.19999999998,739.8,83152.63333333335,58360.86666666667,238270.5,173100.19999999998,0.2854881005393103,1,22,0,0
3573.1,4041.2,3926.1,414.2,1154.0,1833.5,0,0,0,0,0,0,468.0999999999999,-115.09999999999991,739.8,679.5,3846.7999999999997,1133.8999999999999,468.0999999999999,1419.3,0.46688396017417433,1,22,2,0
4041.2,3926.1,288975.8,1154.0,1833.5,25132.9,0,0,2,0,0,0,-115.09999999999991,285049.7,679.5,23299.4,98981.03333333333,9373.466666666667,285049.7,23978.9,0.08697203374111694,5,19,0,1
3926.1,288975.8,26429.0,1833.5,25132.9,118213.1,0,2,0,0,0,1,285049.7,-262546.8,23299.4,93080.20000000001,106443.63333333332,48393.166666666664,285049.7,116379.6,4.47268634127885,5,19,3,0
288975.8,26429.0,978347.2,25132.9,118213.1,48432.2,2,0,3,0,1,0,-262546.8,951918.2,93080.20000000001,-69780.90000000001,431250.6666666667,63926.06666666667,951918.2,93080.20000000001,0.0495040518293998,3,0,2,1
26429.0,978347.2,269650.1,118213.1,48432.2,53145.2,0,3,2,1,0,1,951918.2,-708697.1,-69780.90000000001,4713.0,424808.7666666666,73263.5,951918.2,69780.90000000001,0.19708875654503172,3,2,2,1
978347.2,269650.1,363064.9,48432.2,53145.2,58357.7,3,2,2,0,1,1,-708697.1,93414.80000000005,4713.0,5212.5,537020.7333333333,53311.69999999999,708697.1,9925.5,0.16073583335697456,3,0,0,0
269650.1,363064.9,47.9,53145.2,58357.7,122.5,2,2,0,1,1,0,93414.80000000005,-363017.0,5212.5,-58235.2,210920.96666666667,37208.46666666667,363017.0,58235.2,2.505112474437628,1,22,1,1
363064.9,47.9,200450.3,58357.7,122.5,72813.1,2,0,1,1,0,1,-363017.0,200402.4,-58235.2,72690.6,187854.3666666667,43764.43333333333,363017.0,72690.6,0.3632458357715815,2,6,2,1
47.9,200450.3,361438.3,122.5,72813.1,54419.8,0,1,2,0,1,1,200402.4,160988.0,72690.6,-18393.300000000003,187312.16666666666,42451.8,361390.39999999997,72690.6,0.15056414728558848,3,3,2,0
200450.3,361438.3,233238.3,72813.1,54419.8,6662.4,1,2,2,1,1,0,160988.0,-128200.0,-18393.300000000003,-47757.4,265042.3,44631.76666666667,160988.0,66150.70000000001,0.028564654412871242,3,3,0,0
361438.3,233238.3,1445.0,54419.8,6662.4,65.2,2,2,0,1,0,0,-128200.0,-231793.3,-47757.4,-6597.2,198707.19999999998,20382.466666666667,359993.3,54354.600000000006,0.04508990318118949,1,22,1,1
233238.3,1445.0,125204.3,6662.4,65.2,53759.5,2,0,1,0,0,1,-231793.3,123759.3,-6597.2,53694.3,119962.53333333333,20162.366666666665,231793.3,53694.3,0.42937080139578754,2,6,0,0
1445.0,125204.3,4521.0,65.2,53759.5,2308.4,0,1,0,0,1,0,123759.3,-120683.3,53694.3,-51451.1,43723.43333333333,18711.033333333333,123759.3,53694.3,0.5104820875718709,1,22,0,1
125204.3,4521.0,28383.2,53759.5,2308.4,65343.9,1,0,0,1,0,1,-120683.3,23862.2,-51451.1,63035.5,52702.833333333336,40470.6,120683.3,63035.5,2.3021223074809223,3,2,0,0
4521.0,28383.2,2149.9,2308.4,65343.9,3099.8,0,0,0,0,1,0,23862.2,-26233.3,63035.5,-62244.1,11684.699999999999,23584.033333333336,26233.3,63035.5,1.4411641638383932,1,22,1,1
28383.2,2149.9,61051.4,65343.9,3099.8,137269.9,0,0,1,1,0,1,-26233.3,58901.5,-62244.1,134170.1,30528.166666666668,68571.2,58901.5,134170.1,2.2483948214975986,5,19,3,1
2149.9,61051.4,848390.2,3099.8,137269.9,59426.8,0,1,3,0,1,1,58901.5,787338.7999999999,134170.1,-77843.09999999999,303863.8333333333,66598.83333333333,846240.2999999999,134170.1,0.07004645969925195,3,0,1,1
61051.4,848390.2,190954.1,137269.9,59426.8,74030.0,1,3,1,1,1,1,787338.7999999999,-657436.1,-77843.09999999999,14603.199999999997,366798.56666666665,90242.23333333334,787338.7999999999,77843.09999999999,0.387682758931288,2,6,3,1
848390.2,190954.1,864601.4,59426.8,74030.0,81830.5,3,1,3,1,1,1,-657436.1,673647.3,14603.199999999997,7800.5,634648.5666666667,71762.43333333333,673647.3,22403.699999999997,0.09464523808862894,3,0,3,1
190954.1,864601.4,1254390.6,74030.0,81830.5,88817.3,1,3,3,1,1,1,673647.3,389789.20000000007,7800.5,6986.800000000003,769982.0333333333,81559.26666666666,1063436.5,14787.300000000003,0.07080508192178582,3,0,0,0
864601.4,1254390.6,4074.7,81830.5,88817.3,1392.0,3,3,0,1,1,0,389789.20000000007,-1250315.9000000001,6986.800000000003,-87425.3,707688.9,57346.6,1250315.9000000001,87425.3,0.3415364231911083,1,22,2,0
1254390.6,4074.7,277528.7,88817.3,1392.0,11374.5,3,0,2,1,0,0,-1250315.9000000001,273454.0,-87425.3,9982.5,511998.0,33861.26666666667,1250315.9000000001,87425.3,0.0409848027076021,2,6,0,0
4074.7,277528.7,3892.8,1392.0,11374.5,2023.4,0,2,0,0,0,0,273454.0,-273635.9,9982.5,-9351.1,95165.40000000001,4929.966666666666,273635.9,9982.5,0.5196466176999333,1,22,3,1
277528.7,3892.8,902036.3,11374.5,2023.4,78448.8,2,0,3,0,0,1,-273635.9,898143.5,-9351.1,76425.40000000001,394485.93333333335,30615.566666666666,898143.5,76425.40000000001,0.08696846571643989,3,0,1,1
3892.8,902036.3,68942.3,2023.4,78448.8,136364.2,0,3,1,0,1,1,898143.5,-833094.0,76425.40000000001,57915.40000000001,324957.13333333336,72278.8,898143.5,134340.80000000002,1.9779180863115053,5,4,1,0
902036.3,68942.3,169855.4,78448.8,136364.2,37173.1,3,1,1,1,1,0,-833094.0,100913.09999999999,57915.40000000001,-99191.1,380278.0,83995.36666666667,833094.0,99191.1,0.21885015813357636,5,4,0,0
68942.3,169855.4,103.8,136364.2,37173.1,2036.4,1,1,0,1,0,0,100913.09999999999,-169751.6,-99191.1,-35136.7,79633.83333333333,58524.56666666667,169751.6,134327.80000000002,19.431297709923665,1,22,1,1
169855.4,103.8,188109.9,37173.1,2036.4,73050.4,1,0,1,0,0,1,-169751.6,188006.1,-35136.7,71014.0,119356.36666666665,37419.96666666667,188006.1,71014.0,0.3883368800000425,3,2,2,0
103.8,188109.9,299564.2,2036.4,73050.4,13758.8,0,1,2,0,1,0,188006.1,111454.30000000002,71014.0,-59291.59999999999,162592.63333333333,29615.199999999997,299460.4,71014.0,0.04592923343565941,3,2,0,0
188109.9,299564.2,4178.3,73050.4,13758.8,2015.4,1,2,0,1,0,0,111454.30000000002,-295385.9,-59291.59999999999,-11743.4,163950.8,29608.199999999997,295385.9,71035.0,0.4822338669155122,5,18,2,1
299564.2,4178.3,330332.7,13758.8,2015.4,63129.5,2,0,2,0,0,1,-295385.9,326154.4,-11743.4,61114.1,211358.4,26301.233333333334,326154.4,61114.1,0.19110826415833443,3,0,0,0
4178.3,330332.7,4121.9,2015.4,63129.5,176.2,0,2,0,0,1,0,326154.4,-326210.8,61114.1,-62953.3,112877.63333333335,21773.7,326210.8,62953.3,0.04273690848674477,1,22,0,0
330332.7,4121.9,19072.0,63129.5,176.2,1308.5,2,0,0,1,0,0,-326210.8,14950.1,-62953.3,1132.3,117842.20000000001,21538.066666666666,326210.8,62953.3,0.06860483405861689,2,7,0,1
4121.9,19072.0,50439.7,176.2,1308.5,64836.9,0,0,0,0,0,1,14950.1,31367.699999999997,1132.3,63528.4,24544.533333333336,22107.2,46317.799999999996,64660.700000000004,1.285408410271864,3,3,3,0
19072.0,50439.7,1119709.0,1308.5,64836.9,10160.7,0,0,3,0,1,0,31367.699999999997,1069269.3,63528.4,-54676.2,396406.89999999997,25435.366666666665,1100637.0,63528.4,0.00907440319368408,3,0,1,1
50439.7,1119709.0,69613.0,64836.9,10160.7,52215.3,0,3,1,1,0,1,1069269.3,-1050096.0,-54676.2,42054.600000000006,413253.89999999997,42404.3,1069269.3,54676.2,0.7500689516476571,3,2,3,0
1119709.0,69613.0,894570.5,10160.7,52215.3,47114.8,3,1,3,0,1,0,-1050096.0,824957.5,42054.600000000006,-5100.5,694630.8333333334,36496.933333333334,1050096.0,42054.600000000006,0.05266745028206242,3,0,1,1
69613.0,894570.5,60221.5,52215.3,47114.8,59748.2,1,3,1,1,0,1,824957.5,-834349.0,-5100.5,12633.399999999994,341468.3333333333,53026.1,834349.0,12633.399999999994,0.9921242060691602,3,2,2,0
894570.5,60221.5,455710.3,47114.8,59748.2,6597.7,3,1,2,0,1,0,-834349.0,395488.8,12633.399999999994,-53150.5,470167.43333333335,37820.23333333333,834349.0,53150.5,0.014477806453340085,3,0,1,0
60221.5,455710.3,143954.6,59748.2,6597.7,26112.6,1,2,1,1,0,0,395488.8,-311755.69999999995,-53150.5,19514.899999999998,219962.13333333333,30819.5,395488.8,53150.5,0.1813934296408059,3,2,3,0
455710.3,143954.6,1085757.3,6597.7,26112.6,47657.4,2,1,3,0,0,0,-311755.69999999995,941802.7000000001,19514.899999999998,21544.800000000003,561807.4,26789.233333333334,941802.7000000001,41059.700000000004,0.04389319427721621,3,0,3,1
143954.6,1085757.3,634667.9,26112.6,47657.4,86986.5,1,3,3,0,0,1,941802.7000000001,-451089.4,21544.800000000003,39329.1,621459.9333333335,53585.5,941802.7000000001,60873.9,0.13705807862966027,3,0,2,0
1085757.3,634667.9,246598.6,47657.4,86986.5,37732.3,3,3,2,0,1,0,-451089.4,-388069.30000000005,39329.1,-49254.2,655674.6000000001,57458.73333333334,839158.7000000001,49254.2,0.1530103860671307,3,3,0,1
634667.9,246598.6,45779.5,86986.5,37732.3,176402.9,3,2,0,1,0,1,-388069.30000000005,-200819.1,-49254.2,138670.59999999998,309015.3333333333,100373.90000000001,588888.4,138670.59999999998,3.8532322713819203,5,19,0,0
246598.6,45779.5,3321.4,37732.3,176402.9,2776.2,2,0,0,0,1,0,-200819.1,-42458.1,138670.59999999998,-173626.69999999998,98566.5,72303.8,243277.2,173626.69999999998,0.8356007705273296,1,22,0,0
45779.5,3321.4,3929.7,176402.9,2776.2,1739.7,0,0,0,1,0,0,-42458.1,608.2999999999997,-173626.69999999998,-1036.4999999999998,17676.866666666665,60306.26666666667,42458.1,174663.19999999998,0.4425929223802377,1,22,0,0
3321.4,3929.7,3806.3,2776.2,1739.7,15599.2,0,0,0,0,0,0,608.2999999999997,-123.39999999999964,-1036.4999999999998,13859.5,3685.8000000000006,6705.033333333333,608.2999999999997,13859.5,4.097181729834791,2,7,3,1
3929.7,3806.3,1408033.0,1739.7,15599.2,69090.1,0,0,3,0,0,1,-123.39999999999964,1404226.7,13859.5,53490.90000000001,471923.0,28809.666666666668,1404226.7,67350.40000000001,0.04906848840297891,3,0,2,0
3806.3,1408033.0,291237.6,15599.2,69090.1,17478.3,0,3,2,0,1,0,1404226.7,-1116795.4,53490.90000000001,-51611.8,567692.2999999999,34055.86666666667,1404226.7,53490.90000000001,0.06001367950539523,2,6,0,0
1408033.0,291237.6,44972.3,69090.1,17478.3,14949.9,3,2,0,1,0,0,-1116795.4,-246265.3,-51611.8,-2528.3999999999996,581414.3,33839.433333333334,1363060.7,54140.200000000004,0.3324172342256405,3,2,0,0
291237.6,44972.3,18215.0,17478.3,14949.9,18626.1,2,0,0,0,0,0,-246265.3,-26757.300000000003,-2528.3999999999996,3676.199999999999,118141.63333333332,17018.1,273022.6,3676.199999999999,1.0225131752305665,2,7,3,0
44972.3,18215.0,1377938.1,14949.9,18626.1,43124.7,0,0,3,0,0,0,-26757.300000000003,1359723.1,3676.199999999999,24498.6,480375.13333333336,25566.899999999998,1359723.1,28174.799999999996,0.03129652101460797,3,0,2,0
18215.0,1377938.1,279606.7,18626.1,43124.7,39819.1,0,3,2,0,0,0,1359723.1,-1098331.4000000001,24498.6,-3305.5999999999985,558586.6,33856.63333333333,1359723.1,24498.6,0.14241059884974555,3,2,3,1
1377938.1,279606.7,1494360.8,43124.7,39819.1,91225.6,3,2,3,0,0,1,-1098331.4000000001,1214754.1,-3305.5999999999985,51406.50000000001,1050635.2,58056.46666666667,1214754.1,51406.50000000001,0.06104652835745668,3,0,0,0
279606.7,1494360.8,49865.9,39819.1,91225.6,20521.4,2,3,0,0,1,0,1214754.1,-1444494.9000000001,51406.50000000001,-70704.20000000001,607944.4666666667,50522.03333333333,1444494.9000000001,70704.20000000001,0.4115234754917591,3,3,1,0
1494360.8,49865.9,69567.0,91225.6,20521.4,34908.2,3,0,1,1,0,0,-1444494.9000000001,19701.1,-70704.20000000001,14386.799999999996,537931.2333333333,48885.06666666667,1444494.9000000001,70704.20000000001,0.5017853035878564,2,6,0,0
49865.9,69567.0,4898.3,20521.4,34908.2,1622.9,0,1,0,0,0,0,19701.1,-64668.7,14386.799999999996,-33285.299999999996,41443.73333333333,19017.5,64668.7,33285.299999999996,0.33125140326169045,1,22,1,1
69567.0,4898.3,172911.6,34908.2,1622.9,78232.5,1,0,1,0,0,1,-64668.7,168013.30000000002,-33285.299999999996,76609.6,82458.96666666667,38254.53333333333,168013.30000000002,76609.6,0.452439556168839,3,2,1,0
4898.3,172911.6,61164.2,1622.9,78232.5,36904.2,0,1,1,0,1,0,168013.30000000002,-111747.40000000001,76609.6,-41328.3,79658.03333333333,38919.86666666666,168013.30000000002,76609.6,0.6033528869357085,2,6,0,0
172911.6,61164.2,558.8,78232.5,36904.2,266.5,1,1,0,1,0,0,-111747.40000000001,-60605.399999999994,-41328.3,-36637.7,78211.53333333333,38467.73333333333,172352.80000000002,77966.0,0.4760628795998571,1,22,2,0
61164.2,558.8,223276.3,36904.2,266.5,46208.3,1,0,2,0,0,0,-60605.399999999994,222717.5,-36637.7,45941.8,94999.76666666666,27793.0,222717.5,45941.8,0.20695475984347717,5,19,0,1
558.8,223276.3,33380.0,266.5,46208.3,174862.7,0,2,0,0,0,1,222717.5,-189896.3,45941.8,128654.40000000001,85738.36666666665,73779.16666666667,222717.5,174596.2,5.23839010215392,5,19,0,1
223276.3,33380.0,17685.4,46208.3,174862.7,65762.0,2,0,0,0,1,1,-189896.3,-15694.599999999999,128654.40000000001,-109100.70000000001,91447.23333333334,95611.0,205590.9,128654.40000000001,3.718224172245341,2,6,1,0
33380.0,17685.4,99733.0,174862.7,65762.0,8967.5,0,0,1,1,1,0,-15694.599999999999,82047.6,-109100.70000000001,-56794.5,50266.13333333333,83197.40000000001,82047.6,165895.2,0.08991417169671326,3,2,2,1
17685.4,99733.0,210973.6,65762.0,8967.5,67400.0,0,1,2,1,0,1,82047.6,111240.6,-56794.5,58432.5,109464.0,47376.5,193288.2,58432.5,0.3194697371152736,3,2,1,1
99733.0,210973.6,169570.9,8967.5,67400.0,74576.3,1,2,1,0,1,1,111240.6,-41402.70000000001,58432.5,7176.300000000003,160092.5,50314.6,111240.6,65608.8,0.43979161641757863,3,2,0,0
210973.6,169570.9,748.7,67400.0,74576.3,414.7,2,1,0,1,1,0,-41402.70000000001,-168822.19999999998,7176.300000000003,-74161.6,127097.73333333334,47463.666666666664,210224.9,74161.6,0.5531545951714019,1,22,2,0
169570.9,748.7,276247.7,74576.3,414.7,10638.4,1,0,2,1,0,0,-168822.19999999998,275499.0,-74161.6,10223.699999999999,148855.7666666667,28543.13333333333,275499.0,74161.6,0.03851022647346394,3,2,0,0
748.7,276247.7,3206.1,414.7,10638.4,4397.0,0,2,0,0,0,0,275499.0,-273041.60000000003,10223.699999999999,-6241.4,93400.83333333333,5150.033333333334,275499.0,10223.699999999999,1.3710205481587727,1,22,0,0
276247.7,3206.1,601.3,10638.4,4397.0,667.0,2,0,0,0,0,0,-273041.60000000003,-2604.8,-6241.4,-3730.0,93351.7,5234.133333333333,275646.4,9971.4,1.1074215507222316,1,22,2,1
3206.1,601.3,330408.8,4397.0,667.0,54345.3,0,0,2,0,0,1,-2604.8,329807.5,-3730.0,53678.3,111405.40000000001,19803.100000000002,329807.5,53678.3,0.16447847491206377,3,0,0,0
601.3,330408.8,2130.4,667.0,54345.3,4595.9,0,2,0,0,1,0,329807.5,-328278.39999999997,53678.3,-49749.4,111046.83333333333,19869.4,329807.5,53678.3,2.1562822557943133,5,18,0,0
330408.8,2130.4,2016.1,54345.3,4595.9,2220.6,2,0,0,1,0,0,-328278.39999999997,-114.30000000000018,-49749.4,-2375.2999999999997,111518.43333333333,20387.266666666666,328392.7,52124.700000000004,1.1008874126220811,1,22,1,1
2130.4,2016.1,85482.1,4595.9,2220.6,93813.8,0,0,1,0,0,1,-114.30000000000018,83466.0,-2375.2999999999997,91593.2,29876.2,33543.433333333334,83466.0,91593.2,1.0974543506260301,5,19,0,0
2016.1,85482.1,4377.4,2220.6,93813.8,2719.8,0,1,0,0,1,0,83466.0,-81104.70000000001,91593.2,-91094.0,30625.2,32918.06666666667,83466.0,91593.2,0.6211858213045862,1,22,1,0
85482.1,4377.4,172653.7,93813.8,2719.8,38924.2,1,0,1,1,0,0,-81104.70000000001,168276.30000000002,-91094.0,36204.399999999994,87504.40000000001,45152.6,168276.30000000002,91094.0,0.22544535422435644,5,4,1,0
4377.4,172653.7,141007.8,2719.8,38924.2,7769.9,0,1,1,0,0,0,168276.30000000002,-31645.900000000023,36204.399999999994,-31154.299999999996,106012.96666666667,16471.3,168276.30000000002,36204.399999999994,0.055102234754143005,3,3,2,1
172653.7,141007.8,226330.0,38924.2,7769.9,76861.9,1,1,2,0,0,1,-31645.900000000023,85322.20000000001,-31154.299999999996,69092.0,179997.16666666666,41185.333333333336,85322.20000000001,69092.0,0.33959952459009146,2,6,3,1
141007.8,226330.0,1189131.1,7769.9,76861.9,60918.1,1,2,3,0,1,1,85322.20000000001,962801.1000000001,69092.0,-15943.799999999996,518822.96666666673,48516.63333333333,1048123.3,69092.0,0.05122904343428286,3,0,0,0
226330.0,1189131.1,1771.9,76861.9,60918.1,2074.2,2,3,0,1,1,0,962801.1000000001,-1187359.2000000002,-15943.799999999996,-58843.9,472411.0,46618.06666666667,1187359.2000000002,74787.7,1.1699475435726774,1,22,0,0
1189131.1,1771.9,92.4,60918.1,2074.2,140.9,3,0,0,1,0,0,-1187359.2000000002,-1679.5,-58843.9,-1933.2999999999997,396998.4666666666,21044.399999999998,1189038.7000000002,60777.2,1.5085653104925054,1,22,2,0
1771.9,92.4,282694.4,2074.2,140.9,22696.2,0,0,2,0,0,0,-1679.5,282602.0,-1933.2999999999997,22555.3,94852.90000000001,8303.766666666666,282602.0,22555.3,0.08028499933143587,3,2,2,0
92.4,282694.4,238368.0,140.9,22696.2,15990.8,0,2,2,0,0,0,282602.0,-44326.40000000002,22555.3,-6705.4000000000015,173718.2666666667,12942.633333333333,282602.0,22555.3,0.06708422655630555,3,2,0,0
282694.4,238368.0,1952.4,22696.2,15990.8,208.6,2,2,0,0,0,0,-44326.40000000002,-236415.6,-6705.4000000000015,-15782.199999999999,174338.2666666667,12965.199999999999,280742.0,22487.600000000002,0.1067881642264769,1,22,0,1
238368.0,1952.4,43618.7,15990.8,208.6,170525.9,2,0,0,0,0,1,-236415.6,41666.299999999996,-15782.199999999999,170317.3,94646.36666666665,62241.76666666666,236415.6,170317.3,3.9093781020960714,5,19,3,0
1952.4,43618.7,962303.6,208.6,170525.9,36149.6,0,0,3,0,1,0,41666.299999999996,918684.9,170317.3,-134376.3,335958.23333333334,68961.36666666667,960351.2,170317.3,0.03756565228930632,3,0,3,1
43618.7,962303.6,1488618.7,170525.9,36149.6,69481.0,0,3,3,1,0,1,918684.9,526315.1,-134376.3,33331.4,831513.6666666666,92052.16666666667,1445000.0,134376.3,0.04667478201450646,3,0,0,0
962303.6,1488618.7,25636.2,36149.6,69481.0,36829.8,3,3,0,0,1,0,526315.1,-1462982.5,33331.4,-32651.199999999997,825519.5,47486.80000000001,1462982.5,33331.4,1.4365765372193533,3,3,0,0
1488618.7,25636.2,4691.6,69481.0,36829.8,2778.3,3,0,0,1,0,0,-1462982.5,-20944.6,-32651.199999999997,-34051.5,506315.5,36363.03333333333,1483927.0999999999,66702.7,0.5920598388952819,1,22,1,0
25636.2,4691.6,62095.3,36829.8,2778.3,10464.7,0,0,1,0,0,0,-20944.6,57403.700000000004,-34051.5,7686.400000000001,30807.7,16690.933333333334,57403.700000000004,34051.5,0.1685237284669135,3,2,2,0
4691.6,62095.3,376085.5,2778.3,10464.7,11911.6,0,1,2,0,0,0,57403.700000000004,313990.2,7686.400000000001,1446.8999999999996,147624.13333333333,8384.866666666667,371393.9,9133.3,0.03167250087413401,3,3,1,1
62095.3,376085.5,111669.9,10464.7,11911.6,88617.1,1,2,1,0,0,1,313990.2,-264415.6,1446.8999999999996,76705.5,183283.56666666665,36997.8,313990.2,78152.40000000001,0.7935558860902886,5,19,1,0
376085.5,111669.9,186367.9,11911.6,88617.1,7957.6,2,1,1,0,1,0,-264415.6,74698.0,76705.5,-80659.5,224707.7666666667,36162.100000000006,264415.6,80659.5,0.04269811111188616,3,2,2,1
111669.9,186367.9,236319.8,88617.1,7957.6,64675.7,1,1,2,1,0,1,74698.0,49951.899999999994,-80659.5,56718.1,178119.19999999998,53750.13333333334,124649.9,80659.5,0.2736775603332419,5,19,1,0
186367.9,236319.8,190509.2,7957.6,64675.7,26660.3,1,2,1,0,1,0,49951.899999999994,-45810.59999999998,56718.1,-38015.399999999994,204398.96666666665,33097.86666666667,49951.899999999994,56718.1,0.13994158842938592,3,2,0,0
236319.8,190509.2,24526.6,64675.7,26660.3,44292.3,2,1,0,1,0,0,-45810.59999999998,-165982.6,-38015.399999999994,17632.000000000004,150451.86666666667,45209.43333333333,211793.19999999998,38015.399999999994,1.8058146740814431,5,19,0,0
190509.2,24526.6,66.7,26660.3,44292.3,284.8,1,0,0,0,0,0,-165982.6,-24459.899999999998,17632.000000000004,-44007.5,71700.83333333334,23745.800000000003,190442.5,44007.5,4.206794682422452,1,22,3,1
24526.6,66.7,927491.5,44292.3,284.8,74315.5,0,0,3,0,0,1,-24459.899999999998,927424.8,-44007.5,74030.7,317361.60000000003,39630.86666666667,927424.8,74030.7,0.08012517621436292,3,0,2,1
66.7,927491.5,226067.3,284.8,74315.5,97625.9,0,3,2,0,1,1,927424.8,-701424.2,74030.7,23310.399999999994,384541.8333333333,57408.73333333334,927424.8,97341.09999999999,0.4318425006955862,3,3,2,1
927491.5,226067.3,213593.8,74315.5,97625.9,108861.8,3,2,2,1,1,1,-701424.2,-12473.5,23310.399999999994,11235.900000000009,455717.5333333334,93601.06666666667,713897.7,34546.3,0.5096650292984661,5,19,0,1
226067.3,213593.8,43346.5,97625.9,108861.8,70834.3,2,2,0,1,1,1,-12473.5,-170247.3,11235.900000000009,-38027.5,161002.53333333333,92440.66666666667,182720.8,38027.5,1.63410346617452,2,6,2,0
213593.8,43346.5,221950.3,108861.8,70834.3,41952.0,2,0,2,1,1,0,-170247.3,178603.8,-38027.5,-28882.300000000003,159630.19999999998,73882.7,178603.8,66909.8,0.18901443695080858,2,6,2,0
43346.5,221950.3,265962.9,70834.3,41952.0,31938.8,0,2,2,1,0,0,178603.8,44012.600000000035,-28882.300000000003,-10013.2,177086.56666666665,48241.700000000004,222616.40000000002,38895.5,0.12008697420965776,3,3,1,0
221950.3,265962.9,172793.9,41952.0,31938.8,39341.4,2,2,1,0,0,0,44012.600000000035,-93169.00000000003,-10013.2,7402.600000000002,220235.69999999998,37744.06666666667,93169.00000000003,10013.2,0.22767685851839378,3,2,0,0
265962.9,172793.9,4567.2,31938.8,39341.4,3491.6,2,1,0,0,0,0,-93169.00000000003,-168226.69999999998,7402.600000000002,-35849.8,147774.6666666667,24923.933333333334,261395.7,35849.8,0.7643273061599755,1,22,1,0
172793.9,4567.2,119942.6,39341.4,3491.6,18428.2,1,0,1,0,0,0,-168226.69999999998,115375.40000000001,-35849.8,14936.6,99101.23333333334,20420.399999999998,168226.69999999998,35849.8,0.15364054438919625,3,2,0,0
4567.2,119942.6,419.6,3491.6,18428.2,330.7,0,1,0,0,0,0,115375.40000000001,-119523.0,14936.6,-18097.5,41643.13333333334,7416.833333333333,119523.0,18097.5,0.7862577270565858,1,22,3,1
119942.6,419.6,1165205.6,18428.2,330.7,67389.0,1,0,3,0,0,1,-119523.0,1164786.0,-18097.5,67058.3,428522.60000000003,28715.966666666664,1164786.0,67058.3,0.05783437889898666,3,0,3,0
419.6,1165205.6,942595.2,330.7,67389.0,31115.5,0,3,3,0,1,0,1164786.0,-222610.40000000014,67058.3,-36273.5,702740.1333333334,32945.066666666666,1164786.0,67058.3,0.03301042376364344,3,0,0,0
1165205.6,942595.2,4824.9,67389.0,31115.5,441.2,3,3,0,1,0,0,-222610.40000000014,-937770.2999999999,-36273.5,-30674.3,704208.5666666665,32981.9,1160380.7000000002,66947.8,0.09142336144553348,1,22,2,1
942595.2,4824.9,389875.8,31115.5,441.2,52015.3,3,0,2,0,0,1,-937770.2999999999,385050.89999999997,-30674.3,51574.100000000006,445765.3,27857.333333333332,937770.2999999999,51574.100000000006,0.1334147094671958,3,3,1,0
4824.9,389875.8,127652.8,441.2,52015.3,16243.8,0,2,1,0,1,0,385050.89999999997,-262223.0,51574.100000000006,-35771.5,174117.83333333334,22900.100000000002,385050.89999999997,51574.100000000006,0.12724885588991475,3,2,2,1
389875.8,127652.8,276289.1,52015.3,16243.8,108574.0,2,1,2,1,0,1,-262223.0,148636.3,-35771.5,92330.2,264605.89999999997,58944.36666666667,262223.0,92330.2,0.39297101126678086,5,19,0,0
127652.8,276289.1,700.3,16243.8,108574.0,2518.9,1,2,0,0,1,0,148636.3,-275588.8,92330.2,-106055.1,134880.7333333333,42445.566666666666,275588.8,106055.1,3.591758163410809,1,22,1,0
276289.1,700.3,175157.3,108574.0,2518.9,40524.8,2,0,1,1,0,0,-275588.8,174457.0,-106055.1,38005.9,150715.56666666665,50539.23333333334,275588.8,106055.1,0.23136100316114055,2,6,0,0
700.3,175157.3,3183.1,2518.9,40524.8,1643.2,0,1,0,0,0,0,174457.0,-171974.19999999998,38005.9,-38881.600000000006,59680.23333333333,14895.633333333333,174457.0,38881.600000000006,0.5160641939637575,1,22,0,1
175157.3,3183.1,20248.8,40524.8,1643.2,66137.2,1,0,0,0,0,1,-171974.19999999998,17065.7,-38881.600000000006,64494.0,66196.4,36101.73333333333,171974.19999999998,64494.0,3.2660668253513614,3,3,2,0
3183.1,20248.8,321114.0,1643.2,66137.2,40024.7,0,0,2,0,1,0,17065.7,300865.2,64494.0,-26112.5,114848.63333333335,35935.03333333333,317930.9,64494.0,0.12464288494776014,3,3,0,0
20248.8,321114.0,3543.8,66137.2,40024.7,2024.4,0,2,0,1,0,0,300865.2,-317570.2,-26112.5,-38000.299999999996,114968.86666666665,36062.1,317570.2,64112.799999999996,0.5710900473933649,1,22,1,1
321114.0,3543.8,156002.1,40024.7,2024.4,67670.8,2,0,1,0,0,1,-317570.2,152458.30000000002,-38000.299999999996,65646.40000000001,160219.96666666667,36573.299999999996,317570.2,65646.40000000001,0.43377855952862476,5,4,0,0
3543.8,156002.1,1394.3,2024.4,67670.8,1424.2,0,1,0,0,1,0,152458.30000000002,-154607.80000000002,65646.40000000001,-66246.6,53646.73333333333,23706.466666666664,154607.80000000002,66246.6,1.0207123916003726,1,22,3,0
156002.1,1394.3,1025866.3,67670.8,1424.2,20952.4,1,0,3,1,0,0,-154607.80000000002,1024472.0,-66246.6,19528.2,394420.89999999997,30015.8,1024472.0,66246.6,0.020424084089628355,3,0,0,0
1394.3,1025866.3,200.6,1424.2,20952.4,604.8,0,3,0,0,0,0,1024472.0,-1025665.7000000001,19528.2,-20347.600000000002,342487.0666666667,7660.466666666667,1025665.7000000001,20347.600000000002,3.0,1,22,1,0
1025866.3,200.6,68298.0,20952.4,604.8,39645.1,3,0,1,0,0,0,-1025665.7000000001,68097.4,-20347.600000000002,39040.299999999996,364788.3,20400.766666666666,1025665.7000000001,39040.299999999996,0.5804638428088259,5,4,1,0
200.6,68298.0,148992.0,604.8,39645.1,34555.0,0,1,1,0,0,0,68097.4,80694.0,39040.299999999996,-5090.0999999999985,72496.86666666667,24934.966666666664,148791.4,39040.299999999996,0.23192364741967744,3,2,3,1
68298.0,148992.0,1248379.2,39645.1,34555.0,63081.8,1,1,3,0,0,1,80694.0,1099387.2,-5090.0999999999985,28526.800000000003,488556.39999999997,45760.63333333334,1180081.2,28526.800000000003,0.05053091998735642,3,0,2,1
148992.0,1248379.2,407606.0,34555.0,63081.8,95405.8,1,3,2,0,1,1,1099387.2,-840773.2,28526.800000000003,32324.0,601659.0666666667,64347.53333333333,1099387.2,60850.8,0.23406320303625797,3,0,2,1
1248379.2,407606.0,300957.0,63081.8,95405.8,85440.6,3,2,2,1,1,1,-840773.2,-106649.0,32324.0,-9965.199999999997,652314.0666666667,81309.40000000001,947422.2,32324.0,0.28389542726892125,3,3,0,0
407606.0,300957.0,4185.5,95405.8,85440.6,1044.3,2,2,0,1,1,0,-106649.0,-296771.5,-9965.199999999997,-84396.3,237582.83333333334,60630.23333333334,403420.5,94361.5,0.2494446434969545,1,22,0,0
300957.0,4185.5,27536.0,85440.6,1044.3,18050.1,2,0,0,1,0,0,-296771.5,23350.5,-84396.3,17005.8,110892.83333333333,34845.0,296771.5,84396.3,0.6554853469876892,2,7,0,1
4185.5,27536.0,48868.7,1044.3,18050.1,89906.7,0,0,0,0,0,1,23350.5,21332.699999999997,17005.8,71856.6,26863.399999999998,36333.7,44683.2,88862.4,1.839722773006587,5,19,2,1
27536.0,48868.7,206918.4,18050.1,89906.7,73447.8,0,0,2,0,1,1,21332.699999999997,158049.7,71856.6,-16458.899999999994,94441.03333333333,60468.19999999999,179382.4,71856.6,0.35495850074956725,2,6,3,1
48868.7,206918.4,1154172.4,89906.7,73447.8,73630.0,0,2,3,1,1,1,158049.7,947253.9999999999,-16458.899999999994,182.1999999999971,469986.5,78994.83333333333,1105303.7,16458.899999999994,0.06379457367497814,3,0,0,0
206918.4,1154172.4,9306.0,73447.8,73630.0,18911.5,2,3,0,1,1,0,947253.9999999999,-1144866.4,182.1999999999971,-54718.5,456798.9333333333,55329.76666666666,1144866.4,54718.5,2.0319651874932845,2,7,2,0
1154172.4,9306.0,291215.8,73630.0,18911.5,17889.3,3,0,2,1,0,0,-1144866.4,281909.8,-54718.5,-1022.2000000000007,484898.06666666665,36810.26666666667,1144866.4,55740.7,0.06142949170514888,3,2,0,0
9306.0,291215.8,11471.8,18911.5,17889.3,13953.0,0,2,0,0,0,0,281909.8,-279744.0,-1022.2000000000007,-3936.2999999999993,103997.86666666665,16917.933333333334,281909.8,4958.5,1.2161808799944216,2,7,1,1
291215.8,11471.8,184341.6,17889.3,13953.0,55542.1,2,0,1,0,0,1,-279744.0,172869.80000000002,-3936.2999999999993,41589.1,162343.06666666665,29128.13333333333,279744.0,41589.1,0.3012982349169427,2,6,3,1
11471.8,184341.6,1297652.8,13953.0,55542.1,94260.0,0,1,3,0,1,1,172869.80000000002,1113311.2,41589.1,38717.9,497822.06666666665,54585.03333333333,1286181.0,80307.0,0.07263878855824257,3,0,3,0
184341.6,1297652.8,1080392.2,55542.1,94260.0,40077.0,1,3,3,1,1,0,1113311.2,-217260.6000000001,38717.9,-54183.0,854128.8666666667,63293.03333333333,1113311.2,54183.0,0.03709482806815149,3,0,3,1
1297652.8,1080392.2,986440.2,94260.0,40077.0,54298.8,3,3,3,1,0,1,-217260.6000000001,-93952.0,-54183.0,14221.800000000003,1121495.0666666667,62878.6,311212.6000000001,54183.0,0.05504514612731099,3,0,0,0
1080392.2,986440.2,3803.4,40077.0,54298.8,1720.2,3,3,0,0,1,0,-93952.0,-982636.7999999999,14221.800000000003,-52578.600000000006,690211.9333333332,32032.0,1076588.8,52578.600000000006,0.4521606560824309,1,22,2,1
986440.2,3803.4,514640.1,54298.8,1720.2,51338.0,3,0,2,1,0,1,-982636.7999999999,510836.69999999995,-52578.600000000006,49617.8,501627.89999999997,35785.666666666664,982636.7999999999,52578.600000000006,0.09975495544370631,3,0,2,0
3803.4,514640.1,333447.6,1720.2,51338.0,26299.6,0,2,2,0,1,0,510836.69999999995,-181192.5,49617.8,-25038.4,283963.7,26452.599999999995,510836.69999999995,49617.8,0.07887152622623098,3,3,3,0
514640.1,333447.6,960785.2,51338.0,26299.6,16397.9,2,2,3,1,0,0,-181192.5,627337.6,-25038.4,-9901.699999999997,602957.6333333333,31345.166666666668,627337.6,34940.1,0.017067168533436473,3,0,2,1
333447.6,960785.2,214677.9,26299.6,16397.9,59811.6,2,3,2,0,0,1,627337.6,-746107.2999999999,-9901.699999999997,43413.7,502970.2333333332,34169.700000000004,746107.2999999999,43413.7,0.2786095885529505,3,3,0,0
960785.2,214677.9,541.5,16397.9,59811.6,1495.5,3,2,0,0,1,0,-746107.2999999999,-214136.4,43413.7,-58316.1,392001.53333333327,25901.666666666668,960243.7,58316.1,2.7566820276497697,1,22,0,0
214677.9,541.5,33129.2,59811.6,1495.5,44115.7,2,0,0,1,0,0,-214136.4,32587.699999999997,-58316.1,42620.2,82782.86666666665,35140.93333333333,214136.4,58316.1,1.3315856831531352,3,2,0,0
541.5,33129.2,2369.7,1495.5,44115.7,880.5,0,0,0,0,0,0,32587.699999999997,-30759.499999999996,42620.2,-43235.2,12013.466666666665,15497.233333333332,32587.699999999997,43235.2,0.3714092883958325,1,22,3,0
33129.2,2369.7,1265916.1,44115.7,880.5,24967.7,0,0,3,0,0,0,-30759.499999999996,1263546.4000000001,-43235.2,24087.2,433805.0,23321.3,1263546.4000000001,43235.2,0.019723013457990258,3,0,1,0
2369.7,1265916.1,100947.6,880.5,24967.7,37386.8,0,3,1,0,0,0,1263546.4000000001,-1164968.5,24087.2,12419.100000000002,456411.13333333336,21078.333333333332,1263546.4000000001,36506.3,0.3703548142321934,2,6,1,0
1265916.1,100947.6,101691.0,24967.7,37386.8,10363.3,3,1,1,0,0,0,-1164968.5,743.3999999999942,12419.100000000002,-27023.500000000004,489518.2333333334,24239.266666666666,1164968.5,27023.500000000004,0.10190870471620185,2,6,0,0
100947.6,101691.0,1527.8,37386.8,10363.3,2669.7,1,1,0,0,0,0,743.3999999999942,-100163.2,-27023.500000000004,-7693.599999999999,68055.46666666666,16806.600000000002,100163.2,34717.100000000006,1.7462715855572997,1,22,0,0
101691.0,1527.8,2395.0,10363.3,2669.7,4237.1,1,0,0,0,0,0,-100163.2,867.2,-7693.599999999999,1567.4000000000005,35204.6,5756.7,100163.2,7693.599999999999,1.7684056761268783,1,22,1,0
1527.8,2395.0,86681.7,2669.7,4237.1,36968.8,0,0,1,0,0,0,867.2,84286.7,1567.4000000000005,32731.700000000004,30201.5,14625.200000000003,85153.9,34299.100000000006,0.42648417735026717,3,2,0,1
2395.0,86681.7,28242.6,4237.1,36968.8,144573.0,0,1,0,0,0,1,84286.7,-58439.1,32731.700000000004,107604.2,39106.43333333333,61926.299999999996,84286.7,140335.9,5.118787973204549,5,4,2,1
86681.7,28242.6,254748.5,36968.8,144573.0,56375.8,1,0,2,0,1,1,-58439.1,226505.9,107604.2,-88197.2,123224.26666666666,79305.86666666665,226505.9,107604.2,0.2212989623139594,2,6,1,1
28242.6,254748.5,61459.8,144573.0,56375.8,95286.7,0,2,1,1,1,1,226505.9,-193288.7,-88197.2,38910.899999999994,114816.96666666666,98745.16666666667,226505.9,88197.2,1.5503654361804595,3,3,0,0
254748.5,61459.8,368.9,56375.8,95286.7,1544.7,2,1,0,1,1,0,-193288.7,-61090.9,38910.899999999994,-93742.0,105525.73333333334,51069.06666666667,254379.6,93742.0,4.175993511759936,1,22,1,1
61459.8,368.9,192401.3,95286.7,1544.7,76098.1,1,0,1,1,0,1,-61090.9,192032.4,-93742.0,74553.40000000001,84743.33333333333,57643.166666666664,192032.4,93742.0,0.3955155421738722,3,2,3,0
368.9,192401.3,908015.5,1544.7,76098.1,49924.3,0,1,3,0,1,0,192032.4,715614.2,74553.40000000001,-26173.800000000003,366928.56666666665,42522.36666666667,907646.6,74553.40000000001,0.054981710134122015,3,0,3,0
192401.3,908015.5,1112127.6,76098.1,49924.3,17505.3,1,3,3,1,0,0,715614.2,204112.1000000001,-26173.800000000003,-32419.000000000004,737514.8000000002,47842.56666666667,919726.3,58592.8,0.0157403559264639,3,0,1,0
908015.5,1112127.6,96071.0,49924.3,17505.3,14733.2,3,3,1,0,0,0,204112.1000000001,-1016056.6000000001,-32419.000000000004,-2772.0999999999985,705404.7000000001,27387.600000000002,1016056.6000000001,35191.100000000006,0.1533558164709801,3,2,1,1
1112127.6,96071.0,114821.0,17505.3,14733.2,130621.2,3,1,1,0,0,1,-1016056.6000000001,18750.0,-2772.0999999999985,115888.0,441006.5333333334,54286.56666666667,1016056.6000000001,115888.0,1.1375973245545279,5,4,1,0
96071.0,114821.0,53022.9,14733.2,130621.2,12674.3,1,1,1,0,1,0,18750.0,-61798.1,115888.0,-117946.9,87971.63333333335,52676.23333333333,61798.1,117946.9,0.23902994687301385,2,6,2,1
114821.0,53022.9,243683.9,130621.2,12674.3,65132.6,1,1,2,1,0,1,-61798.1,190661.0,-117946.9,52458.3,137175.93333333332,69476.03333333334,190661.0,117946.9,0.26728205153458423,2,6,0,0
53022.9,243683.9,36343.4,12674.3,65132.6,29334.1,1,2,0,0,1,0,190661.0,-207340.5,52458.3,-35798.5,111016.73333333334,35713.666666666664,207340.5,52458.3,0.8071147136835385,3,2,0,0
243683.9,36343.4,2630.9,65132.6,29334.1,3210.7,2,0,0,1,0,0,-207340.5,-33712.5,-35798.5,-26123.399999999998,94219.40000000001,32559.13333333333,241053.0,61921.9,1.2199171701052471,1,22,1,0
36343.4,2630.9,143816.4,29334.1,3210.7,27398.8,0,0,1,0,0,0,-33712.5,141185.5,-26123.399999999998,24188.1,60930.23333333334,19981.2,141185.5,26123.399999999998,0.19051102300556122,3,2,3,0
2630.9,143816.4,764432.2,3210.7,27398.8,37099.6,0,1,3,0,0,0,141185.5,620615.7999999999,24188.1,9700.8,303626.5,22569.7,761801.2999999999,33888.9,0.04853216736269435,3,0,2,1
143816.4,764432.2,223536.6,27398.8,37099.6,54206.6,1,3,2,0,0,1,620615.7999999999,-540895.6,9700.8,17107.0,377261.73333333334,39568.333333333336,620615.7999999999,26807.8,0.24249432757621087,2,6,1,1
764432.2,223536.6,115070.1,37099.6,54206.6,123839.4,3,2,1,0,1,1,-540895.6,-108466.5,17107.0,69632.79999999999,367679.6333333333,71715.2,649362.1,86739.79999999999,1.0761989761112911,5,19,0,0
223536.6,115070.1,3206.7,54206.6,123839.4,1020.2,2,1,0,1,1,0,-108466.5,-111863.40000000001,69632.79999999999,-122819.2,113937.8,59688.73333333334,220329.9,122819.2,0.31804719892758054,1,22,0,0
115070.1,3206.7,2493.2,123839.4,1020.2,615.5,1,0,0,1,0,0,-111863.40000000001,-713.5,-122819.2,-404.70000000000005,40256.666666666664,41825.03333333333,112576.90000000001,123223.9,0.24677251222836982,1,22,3,1
3206.7,2493.2,1439107.4,1020.2,615.5,91496.2,0,0,3,0,0,1,-713.5,1436614.2,-404.70000000000005,90880.7,481602.4333333333,31043.966666666664,1436614.2,90880.7,0.06357839339969108,3,0,0,0
2493.2,1439107.4,8218.0,615.5,91496.2,3710.8,0,3,0,0,1,0,1436614.2,-1430889.4,90880.7,-87785.4,483272.86666666664,31940.833333333332,1436614.2,90880.7,0.4514904489597275,5,18,0,1
1439107.4,8218.0,45157.0,91496.2,3710.8,68379.0,3,0,0,1,0,1,-1430889.4,36939.0,-87785.4,64668.2,497494.1333333333,54528.666666666664,1430889.4,87785.4,1.5142167500775057,2,6,0,0
8218.0,45157.0,71.6,3710.8,68379.0,647.2,0,0,0,0,1,0,36939.0,-45085.4,64668.2,-67731.8,17815.533333333333,24245.666666666668,45085.4,67731.8,8.914600550964188,1,22,1,1
45157.0,71.6,72724.1,68379.0,647.2,52492.5,0,0,1,1,0,1,-45085.4,72652.5,-67731.8,51845.3,39317.56666666667,40506.23333333333,72652.5,67731.8,0.7217934385789775,2,6,2,0
71.6,72724.1,287746.1,647.2,52492.5,12228.0,0,1,2,0,1,0,72652.5,215021.99999999997,51845.3,-40264.5,120180.59999999999,21789.233333333334,287674.5,51845.3,0.04249564982583665,2,6,1,1
72724.1,287746.1,178955.1,52492.5,12228.0,126655.3,1,2,1,1,0,1,215021.99999999997,-108790.99999999997,-40264.5,114427.3,179808.43333333332,63791.93333333333,215021.99999999997,114427.3,0.7077450838501733,5,4,0,0
287746.1,178955.1,4368.7,12228.0,126655.3,463.1,2,1,0,0,1,0,-108790.99999999997,-174586.4,114427.3,-126192.2,157023.3,46448.799999999996,283377.39999999997,126192.2,0.10597981554797813,1,22,2,0
178955.1,4368.7,542898.2,126655.3,463.1,8210.0,1,0,2,1,0,0,-174586.4,538529.5,-126192.2,7746.9,242074.0,45109.466666666674,538529.5,126192.2,0.015122512613759609,3,0,3,1
4368.7,542898.2,967857.5,463.1,8210.0,57776.9,0,2,3,0,0,1,538529.5,424959.30000000005,7746.9,49566.9,505041.4666666666,22150.0,963488.8,57313.8,0.05969560633088411,3,0,1,0
542898.2,967857.5,195535.6,8210.0,57776.9,33809.9,2,3,1,0,1,0,424959.30000000005,-772321.9,49566.9,-23967.0,568763.7666666667,33265.6,772321.9,49566.9,0.17290829440626462,3,0,1,1
967857.5,195535.6,114462.5,57776.9,33809.9,66714.1,3,1,1,1,0,1,-772321.9,-81073.1,-23967.0,32904.200000000004,425951.8666666667,52766.966666666674,853395.0,32904.200000000004,0.5828416918930489,5,4,2,1
195535.6,114462.5,298628.1,33809.9,66714.1,105766.4,1,1,2,0,1,1,-81073.1,184165.59999999998,32904.200000000004,39052.29999999999,202875.4,68763.46666666666,184165.59999999998,71956.5,0.35417311976629207,5,19,2,1
114462.5,298628.1,258095.8,66714.1,105766.4,79284.7,1,2,2,1,1,1,184165.59999999998,-40532.29999999999,39052.29999999999,-26481.699999999997,223728.79999999996,83921.73333333334,184165.59999999998,39052.29999999999,0.30718978305813943,3,2,3,1
298628.1,258095.8,701056.3,105766.4,79284.7,65545.6,2,2,3,1,1,1,-40532.29999999999,442960.50000000006,-26481.699999999997,-13739.099999999991,419260.06666666665,83532.23333333332,442960.50000000006,40220.79999999999,0.0934953533755372,3,0,2,1
258095.8,701056.3,285848.1,79284.7,65545.6,53235.9,2,3,2,1,1,1,442960.50000000006,-415208.20000000007,-13739.099999999991,-12309.700000000004,415000.0666666667,66022.06666666667,442960.50000000006,26048.799999999996,0.18623777370647662,3,2,1,0
701056.3,285848.1,59229.8,65545.6,53235.9,39797.9,3,2,1,1,1,0,-415208.20000000007,-226618.3,-12309.700000000004,-13438.0,348711.4,52859.799999999996,641826.5,25747.700000000004,0.6719122483572736,3,0,2,0
285848.1,59229.8,226849.6,53235.9,39797.9,17578.2,2,1,2,1,0,0,-226618.3,167619.8,-13438.0,-22219.7,190642.5,36870.666666666664,226618.3,35657.7,0.07748800311747027,3,2,1,1
59229.8,226849.6,66699.5,39797.9,17578.2,76777.9,1,2,1,0,0,1,167619.8,-160150.1,-22219.7,59199.7,117592.96666666667,44718.0,167619.8,59199.7,1.151084324705212,2,6,2,0
226849.6,66699.5,245507.7,17578.2,76777.9,17965.5,2,1,2,0,1,0,-160150.1,178808.2,59199.7,-58812.399999999994,179685.6,37440.53333333333,178808.2,59199.7,0.07317663284437578,3,2,2,1
66699.5,245507.7,248579.7,76777.9,17965.5,151353.5,1,2,2,1,0,1,178808.2,3072.0,-58812.399999999994,133388.0,186928.96666666667,82032.3,181880.2,133388.0,0.6088706806280616,5,19,1,0
245507.7,248579.7,141227.6,17965.5,151353.5,24017.2,2,2,1,0,1,0,3072.0,-107352.1,133388.0,-127336.3,211771.66666666666,64445.4,107352.1,133388.0,0.17005903903317032,3,0,3,0
248579.7,141227.6,1269692.2,151353.5,24017.2,5673.0,2,1,3,1,0,0,-107352.1,1128464.5999999999,-127336.3,-18344.2,553166.5,60347.9,1128464.5999999999,145680.5,0.004468008492130225,3,0,0,0
141227.6,1269692.2,32318.2,24017.2,5673.0,31418.2,1,3,0,0,0,0,1128464.5999999999,-1237374.0,-18344.2,25745.2,481079.3333333333,20369.466666666667,1237374.0,25745.2,0.9721218346988787,2,6,1,0
1269692.2,32318.2,180283.9,5673.0,31418.2,28251.1,3,0,1,0,0,0,-1237374.0,147965.69999999998,25745.2,-3167.100000000002,494098.0999999999,21780.766666666666,1237374.0,25745.2,0.15670253027291803,3,0,1,1
32318.2,180283.9,52244.5,31418.2,28251.1,57968.5,0,1,1,0,0,1,147965.69999999998,-128039.4,-3167.100000000002,29717.4,88282.2,39212.6,147965.69999999998,29717.4,1.109540534591496,2,6,0,0
180283.9,52244.5,26783.1,28251.1,57968.5,17379.4,1,1,0,0,1,0,-128039.4,-25461.4,29717.4,-40589.1,86437.16666666667,34533.0,153500.8,40589.1,0.6488700385676578,3,2,1,0
52244.5,26783.1,165230.8,57968.5,17379.4,11531.9,1,0,1,1,0,0,-25461.4,138447.69999999998,-40589.1,-5847.500000000002,81419.46666666666,28959.93333333333,138447.69999999998,46436.6,0.06979225548592946,3,2,2,1
26783.1,165230.8,240338.4,17379.4,11531.9,72488.9,0,1,2,0,0,1,138447.69999999998,75107.6,-5847.500000000002,60956.99999999999,144117.43333333332,33800.066666666666,213555.3,60956.99999999999,0.3016105557390923,3,2,1,1
165230.8,240338.4,109837.7,11531.9,72488.9,61012.0,1,2,1,0,1,1,75107.6,-130500.7,60956.99999999999,-11476.899999999994,171802.3,48344.26666666666,130500.7,60956.99999999999,0.5554690650927223,3,2,1,0
240338.4,109837.7,190181.7,72488.9,61012.0,39739.0,2,1,1,1,1,0,-130500.7,80344.00000000001,-11476.899999999994,-21273.0,180119.2666666667,57746.63333333333,130500.7,32749.899999999994,0.20895170801550297,2,6,2,1
109837.7,190181.7,259507.6,61012.0,39739.0,75486.7,1,1,2,1,0,1,80344.00000000001,69325.9,-21273.0,35747.7,186509.0,58745.9,149669.90000000002,35747.7,0.2908832308447581,2,6,1,0
190181.7,259507.6,187490.4,39739.0,75486.7,41852.4,1,2,1,0,1,0,69325.9,-72017.20000000001,35747.7,-33634.299999999996,212393.23333333337,52359.36666666667,72017.20000000001,35747.7,0.22322303849669906,2,6,0,0
259507.6,187490.4,3415.0,75486.7,41852.4,1923.6,2,1,0,1,0,0,-72017.20000000001,-184075.4,-33634.299999999996,-39928.8,150137.66666666666,39754.23333333334,256092.6,73563.09999999999,0.5631147540983606,1,22,0,0
187490.4,3415.0,567.2,41852.4,1923.6,591.8,1,0,0,0,0,0,-184075.4,-2847.8,-39928.8,-1331.8,63824.200000000004,14789.266666666668,186923.19999999998,41260.6,1.0415346708905313,1,22,1,0
3415.0,567.2,173824.7,1923.6,591.8,18623.9,0,0,1,0,0,0,-2847.8,173257.5,-1331.8,18032.100000000002,59268.966666666674,7046.433333333334,173257.5,18032.100000000002,0.1071412340062488,3,2,1,0
567.2,173824.7,53860.3,591.8,18623.9,40157.9,0,1,1,0,0,0,173257.5,-119964.40000000001,18032.100000000002,21534.0,76084.06666666667,19791.2,173257.5,39566.1,0.7455798504677755,3,2,3,0
173824.7,53860.3,1046850.1,18623.9,40157.9,23840.5,1,1,3,0,0,0,-119964.40000000001,992989.7999999999,21534.0,-16317.400000000001,424845.0333333334,27540.766666666666,992989.7999999999,21534.0,0.022773534841774537,3,0,0,0
53860.3,1046850.1,3695.9,40157.9,23840.5,3718.0,1,3,0,0,0,0,992989.7999999999,-1043154.2,-16317.400000000001,-20122.5,368135.4333333333,22572.13333333333,1043154.2,36439.9,1.0057074846493008,1,22,2,1
1046850.1,3695.9,387315.7,23840.5,3718.0,95885.6,3,0,2,0,0,1,-1043154.2,383619.8,-20122.5,92167.6,479287.23333333334,41148.03333333333,1043154.2,92167.6,0.2475638153480085,3,3,0,0
3695.9,387315.7,1370.7,3718.0,95885.6,600.4,0,2,0,0,1,0,383619.8,-385945.0,92167.6,-95285.20000000001,130794.10000000002,33401.333333333336,385945.0,95285.20000000001,0.43770503754465256,1,22,1,1
387315.7,1370.7,178724.9,95885.6,600.4,128739.7,2,0,1,1,0,1,-385945.0,177354.19999999998,-95285.20000000001,128139.3,189137.1,75075.23333333334,385945.0,128139.3,0.7203192150661991,5,19,0,0
1370.7,178724.9,3538.1,600.4,128739.7,2870.5,0,1,0,0,1,0,177354.19999999998,-175186.8,128139.3,-125869.2,61211.23333333334,44070.19999999999,177354.19999999998,128139.3,0.8110819134808285,1,22,0,0
178724.9,3538.1,3217.7,128739.7,2870.5,2006.0,1,0,0,1,0,0,-175186.8,-320.4000000000001,-125869.2,-864.5,61826.9,44538.73333333334,175507.19999999998,126733.7,0.6232329822599186,1,22,1,1
3538.1,3217.7,199300.1,2870.5,2006.0,58710.3,0,0,1,0,0,1,-320.4000000000001,196082.4,-864.5,56704.3,68685.3,21195.600000000002,196082.4,56704.3,0.29458091300048017,5,19,1,0
3217.7,199300.1,86207.3,2006.0,58710.3,45814.3,0,1,1,0,1,0,196082.4,-113092.8,56704.3,-12896.0,96241.70000000001,35510.200000000004,196082.4,56704.3,0.5314372282019248,5,19,2,0
199300.1,86207.3,286938.7,58710.3,45814.3,28229.5,1,1,2,1,0,0,-113092.8,200731.40000000002,-12896.0,-17584.800000000003,190815.3666666667,44251.36666666667,200731.40000000002,30480.800000000003,0.0983812975339418,3,3,2,1
