down_t1,down_t2,down_t3,up_t1,up_t2,up_t3,down_class_t1,down_class_t2,down_class_t3,up_class_t1,up_class_t2,up_class_t3,down_delta1,down_delta2,up_delta1,up_delta2,avg_down,avg_up,burst_down,burst_up,ratio,priority,protocol,next_down_class,next_up_class
315997.6,789.6,1512.9,51320.2,1940.0,3092.5,2,0,0,1,0,0,-315208.0,723.3000000000001,-49380.2,1152.5,106100.03333333333,18784.233333333334,315208.0,49380.2,2.0427373010106344,1,22,0,0
789.6,1512.9,3869.5,1940.0,3092.5,2060.4,0,0,0,0,0,0,723.3000000000001,2356.6,1152.5,-1032.1,2057.3333333333335,2364.2999999999997,3079.9,1152.5,0.5323343237307842,1,22,1,1
1512.9,3869.5,177659.9,3092.5,2060.4,63375.6,0,0,1,0,0,1,2356.6,173790.4,-1032.1,61315.2,61014.1,22842.833333333332,176147.0,61315.2,0.3567222725990919,3,0,0,0
3869.5,177659.9,1673.2,2060.4,63375.6,2899.5,0,1,0,0,1,0,173790.4,-175986.69999999998,61315.2,-60476.1,61067.53333333333,22778.5,175986.69999999998,61315.2,1.7318719388364592,1,22,0,0
177659.9,1673.2,16129.0,63375.6,2899.5,17554.3,1,0,0,1,0,0,-175986.69999999998,14455.8,-60476.1,14654.8,65154.03333333333,27943.133333333335,175986.69999999998,60476.1,1.0883013019218846,2,6,0,0
1673.2,16129.0,9152.8,2899.5,17554.3,27132.6,0,0,0,0,0,0,14455.8,-6976.200000000001,14654.8,9578.3,8985.0,15862.133333333331,14455.8,24233.1,2.9640804911621403,2,6,1,1
16129.0,9152.8,73361.5,17554.3,27132.6,55756.1,0,0,1,0,0,1,-6976.200000000001,64208.7,9578.3,28623.5,32881.1,33481.0,64208.7,38201.8,0.7600081785653433,3,2,0,0
9152.8,73361.5,1070.4,27132.6,55756.1,2111.2,0,1,0,0,1,0,64208.7,-72291.1,28623.5,-53644.9,27861.566666666666,28333.3,72291.1,53644.9,1.9705058801568038,1,22,0,0
73361.5,1070.4,43034.6,55756.1,2111.2,31916.9,1,0,0,1,0,0,-72291.1,41964.2,-53644.9,29805.7,39155.5,29928.066666666666,72291.1,53644.9,0.7416394798724777,2,6,0,0
1070.4,43034.6,860.1,2111.2,31916.9,4128.0,0,0,0,0,0,0,41964.2,-42174.5,29805.7,-27788.9,14988.366666666667,12718.699999999999,42174.5,29805.7,4.793868307978167,1,22,1,1
43034.6,860.1,90794.2,31916.9,4128.0,58770.9,0,0,1,0,0,1,-42174.5,89934.09999999999,-27788.9,54642.9,44896.299999999996,31605.266666666666,89934.09999999999,54642.9,0.6472908259467461,2,6,0,0
860.1,90794.2,1417.6,4128.0,58770.9,2675.1,0,1,0,0,1,0,89934.09999999999,-89376.59999999999,54642.9,-56095.8,31023.96666666667,21858.0,89934.09999999999,56095.8,1.8857324122374173,1,22,2,2
90794.2,1417.6,305639.7,58770.9,2675.1,275345.9,1,0,2,1,0,2,-89376.59999999999,304222.10000000003,-56095.8,272670.80000000005,132617.16666666666,112263.96666666667,304222.10000000003,272670.80000000005,0.9008810017775775,1,5,1,1
1417.6,305639.7,60585.7,2675.1,275345.9,75950.6,0,2,1,0,2,1,304222.10000000003,-245054.0,272670.80000000005,-199395.30000000002,122547.66666666667,117990.53333333333,304222.10000000003,272670.80000000005,1.2535853578425629,2,6,1,0
305639.7,60585.7,92610.5,275345.9,75950.6,45836.5,2,1,1,2,1,0,-245054.0,32024.800000000003,-199395.30000000002,-30114.100000000006,152945.30000000002,132377.66666666666,245054.0,229509.40000000002,0.49493313465390365,5,19,1,1
60585.7,92610.5,69858.2,75950.6,45836.5,74737.3,1,1,1,1,0,1,32024.800000000003,-22752.300000000003,-30114.100000000006,28900.800000000003,74351.46666666667,65508.13333333334,32024.800000000003,30114.100000000006,1.0698275960789703,3,3,0,0
92610.5,69858.2,869.9,45836.5,74737.3,1864.6,1,1,0,0,1,0,-22752.300000000003,-68988.3,28900.800000000003,-72872.7,54446.200000000004,40812.8,91740.6,72872.7,2.141003559536112,1,22,0,0
69858.2,869.9,245.7,74737.3,1864.6,2642.0,1,0,0,1,0,0,-68988.3,-624.2,-72872.7,777.4000000000001,23657.93333333333,26414.633333333335,69612.5,72872.7,10.70936359951358,1,22,0,0
869.9,245.7,2766.7,1864.6,2642.0,384.6,0,0,0,0,0,0,-624.2,2521.0,777.4000000000001,-2257.4,1294.1,1630.4000000000003,2521.0,2257.4,0.138960147414821,1,22,2,2
245.7,2766.7,497181.9,2642.0,384.6,213391.9,0,0,2,0,0,2,2521.0,494415.2,-2257.4,213007.3,166731.43333333335,72139.5,496936.2,213007.3,0.4292020099645422,1,5,0,0
2766.7,497181.9,3510.8,384.6,213391.9,1783.7,0,2,0,0,2,0,494415.2,-493671.10000000003,213007.3,-211608.19999999998,167819.80000000002,71853.40000000001,494415.2,213007.3,0.5079161683467168,1,22,1,0
497181.9,3510.8,166448.3,213391.9,1783.7,39002.9,2,0,1,2,0,0,-493671.10000000003,162937.5,-211608.19999999998,37219.200000000004,222380.33333333334,84726.16666666667,493671.10000000003,211608.19999999998,0.23432300406189754,2,6,0,0
3510.8,166448.3,3536.9,1783.7,39002.9,2595.2,0,1,0,0,0,0,162937.5,-162911.4,37219.200000000004,-36407.700000000004,57831.99999999999,14460.599999999999,162937.5,37219.200000000004,0.7335424969614742,1,22,1,1
166448.3,3536.9,200191.0,39002.9,2595.2,53673.7,1,0,1,0,0,1,-162911.4,196654.1,-36407.700000000004,51078.5,123392.06666666665,31757.266666666663,196654.1,51078.5,0.268111113331202,2,6,0,0
3536.9,200191.0,3107.0,2595.2,53673.7,721.2,0,1,0,0,1,0,196654.1,-197084.0,51078.5,-52952.5,68944.96666666666,18996.699999999997,197084.0,52952.5,0.23204633204633207,1,22,0,1
200191.0,3107.0,49376.0,53673.7,721.2,58907.5,1,0,0,1,0,1,-197084.0,46269.0,-52952.5,58186.3,84224.66666666667,37767.46666666667,197084.0,58186.3,1.1930149664823704,3,2,0,0
3107.0,49376.0,747.3,721.2,58907.5,603.8,0,0,0,0,1,0,46269.0,-48628.7,58186.3,-58303.7,17743.433333333334,20077.5,48628.7,58303.7,0.8068956300948817,1,22,0,0
49376.0,747.3,1158.8,58907.5,603.8,1199.4,0,0,0,1,0,0,-48628.7,411.5,-58303.7,595.6000000000001,17094.033333333336,20236.9,48628.7,58303.7,1.034143817899638,1,22,0,0
747.3,1158.8,1032.3,603.8,1199.4,3532.0,0,0,0,0,0,0,411.5,-126.5,595.6000000000001,2332.6,979.4666666666666,1778.3999999999999,411.5,2928.2,3.418174779831608,1,22,0,0
1158.8,1032.3,16624.7,1199.4,3532.0,40715.7,0,0,0,0,0,0,-126.5,15592.400000000001,2332.6,37183.7,6271.933333333333,15149.033333333333,15592.400000000001,39516.299999999996,2.4489615474837145,2,6,0,0
1032.3,16624.7,4679.0,3532.0,40715.7,1456.3,0,0,0,0,0,0,15592.400000000001,-11945.7,37183.7,-39259.399999999994,7445.333333333333,15234.666666666666,15592.400000000001,39259.399999999994,0.31117521367521367,1,22,0,0
16624.7,4679.0,3423.8,40715.7,1456.3,3646.1,0,0,0,0,0,0,-11945.7,-1255.1999999999998,-39259.399999999994,2189.8,8242.5,15272.699999999999,13200.900000000001,39259.399999999994,1.0646169119364635,1,22,2,0
4679.0,3423.8,207326.1,1456.3,3646.1,16185.8,0,0,2,0,0,0,-1255.1999999999998,203902.30000000002,2189.8,12539.699999999999,71809.63333333333,7096.066666666666,203902.30000000002,14729.5,0.0780689065732362,3,2,0,0
3423.8,207326.1,2656.2,3646.1,16185.8,2949.5,0,2,0,0,0,0,203902.30000000002,-204669.9,12539.699999999999,-13236.3,71135.36666666667,7593.799999999999,204669.9,13236.3,1.1100030106879422,1,22,0,0
207326.1,2656.2,1428.3,16185.8,2949.5,1078.4,2,0,0,0,0,0,-204669.9,-1227.8999999999999,-13236.3,-1871.1,70470.2,6737.900000000001,205897.80000000002,15107.4,0.7544952074442035,1,22,2,1
2656.2,1428.3,277613.3,2949.5,1078.4,166069.3,0,0,2,0,0,1,-1227.8999999999999,276185.0,-1871.1,164990.9,93899.26666666666,56699.06666666666,276185.0,164990.9,0.5982015335665346,1,5,0,0
1428.3,277613.3,1038.6,1078.4,166069.3,349.9,0,2,0,0,1,0,276185.0,-276574.7,164990.9,-165719.4,93360.06666666665,55832.533333333326,276574.7,165719.4,0.3365717583686033,1,22,2,0
277613.3,1038.6,241470.9,166069.3,349.9,26391.2,2,0,2,1,0,0,-276574.7,240432.3,-165719.4,26041.3,173374.26666666663,64270.13333333333,276574.7,165719.4,0.10929304817662014,2,6,1,1
1038.6,241470.9,56099.4,349.9,26391.2,77029.4,0,2,1,0,0,1,240432.3,-185371.5,26041.3,50638.2,99536.3,34590.166666666664,240432.3,76679.5,1.3730632936663552,3,3,0,0
241470.9,56099.4,4289.6,26391.2,77029.4,2720.7,2,1,0,0,1,0,-185371.5,-51809.8,50638.2,-74308.7,100619.96666666666,35380.43333333333,237181.3,74308.7,0.6341071178856104,1,22,0,0
56099.4,4289.6,1916.1,77029.4,2720.7,1863.3,1,0,0,1,0,0,-51809.8,-2373.5000000000005,-74308.7,-857.3999999999999,20768.366666666665,27204.466666666664,54183.3,75166.09999999999,0.9719367795107193,1,22,0,0
4289.6,1916.1,3526.1,2720.7,1863.3,369.6,0,0,0,0,0,0,-2373.5000000000005,1610.0,-857.3999999999999,-1493.6999999999998,3243.933333333334,1651.2,2373.5000000000005,2351.1,0.10478863655694481,1,22,1,0
1916.1,3526.1,71203.4,1863.3,369.6,35058.3,0,0,1,0,0,0,1610.0,67677.29999999999,-1493.6999999999998,34688.700000000004,25548.53333333333,12430.400000000001,69287.29999999999,34688.700000000004,0.49236142710281955,3,2,1,1
3526.1,71203.4,68930.0,369.6,35058.3,67071.6,0,1,1,0,0,1,67677.29999999999,-2273.399999999994,34688.700000000004,32013.300000000003,47886.5,34166.5,67677.29999999999,66702.0,0.9730251991121557,5,4,2,1
71203.4,68930.0,243971.7,35058.3,67071.6,53663.5,1,1,2,0,1,1,-2273.399999999994,175041.7,32013.300000000003,-13408.100000000006,128035.03333333333,51931.13333333334,175041.7,32013.300000000003,0.21995698699075755,3,2,2,1
68930.0,243971.7,213932.0,67071.6,53663.5,71136.1,1,2,2,1,1,1,175041.7,-30039.70000000001,-13408.100000000006,17472.600000000006,175611.2333333333,63957.06666666667,175041.7,17472.600000000006,0.33251578765314377,3,0,0,0
243971.7,213932.0,4723.8,53663.5,71136.1,805.7,2,2,0,1,1,0,-30039.70000000001,-209208.2,17472.600000000006,-70330.40000000001,154209.16666666666,41868.433333333334,239247.90000000002,70330.40000000001,0.17052573653911277,1,22,1,1
213932.0,4723.8,179271.3,71136.1,805.7,64576.7,2,0,1,1,0,1,-209208.2,174547.5,-70330.40000000001,63771.0,132642.36666666667,45506.166666666664,209208.2,70330.40000000001,0.3602157165384725,2,6,1,0
4723.8,179271.3,88879.0,805.7,64576.7,41076.3,0,1,1,0,1,0,174547.5,-90392.29999999999,63771.0,-23500.399999999994,90958.03333333333,35486.23333333333,174547.5,63771.0,0.46215459045904594,3,3,0,1
179271.3,88879.0,13500.8,64576.7,41076.3,55388.2,1,1,0,1,0,1,-90392.29999999999,-75378.2,-23500.399999999994,14311.899999999994,93883.7,53680.4,165770.5,23500.399999999994,4.102282658608482,2,6,2,0
88879.0,13500.8,292564.5,41076.3,55388.2,14799.1,1,0,2,0,1,0,-75378.2,279063.7,14311.899999999994,-40589.1,131648.1,37087.86666666667,279063.7,40589.1,0.050583886343400025,3,2,0,1
13500.8,292564.5,40328.7,55388.2,14799.1,70523.4,0,2,0,1,0,1,279063.7,-252235.8,-40589.1,55724.299999999996,115464.66666666667,46903.56666666667,279063.7,55724.299999999996,1.748671574546798,5,19,0,0
292564.5,40328.7,1455.7,14799.1,70523.4,1394.1,2,0,0,0,1,0,-252235.8,-38873.0,55724.299999999996,-69129.29999999999,111449.63333333335,28905.533333333336,291108.8,69129.29999999999,0.9570261550078945,1,22,2,1
40328.7,1455.7,277613.0,70523.4,1394.1,77915.2,0,0,2,1,0,1,-38873.0,276157.3,-69129.29999999999,76521.09999999999,106465.8,49944.23333333334,276157.3,76521.09999999999,0.28066019725229996,3,3,0,0
1455.7,277613.0,2838.1,1394.1,77915.2,4890.6,0,2,0,0,1,0,276157.3,-274774.9,76521.09999999999,-73024.59999999999,93968.93333333333,28066.633333333335,276157.3,76521.09999999999,1.7225881441301822,1,22,0,0
277613.0,2838.1,1419.4,77915.2,4890.6,1617.0,2,0,0,1,0,0,-274774.9,-1418.6999999999998,-73024.59999999999,-3273.6000000000004,93956.83333333333,28140.933333333334,276193.6,76298.2,1.1384117150098563,1,22,1,1
2838.1,1419.4,56192.0,4890.6,1617.0,67862.8,0,0,1,0,0,1,-1418.6999999999998,54772.6,-3273.6000000000004,66245.8,20149.833333333332,24790.133333333335,54772.6,66245.8,1.207673553645472,3,3,0,0
1419.4,56192.0,1859.6,1617.0,67862.8,2769.9,0,1,0,0,1,0,54772.6,-54332.4,66245.8,-65092.9,19823.666666666668,24083.233333333334,54772.6,66245.8,1.4887133182844245,1,22,2,0
56192.0,1859.6,252514.7,67862.8,2769.9,45550.9,1,0,2,1,0,0,-54332.4,250655.1,-65092.9,42781.0,103522.09999999999,38727.86666666667,250655.1,65092.9,0.1803883877319311,2,6,1,2
1859.6,252514.7,132739.7,2769.9,45550.9,210849.7,0,2,1,0,0,2,250655.1,-119775.0,42781.0,165298.80000000002,129038.0,86390.16666666667,250655.1,208079.80000000002,1.5884329372980555,1,5,0,0
252514.7,132739.7,4274.5,45550.9,210849.7,3437.1,2,1,0,0,2,0,-119775.0,-128465.20000000001,165298.80000000002,-207412.6,129842.96666666667,86612.56666666667,248240.2,207412.6,0.8039059759092504,1,22,0,0
132739.7,4274.5,392.0,210849.7,3437.1,1525.8,1,0,0,2,0,0,-128465.20000000001,-3882.5,-207412.6,-1911.3,45802.06666666667,71937.53333333334,132347.7,209323.90000000002,3.882442748091603,1,22,0,0
4274.5,392.0,4856.7,3437.1,1525.8,391.3,0,0,0,0,0,0,-3882.5,4464.7,-1911.3,-1134.5,3174.4,1784.7333333333333,4464.7,3045.7999999999997,0.08055252485744283,1,22,0,0
392.0,4856.7,3287.9,1525.8,391.3,1732.5,0,0,0,0,0,0,4464.7,-1568.7999999999997,-1134.5,1341.2,2845.5333333333333,1216.5333333333333,4464.7,1341.2,0.526771869013956,1,22,0,0
4856.7,3287.9,2403.7,391.3,1732.5,3244.8,0,0,0,0,0,0,-1568.7999999999997,-884.2000000000003,1341.2,1512.3000000000002,3516.1,1789.5333333333335,2453.0,2853.5,1.3493575082130829,1,22,2,0
3287.9,2403.7,257693.8,1732.5,3244.8,36871.3,0,0,2,0,0,0,-884.2000000000003,255290.09999999998,1512.3000000000002,33626.5,87795.13333333332,13949.533333333335,255290.09999999998,35138.8,0.14308127288559958,2,6,0,0
2403.7,257693.8,2587.4,3244.8,36871.3,2682.8,0,2,0,0,0,0,255290.09999999998,-255106.4,33626.5,-34188.5,87561.63333333335,14266.300000000003,255290.09999999998,34188.5,1.0364704064286818,1,22,0,0
257693.8,2587.4,2179.2,36871.3,2682.8,2317.1,2,0,0,0,0,0,-255106.4,-408.2000000000003,-34188.5,-365.7000000000003,87486.79999999999,13957.066666666668,255514.59999999998,34554.200000000004,1.062792404366572,1,22,0,0
2587.4,2179.2,636.3,2682.8,2317.1,2496.0,0,0,0,0,0,0,-408.2000000000003,-1542.8999999999999,-365.7000000000003,178.9000000000001,1800.966666666667,2498.633333333333,1951.1000000000001,365.7000000000003,3.916522830691982,1,22,0,0
2179.2,636.3,1287.9,2317.1,2496.0,1574.2,0,0,0,0,0,0,-1542.8999999999999,651.6000000000001,178.9000000000001,-921.8,1367.8,2129.1,1542.8999999999999,921.8,1.2213515400729305,1,22,0,0
636.3,1287.9,3423.1,2496.0,1574.2,3811.3,0,0,0,0,0,0,651.6000000000001,2135.2,-921.8,2237.1000000000004,1782.4333333333334,2627.1666666666665,2786.8,2237.1000000000004,1.1130808095557958,1,22,0,0
1287.9,3423.1,21011.2,1574.2,3811.3,19387.6,0,0,0,0,0,0,2135.2,17588.100000000002,2237.1000000000004,15576.3,8574.066666666668,8257.699999999999,19723.3,17813.399999999998,0.9226830127259401,2,6,1,0
3423.1,21011.2,170244.5,3811.3,19387.6,50341.1,0,0,1,0,0,0,17588.100000000002,149233.3,15576.3,30953.5,64892.93333333333,24513.333333333332,166821.4,46529.799999999996,0.295697096252177,2,6,0,0
21011.2,170244.5,3296.1,19387.6,50341.1,3593.8,0,1,0,0,0,0,149233.3,-166948.4,30953.5,-46747.299999999996,64850.600000000006,24440.833333333332,166948.4,46747.299999999996,1.0899881714233721,1,22,0,0
170244.5,3296.1,3844.7,50341.1,3593.8,1042.6,1,0,0,0,0,0,-166948.4,548.5999999999999,-46747.299999999996,-2551.2000000000003,59128.43333333334,18325.833333333332,166948.4,49298.5,0.27110799074290765,1,22,2,1
3296.1,3844.7,249815.7,3593.8,1042.6,77225.8,0,0,2,0,0,1,548.5999999999999,245971.0,-2551.2000000000003,76183.2,85652.16666666667,27287.399999999998,246519.6,76183.2,0.30912985400895937,2,6,1,1
3844.7,249815.7,158985.6,1042.6,77225.8,56763.5,0,2,1,0,1,1,245971.0,-90830.1,76183.2,-20462.300000000003,137548.66666666666,45010.63333333334,245971.0,76183.2,0.35703323424741457,2,6,0,0
249815.7,158985.6,987.9,77225.8,56763.5,733.7,2,1,0,1,1,0,-90830.1,-157997.7,-20462.300000000003,-56029.8,136596.40000000002,44907.666666666664,248827.80000000002,76492.1,0.7419354838709679,1,22,2,0
158985.6,987.9,294192.5,56763.5,733.7,15161.3,1,0,2,1,0,0,-157997.7,293204.6,-56029.8,14427.599999999999,151388.66666666666,24219.5,293204.6,56029.8,0.05153512909020763,3,3,0,0
987.9,294192.5,831.4,733.7,15161.3,2797.6,0,2,0,0,0,0,293204.6,-293361.1,14427.599999999999,-12363.699999999999,98670.60000000002,6230.866666666666,293361.1,14427.599999999999,3.3608841902931283,1,22,1,1
294192.5,831.4,139828.6,15161.3,2797.6,62950.8,2,0,1,0,0,1,-293361.1,138997.2,-12363.699999999999,60153.200000000004,144950.83333333334,26969.899999999998,293361.1,60153.200000000004,0.45019652491318,2,6,1,0
831.4,139828.6,60951.0,2797.6,62950.8,44374.7,0,1,1,0,1,0,138997.2,-78877.6,60153.200000000004,-18576.100000000006,67203.66666666667,36707.700000000004,138997.2,60153.200000000004,0.7280269720435752,3,3,1,1
139828.6,60951.0,170743.9,62950.8,44374.7,94489.5,1,1,1,1,0,1,-78877.6,109792.9,-18576.100000000006,50114.8,123841.16666666667,67271.66666666667,109792.9,50114.8,0.5533957383207346,5,19,3,1
60951.0,170743.9,703231.7,44374.7,94489.5,67553.4,1,1,3,0,1,1,109792.9,532487.7999999999,50114.8,-26936.100000000006,311642.2,68805.86666666667,642280.7,50114.8,0.09606123264745794,3,0,0,1
170743.9,703231.7,44234.5,94489.5,67553.4,82341.9,1,3,0,1,1,1,532487.7999999999,-658997.2,-26936.100000000006,14788.5,306070.0333333333,81461.59999999999,658997.2,26936.100000000006,1.8614438629607442,5,4,0,0
703231.7,44234.5,271.4,67553.4,82341.9,4679.8,3,0,0,1,1,0,-658997.2,-43963.1,14788.5,-77662.09999999999,249245.86666666667,51525.033333333326,702960.2999999999,77662.09999999999,17.179882525697504,1,22,1,0
44234.5,271.4,155220.9,82341.9,4679.8,43125.0,0,0,1,1,0,0,-43963.1,154949.5,-77662.09999999999,38445.2,66575.59999999999,43382.23333333333,154949.5,77662.09999999999,0.2778280642100116,3,2,1,1
271.4,155220.9,51896.4,4679.8,43125.0,93104.8,0,1,1,0,0,1,154949.5,-103324.5,38445.2,49979.8,69129.56666666667,46969.86666666667,154949.5,88425.0,1.7940166559403747,5,19,1,0
155220.9,51896.4,68785.1,43125.0,93104.8,41803.5,1,1,1,0,1,0,-103324.5,16888.700000000004,49979.8,-51301.3,91967.46666666667,59344.43333333333,103324.5,51301.3,0.6077317946503726,3,3,0,0
51896.4,68785.1,3542.5,93104.8,41803.5,1561.9,1,1,0,1,0,0,16888.700000000004,-65242.600000000006,-51301.3,-40241.6,41408.0,45490.06666666666,65242.600000000006,91542.90000000001,0.4407788909270495,1,22,2,1
68785.1,3542.5,293952.7,41803.5,1561.9,73441.0,1,0,2,0,0,1,-65242.600000000006,290410.2,-40241.6,71879.1,122093.43333333335,38935.46666666667,290410.2,71879.1,0.24983866506868257,2,6,2,1
3542.5,293952.7,446714.0,1561.9,73441.0,96541.4,0,2,2,0,1,1,290410.2,152761.3,71879.1,23100.399999999994,248069.7333333333,57181.43333333333,443171.5,94979.5,0.2161140772080633,3,0,1,0
293952.7,446714.0,101512.2,73441.0,96541.4,33005.2,2,2,1,1,1,0,152761.3,-345201.8,23100.399999999994,-63536.2,280726.3,67662.53333333333,345201.8,63536.2,0.32513210104695744,5,4,2,1
446714.0,101512.2,211504.2,96541.4,33005.2,60377.3,2,1,2,1,0,1,-345201.8,109992.00000000001,-63536.2,27372.100000000006,253243.46666666665,63307.96666666667,345201.8,63536.2,0.28546484909118075,2,6,2,1
101512.2,211504.2,211940.8,33005.2,60377.3,69135.2,1,2,2,0,1,1,109992.00000000001,436.5999999999767,27372.100000000006,8757.899999999994,174985.7333333333,54172.56666666667,110428.59999999999,36130.0,0.3261989848156428,2,6,2,1
211504.2,211940.8,375494.6,60377.3,69135.2,65095.4,2,2,2,1,1,1,436.5999999999767,163553.8,8757.899999999994,-4039.7999999999956,266313.2,64869.299999999996,163990.39999999997,8757.899999999994,0.1733586225777346,3,3,0,0
211940.8,375494.6,3196.0,69135.2,65095.4,1304.2,2,2,0,1,1,0,163553.8,-372298.6,-4039.7999999999956,-63791.200000000004,196877.1333333333,45178.26666666667,372298.6,67831.0,0.4079449483891148,1,22,1,1
375494.6,3196.0,203350.2,65095.4,1304.2,78544.2,2,0,1,1,0,1,-372298.6,200154.2,-63791.200000000004,77240.0,194013.6,48314.6,372298.6,77240.0,0.3862490115622627,2,6,0,0
3196.0,203350.2,3837.5,1304.2,78544.2,1561.3,0,1,0,0,1,0,200154.2,-199512.7,77240.0,-76982.9,70127.90000000001,27136.566666666666,200154.2,77240.0,0.40674742738048714,1,22,1,0
203350.2,3837.5,142504.9,78544.2,1561.3,15963.5,1,0,1,1,0,0,-199512.7,138667.4,-76982.9,14402.2,116564.2,32023.0,199512.7,76982.9,0.11201992338562825,3,3,1,0
3837.5,142504.9,146709.1,1561.3,15963.5,46509.8,0,1,1,0,0,0,138667.4,4204.200000000012,14402.2,30546.300000000003,97683.83333333333,21344.86666666667,142871.6,44948.5,0.3170183920534442,2,6,0,0
142504.9,146709.1,1728.2,15963.5,46509.8,2268.8,1,1,0,0,0,0,4204.200000000012,-144980.9,30546.300000000003,-44241.0,96980.73333333334,21580.7,144980.9,44241.0,1.3120518158686099,1,22,1,1
146709.1,1728.2,100059.8,46509.8,2268.8,68547.6,1,0,1,0,0,1,-144980.9,98331.6,-44241.0,66278.8,82832.36666666668,39108.73333333334,144980.9,66278.8,0.6850594838338291,3,2,1,0
1728.2,100059.8,166364.4,2268.8,68547.6,6895.4,0,1,1,0,1,0,98331.6,66304.59999999999,66278.8,-61652.200000000004,89384.13333333335,25903.933333333334,164636.19999999998,66278.8,0.04144732017595005,3,2,0,0
100059.8,166364.4,3417.2,68547.6,6895.4,959.6,1,1,0,1,0,0,66304.59999999999,-162947.19999999998,-61652.200000000004,-5935.799999999999,89947.13333333335,25467.533333333336,162947.19999999998,67588.0,0.28073254929495056,1,22,2,0
166364.4,3417.2,283356.3,6895.4,959.6,32228.5,1,0,2,0,0,0,-162947.19999999998,279939.1,-5935.799999999999,31268.9,151045.96666666667,13361.166666666666,279939.1,31268.9,0.11373802615990483,3,0,0,0
3417.2,283356.3,4229.0,959.6,32228.5,2824.3,0,2,0,0,0,0,279939.1,-279127.3,31268.9,-29404.2,97000.83333333333,12004.133333333333,279939.1,31268.9,0.6676832151300237,1,22,2,0
283356.3,4229.0,227310.2,32228.5,2824.3,4519.9,2,0,2,0,0,0,-279127.3,223081.2,-29404.2,1695.5999999999995,171631.83333333334,13190.900000000001,279127.3,29404.2,0.019884194003639062,2,6,0,1
4229.0,227310.2,48694.4,2824.3,4519.9,70102.7,0,2,0,0,0,1,223081.2,-178615.80000000002,1695.5999999999995,65582.8,93411.20000000001,25815.63333333333,223081.2,67278.4,1.439616473013878,3,2,2,1
227310.2,48694.4,348639.8,4519.9,70102.7,75529.2,2,0,2,0,1,1,-178615.80000000002,299945.39999999997,65582.8,5426.5,208214.80000000002,50050.6,299945.39999999997,71009.3,0.21663901643181177,3,3,0,0
48694.4,348639.8,1210.8,70102.7,75529.2,3932.3,0,2,0,1,1,0,299945.39999999997,-347429.0,5426.5,-71596.9,132848.33333333334,49854.73333333333,347429.0,71596.9,3.245007426968147,1,22,2,1
348639.8,1210.8,467076.0,75529.2,3932.3,68126.9,2,0,2,1,0,1,-347429.0,465865.2,-71596.9,64194.59999999999,272308.86666666664,49196.13333333333,465865.2,71596.9,0.1458579634621272,3,0,1,1
1210.8,467076.0,89759.8,3932.3,68126.9,144154.8,0,2,1,0,1,1,465865.2,-377316.2,64194.59999999999,76027.9,186015.53333333333,72071.33333333333,465865.2,140222.5,1.6059883601750429,5,19,1,1
467076.0,89759.8,76277.7,68126.9,144154.8,89536.8,2,1,1,1,1,1,-377316.2,-13482.100000000006,76027.9,-54617.999999999985,211037.83333333334,100606.16666666667,390798.3,76027.9,1.1738112998779477,5,4,0,0
89759.8,76277.7,1406.4,144154.8,89536.8,2558.1,1,1,0,1,1,0,-13482.100000000006,-74871.3,-54617.999999999985,-86978.7,55814.63333333333,78749.9,88353.40000000001,141596.69999999998,1.8176069347733408,1,22,3,1
76277.7,1406.4,1311671.2,89536.8,2558.1,83848.4,1,0,3,1,0,1,-74871.3,1310264.8,-86978.7,81290.29999999999,463118.43333333335,58647.76666666666,1310264.8,86978.7,0.06392481292200902,3,0,1,1
1406.4,1311671.2,146833.2,2558.1,83848.4,102430.4,0,3,1,0,1,1,1310264.8,-1164838.0,81290.29999999999,18582.0,486636.9333333333,62945.63333333333,1310264.8,99872.29999999999,0.6975922503068085,5,19,3,1
1311671.2,146833.2,842591.9,83848.4,102430.4,62321.8,3,1,3,1,1,1,-1164838.0,695758.7,18582.0,-40108.59999999999,767032.1,82866.86666666665,1164838.0,40108.59999999999,0.0739643070811539,3,0,3,0
146833.2,842591.9,1448220.2,102430.4,62321.8,32946.9,1,3,3,1,1,0,695758.7,605628.2999999999,-40108.59999999999,-29374.9,812548.4333333332,65899.7,1301387.0,69483.5,0.02274990864655206,3,0,0,0
842591.9,1448220.2,3476.8,62321.8,32946.9,910.5,3,3,0,1,0,0,605628.2999999999,-1444743.4,-29374.9,-32036.4,764762.9666666667,32059.733333333337,1444743.4,61411.3,0.2618034389556616,1,22,0,0
1448220.2,3476.8,2666.5,32946.9,910.5,1633.4,3,0,0,0,0,0,-1444743.4,-810.3000000000002,-32036.4,722.9000000000001,484787.8333333333,11830.266666666668,1445553.7,32036.4,0.6123336457357076,1,22,1,0
3476.8,2666.5,169196.6,910.5,1633.4,12145.2,0,0,1,0,0,0,-810.3000000000002,166530.1,722.9000000000001,10511.800000000001,58446.63333333333,4896.366666666667,166530.1,11234.7,0.07178116001645414,2,6,0,0
2666.5,169196.6,1297.4,1633.4,12145.2,1686.3,0,1,0,0,0,0,166530.1,-167899.2,10511.800000000001,-10458.900000000001,57720.166666666664,5154.966666666666,167899.2,10511.800000000001,1.2987523105360443,1,22,1,0
169196.6,1297.4,78826.2,12145.2,1686.3,19601.8,1,0,1,0,0,0,-167899.2,77528.8,-10458.900000000001,17915.5,83106.73333333334,11144.433333333334,167899.2,17915.5,0.24866797247650557,3,3,0,1
1297.4,78826.2,20002.4,1686.3,19601.8,74725.8,0,1,0,0,0,1,77528.8,-58823.799999999996,17915.5,55124.0,33375.333333333336,32004.63333333333,77528.8,73039.5,3.7356549386604274,2,6,0,0
78826.2,20002.4,2681.4,19601.8,74725.8,1522.6,1,0,0,0,1,0,-58823.799999999996,-17321.0,55124.0,-73203.2,33836.666666666664,31950.06666666667,76144.8,73203.2,0.5676260065612884,1,22,0,0
20002.4,2681.4,1809.7,74725.8,1522.6,3931.0,0,0,0,1,0,0,-17321.0,-871.7,-73203.2,2408.4,8164.500000000001,26726.46666666667,18192.7,73203.2,2.170983597503728,1,22,1,0
2681.4,1809.7,69888.8,1522.6,3931.0,16341.8,0,0,1,0,0,0,-871.7,68079.1,2408.4,12410.8,24793.300000000003,7265.133333333334,68079.1,14819.199999999999,0.233822388960907,2,6,0,0
1809.7,69888.8,2624.7,3931.0,16341.8,1780.5,0,1,0,0,0,0,68079.1,-67264.1,12410.8,-14561.3,24774.399999999998,7351.099999999999,68079.1,14561.3,0.67810488631603,1,22,0,0
69888.8,2624.7,487.0,16341.8,1780.5,1144.9,1,0,0,0,0,0,-67264.1,-2137.7,-14561.3,-635.5999999999999,24333.5,6422.400000000001,69401.8,15196.9,2.346106557377049,1,22,0,0
2624.7,487.0,1793.0,1780.5,1144.9,1571.0,0,0,0,0,0,0,-2137.7,1306.0,-635.5999999999999,426.0999999999999,1634.8999999999999,1498.8,2137.7,635.5999999999999,0.8756967670011149,1,22,0,0
487.0,1793.0,3812.7,1144.9,1571.0,2215.9,0,0,0,0,0,0,1306.0,2019.6999999999998,426.0999999999999,644.9000000000001,2030.8999999999999,1643.9333333333334,3325.7,1071.0,0.5810367884206938,1,22,2,2
1793.0,3812.7,594213.0,1571.0,2215.9,295283.3,0,0,2,0,0,2,2019.6999999999998,590400.3,644.9000000000001,293067.39999999997,199939.56666666665,99690.06666666667,592420.0,293712.3,0.4969309036811653,1,5,0,0
3812.7,594213.0,3410.9,2215.9,295283.3,1893.5,0,2,0,0,2,0,590400.3,-590802.1,293067.39999999997,-293389.8,200478.86666666667,99797.56666666667,590802.1,293389.8,0.5549693719042176,1,22,0,0
594213.0,3410.9,2493.4,295283.3,1893.5,1901.3,2,0,0,2,0,0,-590802.1,-917.5,-293389.8,7.7999999999999545,200039.1,99692.7,591719.6,293389.8,0.7622273893521487,1,22,1,1
3410.9,2493.4,142859.2,1893.5,1901.3,58326.5,0,0,1,0,0,1,-917.5,140365.80000000002,7.7999999999999545,56425.2,49587.833333333336,20707.100000000002,140365.80000000002,56433.0,0.4082767628772744,5,4,1,1
2493.4,142859.2,190097.8,1901.3,58326.5,67093.3,0,1,1,0,1,1,140365.80000000002,47238.59999999998,56425.2,8766.800000000003,111816.8,42440.36666666667,187604.4,65192.0,0.35293910324525984,5,19,0,0
142859.2,190097.8,1435.7,58326.5,67093.3,4561.1,1,1,0,1,1,0,47238.59999999998,-188662.09999999998,8766.800000000003,-62532.200000000004,111464.23333333334,43326.96666666667,188662.09999999998,62532.200000000004,3.174705923296443,1,22,1,1
190097.8,1435.7,124988.3,67093.3,4561.1,65211.3,1,0,1,1,0,1,-188662.09999999998,123552.6,-62532.200000000004,60650.200000000004,105507.26666666666,45621.9,188662.09999999998,62532.200000000004,0.5217350605211806,3,2,0,1
1435.7,124988.3,17936.2,4561.1,65211.3,72066.0,0,1,0,0,1,1,123552.6,-107052.1,60650.200000000004,6854.699999999997,48120.06666666667,47279.466666666674,123552.6,67504.9,4.0176839194523115,2,6,0,0
124988.3,17936.2,2666.7,65211.3,72066.0,3803.2,1,0,0,1,1,0,-107052.1,-15269.5,6854.699999999997,-68262.8,48530.4,47026.833333333336,122321.6,68262.8,1.4256475615698916,1,22,0,0
17936.2,2666.7,4790.1,72066.0,3803.2,2244.3,0,0,0,1,0,0,-15269.5,2123.4000000000005,-68262.8,-1558.8999999999996,8464.333333333334,26037.833333333332,15269.5,69821.7,0.4684310492371272,1,22,0,0
2666.7,4790.1,514.3,3803.2,2244.3,2747.3,0,0,0,0,0,0,2123.4000000000005,-4275.8,-1558.8999999999996,503.0,2657.0333333333333,2931.6,4275.8,1558.8999999999996,5.3314574034543,1,22,3,0
4790.1,514.3,1304178.7,2244.3,2747.3,45299.9,0,0,3,0,0,0,-4275.8,1303664.4,503.0,42552.6,436494.36666666664,16763.833333333332,1303664.4,43055.6,0.0347344004817741,3,0,0,0
514.3,1304178.7,2781.2,2747.3,45299.9,2870.4,0,3,0,0,0,0,1303664.4,-1301397.5,42552.6,-42429.5,435824.73333333334,16972.533333333336,1303664.4,42552.6,1.0317015311623896,1,22,1,1
1304178.7,2781.2,159537.2,45299.9,2870.4,102285.8,3,0,1,0,0,1,-1301397.5,156756.0,-42429.5,99415.40000000001,488832.36666666664,50152.03333333333,1301397.5,99415.40000000001,0.6411367308895298,5,4,1,0
2781.2,159537.2,154440.3,2870.4,102285.8,35756.9,0,1,1,0,1,0,156756.0,-5096.900000000023,99415.40000000001,-66528.9,105586.23333333334,46971.03333333333,156756.0,99415.40000000001,0.2315242101691711,5,19,1,0
159537.2,154440.3,102856.0,102285.8,35756.9,8826.6,1,1,1,1,0,0,-5096.900000000023,-51584.29999999999,-66528.9,-26930.300000000003,138944.5,48956.43333333334,56681.20000000001,93459.2,0.0858142858531748,2,6,0,0
154440.3,102856.0,4012.2,35756.9,8826.6,2320.7,1,1,0,0,0,0,-51584.29999999999,-98843.8,-26930.300000000003,-6505.900000000001,87102.83333333333,15634.733333333332,150428.09999999998,33436.200000000004,0.5782667198245789,1,22,0,0
102856.0,4012.2,1161.4,8826.6,2320.7,1330.3,1,0,0,0,0,0,-98843.8,-2850.7999999999997,-6505.900000000001,-990.3999999999999,36009.86666666666,4159.2,101694.6,7496.3,1.144442532690984,1,22,1,0
4012.2,1161.4,190914.1,2320.7,1330.3,35776.0,0,0,1,0,0,0,-2850.7999999999997,189752.7,-990.3999999999999,34445.7,65362.56666666667,13142.333333333334,189752.7,34445.7,0.18739219684561356,2,6,0,0
1161.4,190914.1,3431.8,1330.3,35776.0,2232.4,0,1,0,0,0,0,189752.7,-187482.30000000002,34445.7,-33543.6,65169.1,13112.900000000001,189752.7,34445.7,0.6503146119785598,1,22,0,0
190914.1,3431.8,2511.6,35776.0,2232.4,2292.3,1,0,0,0,0,0,-187482.30000000002,-920.2000000000003,-33543.6,59.90000000000009,65619.16666666667,13433.566666666668,188402.5,33543.6,0.9123218976359151,1,22,0,0
3431.8,2511.6,3513.4,2232.4,2292.3,409.3,0,0,0,0,0,0,-920.2000000000003,1001.8000000000002,59.90000000000009,-1883.0000000000002,3152.2666666666664,1644.666666666667,1001.8000000000002,1883.0000000000002,0.11646369223765081,1,22,0,1
2511.6,3513.4,39104.4,2292.3,409.3,121230.4,0,0,0,0,0,1,1001.8000000000002,35591.0,-1883.0000000000002,120821.09999999999,15043.133333333333,41310.666666666664,36592.8,120821.09999999999,3.1000935932121902,5,19,0,1
3513.4,39104.4,30519.0,409.3,121230.4,61691.4,0,0,0,0,1,1,35591.0,-8585.400000000001,120821.09999999999,-59538.99999999999,24378.933333333334,61110.36666666667,35591.0,120821.09999999999,2.021343381389253,2,6,1,1
39104.4,30519.0,121558.4,121230.4,61691.4,53536.4,0,0,1,1,1,1,-8585.400000000001,91039.4,-59538.99999999999,-8155.0,63727.26666666666,78819.4,91039.4,67694.0,0.4404134933209608,2,6,0,0
30519.0,121558.4,2681.3,61691.4,53536.4,725.1,0,1,0,1,1,0,91039.4,-118877.09999999999,-8155.0,-52811.3,51586.23333333333,38650.96666666667,118877.09999999999,60966.3,0.2703277038362599,1,22,2,0
121558.4,2681.3,240258.0,53536.4,725.1,44566.5,1,0,2,1,0,0,-118877.09999999999,237576.7,-52811.3,43841.4,121499.23333333334,32942.666666666664,237576.7,52811.3,0.18549357152073387,2,6,0,1
2681.3,240258.0,45933.6,725.1,44566.5,106434.0,0,2,0,0,0,1,237576.7,-194324.4,43841.4,61867.5,96290.96666666666,50575.200000000004,237576.7,105708.9,2.3170768875749435,5,4,1,1
240258.0,45933.6,163103.1,44566.5,106434.0,113458.8,2,0,1,0,1,1,-194324.4,117169.5,61867.5,7024.800000000003,149764.9,88153.09999999999,194324.4,68892.3,0.6956219984660104,5,19,2,0
45933.6,163103.1,285092.2,106434.0,113458.8,45174.9,0,1,2,1,1,0,117169.5,121989.1,7024.800000000003,-68283.9,164709.63333333333,88355.90000000001,239158.6,68283.9,0.1584566029635221,2,6,0,0
163103.1,285092.2,642.5,113458.8,45174.9,74.9,1,2,0,1,0,0,121989.1,-284449.7,-68283.9,-45100.0,149612.6,52902.86666666667,284449.7,113383.90000000001,0.11639471639471641,1,22,0,0
285092.2,642.5,2194.9,45174.9,74.9,2846.2,2,0,0,0,0,0,-284449.7,1552.4,-45100.0,2771.2999999999997,95976.53333333334,16032.0,284449.7,45100.0,1.2961428116034426,1,22,2,1
642.5,2194.9,225747.5,74.9,2846.2,72476.6,0,0,2,0,0,1,1552.4,223552.6,2771.2999999999997,69630.40000000001,76194.96666666666,25132.56666666667,225105.0,72401.70000000001,0.32105019523939254,2,6,1,1
2194.9,225747.5,126733.1,2846.2,72476.6,52382.7,0,2,1,0,1,1,223552.6,-99014.4,69630.40000000001,-20093.90000000001,118225.16666666667,42568.5,223552.6,69630.40000000001,0.41332758902300165,2,6,0,0
225747.5,126733.1,829.9,72476.6,52382.7,1142.9,2,1,0,1,1,0,-99014.4,-125903.20000000001,-20093.90000000001,-51239.799999999996,117770.16666666667,42000.73333333333,224917.6,71333.70000000001,1.3754964496329283,1,22,1,0
126733.1,829.9,74411.3,52382.7,1142.9,18601.8,1,0,1,1,0,0,-125903.20000000001,73581.40000000001,-51239.799999999996,17458.899999999998,67324.76666666666,24042.466666666664,125903.20000000001,51239.799999999996,0.24998286573590656,3,2,3,1
829.9,74411.3,1285764.1,1142.9,18601.8,85881.8,0,1,3,0,0,1,73581.40000000001,1211352.8,17458.899999999998,67280.0,453668.43333333335,35208.833333333336,1284934.2000000002,84738.90000000001,0.06679431569576744,3,0,1,1
74411.3,1285764.1,198976.3,18601.8,85881.8,77270.8,1,3,1,0,1,1,1211352.8,-1086787.8,67280.0,-8611.0,519717.2333333334,60584.80000000001,1211352.8,67280.0,0.38833977544172127,5,19,0,0
1285764.1,198976.3,1474.5,85881.8,77270.8,383.4,3,1,0,1,1,0,-1086787.8,-197501.8,-8611.0,-76887.40000000001,495404.96666666673,54512.0,1284289.6,85498.40000000001,0.2598441206370722,1,22,0,0
198976.3,1474.5,3682.8,77270.8,383.4,2051.3,1,0,0,1,0,0,-197501.8,2208.3,-76887.40000000001,1667.9,68044.53333333333,26568.5,197501.8,76887.40000000001,0.5568434768445627,1,22,0,1
1474.5,3682.8,42823.5,383.4,2051.3,53126.9,0,0,0,0,0,1,2208.3,39140.7,1667.9,51075.6,15993.6,18520.533333333333,41349.0,52743.5,1.2405725694403904,2,6,0,0
3682.8,42823.5,3173.7,2051.3,53126.9,3620.5,0,0,0,0,1,0,39140.7,-39649.8,51075.6,-49506.4,16560.0,19599.56666666667,39649.8,51075.6,1.1404227171071284,1,22,1,0
42823.5,3173.7,137940.6,53126.9,3620.5,50074.7,0,0,1,1,0,0,-39649.8,134766.9,-49506.4,46454.2,61312.6,35607.36666666667,134766.9,49506.4,0.36301376814536,2,6,1,0
3173.7,137940.6,177330.1,3620.5,50074.7,46113.1,0,1,1,0,0,0,134766.9,39389.5,46454.2,-3961.5999999999985,106148.13333333335,33269.43333333333,174156.4,46454.2,0.26003955312971044,2,6,1,0
137940.6,177330.1,98318.3,50074.7,46113.1,35408.0,1,1,1,0,0,0,39389.5,-79011.8,-3961.5999999999985,-10705.099999999999,137863.0,43865.26666666666,79011.8,14666.699999999997,0.36013275114855375,2,6,0,0
177330.1,98318.3,1381.6,46113.1,35408.0,1041.8,1,1,0,0,0,0,-79011.8,-96936.7,-10705.099999999999,-34366.2,92343.33333333333,27520.96666666667,175948.5,45071.299999999996,0.7535078836973818,1,22,1,1
98318.3,1381.6,185727.1,35408.0,1041.8,84810.5,1,0,1,0,0,1,-96936.7,184345.5,-34366.2,83768.7,95142.33333333333,40420.1,184345.5,83768.7,0.45663795623817827,3,3,0,0
1381.6,185727.1,3718.3,1041.8,84810.5,3536.0,0,1,0,0,1,0,184345.5,-182008.80000000002,83768.7,-81274.5,63609.0,29796.100000000002,184345.5,83768.7,0.9507165326808807,1,22,1,0
185727.1,3718.3,110828.8,84810.5,3536.0,25826.8,1,0,1,1,0,0,-182008.80000000002,107110.5,-81274.5,22290.8,100091.40000000001,38057.76666666667,182008.80000000002,81274.5,0.23303118836269665,2,6,0,0
3718.3,110828.8,903.6,3536.0,25826.8,3052.8,0,1,0,0,0,0,107110.5,-109925.2,22290.8,-22774.0,38483.56666666667,10805.199999999999,109925.2,22774.0,3.374751271280124,1,22,2,0
110828.8,903.6,260439.8,25826.8,3052.8,15500.1,1,0,2,0,0,0,-109925.2,259536.19999999998,-22774.0,12447.3,124057.40000000001,14793.233333333332,259536.19999999998,22774.0,0.059514868638093577,3,2,0,0
903.6,260439.8,1338.3,3052.8,15500.1,4437.4,0,2,0,0,0,0,259536.19999999998,-259101.5,12447.3,-11062.7,87560.56666666667,7663.433333333334,259536.19999999998,12447.3,3.31322332561786,1,22,0,0
260439.8,1338.3,561.9,15500.1,4437.4,270.8,2,0,0,0,0,0,-259101.5,-776.4,-11062.7,-4166.599999999999,87446.66666666667,6736.099999999999,259877.9,15229.300000000001,0.48108012080298457,1,22,0,0
1338.3,561.9,185.0,4437.4,270.8,2930.4,0,0,0,0,0,0,-776.4,-376.9,-4166.599999999999,2659.6,695.0666666666666,2546.2000000000003,1153.3,4166.599999999999,15.75483870967742,1,22,1,1
561.9,185.0,179060.7,270.8,2930.4,72691.7,0,0,1,0,0,1,-376.9,178875.7,2659.6,69761.3,59935.86666666667,25297.63333333333,178875.7,72420.9,0.40595895157926004,2,6,0,0
185.0,179060.7,2731.0,2930.4,72691.7,4993.7,0,1,0,0,1,0,178875.7,-176329.7,69761.3,-67698.0,60658.9,26871.93333333333,178875.7,69761.3,1.8278550512445095,1,22,0,0
179060.7,2731.0,3882.7,72691.7,4993.7,1860.8,1,0,0,1,0,0,-176329.7,1151.6999999999998,-67698.0,-3132.8999999999996,61891.466666666674,26515.399999999998,176329.7,70830.9,0.4791307258542112,1,22,0,0
2731.0,3882.7,3906.3,4993.7,1860.8,2986.3,0,0,0,0,0,0,1151.6999999999998,23.600000000000364,-3132.8999999999996,1125.5000000000002,3506.6666666666665,3280.2666666666664,1175.3000000000002,3132.8999999999996,0.7642873595577508,1,22,1,0
3882.7,3906.3,142086.8,1860.8,2986.3,41812.1,0,0,1,0,0,0,23.600000000000364,138180.5,1125.5000000000002,38825.799999999996,49958.6,15553.066666666666,138204.09999999998,39951.299999999996,0.29426945874311516,2,6,1,1
3906.3,142086.8,153139.3,2986.3,41812.1,53688.9,0,1,1,0,0,1,138180.5,11052.5,38825.799999999996,11876.800000000003,99710.79999999999,32829.1,149233.0,50702.6,0.35058635773862273,2,6,2,0
142086.8,153139.3,245831.2,41812.1,53688.9,51052.7,1,1,2,0,1,0,11052.5,92691.90000000002,11876.800000000003,-2636.2000000000044,180352.43333333335,48851.23333333334,103744.40000000002,11876.800000000003,0.20767295740753244,3,2,0,0
153139.3,245831.2,2667.9,53688.9,51052.7,1895.6,1,2,0,1,0,0,92691.90000000002,-243163.30000000002,-2636.2000000000044,-49157.1,133879.46666666667,35545.73333333334,243163.30000000002,51793.3,0.7102551613024092,1,22,0,0
245831.2,2667.9,4753.8,51052.7,1895.6,2705.8,2,0,0,0,0,0,-243163.30000000002,2085.9,-49157.1,810.2000000000003,84417.63333333333,18551.366666666665,243163.30000000002,49157.1,0.5690670480356692,1,22,1,1
2667.9,4753.8,152465.6,1895.6,2705.8,80273.0,0,0,1,0,0,1,2085.9,147711.80000000002,810.2000000000003,77567.2,53295.76666666667,28291.466666666664,149797.7,78377.4,0.5264956390448793,5,4,1,0
4753.8,152465.6,69551.6,2705.8,80273.0,40036.1,0,1,1,0,1,0,147711.80000000002,-82914.0,77567.2,-40236.9,75590.33333333333,41004.96666666667,147711.80000000002,77567.2,0.5756233411835071,2,6,0,0
152465.6,69551.6,1973.3,80273.0,40036.1,362.7,1,1,0,1,0,0,-82914.0,-67578.3,-40236.9,-39673.4,74663.5,40223.933333333334,150492.30000000002,79910.3,0.18371068226713266,1,22,0,0
69551.6,1973.3,4557.1,40036.1,362.7,1572.8,1,0,0,0,0,0,-67578.3,2583.8,-39673.4,1210.1,25360.66666666667,13990.533333333333,67578.3,39673.4,0.3450560540576117,1,22,1,0
1973.3,4557.1,139119.8,362.7,1572.8,5622.1,0,0,1,0,0,0,2583.8,134562.69999999998,1210.1,4049.3,48550.06666666666,2519.2000000000003,137146.5,5259.400000000001,0.04041164225622625,2,6,2,2
4557.1,139119.8,294442.7,1572.8,5622.1,225934.1,0,1,2,0,0,2,134562.69999999998,155322.90000000002,4049.3,220312.0,146039.86666666667,77709.66666666667,289885.60000000003,224361.30000000002,0.7673252985205661,1,5,0,0
139119.8,294442.7,4153.3,5622.1,225934.1,4182.6,1,2,0,0,2,0,155322.90000000002,-290289.4,220312.0,-221751.5,145905.26666666666,78579.6,290289.4,221751.5,1.0068122186649977,1,22,0,0
294442.7,4153.3,2812.9,225934.1,4182.6,860.6,2,0,0,2,0,0,-290289.4,-1340.4,-221751.5,-3322.0000000000005,100469.63333333335,76992.43333333333,291629.8,225073.5,0.3058388713173887,1,22,0,0
4153.3,2812.9,1524.7,4182.6,860.6,1994.7,0,0,0,0,0,0,-1340.4,-1288.2,-3322.0000000000005,1134.1,2830.3000000000006,2345.9666666666667,2628.6000000000004,3322.0000000000005,1.3073998820213673,1,22,1,0
2812.9,1524.7,164665.6,860.6,1994.7,33224.7,0,0,1,0,0,0,-1288.2,163140.9,1134.1,31229.999999999996,56334.4,12026.666666666666,163140.9,32364.1,0.20176951488644324,3,2,0,0
1524.7,164665.6,2113.8,1994.7,33224.7,1123.4,0,1,0,0,0,0,163140.9,-162551.80000000002,31229.999999999996,-32101.299999999996,56101.36666666667,12114.266666666665,163140.9,32101.299999999996,0.5312086249290713,1,22,0,0
164665.6,2113.8,1998.8,33224.7,1123.4,1498.1,1,0,0,0,0,0,-162551.80000000002,-115.00000000000023,-32101.299999999996,374.6999999999998,56259.399999999994,11948.733333333332,162666.80000000002,32101.299999999996,0.7491249124912491,1,22,0,0
2113.8,1998.8,2057.2,1123.4,1498.1,503.0,0,0,0,0,0,0,-115.00000000000023,58.399999999999864,374.6999999999998,-995.0999999999999,2056.6,1041.5,115.00000000000023,995.0999999999999,0.24438830045670976,1,22,0,0
1998.8,2057.2,570.0,1498.1,503.0,2645.2,0,0,0,0,0,0,58.399999999999864,-1487.1999999999998,-995.0999999999999,2142.2,1542.0,1548.7666666666664,1487.1999999999998,2142.2,4.632574430823117,1,22,0,0
2057.2,570.0,1097.1,503.0,2645.2,1576.4,0,0,0,0,0,0,-1487.1999999999998,527.0999999999999,2142.2,-1068.7999999999997,1241.4333333333332,1574.8666666666668,1487.1999999999998,2142.2,1.4355705309170388,1,22,1,0
570.0,1097.1,64965.5,2645.2,1576.4,26882.9,0,0,1,0,0,0,527.0999999999999,63868.4,-1068.7999999999997,25306.5,22210.86666666667,10368.166666666666,64395.5,25306.5,0.4137963411912293,3,3,2,0
1097.1,64965.5,221671.6,1576.4,26882.9,41113.7,0,1,2,0,0,0,63868.4,156706.1,25306.5,14230.799999999996,95911.40000000001,23191.0,220574.5,39537.299999999996,0.18547037387570678,3,2,0,0
64965.5,221671.6,1077.2,26882.9,41113.7,848.2,1,2,0,0,0,0,156706.1,-220594.4,14230.799999999996,-40265.5,95904.76666666666,22948.266666666666,220594.4,40265.5,0.7866815062140605,1,22,0,0
221671.6,1077.2,26284.9,41113.7,848.2,8235.8,2,0,0,0,0,0,-220594.4,25207.7,-40265.5,7387.599999999999,83011.23333333334,16732.566666666666,220594.4,40265.5,0.3133162646133478,3,2,0,0
1077.2,26284.9,830.8,848.2,8235.8,3166.2,0,0,0,0,0,0,25207.7,-25454.100000000002,7387.599999999999,-5069.599999999999,9397.633333333333,4083.4,25454.100000000002,7387.599999999999,3.8064438566963212,1,22,0,0
26284.9,830.8,2946.9,8235.8,3166.2,412.5,0,0,0,0,0,0,-25454.100000000002,2116.1000000000004,-5069.599999999999,-2753.7,10020.866666666667,3938.1666666666665,25454.100000000002,7823.299999999999,0.13993011974626005,1,22,0,0
830.8,2946.9,1064.2,3166.2,412.5,3841.3,0,0,0,0,0,0,2116.1000000000004,-1882.7,-2753.7,3428.8,1613.9666666666665,2473.3333333333335,2116.1000000000004,3428.8,3.6061772437101016,1,22,0,0
2946.9,1064.2,2298.1,412.5,3841.3,154.0,0,0,0,0,0,0,-1882.7,1233.8999999999999,3428.8,-3687.3,2103.066666666667,1469.2666666666667,1882.7,3687.3,0.06698273237353747,1,22,2,0
1064.2,2298.1,271463.1,3841.3,154.0,31928.2,0,0,2,0,0,0,1233.8999999999999,269165.0,-3687.3,31774.2,91608.46666666666,11974.5,270398.89999999997,31774.2,0.11761481536600973,3,3,0,0
2298.1,271463.1,2356.2,154.0,31928.2,3972.5,0,2,0,0,0,0,269165.0,-269106.89999999997,31774.2,-27955.7,92039.13333333332,12018.233333333332,269165.0,31774.2,1.685262175462413,1,22,0,0
271463.1,2356.2,765.2,31928.2,3972.5,2508.1,2,0,0,0,0,0,-269106.89999999997,-1590.9999999999998,-27955.7,-1464.4,91528.16666666667,12802.933333333332,270697.89999999997,29420.100000000002,3.2734273035760895,1,22,0,0
2356.2,765.2,3199.0,3972.5,2508.1,2479.3,0,0,0,0,0,0,-1590.9999999999998,2433.8,-1464.4,-28.799999999999727,2106.7999999999997,2986.6333333333337,2433.8,1493.1999999999998,0.7747812500000001,1,22,0,0
765.2,3199.0,3366.3,2508.1,2479.3,1205.2,0,0,0,0,0,0,2433.8,167.30000000000018,-28.799999999999727,-1274.1000000000001,2443.5,2064.2,2601.1000000000004,1302.8999999999999,0.3579128678763401,1,22,1,0
3199.0,3366.3,150215.1,2479.3,1205.2,48079.7,0,0,1,0,0,0,167.30000000000018,146848.80000000002,-1274.1000000000001,46874.5,52260.13333333333,17254.733333333334,147016.1,46874.5,0.3200702188380606,3,3,0,0
3366.3,150215.1,996.3,1205.2,48079.7,1217.8,0,1,0,0,0,0,146848.80000000002,-149218.80000000002,46874.5,-46861.899999999994,51525.899999999994,16834.233333333334,149218.80000000002,46874.5,1.2210969617968515,1,22,0,0
150215.1,996.3,1171.3,48079.7,1217.8,3466.4,1,0,0,0,0,0,-149218.80000000002,175.0,-46861.899999999994,2248.6000000000004,50794.23333333333,17587.966666666667,149218.80000000002,46861.899999999994,2.9569222895163354,1,22,0,0
996.3,1171.3,2116.4,1217.8,3466.4,790.3,0,0,0,0,0,0,175.0,945.1000000000001,2248.6000000000004,-2676.1000000000004,1428.0,1824.8333333333333,1120.1000000000001,2676.1000000000004,0.37324076697836966,1,22,0,0
1171.3,2116.4,2484.2,3466.4,790.3,2536.0,0,0,0,0,0,0,945.1000000000001,367.7999999999997,-2676.1000000000004,1745.7,1923.9666666666665,2264.233333333333,1312.8999999999999,2676.1000000000004,1.0204410107838404,1,22,0,0
2116.4,2484.2,3962.6,790.3,2536.0,2112.7,0,0,0,0,0,0,367.7999999999997,1478.4,1745.7,-423.3000000000002,2854.4,1813.0,1846.1999999999998,1745.7,0.5330255323443334,1,22,0,0
2484.2,3962.6,2514.8,2536.0,2112.7,695.2,0,0,0,0,0,0,1478.4,-1447.7999999999997,-423.3000000000002,-1417.4999999999998,2987.1999999999994,1781.3,1478.4,1840.8,0.2763335718260593,1,22,0,0
3962.6,2514.8,3327.3,2112.7,695.2,2701.2,0,0,0,0,0,0,-1447.7999999999997,812.5,-1417.4999999999998,2005.9999999999998,3268.2333333333336,1836.3666666666666,1447.7999999999997,2005.9999999999998,0.8115854940960849,1,22,3,1
2514.8,3327.3,991386.0,695.2,2701.2,54594.2,0,0,3,0,0,1,812.5,988058.7,2005.9999999999998,51893.0,332409.36666666664,19330.2,988871.2,53899.0,0.0550685050338566,3,0,0,0
3327.3,991386.0,17814.3,2701.2,54594.2,43325.7,0,3,0,0,1,0,988058.7,-973571.7,51893.0,-11268.5,337509.2,33540.36666666666,988058.7,51893.0,2.4319377164572025,2,6,0,0
991386.0,17814.3,4051.0,54594.2,43325.7,3200.3,3,0,0,1,0,0,-973571.7,-13763.3,-11268.5,-40125.399999999994,337750.43333333335,33706.73333333333,987335.0,51393.899999999994,0.7898075024679171,1,22,1,1
17814.3,4051.0,178769.2,43325.7,3200.3,59828.7,0,0,1,0,0,1,-13763.3,174718.2,-40125.399999999994,56628.399999999994,66878.16666666667,35451.566666666666,174718.2,56628.399999999994,0.33466819413973914,2,6,3,0
4051.0,178769.2,1060226.0,3200.3,59828.7,14283.1,0,1,3,0,1,0,174718.2,881456.8,56628.399999999994,-45545.6,414348.73333333334,25770.7,1056175.0,56628.399999999994,0.013471737656181176,3,0,0,0
178769.2,1060226.0,2490.3,59828.7,14283.1,1083.5,1,3,0,1,0,0,881456.8,-1057735.7,-45545.6,-13199.6,413828.5,25065.100000000002,1057735.7,58745.2,0.434913498976438,1,22,1,1
1060226.0,2490.3,99314.7,14283.1,1083.5,70757.5,3,0,1,0,0,1,-1057735.7,96824.4,-13199.6,69674.0,387343.6666666667,28708.033333333336,1057735.7,69674.0,0.7124502973850056,3,2,1,1
2490.3,99314.7,60761.2,1083.5,70757.5,57313.6,0,1,1,0,1,1,96824.4,-38553.5,69674.0,-13443.900000000001,54188.73333333334,43051.53333333333,96824.4,69674.0,0.9432443196592618,2,6,3,0
99314.7,60761.2,888081.4,70757.5,57313.6,16193.7,1,1,3,1,1,0,-38553.5,827320.2000000001,-13443.900000000001,-41119.899999999994,349385.76666666666,48088.26666666667,827320.2000000001,54563.8,0.018234456622493588,3,0,0,0
60761.2,888081.4,3341.8,57313.6,16193.7,2813.5,1,3,0,1,0,0,827320.2000000001,-884739.6,-41119.899999999994,-13380.2,317394.8,25440.266666666666,884739.6,54500.1,0.8416596864903673,1,22,1,0
888081.4,3341.8,111869.6,16193.7,2813.5,14072.7,3,0,1,0,0,0,-884739.6,108527.8,-13380.2,11259.2,334430.93333333335,11026.633333333333,884739.6,13380.2,0.12579444465301876,2,6,0,0
3341.8,111869.6,1089.2,2813.5,14072.7,2579.4,0,1,0,0,0,0,108527.8,-110780.40000000001,11259.2,-11493.300000000001,38766.86666666667,6488.533333333334,110780.40000000001,11493.300000000001,2.3659878921298843,1,22,1,0
111869.6,1089.2,112865.0,14072.7,2579.4,23493.7,1,0,1,0,0,0,-110780.40000000001,111775.8,-11493.300000000001,20914.3,75274.59999999999,13381.933333333334,111775.8,20914.3,0.2081556890471887,2,6,2,0
1089.2,112865.0,306889.3,2579.4,23493.7,44256.7,0,1,2,0,0,0,111775.8,194024.3,20914.3,20762.999999999996,140281.16666666666,23443.266666666666,305800.1,41677.299999999996,0.1442101623935328,3,3,3,0
112865.0,306889.3,749578.2,23493.7,44256.7,40170.2,1,2,3,0,0,0,194024.3,442688.89999999997,20762.999999999996,-4086.5,389777.5,35973.53333333333,636713.2,20762.999999999996,0.05359033441696354,3,0,0,0
306889.3,749578.2,1291.3,44256.7,40170.2,1567.9,2,3,0,0,0,0,442688.89999999997,-748286.8999999999,-4086.5,-38602.299999999996,352586.26666666666,28664.93333333333,748286.8999999999,42688.799999999996,1.2132631741855608,1,22,2,1
749578.2,1291.3,213120.9,40170.2,1567.9,59391.0,3,0,2,0,0,1,-748286.8999999999,211829.6,-38602.299999999996,57823.1,321330.13333333336,33709.700000000004,748286.8999999999,57823.1,0.2786715020840186,2,6,1,1
1291.3,213120.9,204599.2,1567.9,59391.0,61086.1,0,2,1,0,1,1,211829.6,-8521.699999999983,57823.1,1695.0999999999985,139670.46666666667,40681.666666666664,211829.6,59518.2,0.29856324676124457,3,2,2,0
213120.9,204599.2,211296.9,59391.0,61086.1,14620.0,2,1,2,1,1,0,-8521.699999999983,6697.6999999999825,1695.0999999999985,-46466.1,209672.33333333334,45032.36666666667,8521.699999999983,46466.1,0.06919141174616501,2,6,0,0
204599.2,211296.9,2122.7,61086.1,14620.0,1486.1,1,2,0,1,0,0,6697.6999999999825,-209174.19999999998,-46466.1,-13133.9,139339.6,25730.733333333337,209174.19999999998,59600.0,0.6997692706126101,1,22,0,0
211296.9,2122.7,3494.4,14620.0,1486.1,3548.6,2,0,0,0,0,0,-209174.19999999998,1371.7000000000003,-13133.9,2062.5,72304.66666666667,6551.566666666667,209174.19999999998,13133.9,1.0152200034330834,1,22,0,0
2122.7,3494.4,4829.9,1486.1,3548.6,220.1,0,0,0,0,0,0,1371.7000000000003,1335.4999999999995,2062.5,-3328.5,3482.3333333333335,1751.6000000000001,2707.2,3328.5,0.04556086857521373,1,22,0,0
3494.4,4829.9,897.6,3548.6,220.1,3718.3,0,0,0,0,0,0,1335.4999999999995,-3932.2999999999997,-3328.5,3498.2000000000003,3073.9666666666667,2495.6666666666665,3932.2999999999997,3498.2000000000003,4.1378811484531495,1,22,0,0
4829.9,897.6,23903.7,220.1,3718.3,19298.1,0,0,0,0,0,0,-3932.2999999999997,23006.100000000002,3498.2000000000003,15579.8,9877.066666666668,7745.5,23006.100000000002,19078.0,0.8072931264563035,2,6,0,0
897.6,23903.7,381.2,3718.3,19298.1,1660.4,0,0,0,0,0,0,23006.100000000002,-23522.5,15579.8,-17637.699999999997,8394.166666666666,8225.6,23522.5,17637.699999999997,4.344322344322345,1,22,2,1
23903.7,381.2,468379.4,19298.1,1660.4,180251.4,0,0,2,0,0,1,-23522.5,467998.2,-17637.699999999997,178591.0,164221.43333333335,67069.96666666666,467998.2,178591.0,0.38483975845274476,1,5,2,1
381.2,468379.4,247039.6,1660.4,180251.4,94843.0,0,2,2,0,1,1,467998.2,-221339.80000000002,178591.0,-85408.4,238600.06666666668,92251.59999999999,467998.2,178591.0,0.3839166517568367,3,3,1,0
468379.4,247039.6,199281.6,180251.4,94843.0,37922.9,2,2,1,1,1,0,-221339.80000000002,-47758.0,-85408.4,-56920.1,304900.2,104339.10000000002,269097.80000000005,142328.5,0.1902970956822121,3,2,0,0
247039.6,199281.6,3353.0,94843.0,37922.9,3254.9,2,1,0,1,0,0,-47758.0,-195928.6,-56920.1,-34668.0,149891.4,45340.26666666666,243686.6,91588.1,0.9704531902206321,1,22,0,0
199281.6,3353.0,14914.8,37922.9,3254.9,48762.2,1,0,0,0,0,0,-195928.6,11561.8,-34668.0,45507.299999999996,72516.46666666666,29980.0,195928.6,45507.299999999996,3.2691642419447833,2,6,0,0
3353.0,14914.8,1181.4,3254.9,48762.2,888.9,0,0,0,0,0,0,11561.8,-13733.4,45507.299999999996,-47873.299999999996,6483.066666666667,17635.333333333332,13733.4,47873.299999999996,0.7517760487144789,1,22,0,0
14914.8,1181.4,1348.4,48762.2,888.9,201.1,0,0,0,0,0,0,-13733.4,167.0,-47873.299999999996,-687.8,5814.866666666666,16617.399999999998,13733.4,48561.1,0.14902919816214613,1,22,0,0
1181.4,1348.4,4984.7,888.9,201.1,3162.8,0,0,0,0,0,0,167.0,3636.2999999999997,-687.8,2961.7000000000003,2504.8333333333335,1417.6000000000001,3803.2999999999997,2961.7000000000003,0.6343743105281104,1,22,1,0
1348.4,4984.7,121567.2,201.1,3162.8,47714.3,0,0,1,0,0,0,3636.2999999999997,116582.5,2961.7000000000003,44551.5,42633.433333333334,17026.06666666667,120218.8,47513.200000000004,0.39248997681959596,2,6,0,0
4984.7,121567.2,3692.5,3162.8,47714.3,389.7,0,1,0,0,0,0,116582.5,-117874.7,44551.5,-47324.600000000006,43414.799999999996,17088.933333333334,117874.7,47324.600000000006,0.10550967916610261,1,22,0,0
121567.2,3692.5,1565.6,47714.3,389.7,3353.1,1,0,0,0,0,0,-117874.7,-2126.9,-47324.600000000006,2963.4,42275.1,17152.366666666665,120001.59999999999,47324.600000000006,2.1403676752202223,1,22,1,1
3692.5,1565.6,82657.1,389.7,3353.1,145043.8,0,0,1,0,0,1,-2126.9,81091.5,2963.4,141690.69999999998,29305.06666666667,49595.533333333326,81091.5,144654.09999999998,1.7547439391904722,5,19,1,0
1565.6,82657.1,183877.2,3353.1,145043.8,17173.0,0,1,1,0,1,0,81091.5,101220.1,141690.69999999998,-127870.79999999999,89366.63333333335,55189.96666666667,182311.6,141690.69999999998,0.09339334407232613,2,6,1,0
82657.1,183877.2,123483.2,145043.8,17173.0,50249.5,1,1,1,1,0,0,101220.1,-60394.000000000015,-127870.79999999999,33076.5,130005.83333333336,70822.09999999999,101220.1,127870.79999999999,0.40693060326746255,5,19,0,0
183877.2,123483.2,36407.2,17173.0,50249.5,7646.1,1,1,0,0,0,0,-60394.000000000015,-87076.0,33076.5,-42603.4,114589.20000000001,25022.86666666667,147470.0,42603.4,0.21001038227652016,2,6,2,1
123483.2,36407.2,284369.6,50249.5,7646.1,64629.5,1,0,2,0,0,1,-87076.0,247962.39999999997,-42603.4,56983.4,148086.66666666666,40841.700000000004,247962.39999999997,56983.4,0.22727208790219525,2,6,1,1
36407.2,284369.6,177700.3,7646.1,64629.5,124774.9,0,2,1,0,1,1,247962.39999999997,-106669.29999999999,56983.4,60145.399999999994,166159.03333333333,65683.5,247962.39999999997,117128.79999999999,0.702160873330696,5,4,0,0
284369.6,177700.3,3480.1,64629.5,124774.9,4832.0,2,1,0,1,1,0,-106669.29999999999,-174220.19999999998,60145.399999999994,-119942.9,155183.3333333333,64745.46666666667,280889.5,119942.9,1.388066990319152,1,22,0,0
177700.3,3480.1,3856.7,124774.9,4832.0,3799.5,1,0,0,1,0,0,-174220.19999999998,376.5999999999999,-119942.9,-1032.5,61679.03333333333,44468.799999999996,174220.19999999998,120975.4,0.984913290302512,1,22,1,1
3480.1,3856.7,102592.7,4832.0,3799.5,77197.3,0,0,1,0,0,1,376.5999999999999,98736.0,-1032.5,73397.8,36643.166666666664,28609.600000000002,99112.59999999999,73397.8,0.7524565348554542,5,4,0,0
3856.7,102592.7,165.9,3799.5,77197.3,625.5,0,1,0,0,1,0,98736.0,-102426.8,73397.8,-76571.8,35538.43333333333,27207.433333333334,102426.8,76571.8,3.7477531455961652,1,22,0,0
102592.7,165.9,3241.6,77197.3,625.5,3978.0,1,0,0,1,0,0,-102426.8,3075.7,-76571.8,3352.5,35333.4,27266.933333333334,102426.8,76571.8,1.2267933140072782,1,22,1,0
165.9,3241.6,107373.5,625.5,3978.0,34994.4,0,0,1,0,0,0,3075.7,104131.9,3352.5,31016.4,36927.0,13199.300000000001,107207.6,34368.9,0.325909783049048,3,3,1,0
3241.6,107373.5,112970.8,3978.0,34994.4,16312.6,0,1,1,0,0,0,104131.9,5597.300000000003,31016.4,-18681.800000000003,74528.63333333335,18428.333333333332,109729.2,31016.4,0.14439532697540447,5,4,1,0
107373.5,112970.8,89512.1,34994.4,16312.6,11975.7,1,1,1,0,0,0,5597.300000000003,-23458.699999999997,-18681.800000000003,-4336.9,103285.46666666667,21094.233333333334,23458.699999999997,23018.7,0.13378712166152218,3,2,2,0
112970.8,89512.1,332008.4,16312.6,11975.7,12222.7,1,1,2,0,0,0,-23458.699999999997,242496.30000000002,-4336.9,247.0,178163.7666666667,13503.666666666666,242496.30000000002,4336.9,0.03681431911265163,3,3,1,1
89512.1,332008.4,105780.0,11975.7,12222.7,62727.6,1,2,1,0,0,1,242496.30000000002,-226228.40000000002,247.0,50504.899999999994,175766.83333333334,28975.333333333332,242496.30000000002,50751.899999999994,0.5929949612879439,5,19,0,0
332008.4,105780.0,1149.4,12222.7,62727.6,2846.6,2,1,0,0,1,0,-226228.40000000002,-104630.6,50504.899999999994,-59881.0,146312.6,25932.300000000003,330859.0,59881.0,2.474443671766342,1,22,2,1
105780.0,1149.4,365772.4,62727.6,2846.6,52404.9,1,0,2,1,0,1,-104630.6,364623.0,-59881.0,49558.3,157567.2666666667,39326.36666666667,364623.0,59881.0,0.1432714899443207,3,3,0,0
1149.4,365772.4,3730.1,2846.6,52404.9,3516.4,0,2,0,0,1,0,364623.0,-362042.30000000005,49558.3,-48888.5,123550.63333333335,19589.3,364623.0,49558.3,0.942456648173461,1,22,0,0
365772.4,3730.1,1173.3,52404.9,3516.4,1148.8,2,0,0,1,0,0,-362042.30000000005,-2556.8,-48888.5,-2367.6000000000004,123558.59999999999,19023.36666666667,364599.10000000003,51256.1,0.9782849357063783,1,22,0,0
3730.1,1173.3,708.4,3516.4,1148.8,409.4,0,0,0,0,0,0,-2556.8,-464.9,-2367.6000000000004,-739.4,1870.5999999999997,1691.533333333333,3021.7,3107.0,0.5771074147166619,1,22,1,1
1173.3,708.4,141646.2,1148.8,409.4,104562.3,0,0,1,0,0,1,-464.9,140937.80000000002,-739.4,104152.90000000001,47842.63333333334,35373.5,140937.80000000002,104152.90000000001,0.7381882592808047,5,19,0,0
708.4,141646.2,3080.6,409.4,104562.3,1670.3,0,1,0,0,1,0,140937.80000000002,-138565.6,104152.90000000001,-102892.0,48478.4,35547.333333333336,140937.80000000002,104152.90000000001,0.542023624091381,1,22,0,0
141646.2,3080.6,2515.0,104562.3,1670.3,2558.5,1,0,0,1,0,0,-138565.6,-565.5999999999999,-102892.0,888.2,49080.600000000006,36263.700000000004,139131.2,102892.0,1.0168918918918919,1,22,0,0
3080.6,2515.0,4927.2,1670.3,2558.5,4490.1,0,0,0,0,0,0,-565.5999999999999,2412.2,888.2,1931.6000000000004,3507.6,2906.3000000000006,2412.2,2819.8,0.9111034454770506,1,22,0,0
2515.0,4927.2,2014.1,2558.5,4490.1,2954.7,0,0,0,0,0,0,2412.2,-2913.1,1931.6000000000004,-1535.4000000000005,3152.1,3334.433333333333,2913.1,1931.6000000000004,1.4662795891022777,1,22,1,0
4927.2,2014.1,70448.0,4490.1,2954.7,44982.5,0,0,1,0,0,0,-2913.1,68433.9,-1535.4000000000005,42027.8,25796.433333333334,17475.766666666666,68433.9,42027.8,0.638511547360502,5,19,0,0
2014.1,70448.0,299.1,2954.7,44982.5,4006.4,0,1,0,0,0,0,68433.9,-70148.9,42027.8,-40976.1,24253.733333333337,17314.533333333333,70148.9,42027.8,13.35021659446851,1,22,0,0
70448.0,299.1,2717.6,44982.5,4006.4,2537.3,1,0,0,0,0,0,-70148.9,2418.5,-40976.1,-1469.1,24488.233333333337,17175.4,70148.9,42445.2,0.9333112631501509,1,22,2,0
299.1,2717.6,207469.9,4006.4,2537.3,15634.4,0,0,2,0,0,0,2418.5,204752.3,-1469.1,13097.099999999999,70162.2,7392.7,207170.8,13097.099999999999,0.0753570741728117,2,6,1,1
2717.6,207469.9,145684.0,2537.3,15634.4,77109.5,0,2,1,0,0,1,204752.3,-61785.899999999994,13097.099999999999,61475.1,118623.83333333333,31760.399999999998,204752.3,74572.2,0.5292892198922332,5,4,0,0
207469.9,145684.0,24491.6,15634.4,77109.5,25021.5,2,1,0,0,1,0,-61785.899999999994,-121192.4,61475.1,-52088.0,125881.83333333333,39255.13333333333,182978.3,61475.1,1.0215942774552313,3,3,0,0
145684.0,24491.6,1647.4,77109.5,25021.5,3083.3,1,0,0,1,0,0,-121192.4,-22844.199999999997,-52088.0,-21938.2,57274.333333333336,35071.433333333334,144036.6,74026.2,1.8704804659063334,1,22,0,0
24491.6,1647.4,2833.1,25021.5,3083.3,1101.1,0,0,0,0,0,0,-22844.199999999997,1185.6999999999998,-21938.2,-1982.2000000000003,9657.366666666667,9735.3,22844.199999999997,23920.4,0.388518400903285,1,22,0,0
1647.4,2833.1,3077.0,3083.3,1101.1,1861.3,0,0,0,0,0,0,1185.6999999999998,243.9000000000001,-1982.2000000000003,760.2,2519.1666666666665,2015.2333333333333,1429.6,1982.2000000000003,0.6047108512020792,1,22,0,0
2833.1,3077.0,1076.3,1101.1,1861.3,3518.5,0,0,0,0,0,0,243.9000000000001,-2000.7,760.2,1657.2,2328.8,2160.2999999999997,2000.7,2417.4,3.2660354590179153,1,22,2,0
3077.0,1076.3,257026.2,1861.3,3518.5,23811.1,0,0,2,0,0,0,-2000.7,255949.90000000002,1657.2,20292.6,87059.83333333333,9730.3,255949.90000000002,21949.8,0.09264038981088382,2,6,0,0
1076.3,257026.2,829.5,3518.5,23811.1,2388.4,0,2,0,0,0,0,255949.90000000002,-256196.7,20292.6,-21422.699999999997,86310.66666666667,9906.0,256196.7,21422.699999999997,2.8758579169175196,1,22,0,0
257026.2,829.5,679.4,23811.1,2388.4,1225.8,2,0,0,0,0,0,-256196.7,-150.10000000000002,-21422.699999999997,-1162.6000000000001,86178.36666666667,9141.766666666666,256346.80000000002,22585.3,1.8015873015873016,1,22,0,0
829.5,679.4,2274.7,2388.4,1225.8,1647.4,0,0,0,0,0,0,-150.10000000000002,1595.2999999999997,-1162.6000000000001,421.60000000000014,1261.2,1753.8666666666668,1595.2999999999997,1162.6000000000001,0.7239091268620645,1,22,0,0
679.4,2274.7,4803.9,1225.8,1647.4,768.3,0,0,0,0,0,0,1595.2999999999997,2529.2,421.60000000000014,-879.1000000000001,2586.0,1213.8333333333333,4124.5,879.1000000000001,0.1598992694957231,1,22,1,0
2274.7,4803.9,69450.0,1647.4,768.3,42469.8,0,0,1,0,0,0,2529.2,64646.1,-879.1000000000001,41701.5,25509.533333333336,14961.833333333334,67175.3,41701.5,0.6115073937020346,3,2,2,1
4803.9,69450.0,609633.9,768.3,42469.8,179251.7,0,1,2,0,0,1,64646.1,540183.9,41701.5,136781.90000000002,227962.6,74163.26666666668,604830.0,178483.40000000002,0.2940312308235634,1,5,2,0
69450.0,609633.9,318426.5,42469.8,179251.7,33503.2,1,2,2,0,1,0,540183.9,-291207.4,136781.90000000002,-145748.5,332503.4666666667,85074.90000000001,540183.9,145748.5,0.10521453078016188,3,3,0,0
609633.9,318426.5,2852.1,179251.7,33503.2,2022.1,2,2,0,1,0,0,-291207.4,-315574.4,-145748.5,-31481.1,310304.1666666667,71592.33333333334,606781.8,177229.6,0.7087378640776699,1,22,0,1
318426.5,2852.1,42813.8,33503.2,2022.1,82312.7,2,0,0,0,0,1,-315574.4,39961.700000000004,-31481.1,80290.59999999999,121364.13333333332,39279.333333333336,315574.4,80290.59999999999,1.9225291254426038,3,3,0,0
2852.1,42813.8,3160.4,2022.1,82312.7,2276.8,0,0,0,0,1,0,39961.700000000004,-39653.4,80290.59999999999,-80035.9,16275.433333333334,28870.533333333336,39961.700000000004,80290.59999999999,0.7201872588093883,1,22,1,0
42813.8,3160.4,111483.8,82312.7,2276.8,45707.3,0,0,1,1,0,0,-39653.4,108323.40000000001,-80035.9,43430.5,52486.0,43432.26666666667,108323.40000000001,80035.9,0.4099868322856569,2,6,1,0
3160.4,111483.8,66388.7,2276.8,45707.3,17677.8,0,1,1,0,0,0,108323.40000000001,-45095.100000000006,43430.5,-28029.500000000004,60344.299999999996,21887.300000000003,108323.40000000001,43430.5,0.26627323214293785,5,19,0,0
111483.8,66388.7,4363.4,45707.3,17677.8,3859.8,1,1,0,0,0,0,-45095.100000000006,-62025.299999999996,-28029.500000000004,-13818.0,60745.299999999996,22414.96666666667,107120.40000000001,41847.5,0.8843827330217213,1,22,0,0
66388.7,4363.4,2964.3,17677.8,3859.8,2666.7,1,0,0,0,0,0,-62025.299999999996,-1399.0999999999995,-13818.0,-1193.1000000000004,24572.13333333333,8068.099999999999,63424.399999999994,15011.099999999999,0.899301925606178,1,22,0,0
4363.4,2964.3,3945.5,3859.8,2666.7,1549.4,0,0,0,0,0,0,-1399.0999999999995,981.1999999999998,-1193.1000000000004,-1117.2999999999997,3757.7333333333336,2691.9666666666667,1399.0999999999995,2310.4,0.39260103889522363,1,22,2,1
2964.3,3945.5,205247.6,2666.7,1549.4,74970.0,0,0,2,0,0,1,981.1999999999998,201302.1,-1117.2999999999997,73420.6,70719.13333333333,26395.36666666667,202283.30000000002,73420.6,0.36526436721127453,3,3,0,0
3945.5,205247.6,1586.2,1549.4,74970.0,930.9,0,2,0,0,1,0,201302.1,-203661.4,73420.6,-74039.1,70259.76666666668,25816.766666666663,203661.4,74039.1,0.5865045362903225,1,22,0,0
205247.6,1586.2,664.9,74970.0,930.9,586.0,2,0,0,1,0,0,-203661.4,-921.3000000000001,-74039.1,-344.9,69166.23333333334,25495.63333333333,204582.7,74384.0,0.8800120138158883,1,22,1,1
1586.2,664.9,114468.7,930.9,586.0,52345.5,0,0,1,0,0,1,-921.3000000000001,113803.8,-344.9,51759.5,38906.6,17954.133333333335,113803.8,51759.5,0.45728695017109333,3,2,0,0
664.9,114468.7,4249.0,586.0,52345.5,403.2,0,1,0,0,1,0,113803.8,-110219.7,51759.5,-51942.3,39794.2,17778.233333333334,113803.8,51942.3,0.09487058823529411,1,22,0,0
114468.7,4249.0,1295.4,52345.5,403.2,1404.1,1,0,0,1,0,0,-110219.7,-2953.6,-51942.3,1000.8999999999999,40004.36666666666,18050.93333333333,113173.3,51942.3,1.0830762110459733,1,22,1,1
4249.0,1295.4,83904.4,403.2,1404.1,52282.3,0,0,1,0,0,1,-2953.6,82609.0,1000.8999999999999,50878.200000000004,29816.266666666663,18029.86666666667,82609.0,51879.100000000006,0.6231100739642503,2,6,1,1
1295.4,83904.4,136245.0,1404.1,52282.3,69298.9,0,1,1,0,1,1,82609.0,52340.600000000006,50878.200000000004,17016.59999999999,73814.93333333333,40995.1,134949.6,67894.79999999999,0.5086307120943,2,6,1,1
83904.4,136245.0,178141.3,52282.3,69298.9,77311.0,1,1,1,1,1,1,52340.600000000006,41896.29999999999,17016.59999999999,8012.100000000006,132763.56666666665,66297.40000000001,94236.9,25028.699999999997,0.4339845168721859,2,6,1,0
136245.0,178141.3,59246.4,69298.9,77311.0,3801.9,1,1,1,1,1,0,41896.29999999999,-118894.9,8012.100000000006,-73509.1,124544.23333333334,50137.26666666666,118894.9,73509.1,0.0641699045021385,2,6,2,1
178141.3,59246.4,271568.6,77311.0,3801.9,94341.5,1,1,2,1,0,1,-118894.9,212322.19999999998,-73509.1,90539.6,169652.09999999998,58484.799999999996,212322.19999999998,90539.6,0.3473934490458432,3,3,0,0
59246.4,271568.6,50424.6,3801.9,94341.5,20856.5,1,2,0,0,1,0,212322.19999999998,-221143.99999999997,90539.6,-73485.0,127079.86666666665,39666.63333333333,221143.99999999997,90539.6,0.4136093571519228,3,3,0,0
271568.6,50424.6,506.2,94341.5,20856.5,3539.0,2,0,0,1,0,0,-221143.99999999997,-49918.4,-73485.0,-17317.5,107499.79999999999,39579.0,271062.39999999997,90802.5,6.9775236593059935,1,22,0,0
50424.6,506.2,161.0,20856.5,3539.0,2015.2,0,0,0,0,0,0,-49918.4,-345.2,-17317.5,-1523.8,17030.6,8803.566666666668,50263.6,18841.3,12.439506172839506,1,22,1,0
506.2,161.0,170714.2,3539.0,2015.2,29933.0,0,0,1,0,0,0,-345.2,170553.2,-1523.8,27917.8,57127.13333333334,11829.066666666666,170553.2,27917.8,0.17533880990093442,3,0,0,0
161.0,170714.2,3343.2,2015.2,29933.0,3564.8,0,1,0,0,0,0,170553.2,-167371.0,27917.8,-26368.2,58072.80000000001,11837.666666666666,170553.2,27917.8,1.0659649542491478,1,22,1,0
170714.2,3343.2,77982.0,29933.0,3564.8,24165.7,1,0,1,0,0,0,-167371.0,74638.8,-26368.2,20600.9,84013.13333333335,19221.166666666668,167371.0,26368.2,0.30988420553197493,2,6,0,0
3343.2,77982.0,612.0,3564.8,24165.7,2531.7,0,1,0,0,0,0,74638.8,-77370.0,20600.9,-21634.0,27312.399999999998,10087.4,77370.0,21634.0,4.130016313213702,1,22,0,0
77982.0,612.0,3385.0,24165.7,2531.7,3469.4,1,0,0,0,0,0,-77370.0,2773.0,-21634.0,937.7000000000003,27326.333333333332,10055.6,77370.0,21634.0,1.0246308328411105,1,22,1,1
612.0,3385.0,145465.6,2531.7,3469.4,78048.6,0,0,1,0,0,1,2773.0,142080.6,937.7000000000003,74579.20000000001,49820.86666666667,28016.56666666667,144853.6,75516.90000000001,0.5365396592757375,2,6,0,0
3385.0,145465.6,1383.9,3469.4,78048.6,2252.0,0,1,0,0,1,0,142080.6,-144081.7,74579.20000000001,-75796.6,50078.166666666664,27923.333333333332,144081.7,75796.6,1.6261101884612605,1,22,1,0
145465.6,1383.9,145572.1,78048.6,2252.0,38899.9,1,0,1,1,0,0,-144081.7,144188.2,-75796.6,36647.9,97473.86666666665,39733.5,144188.2,75796.6,0.26721901230378414,5,4,0,0
1383.9,145572.1,2561.1,2252.0,38899.9,1944.0,0,1,0,0,0,0,144188.2,-143011.0,36647.9,-36955.9,49839.03333333333,14365.300000000001,144188.2,36955.9,0.758752585769486,1,22,0,0
145572.1,2561.1,2631.6,38899.9,1944.0,3215.7,1,0,0,0,0,0,-143011.0,70.5,-36955.9,1271.6999999999998,50254.93333333334,14686.533333333333,143011.0,36955.9,1.2214920610803008,1,22,1,0
2561.1,2631.6,107414.6,1944.0,3215.7,44094.1,0,0,1,0,0,0,70.5,104783.0,1271.6999999999998,40878.4,37535.76666666667,16417.93333333333,104853.5,42150.1,0.410499964623388,2,6,1,0
2631.6,107414.6,143720.9,3215.7,44094.1,32433.7,0,1,1,0,0,0,104783.0,36306.29999999999,40878.4,-11660.399999999998,84589.03333333334,26581.166666666668,141089.3,40878.4,0.22566985268076753,3,2,0,0
107414.6,143720.9,1657.1,44094.1,32433.7,200.4,1,1,0,0,0,0,36306.29999999999,-142063.8,-11660.399999999998,-32233.3,84264.2,25576.066666666666,142063.8,43893.7,0.12086122670526507,1,22,2,0
143720.9,1657.1,257425.0,32433.7,200.4,30791.4,1,0,2,0,0,0,-142063.8,255767.9,-32233.3,30591.0,134267.66666666666,21141.833333333332,255767.9,32233.3,0.11961262654121962,3,2,0,1
1657.1,257425.0,7453.5,200.4,30791.4,73922.9,0,2,0,0,0,1,255767.9,-249971.5,30591.0,43131.49999999999,88845.2,34971.566666666666,255767.9,73722.5,9.91654705211617,2,6,1,0
257425.0,7453.5,105872.1,30791.4,73922.9,16232.9,2,0,1,0,1,0,-249971.5,98418.6,43131.49999999999,-57689.99999999999,123583.53333333333,40315.73333333333,249971.5,57689.99999999999,0.15332412104680035,5,19,1,0
7453.5,105872.1,91412.2,73922.9,16232.9,20034.8,0,1,1,1,0,0,98418.6,-14459.900000000009,-57689.99999999999,3801.8999999999996,68245.93333333333,36730.2,98418.6,57689.99999999999,0.21916747253131932,2,6,0,0
105872.1,91412.2,1993.5,16232.9,20034.8,1764.6,1,1,0,0,0,0,-14459.900000000009,-89418.7,3801.8999999999996,-18270.2,66425.93333333333,12677.433333333332,103878.6,18270.2,0.8847330157934319,1,22,0,0
91412.2,1993.5,1991.9,20034.8,1764.6,858.2,1,0,0,0,0,0,-89418.7,-1.599999999999909,-18270.2,-906.3999999999999,31799.199999999997,7552.533333333333,89420.3,19176.6,0.430628731998595,1,22,1,0
1993.5,1991.9,168094.8,1764.6,858.2,40944.0,0,0,1,0,0,0,-1.599999999999909,166102.9,-906.3999999999999,40085.8,57360.06666666666,14522.266666666668,166102.9,40085.8,0.24357538974798895,3,3,0,0
1991.9,168094.8,2226.7,858.2,40944.0,1110.3,0,1,0,0,0,0,166102.9,-165868.09999999998,40085.8,-39833.7,57437.799999999996,14304.166666666666,166102.9,40085.8,0.49840642815459896,1,22,3,1
168094.8,2226.7,1369433.9,40944.0,1110.3,81719.6,1,0,3,0,0,1,-165868.09999999998,1367207.2,-39833.7,80609.3,513251.8,41257.96666666667,1367207.2,80609.3,0.05967395748421485,3,0,1,1
2226.7,1369433.9,128177.2,1110.3,81719.6,75578.1,0,3,1,0,1,1,1367207.2,-1241256.7,80609.3,-6141.5,499945.9333333333,52802.666666666664,1367207.2,80609.3,0.5896330265208906,3,3,1,1
1369433.9,128177.2,135613.1,81719.6,75578.1,69011.2,3,1,1,1,1,1,-1241256.7,7435.900000000009,-6141.5,-6566.900000000009,544408.0666666667,75436.3,1241256.7,12708.400000000009,0.5088792389581909,3,2,0,0
128177.2,135613.1,1590.1,75578.1,69011.2,2620.2,1,1,0,1,1,0,7435.900000000009,-134023.0,-6566.900000000009,-66391.0,88460.13333333332,49069.833333333336,134023.0,72957.90000000001,1.6467852429137075,1,22,0,0
135613.1,1590.1,1161.3,69011.2,2620.2,1906.0,1,0,0,1,0,0,-134023.0,-428.79999999999995,-66391.0,-714.1999999999998,46121.5,24512.466666666664,134451.80000000002,67105.2,1.6398520175514069,1,22,0,0
1590.1,1161.3,293.1,2620.2,1906.0,388.6,0,0,0,0,0,0,-428.79999999999995,-868.1999999999999,-714.1999999999998,-1517.4,1014.8333333333331,1638.2666666666667,1297.0,2231.6,1.3213192791567494,1,22,0,0
1161.3,293.1,954.1,1906.0,388.6,556.3,0,0,0,0,0,0,-868.1999999999999,661.0,-1517.4,167.69999999999993,802.8333333333334,950.2999999999998,868.1999999999999,1517.4,0.5824520992566223,1,22,0,0
293.1,954.1,3632.9,388.6,556.3,2963.0,0,0,0,0,0,0,661.0,2678.8,167.69999999999993,2406.7,1626.7,1302.6333333333334,3339.8,2574.4,0.8153774182008311,1,22,0,0
954.1,3632.9,923.3,556.3,2963.0,2075.6,0,0,0,0,0,0,2678.8,-2709.6000000000004,2406.7,-887.4000000000001,1836.7666666666667,1864.9666666666665,2709.6000000000004,2406.7,2.245591258249486,1,22,1,1
3632.9,923.3,96915.1,2963.0,2075.6,64358.1,0,0,1,0,0,1,-2709.6000000000004,95991.8,-887.4000000000001,62282.5,33823.76666666667,23132.233333333334,95991.8,62282.5,0.6640599446325223,2,6,2,2
923.3,96915.1,378210.7,2075.6,64358.1,247856.2,0,1,2,0,1,2,95991.8,281295.6,62282.5,183498.1,158683.03333333335,104763.3,377287.4,245780.6,0.6553372092931022,1,5,2,1
96915.1,378210.7,253846.2,64358.1,247856.2,76228.2,1,2,2,1,2,1,281295.6,-124364.5,183498.1,-171628.0,242990.66666666666,129480.83333333333,281295.6,183498.1,0.30029167152523245,2,6,0,0
378210.7,253846.2,3923.1,247856.2,76228.2,471.3,2,2,0,2,1,0,-124364.5,-249923.1,-171628.0,-75756.9,211993.33333333334,108185.23333333334,374287.60000000003,247384.90000000002,0.12010397288550241,1,22,0,0
253846.2,3923.1,985.2,76228.2,471.3,4215.6,2,0,0,1,0,0,-249923.1,-2937.8999999999996,-75756.9,3744.3,86251.50000000001,26971.7,252861.0,75756.9,4.274589332792537,1,22,2,0
3923.1,985.2,251910.6,471.3,4215.6,14147.1,0,0,2,0,0,0,-2937.8999999999996,250925.4,3744.3,9931.5,85606.3,6278.0,250925.4,13675.800000000001,0.056158985929984966,3,2,2,1
985.2,251910.6,410995.4,4215.6,14147.1,78266.4,0,2,2,0,0,1,250925.4,159084.80000000002,9931.5,64119.299999999996,221297.06666666668,32209.699999999997,410010.2,74050.79999999999,0.19043086508786936,3,0,2,0
251910.6,410995.4,222597.6,14147.1,78266.4,4613.8,2,2,2,0,1,0,159084.80000000002,-188397.80000000002,64119.299999999996,-73652.59999999999,295167.86666666664,32342.433333333334,188397.80000000002,73652.59999999999,0.02072699468909508,2,6,2,0
410995.4,222597.6,232443.8,78266.4,4613.8,42648.9,2,2,2,1,0,0,-188397.80000000002,9846.199999999983,-73652.59999999999,38035.1,288678.93333333335,41843.03333333333,188397.80000000002,73652.59999999999,0.18347969066204106,2,6,2,2
222597.6,232443.8,383695.3,4613.8,42648.9,220360.6,2,2,2,0,0,2,9846.199999999983,151251.5,38035.1,177711.7,279578.89999999997,89207.76666666666,161097.69999999998,215746.80000000002,0.5743099425248562,1,5,1,0
232443.8,383695.3,100303.6,42648.9,220360.6,51074.8,2,2,1,0,2,0,151251.5,-283391.69999999995,177711.7,-169285.8,238814.2333333333,104694.76666666666,283391.69999999995,177711.7,0.5091969859807027,2,6,0,0
383695.3,100303.6,4699.6,220360.6,51074.8,2179.5,2,1,0,2,0,0,-283391.69999999995,-95604.0,-169285.8,-48895.3,162899.5,91204.96666666667,378995.7,218181.1,0.4636642130791813,1,22,0,0
100303.6,4699.6,3264.9,51074.8,2179.5,955.1,1,0,0,0,0,0,-95604.0,-1434.7000000000003,-48895.3,-1224.4,36089.36666666667,18069.8,97038.70000000001,50119.700000000004,0.29244618634985764,1,22,0,0
4699.6,3264.9,3468.3,2179.5,955.1,731.6,0,0,0,0,0,0,-1434.7000000000003,203.4000000000001,-1224.4,-223.5,3810.933333333333,1288.7333333333333,1434.7000000000003,1447.9,0.2108782751563716,1,22,0,0
3264.9,3468.3,3238.0,955.1,731.6,1433.2,0,0,0,0,0,0,203.4000000000001,-230.30000000000018,-223.5,701.6,3323.7333333333336,1039.9666666666667,230.30000000000018,701.6,0.4424822476072862,1,22,0,0
3468.3,3238.0,1525.3,731.6,1433.2,654.7,0,0,0,0,0,0,-230.30000000000018,-1712.7,701.6,-778.5,2743.866666666667,939.8333333333334,1943.0000000000002,778.5,0.42894581668086224,1,22,1,0
3238.0,1525.3,62948.3,1433.2,654.7,8989.4,0,0,1,0,0,0,-1712.7,61423.0,-778.5,8334.699999999999,22570.533333333336,3692.433333333333,61423.0,8334.699999999999,0.14280381195660632,3,0,3,1
1525.3,62948.3,739142.5,654.7,8989.4,61640.2,0,1,3,0,0,1,61423.0,676194.2,8334.699999999999,52650.799999999996,267872.0333333333,23761.433333333334,737617.2,60985.5,0.08339409059269276,3,0,0,0
62948.3,739142.5,31396.6,8989.4,61640.2,14300.5,1,3,0,0,1,0,676194.2,-707745.9,52650.799999999996,-47339.7,277829.13333333336,28310.03333333333,707745.9,52650.799999999996,0.455464748898005,2,6,0,0
739142.5,31396.6,3169.5,61640.2,14300.5,3737.2,3,0,0,1,0,0,-707745.9,-28227.1,-47339.7,-10563.3,257902.86666666667,26559.3,735973.0,57903.0,1.178741523419019,1,22,2,1
31396.6,3169.5,475079.4,14300.5,3737.2,64943.8,0,0,2,0,0,1,-28227.1,471909.9,-10563.3,61206.600000000006,169881.83333333334,27660.5,471909.9,61206.600000000006,0.13670065108979448,1,5,0,0
3169.5,475079.4,2835.2,3737.2,64943.8,2395.3,0,2,0,0,1,0,471909.9,-472244.2,61206.600000000006,-62548.5,160361.36666666667,23692.100000000002,472244.2,62548.5,0.8445455186517172,1,22,0,0
475079.4,2835.2,1316.8,64943.8,2395.3,3930.4,2,0,0,1,0,0,-472244.2,-1518.3999999999999,-62548.5,1535.1,159743.80000000002,23756.5,473762.60000000003,62548.5,2.9825466686902415,1,22,3,1
2835.2,1316.8,1147211.4,2395.3,3930.4,81524.9,0,0,3,0,0,1,-1518.3999999999999,1145894.5999999999,1535.1,77594.5,383787.8,29283.53333333333,1145894.5999999999,79129.59999999999,0.07106347525532325,3,0,1,1
1316.8,1147211.4,61924.8,3930.4,81524.9,55761.5,0,3,1,0,1,1,1145894.5999999999,-1085286.5999999999,77594.5,-25763.399999999994,403484.3333333333,47072.26666666666,1145894.5999999999,77594.5,0.9004566755697948,2,6,0,1
1147211.4,61924.8,44746.0,81524.9,55761.5,72095.7,3,1,0,1,1,1,-1085286.5999999999,-17178.800000000003,-25763.399999999994,16334.199999999997,417960.73333333334,69794.03333333333,1102465.4,25763.399999999994,1.6111851073815004,2,6,0,0
61924.8,44746.0,2204.4,55761.5,72095.7,1508.8,1,0,0,1,1,0,-17178.800000000003,-42541.6,16334.199999999997,-70586.9,36291.73333333333,43122.0,59720.4,70586.9,0.6841389317130678,1,22,1,0
44746.0,2204.4,92114.8,72095.7,1508.8,22729.5,0,0,1,1,0,0,-42541.6,89910.40000000001,-70586.9,21220.7,46355.06666666667,32111.333333333332,89910.40000000001,70586.9,0.2467492004628956,3,3,2,0
2204.4,92114.8,221058.7,1508.8,22729.5,23475.3,0,1,2,0,0,0,89910.40000000001,128943.90000000001,21220.7,745.7999999999993,105125.96666666667,15904.533333333333,218854.30000000002,21966.5,0.10619439002224285,2,6,2,0
92114.8,221058.7,276052.7,22729.5,23475.3,46589.0,1,2,2,0,0,0,128943.90000000001,54994.0,745.7999999999993,23113.7,196408.7333333333,30931.266666666666,183937.90000000002,23859.5,0.1687678882768099,3,2,0,0
221058.7,276052.7,944.1,23475.3,46589.0,1323.6,2,2,0,0,0,0,54994.0,-275108.60000000003,23113.7,-45265.4,166018.5,23795.96666666667,275108.60000000003,45265.4,1.4004867209819065,1,22,0,0
276052.7,944.1,1962.1,46589.0,1323.6,202.7,2,0,0,0,0,0,-275108.60000000003,1017.9999999999999,-45265.4,-1120.8999999999999,92986.29999999999,16038.433333333332,275108.60000000003,46386.3,0.10325505577912485,1,22,0,0
944.1,1962.1,1578.3,1323.6,202.7,638.0,0,0,0,0,0,0,1017.9999999999999,-383.79999999999995,-1120.8999999999999,435.3,1494.8333333333333,721.4333333333334,1017.9999999999999,1120.8999999999999,0.4039764452605585,1,22,0,0
1962.1,1578.3,4312.8,202.7,638.0,3148.9,0,0,0,0,0,0,-383.79999999999995,2734.5,435.3,2510.9,2617.733333333333,1329.8666666666668,2734.5,2946.2000000000003,0.7299596643330706,1,22,0,0
1578.3,4312.8,3660.8,638.0,3148.9,2701.5,0,0,0,0,0,0,2734.5,-652.0,2510.9,-447.4000000000001,3183.966666666667,2162.7999999999997,2734.5,2510.9,0.7377519252826479,1,22,0,0
4312.8,3660.8,1955.8,3148.9,2701.5,2644.1,0,0,0,0,0,0,-652.0,-1705.0000000000002,-447.4000000000001,-57.40000000000009,3309.7999999999997,2831.5,2357.0,504.8000000000002,1.3512367130008176,1,22,0,0
3660.8,1955.8,2770.8,2701.5,2644.1,3084.5,0,0,0,0,0,0,-1705.0000000000002,815.0000000000002,-57.40000000000009,440.4000000000001,2795.8000000000006,2810.0333333333333,1705.0000000000002,440.4000000000001,1.112814777400967,1,22,1,0
1955.8,2770.8,194066.7,2644.1,3084.5,10616.2,0,0,1,0,0,0,815.0000000000002,191295.90000000002,440.4000000000001,7531.700000000001,66264.43333333333,5448.266666666667,192110.90000000002,7972.1,0.054703590551132414,2,6,0,0
2770.8,194066.7,361.4,3084.5,10616.2,4184.2,0,1,0,0,0,0,191295.90000000002,-193705.30000000002,7531.700000000001,-6432.000000000001,65732.96666666666,5961.633333333334,193705.30000000002,7531.700000000001,11.54580573951435,1,22,0,0
194066.7,361.4,4392.8,10616.2,4184.2,967.9,1,0,0,0,0,0,-193705.30000000002,4031.4,-6432.000000000001,-3216.2999999999997,66273.63333333333,5256.1,193705.30000000002,9648.300000000001,0.2202876780918567,1,22,0,0
361.4,4392.8,520.8,4184.2,967.9,2876.5,0,0,0,0,0,0,4031.4,-3872.0,-3216.2999999999997,1908.6,1758.3333333333333,2676.2,4031.4,3216.2999999999997,5.512648524338828,1,22,1,0
4392.8,520.8,204218.0,967.9,2876.5,44436.6,0,0,1,0,0,0,-3872.0,203697.2,1908.6,41560.1,69710.53333333334,16093.666666666666,203697.2,43468.7,0.2175928782336609,3,2,1,0
520.8,204218.0,117256.6,2876.5,44436.6,39803.6,0,1,1,0,0,0,203697.2,-86961.4,41560.1,-4633.0,107331.8,29038.899999999998,203697.2,41560.1,0.33945432961275,3,3,0,0
204218.0,117256.6,376.4,44436.6,39803.6,2797.6,1,1,0,0,0,0,-86961.4,-116880.20000000001,-4633.0,-37006.0,107283.66666666667,29012.600000000002,203841.6,41639.0,7.412824589295178,1,22,0,0
117256.6,376.4,2558.7,39803.6,2797.6,3581.1,1,0,0,0,0,0,-116880.20000000001,2182.2999999999997,-37006.0,783.5,40063.9,15394.099999999999,116880.20000000001,37006.0,1.3990311364613042,1,22,0,0
376.4,2558.7,4044.9,2797.6,3581.1,430.7,0,0,0,0,0,0,2182.2999999999997,1486.2000000000003,783.5,-3150.4,2326.6666666666665,2269.7999999999997,3668.5,3150.4,0.10645344669912751,1,22,0,0
2558.7,4044.9,4693.1,3581.1,430.7,2109.0,0,0,0,0,0,0,1486.2000000000003,648.2000000000003,-3150.4,1678.3,3765.566666666667,2040.2666666666664,2134.4000000000005,3150.4,0.44928740333610273,1,22,2,1
4044.9,4693.1,213988.0,430.7,2109.0,66244.2,0,0,2,0,0,1,648.2000000000003,209294.9,1678.3,64135.2,74242.0,22927.966666666664,209943.1,65813.5,0.3095682488352205,2,6,0,0
4693.1,213988.0,395.1,2109.0,66244.2,467.5,0,2,0,0,1,0,209294.9,-213592.9,64135.2,-65776.7,73025.40000000001,22940.233333333334,213592.9,65776.7,1.1802575107296136,1,22,2,1
213988.0,395.1,283658.0,66244.2,467.5,76925.8,2,0,2,1,0,1,-213592.9,283262.9,-65776.7,76458.3,166013.69999999998,47879.166666666664,283262.9,76458.3,0.27119111327333173,2,6,0,0
395.1,283658.0,3680.8,467.5,76925.8,2220.3,0,2,0,0,1,0,283262.9,-279977.2,76458.3,-74705.5,95911.29999999999,26537.86666666667,283262.9,76458.3,0.6030474224564072,1,22,0,0
283658.0,3680.8,2725.7,76925.8,2220.3,1145.3,2,0,0,1,0,0,-279977.2,-955.1000000000004,-74705.5,-1075.0000000000002,96688.16666666667,26763.800000000003,280932.3,75780.5,0.42003153995672426,1,22,0,0
3680.8,2725.7,797.7,2220.3,1145.3,2272.7,0,0,0,0,0,0,-955.1000000000004,-1927.9999999999998,-1075.0000000000002,1127.3999999999999,2401.4,1879.4333333333334,2883.1000000000004,1127.3999999999999,2.845498935770627,1,22,0,1
2725.7,797.7,36126.7,1145.3,2272.7,51812.7,0,0,0,0,0,1,-1927.9999999999998,35329.0,1127.3999999999999,49540.0,13216.699999999999,18410.233333333334,35329.0,50667.399999999994,1.4341544023007278,2,6,1,1
797.7,36126.7,140322.6,2272.7,51812.7,53888.9,0,0,1,0,1,1,35329.0,104195.90000000001,49540.0,2076.2000000000044,59082.333333333336,35991.43333333333,139524.9,51616.200000000004,0.3840330493231359,2,6,0,0
36126.7,140322.6,750.6,51812.7,53888.9,623.1,0,1,0,1,1,0,104195.90000000001,-139572.0,2076.2000000000044,-53265.8,59066.63333333333,35441.56666666667,139572.0,53265.8,0.8290313996806812,1,22,1,0
140322.6,750.6,104566.3,53888.9,623.1,14337.8,1,0,1,1,0,0,-139572.0,103815.7,-53265.8,13714.699999999999,81879.83333333333,22949.933333333334,139572.0,53265.8,0.13711552273033728,2,6,2,1
750.6,104566.3,365807.3,623.1,14337.8,138081.0,0,1,2,0,0,1,103815.7,261241.0,13714.699999999999,123743.2,157041.4,51013.96666666667,365056.7,137457.9,0.37746819850725094,1,5,2,0
104566.3,365807.3,297481.6,14337.8,138081.0,27323.0,1,2,2,0,1,0,261241.0,-68325.70000000001,123743.2,-110758.0,255951.7333333333,59913.93333333333,261241.0,123743.2,0.0918473887212227,2,6,2,0
365807.3,297481.6,230434.4,138081.0,27323.0,35585.9,2,2,2,1,0,0,-68325.70000000001,-67047.19999999998,-110758.0,8262.900000000001,297907.76666666666,66996.63333333333,135372.9,110758.0,0.15442896360541827,2,6,2,1
297481.6,230434.4,251197.1,27323.0,35585.9,58498.7,2,2,2,0,0,1,-67047.19999999998,20762.70000000001,8262.900000000001,22912.799999999996,259704.36666666667,40469.200000000004,67047.19999999998,31175.699999999997,0.2328787518695404,3,3,0,0
230434.4,251197.1,3875.4,35585.9,58498.7,3719.4,2,2,0,0,1,0,20762.70000000001,-247321.7,22912.799999999996,-54779.299999999996,161835.63333333333,32601.333333333332,247321.7,54779.299999999996,0.9594985037663811,1,22,0,0
251197.1,3875.4,4815.9,58498.7,3719.4,1900.5,2,0,0,1,0,0,-247321.7,940.4999999999995,-54779.299999999996,-1818.9,86629.46666666666,21372.866666666665,247321.7,56598.2,0.39454836097905294,1,22,2,1
3875.4,4815.9,219262.4,3719.4,1900.5,78670.6,0,0,2,0,0,1,940.4999999999995,214446.5,-1818.9,76770.1,75984.56666666667,28096.833333333332,215387.0,76770.1,0.35879494708191156,2,6,0,0
4815.9,219262.4,2118.7,1900.5,78670.6,2980.9,0,2,0,0,1,0,214446.5,-217143.69999999998,76770.1,-75689.70000000001,75399.0,27850.666666666668,217143.69999999998,76770.1,1.406283908100203,1,22,1,0
219262.4,2118.7,93598.5,78670.6,2980.9,19307.2,2,0,1,1,0,0,-217143.69999999998,91479.8,-75689.70000000001,16326.300000000001,104993.2,33652.9,217143.69999999998,75689.70000000001,0.206274606167768,2,6,0,1
2118.7,93598.5,26076.4,2980.9,19307.2,66645.5,0,1,0,0,0,1,91479.8,-67522.1,16326.300000000001,47338.3,40597.86666666667,29644.533333333336,91479.8,63664.6,2.5556803975856486,3,2,1,1
93598.5,26076.4,124863.7,19307.2,66645.5,57598.0,1,0,1,0,1,1,-67522.1,98787.29999999999,47338.3,-9047.5,81512.86666666665,47850.23333333334,98787.29999999999,47338.3,0.4612832930363826,3,3,0,0
26076.4,124863.7,4631.8,66645.5,57598.0,815.8,0,1,0,1,1,0,98787.29999999999,-120231.9,-9047.5,-56782.2,51857.299999999996,41686.433333333334,120231.9,65829.7,0.17609221205318595,1,22,0,0
124863.7,4631.8,1907.1,57598.0,815.8,726.0,1,0,0,1,0,0,-120231.9,-2724.7000000000003,-56782.2,-89.79999999999995,43800.86666666667,19713.266666666666,122956.59999999999,56872.0,0.3804832031864158,1,22,1,0
4631.8,1907.1,176735.9,815.8,726.0,20173.5,0,0,1,0,0,0,-2724.7000000000003,174828.8,-89.79999999999995,19447.5,61091.6,7238.433333333333,174828.8,19447.5,0.11414424491999124,2,6,0,0
1907.1,176735.9,45733.4,726.0,20173.5,34984.9,0,1,0,0,0,0,174828.8,-131002.5,19447.5,14811.400000000001,74792.13333333333,18628.133333333335,174828.8,34258.9,0.7649581059333893,3,2,1,1
176735.9,45733.4,152167.9,20173.5,34984.9,112683.4,1,0,1,0,0,1,-131002.5,106434.5,14811.400000000001,77698.5,124879.06666666665,55947.26666666666,131002.5,92509.9,0.7405153089757499,5,19,2,1
45733.4,152167.9,300708.6,34984.9,112683.4,83442.0,0,1,2,0,1,1,106434.5,148540.69999999998,77698.5,-29241.399999999994,166203.3,77036.76666666666,254975.19999999998,77698.5,0.27748365865273344,3,0,2,1
152167.9,300708.6,238968.3,112683.4,83442.0,91227.3,1,2,2,1,1,1,148540.69999999998,-61740.29999999999,-29241.399999999994,7785.300000000003,230614.93333333335,95784.23333333334,148540.69999999998,29241.399999999994,0.38175322102044074,3,3,0,0
300708.6,238968.3,1271.5,83442.0,91227.3,2219.3,2,2,0,1,1,0,-61740.29999999999,-237696.8,7785.300000000003,-89008.0,180316.1333333333,58962.86666666666,299437.1,89008.0,1.744047151277014,1,22,0,0
238968.3,1271.5,420.0,91227.3,2219.3,326.8,2,0,0,1,0,0,-237696.8,-851.5,-89008.0,-1892.5000000000002,80219.93333333333,31257.800000000003,238548.3,90900.5,0.7762470308788599,1,22,2,1
1271.5,420.0,554498.8,2219.3,326.8,82628.5,0,0,2,0,0,1,-851.5,554078.8,-1892.5000000000002,82301.7,185396.7666666667,28391.533333333336,554078.8,82301.7,0.1490144811594161,3,0,2,1
420.0,554498.8,261010.2,326.8,82628.5,69843.3,0,2,2,0,1,1,554078.8,-293488.60000000003,82301.7,-12785.199999999997,271976.3333333333,50932.86666666667,554078.8,82301.7,0.26758736789838905,2,6,0,0
554498.8,261010.2,3333.3,82628.5,69843.3,2488.7,2,2,0,1,1,0,-293488.60000000003,-257676.90000000002,-12785.199999999997,-67354.6,272947.43333333335,51653.5,551165.5,80139.8,0.7463935458716972,1,22,0,0
261010.2,3333.3,3931.6,69843.3,2488.7,1653.5,2,0,0,1,0,0,-257676.90000000002,598.2999999999997,-67354.6,-835.1999999999998,89425.03333333333,24661.833333333332,257676.90000000002,68189.8,0.42045974673244163,1,22,0,0
3333.3,3931.6,17148.8,2488.7,1653.5,44114.5,0,0,0,0,0,0,598.2999999999997,13217.199999999999,-835.1999999999998,42461.0,8137.899999999999,16085.566666666666,13815.5,42461.0,2.5723040501930052,2,6,0,0
3931.6,17148.8,2611.5,1653.5,44114.5,1039.0,0,0,0,0,0,0,13217.199999999999,-14537.3,42461.0,-43075.5,7897.299999999999,15602.333333333334,14537.3,43075.5,0.39770334928229667,1,22,0,0
17148.8,2611.5,3711.6,44114.5,1039.0,1693.0,0,0,0,0,0,0,-14537.3,1100.1,-43075.5,654.0,7823.966666666666,15615.5,14537.3,43075.5,0.4560146528039649,1,22,1,0
2611.5,3711.6,180564.0,1039.0,1693.0,41368.9,0,0,1,0,0,0,1100.1,176852.4,654.0,39675.9,62295.700000000004,14700.300000000001,177952.5,40329.9,0.22910807742364248,2,6,0,0
3711.6,180564.0,1591.0,1693.0,41368.9,1698.4,0,1,0,0,0,0,176852.4,-178973.0,39675.9,-39670.5,61955.53333333333,14920.1,178973.0,39675.9,1.0668341708542715,1,22,0,0
180564.0,1591.0,596.2,41368.9,1698.4,2371.5,1,0,0,0,0,0,-178973.0,-994.8,-39670.5,673.0999999999999,60917.06666666667,15146.266666666668,179967.8,39670.5,3.971031480241125,1,22,0,0
1591.0,596.2,2116.1,1698.4,2371.5,523.3,0,0,0,0,0,0,-994.8,1519.8999999999999,673.0999999999999,-1848.2,1434.4333333333332,1531.0666666666666,1519.8999999999999,1848.2,0.24717774313919985,1,22,0,0
596.2,2116.1,3875.9,2371.5,523.3,695.4,0,0,0,0,0,0,1519.8999999999999,1759.8000000000002,-1848.2,172.10000000000002,2196.066666666667,1196.7333333333333,3279.7,1848.2,0.17937011529830535,1,22,0,0
2116.1,3875.9,2884.6,523.3,695.4,2053.9,0,0,0,0,0,0,1759.8000000000002,-991.3000000000002,172.10000000000002,1358.5,2958.866666666667,1090.8666666666666,1759.8000000000002,1530.6000000000001,0.7117757138896591,1,22,0,0
3875.9,2884.6,864.8,695.4,2053.9,1886.4,0,0,0,0,0,0,-991.3000000000002,-2019.8,1358.5,-167.5,2541.766666666667,1545.2333333333336,3011.1000000000004,1358.5,2.178794178794179,1,22,1,0
2884.6,864.8,113573.4,2053.9,1886.4,11806.2,0,0,1,0,0,0,-2019.8,112708.59999999999,-167.5,9919.800000000001,39107.6,5248.833333333333,112708.59999999999,9919.800000000001,0.10395124253352869,3,3,2,1
864.8,113573.4,518946.9,1886.4,11806.2,92793.1,0,1,2,0,0,1,112708.59999999999,405373.5,9919.800000000001,80986.90000000001,211128.36666666667,35495.23333333334,518082.10000000003,90906.70000000001,0.17881005010329554,3,0,0,0
113573.4,518946.9,3424.4,11806.2,92793.1,1809.5,1,2,0,0,1,0,405373.5,-515522.5,80986.90000000001,-90983.6,211981.56666666668,35469.6,515522.5,90983.6,0.5282594733461785,1,22,1,0
518946.9,3424.4,99617.8,92793.1,1809.5,48322.4,2,0,1,1,0,0,-515522.5,96193.40000000001,-90983.6,46512.9,207329.70000000004,47641.666666666664,515522.5,90983.6,0.48507309865206166,2,6,0,0
3424.4,99617.8,1663.1,1809.5,48322.4,3953.1,0,1,0,0,0,0,96193.40000000001,-97954.7,46512.9,-44369.3,34901.76666666667,18028.333333333332,97954.7,46512.9,2.375518298179196,1,22,0,0
99617.8,1663.1,3961.6,48322.4,3953.1,1382.4,1,0,0,0,0,0,-97954.7,2298.5,-44369.3,-2570.7,35080.833333333336,17885.966666666667,97954.7,46940.0,0.3488618583758139,1,22,0,0
1663.1,3961.6,415.4,3953.1,1382.4,3309.1,0,0,0,0,0,0,2298.5,-3546.2,-2570.7,1926.6999999999998,2013.3666666666666,2881.5333333333333,3546.2,2570.7,7.946926032660903,1,22,0,0
3961.6,415.4,1994.3,1382.4,3309.1,3079.4,0,0,0,0,0,0,-3546.2,1578.9,1926.6999999999998,-229.69999999999982,2123.766666666667,2590.2999999999997,3546.2,1926.6999999999998,1.5433268180223527,1,22,1,0
415.4,1994.3,51464.1,3309.1,3079.4,9090.4,0,0,1,0,0,0,1578.9,49469.799999999996,-229.69999999999982,6011.0,17957.93333333333,5159.633333333333,51048.7,6011.0,0.1766323197662105,3,2,1,1
1994.3,51464.1,186811.3,3079.4,9090.4,132281.6,0,1,1,0,0,1,49469.799999999996,135347.19999999998,6011.0,123191.20000000001,80089.9,48150.46666666667,184817.0,129202.20000000001,0.7080989849169461,5,19,0,1
51464.1,186811.3,23845.3,9090.4,132281.6,57034.6,1,1,0,0,1,1,135347.19999999998,-162966.0,123191.20000000001,-75247.0,87373.56666666667,66135.53333333334,162966.0,123191.20000000001,2.391758889219711,3,2,0,0
186811.3,23845.3,2360.3,132281.6,57034.6,286.4,1,0,0,1,1,0,-162966.0,-21485.0,-75247.0,-56748.2,71005.63333333332,63200.86666666667,184451.0,131995.2,0.12128912039977977,1,22,0,0
23845.3,2360.3,2782.4,57034.6,286.4,974.4,0,0,0,1,0,0,-21485.0,422.0999999999999,-56748.2,688.0,9662.666666666666,19431.8,21485.0,56748.2,0.35007544729467555,1,22,0,0
2360.3,2782.4,1315.5,286.4,974.4,2441.0,0,0,0,0,0,0,422.0999999999999,-1466.9,688.0,1466.6,2152.7333333333336,1233.9333333333334,1466.9,2154.6,1.8541587542726927,1,22,1,1
2782.4,1315.5,73712.0,974.4,2441.0,71381.7,0,0,1,0,0,1,-1466.9,72396.5,1466.6,68940.7,25936.63333333333,24932.366666666665,72396.5,70407.3,0.9683732855805625,3,3,0,0
1315.5,73712.0,2998.4,2441.0,71381.7,2721.4,0,1,0,0,1,0,72396.5,-70713.6,68940.7,-68660.3,26008.63333333333,25514.699999999997,72396.5,68940.7,0.9073147962925918,1,22,0,0
73712.0,2998.4,1017.5,71381.7,2721.4,1279.3,1,0,0,1,0,0,-70713.6,-1980.9,-68660.3,-1442.1000000000001,25909.3,25127.466666666664,72694.5,70102.4,1.2560628375061365,1,22,3,0
2998.4,1017.5,946048.9,2721.4,1279.3,10043.1,0,0,3,0,0,0,-1980.9,945031.4,-1442.1000000000001,8763.800000000001,316688.26666666666,4681.266666666666,945031.4,8763.800000000001,0.010615824810086657,3,0,0,0
1017.5,946048.9,132.5,1279.3,10043.1,1227.1,0,3,0,0,0,0,945031.4,-945916.4,8763.800000000001,-8816.0,315732.9666666667,4183.166666666667,945916.4,8816.0,9.191760299625468,1,22,2,1
946048.9,132.5,256364.5,10043.1,1227.1,53487.8,3,0,2,0,0,1,-945916.4,256232.0,-8816.0,52260.700000000004,400848.6333333333,21586.0,945916.4,52260.700000000004,0.20863883790915705,2,6,0,0
132.5,256364.5,174.4,1227.1,53487.8,2615.5,0,2,0,0,1,0,256232.0,-256190.1,52260.700000000004,-50872.3,85557.13333333333,19110.133333333335,256232.0,52260.700000000004,14.91163055872292,1,22,0,0
256364.5,174.4,1001.6,53487.8,2615.5,1204.0,2,0,0,1,0,0,-256190.1,827.2,-50872.3,-1411.5,85846.83333333333,19102.433333333334,256190.1,52283.8,1.2008777179333732,1,22,0,1
174.4,1001.6,37928.7,2615.5,1204.0,57586.6,0,0,0,0,0,1,827.2,36927.1,-1411.5,56382.6,13034.9,20468.7,37754.299999999996,56382.6,1.5182455964587118,5,4,0,0
1001.6,37928.7,2173.1,1204.0,57586.6,640.6,0,0,0,0,1,0,36927.1,-35755.6,56382.6,-56946.0,13701.133333333331,19810.399999999998,36927.1,56946.0,0.2946506600432363,1,22,0,0
37928.7,2173.1,2306.2,57586.6,640.6,4635.4,0,0,0,1,0,0,-35755.6,133.0999999999999,-56946.0,3994.7999999999997,14135.999999999998,20954.2,35755.6,56946.0,2.0091019417475726,1,22,0,0
2173.1,2306.2,1387.5,640.6,4635.4,2211.8,0,0,0,0,0,0,133.0999999999999,-918.6999999999998,3994.7999999999997,-2423.5999999999995,1955.5999999999997,2495.9333333333334,918.6999999999998,3994.7999999999997,1.5929420237666547,1,22,1,0
2306.2,1387.5,121052.9,4635.4,2211.8,14246.4,0,0,1,0,0,0,-918.6999999999998,119665.4,-2423.5999999999995,12034.599999999999,41582.2,7031.2,119665.4,12034.599999999999,0.1176864190249137,2,6,1,0
1387.5,121052.9,108814.4,2211.8,14246.4,50768.0,0,1,1,0,0,0,119665.4,-12238.5,12034.599999999999,36521.6,77084.93333333333,22408.733333333334,119665.4,48556.2,0.46655160942293095,2,6,0,0
121052.9,108814.4,4895.6,14246.4,50768.0,2104.8,1,1,0,0,0,0,-12238.5,-103918.79999999999,36521.6,-48663.2,78254.3,22373.066666666666,116157.29999999999,48663.2,0.42984928317608134,1,22,1,1
108814.4,4895.6,195221.9,50768.0,2104.8,70900.8,1,0,1,0,0,1,-103918.79999999999,190326.3,-48663.2,68796.0,102977.3,41257.86666666667,190326.3,68796.0,0.36317870495725657,3,2,0,0
4895.6,195221.9,3277.9,2104.8,70900.8,185.5,0,1,0,0,1,0,190326.3,-191944.0,68796.0,-70715.3,67798.46666666666,24397.033333333336,191944.0,70715.3,0.056573850986611364,1,22,0,0
195221.9,3277.9,1422.6,70900.8,185.5,801.0,1,0,0,1,0,0,-191944.0,-1855.3000000000002,-70715.3,615.5,66640.8,23962.433333333334,193799.3,70715.3,0.5626580500140489,1,22,0,0
3277.9,1422.6,2662.0,185.5,801.0,354.6,0,0,0,0,0,0,-1855.3000000000002,1239.4,615.5,-446.4,2454.1666666666665,447.0333333333333,1855.3000000000002,615.5,0.13315809237701842,1,22,2,0
1422.6,2662.0,288378.7,801.0,354.6,49771.0,0,0,2,0,0,0,1239.4,285716.7,-446.4,49416.4,97487.76666666666,16975.533333333333,286956.10000000003,49416.4,0.17258843115517492,2,6,0,0
2662.0,288378.7,987.0,354.6,49771.0,797.0,0,2,0,0,0,0,285716.7,-287391.7,49416.4,-48974.0,97342.56666666667,16974.2,287391.7,49416.4,0.8066801619433198,1,22,0,0
288378.7,987.0,4858.6,49771.0,797.0,3657.0,2,0,0,0,0,0,-287391.7,3871.6000000000004,-48974.0,2860.0,98074.76666666666,18075.0,287391.7,48974.0,0.7525310725162564,1,22,1,0
987.0,4858.6,164959.0,797.0,3657.0,18127.1,0,0,1,0,0,0,3871.6000000000004,160100.4,2860.0,14470.099999999999,56934.86666666667,7527.033333333333,163972.0,17330.1,0.10988785160038797,2,6,0,0
4858.6,164959.0,2798.5,3657.0,18127.1,3240.4,0,1,0,0,0,0,160100.4,-162160.5,14470.099999999999,-14886.699999999999,57538.700000000004,8341.5,162160.5,14886.699999999999,1.1574924093588141,1,22,0,0
164959.0,2798.5,1305.1,18127.1,3240.4,2144.9,1,0,0,0,0,0,-162160.5,-1493.4,-14886.699999999999,-1095.5,56354.200000000004,7837.466666666667,163653.9,15982.199999999999,1.6422172881096395,1,22,0,0
2798.5,1305.1,702.2,3240.4,2144.9,4978.6,0,0,0,0,0,0,-1493.4,-602.8999999999999,-1095.5,2833.7000000000003,1601.9333333333334,3454.6333333333337,2096.3,2833.7000000000003,7.079920364050057,1,22,0,1
1305.1,702.2,46127.4,2144.9,4978.6,140959.0,0,0,0,0,0,1,-602.8999999999999,45425.200000000004,2833.7000000000003,135980.4,16044.900000000001,49360.833333333336,45425.200000000004,138814.1,3.055796429097909,5,4,1,1
702.2,46127.4,77149.3,4978.6,140959.0,90240.9,0,0,1,0,1,1,45425.200000000004,31021.9,135980.4,-50718.100000000006,41326.299999999996,78726.16666666667,76447.1,135980.4,1.1696765923139636,5,19,0,1
46127.4,77149.3,41309.7,140959.0,90240.9,57875.7,0,1,0,1,1,1,31021.9,-35839.600000000006,-50718.100000000006,-32365.199999999997,54862.13333333334,96358.53333333333,35839.600000000006,83083.3,1.4009857010411346,5,19,0,0
77149.3,41309.7,2935.6,90240.9,57875.7,2319.8,1,0,0,1,1,0,-35839.600000000006,-38374.1,-32365.199999999997,-55555.899999999994,40464.86666666667,50145.46666666665,74213.7,87921.09999999999,0.7899611795954506,1,22,0,0
41309.7,2935.6,1714.8,57875.7,2319.8,1292.6,0,0,0,1,0,0,-38374.1,-1220.8,-55555.899999999994,-1027.2000000000003,15320.033333333333,20496.033333333333,39594.899999999994,56583.1,0.7533512064343163,1,22,2,1
2935.6,1714.8,280461.7,2319.8,1292.6,71742.1,0,0,2,0,0,1,-1220.8,278746.9,-1027.2000000000003,70449.5,95037.36666666668,25118.166666666668,278746.9,70449.5,0.25579907773832317,2,6,1,1
1714.8,280461.7,69283.3,1292.6,71742.1,120179.6,0,2,1,0,1,1,278746.9,-211178.40000000002,70449.5,48437.5,117153.26666666666,64404.76666666667,278746.9,118887.0,1.7345863348550825,5,19,0,0
280461.7,69283.3,1086.8,71742.1,120179.6,3097.3,2,1,0,1,1,0,-211178.40000000002,-68196.5,48437.5,-117082.3,116943.93333333333,65006.333333333336,279374.9,117082.3,2.8473064901636334,1,22,0,0
69283.3,1086.8,1140.8,120179.6,3097.3,1744.4,1,0,0,1,0,0,-68196.5,54.0,-117082.3,-1352.9,23836.96666666667,41673.76666666667,68196.5,118435.20000000001,1.5277631809423717,1,22,0,0
1086.8,1140.8,1314.5,3097.3,1744.4,2812.0,0,0,0,0,0,0,54.0,173.70000000000005,-1352.9,1067.6,1180.7,2551.2333333333336,227.70000000000005,1352.9,2.137590269859369,1,22,2,0
1140.8,1314.5,208001.7,1744.4,2812.0,39175.0,0,0,2,0,0,0,173.70000000000005,206687.2,1067.6,36363.0,70152.33333333333,14577.133333333333,206860.90000000002,37430.6,0.1883389013700303,2,6,0,0
1314.5,208001.7,3035.4,2812.0,39175.0,3574.5,0,2,0,0,0,0,206687.2,-204966.30000000002,36363.0,-35600.5,70783.86666666667,15187.166666666666,206687.2,36363.0,1.1772164405216703,1,22,2,0
208001.7,3035.4,256378.2,39175.0,3574.5,40332.8,2,0,2,0,0,0,-204966.30000000002,253342.80000000002,-35600.5,36758.3,155805.1,27694.100000000002,253342.80000000002,36758.3,0.15731697423191898,2,6,0,0
3035.4,256378.2,1127.6,3574.5,40332.8,322.5,0,2,0,0,0,0,253342.80000000002,-255250.6,36758.3,-40010.3,86847.06666666667,14743.266666666668,255250.6,40010.3,0.28575225943647,1,22,1,0
256378.2,1127.6,71770.7,40332.8,322.5,30636.6,2,0,1,0,0,0,-255250.6,70643.09999999999,-40010.3,30314.1,109758.83333333333,23763.966666666664,255250.6,40010.3,0.4268618410877825,3,0,2,1
1127.6,71770.7,223998.2,322.5,30636.6,79083.0,0,1,2,0,0,1,70643.09999999999,152227.5,30314.1,48446.4,98965.5,36680.700000000004,222870.6,78760.5,0.35305036803702866,2,6,1,1
71770.7,223998.2,145897.7,30636.6,79083.0,93074.8,1,2,1,0,1,1,152227.5,-78100.5,48446.4,13991.800000000003,147222.2,67598.13333333335,152227.5,62438.200000000004,0.6379412565019428,3,0,3,1
223998.2,145897.7,620277.4,79083.0,93074.8,172485.7,2,1,3,1,1,1,-78100.5,474379.7,13991.800000000003,79410.90000000001,330057.76666666666,114881.16666666667,474379.7,93402.70000000001,0.2780778759989063,1,5,1,0
145897.7,620277.4,139975.8,93074.8,172485.7,21249.1,1,3,1,1,1,0,474379.7,-480301.60000000003,79410.90000000001,-151236.6,302050.30000000005,95603.2,480301.60000000003,151236.6,0.15180444187893993,2,6,0,1
620277.4,139975.8,17338.8,172485.7,21249.1,59355.9,3,1,0,1,0,1,-480301.60000000003,-122636.99999999999,-151236.6,38106.8,259197.33333333334,84363.56666666667,602938.6,151236.6,3.423101765879653,2,6,1,0
139975.8,17338.8,97304.8,21249.1,59355.9,49697.4,1,0,1,0,1,0,-122636.99999999999,79966.0,38106.8,-9658.5,84873.13333333332,43434.13333333333,122636.99999999999,38106.8,0.5107342008390044,2,6,3,1
17338.8,97304.8,911018.4,59355.9,49697.4,54896.9,0,1,3,1,0,1,79966.0,813713.6,-9658.5,5199.5,341887.3333333333,54650.06666666667,893679.6,9658.5,0.06025876068061778,3,0,0,0
97304.8,911018.4,3169.0,49697.4,54896.9,1609.9,1,3,0,0,1,0,813713.6,-907849.4,5199.5,-53287.0,337164.0666666667,35401.4,907849.4,53287.0,0.5078548895899054,1,22,2,0
911018.4,3169.0,248968.0,54896.9,1609.9,5308.4,3,0,2,1,0,0,-907849.4,245799.0,-53287.0,3698.4999999999995,387718.4666666666,20605.06666666667,907849.4,53287.0,0.02132152998967743,2,6,2,1
3169.0,248968.0,411221.6,1609.9,5308.4,148902.8,0,2,2,0,0,1,245799.0,162253.59999999998,3698.4999999999995,143594.4,221119.53333333333,51940.36666666666,408052.6,147292.9,0.36209780299039984,1,5,2,1
248968.0,411221.6,231926.4,5308.4,148902.8,54032.0,2,2,2,0,1,1,162253.59999999998,-179295.19999999998,143594.4,-94870.79999999999,297372.0,69414.4,179295.19999999998,143594.4,0.23296945509672423,3,3,0,0
411221.6,231926.4,292.3,148902.8,54032.0,944.4,2,2,0,1,1,0,-179295.19999999998,-231634.1,-94870.79999999999,-53087.6,214480.1,67959.73333333332,410929.3,147958.4,3.2199113535629045,1,22,1,1
231926.4,292.3,94843.5,54032.0,944.4,66554.4,2,0,1,1,0,1,-231634.1,94551.2,-53087.6,65610.0,109020.73333333332,40510.26666666666,231634.1,65610.0,0.7017212384481967,2,6,1,0
292.3,94843.5,129626.3,944.4,66554.4,49824.5,0,1,1,0,1,0,94551.2,34782.8,65610.0,-16729.899999999994,74920.7,39107.76666666666,129334.0,65610.0,0.3843673362015563,2,6,0,0
94843.5,129626.3,2681.5,66554.4,49824.5,740.5,1,1,0,1,0,0,34782.8,-126944.8,-16729.899999999994,-49084.0,75717.09999999999,39039.799999999996,126944.8,65813.9,0.2760484622553588,1,22,1,1
129626.3,2681.5,146475.5,49824.5,740.5,59198.5,1,0,1,0,0,1,-126944.8,143794.0,-49084.0,58458.0,92927.76666666666,36587.833333333336,143794.0,58458.0,0.4041501537789338,3,2,0,0
2681.5,146475.5,3937.9,740.5,59198.5,3763.8,0,1,0,0,1,0,143794.0,-142537.6,58458.0,-55434.7,51031.63333333333,21234.266666666666,143794.0,58458.0,0.9555459646094088,1,22,1,0
146475.5,3937.9,71416.5,59198.5,3763.8,44288.1,1,0,1,1,0,0,-142537.6,67478.6,-55434.7,40524.299999999996,73943.3,35750.13333333333,142537.6,55434.7,0.6201295200756117,3,3,1,0
3937.9,71416.5,57769.2,3763.8,44288.1,48044.6,0,1,1,0,0,0,67478.6,-13647.300000000003,40524.299999999996,3756.5,44374.533333333326,32032.166666666668,67478.6,44280.799999999996,0.8316502279722071,2,6,1,0
71416.5,57769.2,96734.2,44288.1,48044.6,48194.9,1,1,1,0,0,0,-13647.300000000003,38965.0,3756.5,150.3000000000029,75306.63333333333,46842.53333333333,38965.0,3906.800000000003,0.4982147139820872,3,3,0,0
57769.2,96734.2,3520.2,48044.6,48194.9,3647.2,1,1,0,0,0,0,38965.0,-93214.0,150.3000000000029,-44547.700000000004,52674.53333333333,33295.566666666666,93214.0,44547.700000000004,1.0357832557082813,1,22,3,0
96734.2,3520.2,1091643.3,48194.9,3647.2,16736.7,1,0,3,0,0,0,-93214.0,1088123.1,-44547.700000000004,13089.5,397299.23333333334,22859.600000000002,1088123.1,44547.700000000004,0.015331642367390184,3,0,0,0
3520.2,1091643.3,2357.1,3647.2,16736.7,1579.2,0,3,0,0,0,0,1088123.1,-1089286.2,13089.5,-15157.5,365840.2,7321.033333333334,1089286.2,15157.5,0.6696917009456766,1,22,0,0
1091643.3,2357.1,1938.9,16736.7,1579.2,3965.8,3,0,0,0,0,0,-1089286.2,-418.1999999999998,-15157.5,2386.6000000000004,365313.10000000003,7427.233333333334,1089704.4000000001,15157.5,2.0443321820712406,1,22,0,0
2357.1,1938.9,4750.3,1579.2,3965.8,1924.5,0,0,0,0,0,0,-418.1999999999998,2811.4,2386.6000000000004,-2041.3000000000002,3015.433333333333,2489.8333333333335,2811.4,2386.6000000000004,0.40504703975754003,1,22,2,1
1938.9,4750.3,231636.8,3965.8,1924.5,73155.7,0,0,2,0,0,1,2811.4,226886.5,-2041.3000000000002,71231.2,79442.0,26348.666666666668,229697.9,71231.2,0.31581935245456483,2,6,0,0
4750.3,231636.8,3307.9,1924.5,73155.7,792.9,0,2,0,0,1,0,226886.5,-228328.9,71231.2,-72362.8,79898.33333333333,25291.03333333333,228328.9,72362.8,0.23962646196621232,1,22,0,0
231636.8,3307.9,797.6,73155.7,792.9,2164.9,2,0,0,1,0,0,-228328.9,-2510.3,-72362.8,1372.0,78580.76666666666,25371.16666666666,230839.19999999998,72362.8,2.7108690207863764,1,22,1,1
3307.9,797.6,96307.9,792.9,2164.9,61953.2,0,0,1,0,0,1,-2510.3,95510.29999999999,1372.0,59788.299999999996,33471.13333333333,21637.0,95510.29999999999,61160.299999999996,0.6432759589196845,2,6,1,0
797.6,96307.9,189803.6,2164.9,61953.2,11169.2,0,1,1,0,1,0,95510.29999999999,93495.70000000001,59788.299999999996,-50784.0,95636.36666666665,25095.766666666666,189006.0,59788.299999999996,0.05884578139834335,2,6,0,0
96307.9,189803.6,1173.7,61953.2,11169.2,2565.7,1,1,0,1,0,0,93495.70000000001,-188629.9,-50784.0,-8603.5,95761.73333333334,25229.366666666665,188629.9,59387.5,2.184132118838852,1,22,0,0
189803.6,1173.7,2401.5,11169.2,2565.7,3450.6,1,0,0,0,0,0,-188629.9,1227.8,-8603.5,884.9000000000001,64459.600000000006,5728.5,188629.9,8603.5,1.4362539021852236,1,22,0,0
1173.7,2401.5,58.6,2565.7,3450.6,4419.4,0,0,0,0,0,0,1227.8,-2342.9,884.9000000000001,968.7999999999997,1211.2666666666667,3478.566666666666,2342.9,1853.6999999999998,74.1510067114094,1,22,0,0
2401.5,58.6,3026.5,3450.6,4419.4,2007.7,0,0,0,0,0,0,-2342.9,2967.9,968.7999999999997,-2411.7,1828.8666666666668,3292.566666666667,2967.9,2411.7,0.6631544178364988,1,22,0,0
58.6,3026.5,28424.5,4419.4,2007.7,48808.0,0,0,0,0,0,0,2967.9,25398.0,-2411.7,46800.3,10503.199999999999,18411.7,28365.9,46800.3,1.7170498320170269,2,6,0,0
3026.5,28424.5,2827.2,2007.7,48808.0,2555.1,0,0,0,0,0,0,25398.0,-25597.3,46800.3,-46252.9,11426.066666666666,17790.266666666666,25597.3,46800.3,0.9034368149352946,1,22,0,0
28424.5,2827.2,4131.5,48808.0,2555.1,292.1,0,0,0,0,0,0,-25597.3,1304.3000000000002,-46252.9,-2263.0,11794.4,17218.399999999998,25597.3,48515.9,0.07068360556563824,1,22,0,0
2827.2,4131.5,3335.7,2555.1,292.1,339.5,0,0,0,0,0,0,1304.3000000000002,-795.8000000000002,-2263.0,47.39999999999998,3431.4666666666667,1062.2333333333333,1304.3000000000002,2263.0,0.10174723529235473,1,22,2,1
4131.5,3335.7,206759.0,292.1,339.5,67851.1,0,0,2,0,0,1,-795.8000000000002,203423.3,47.39999999999998,67511.6,71408.73333333334,22827.56666666667,203423.3,67559.0,0.32816357129038504,3,2,2,0
3335.7,206759.0,276513.5,339.5,67851.1,5824.4,0,2,2,0,1,0,203423.3,69754.5,67511.6,-62026.700000000004,162202.73333333334,24671.666666666668,273177.8,67511.6,0.021063633191026148,2,6,1,1
206759.0,276513.5,57583.3,67851.1,5824.4,54423.1,2,2,1,1,0,1,69754.5,-218930.2,-62026.700000000004,48598.7,180285.2666666667,42699.53333333333,218930.2,62026.700000000004,0.9451030923359318,2,6,0,0
276513.5,57583.3,2796.9,5824.4,54423.1,1825.4,2,1,0,0,1,0,-218930.2,-54786.4,48598.7,-52597.7,112297.90000000001,20690.966666666667,273716.6,52597.7,0.6524178848422031,1,22,2,0
57583.3,2796.9,307257.9,54423.1,1825.4,48257.1,1,0,2,1,0,0,-54786.4,304461.0,-52597.7,46431.7,122546.03333333334,34835.200000000004,304461.0,52597.7,0.1570568012838684,3,0,0,0
2796.9,307257.9,4659.5,1825.4,48257.1,511.0,0,2,0,0,0,0,304461.0,-302598.4,46431.7,-47746.1,104904.76666666668,16864.5,304461.0,47746.1,0.10964488788756571,1,22,1,0
307257.9,4659.5,113728.0,48257.1,511.0,31557.3,2,0,1,0,0,0,-302598.4,109068.5,-47746.1,31046.3,141881.80000000002,26775.13333333333,302598.4,47746.1,0.277478039901872,2,6,0,0
4659.5,113728.0,2251.2,511.0,31557.3,2291.8,0,1,0,0,0,0,109068.5,-111476.8,31046.3,-29265.5,40212.9,11453.366666666667,111476.8,31046.3,1.017582807921144,1,22,0,1
113728.0,2251.2,44691.0,31557.3,2291.8,56180.3,1,0,0,0,0,1,-111476.8,42439.8,-29265.5,53888.5,53556.73333333334,30009.8,111476.8,53888.5,1.2570549539067395,2,6,1,0
2251.2,44691.0,160480.6,2291.8,56180.3,42922.4,0,0,1,0,1,0,42439.8,115789.6,53888.5,-13257.900000000001,69140.93333333333,33798.166666666664,158229.4,53888.5,0.26745994556385283,2,6,2,0
44691.0,160480.6,252580.4,56180.3,42922.4,15383.7,0,1,2,1,0,0,115789.6,92099.79999999999,-13257.900000000001,-27538.7,152584.0,38162.13333333334,207889.4,40796.600000000006,0.060905909936361115,3,3,2,1
160480.6,252580.4,259011.9,42922.4,15383.7,98783.0,1,2,2,0,0,1,92099.79999999999,6431.5,-27538.7,83399.3,224024.30000000002,52363.03333333333,98531.29999999999,83399.3,0.3813825489000741,3,3,0,0
252580.4,259011.9,3452.6,15383.7,98783.0,4672.8,2,2,0,0,1,0,6431.5,-255559.3,83399.3,-94110.2,171681.63333333333,39613.166666666664,255559.3,94110.2,1.353022932592078,1,22,2,1
259011.9,3452.6,272312.4,98783.0,4672.8,202211.2,2,0,2,1,0,1,-255559.3,268859.80000000005,-94110.2,197538.40000000002,178258.96666666667,101889.0,268859.80000000005,197538.40000000002,0.7425679382652488,1,5,1,1
3452.6,272312.4,159990.4,4672.8,202211.2,79611.9,0,2,1,0,1,1,268859.80000000005,-112322.00000000003,197538.40000000002,-122599.30000000002,145251.80000000002,95498.63333333335,268859.80000000005,197538.40000000002,0.49760112106025695,2,6,0,0
272312.4,159990.4,43265.4,202211.2,79611.9,45885.5,2,1,0,1,1,0,-112322.00000000003,-116725.0,-122599.30000000002,-33726.399999999994,158522.73333333337,109236.2,229047.00000000003,156325.7,1.0605342713976664,2,6,0,0
159990.4,43265.4,3170.3,79611.9,45885.5,2487.9,1,0,0,1,0,0,-116725.0,-40095.1,-33726.399999999994,-43397.6,68808.7,42661.76666666666,156820.1,77124.0,0.7845047772206981,1,22,0,0
43265.4,3170.3,3125.1,45885.5,2487.9,2892.6,0,0,0,0,0,0,-40095.1,-45.20000000000027,-43397.6,404.6999999999998,16520.266666666666,17088.666666666668,40140.3,43397.6,0.9253062921851508,1,22,0,0
3170.3,3125.1,20284.6,2487.9,2892.6,18238.2,0,0,0,0,0,0,-45.20000000000027,17159.5,404.6999999999998,15345.6,8860.0,7872.900000000001,17159.5,15750.300000000001,0.8990712623733093,5,4,0,0
3125.1,20284.6,559.9,2892.6,18238.2,2559.4,0,0,0,0,0,0,17159.5,-19724.699999999997,15345.6,-15678.800000000001,7989.866666666666,7896.733333333334,19724.699999999997,15678.800000000001,4.563023711891603,1,22,3,0
20284.6,559.9,1498531.2,18238.2,2559.4,44333.9,0,0,3,0,0,0,-19724.699999999997,1497971.3,-15678.800000000001,41774.5,506458.56666666665,21710.5,1497971.3,41774.5,0.029584883127636498,3,0,1,1
559.9,1498531.2,170322.6,2559.4,44333.9,51725.3,0,3,1,0,0,1,1497971.3,-1328208.5999999999,41774.5,7391.4000000000015,556471.2333333333,32872.86666666667,1497971.3,49165.9,0.30368839080432775,2,6,0,0
1498531.2,170322.6,1165.7,44333.9,51725.3,1270.2,3,1,0,0,1,0,-1328208.5999999999,-169156.9,7391.4000000000015,-50455.100000000006,556673.1666666666,32443.133333333335,1497365.5,50455.100000000006,1.088711751092826,1,22,2,1
170322.6,1165.7,496270.2,51725.3,1270.2,53135.5,1,0,2,1,0,1,-169156.9,495104.5,-50455.100000000006,51865.3,222586.16666666666,35377.0,495104.5,51865.3,0.10706948136422181,3,0,0,1
1165.7,496270.2,6808.7,1270.2,53135.5,55495.2,0,2,0,0,1,1,495104.5,-489461.5,51865.3,2359.699999999997,168081.53333333335,36633.63333333333,495104.5,54225.0,8.149433895766332,2,6,2,0
496270.2,6808.7,218697.0,53135.5,55495.2,50047.5,2,0,2,1,1,0,-489461.5,211888.3,2359.699999999997,-5447.699999999997,240591.96666666667,52892.73333333334,489461.5,5447.699999999997,0.22884297067188544,2,6,0,0
6808.7,218697.0,1043.0,55495.2,50047.5,1456.0,0,2,0,1,0,0,211888.3,-217654.0,-5447.699999999997,-48591.5,75516.23333333334,35666.23333333333,217654.0,54039.2,1.3946360153256705,1,22,1,1
218697.0,1043.0,203379.5,50047.5,1456.0,73460.7,2,0,1,0,0,1,-217654.0,202336.5,-48591.5,72004.7,141039.83333333334,41654.73333333333,217654.0,72004.7,0.36119834497407566,2,6,3,0
1043.0,203379.5,986195.7,1456.0,73460.7,50742.1,0,1,3,0,1,0,202336.5,782816.2,72004.7,-22718.6,396872.73333333334,41886.26666666666,985152.7,72004.7,0.051452311694005874,3,0,0,0
203379.5,986195.7,3579.0,73460.7,50742.1,1657.2,1,3,0,1,0,0,782816.2,-982616.7,-22718.6,-49084.9,397718.06666666665,41953.33333333333,982616.7,71803.5,0.4629050279329609,1,22,2,0
986195.7,3579.0,236276.8,50742.1,1657.2,34288.3,3,0,2,0,0,0,-982616.7,232697.8,-49084.9,32631.100000000002,408683.8333333333,28895.86666666667,982616.7,49084.9,0.1451185849876713,2,6,3,0
3579.0,236276.8,1260903.3,1657.2,34288.3,33437.7,0,2,3,0,0,0,232697.8,1024626.5,32631.100000000002,-850.6000000000058,500253.0333333334,23127.733333333334,1257324.3,32631.100000000002,0.026518824624517497,3,0,1,1
236276.8,1260903.3,139891.1,34288.3,33437.7,55909.1,2,3,1,0,0,1,1024626.5,-1121012.2,-850.6000000000058,22471.4,545690.4,41211.700000000004,1121012.2,22471.4,0.3996587369837181,3,3,0,0
1260903.3,139891.1,3490.4,33437.7,55909.1,3238.2,3,1,0,0,1,0,-1121012.2,-136400.7,22471.4,-52670.9,468094.93333333335,30861.66666666666,1257412.9000000001,52670.9,0.927478948272899,1,22,0,0
139891.1,3490.4,1479.0,55909.1,3238.2,2911.9,1,0,0,1,0,0,-136400.7,-2011.4,-52670.9,-326.2999999999997,48286.833333333336,20686.399999999998,138412.1,52997.2,1.9675,1,22,0,1
3490.4,1479.0,14196.1,3238.2,2911.9,78722.3,0,0,0,0,0,1,-2011.4,12717.1,-326.2999999999997,75810.40000000001,6388.5,28290.800000000003,12717.1,75810.40000000001,5.544956364327926,2,6,0,0
1479.0,14196.1,3385.4,2911.9,78722.3,1755.8,0,0,0,0,1,0,12717.1,-10810.7,75810.40000000001,-76966.5,6353.5,27796.666666666668,12717.1,76966.5,0.5184857075360264,1,22,1,1
14196.1,3385.4,180581.6,78722.3,1755.8,69438.3,0,0,1,1,0,1,-10810.7,177196.2,-76966.5,67682.5,66054.36666666667,49972.13333333334,177196.2,76966.5,0.38452375810294015,2,6,3,0
3385.4,180581.6,1072636.0,1755.8,69438.3,34877.4,0,1,3,0,1,0,177196.2,892054.4,67682.5,-34560.9,418867.6666666667,35357.166666666664,1069250.6,67682.5,0.03251556677608548,3,0,0,0
180581.6,1072636.0,2186.6,69438.3,34877.4,2088.8,1,3,0,1,0,0,892054.4,-1070449.4,-34560.9,-32788.6,418468.0666666667,35468.16666666667,1070449.4,67349.5,0.9548363503382704,1,22,0,0
1072636.0,2186.6,2369.2,34877.4,2088.8,3812.8,3,0,0,0,0,0,-1070449.4,182.5999999999999,-32788.6,1724.0,359063.93333333335,13593.000000000002,1070449.4,32788.6,1.6086406210446378,1,22,0,0
2186.6,2369.2,1651.1,2088.8,3812.8,626.5,0,0,0,0,0,0,182.5999999999999,-718.0999999999999,1724.0,-3186.3,2068.9666666666667,2176.0333333333333,718.0999999999999,3186.3,0.37921433327280435,1,22,3,1
2369.2,1651.1,1177796.1,3812.8,626.5,91768.6,0,0,3,0,0,1,-718.0999999999999,1176145.0,-3186.3,91142.1,393938.80000000005,32069.300000000003,1176145.0,91142.1,0.07791545759452116,3,0,0,0
1651.1,1177796.1,12355.8,626.5,91768.6,39647.7,0,3,0,0,1,0,1176145.0,-1165440.3,91142.1,-52120.90000000001,397267.66666666674,44014.26666666666,1176145.0,91142.1,3.208573417065907,2,6,0,0
1177796.1,12355.8,975.4,91768.6,39647.7,4622.0,3,0,0,1,0,0,-1165440.3,-11380.4,-52120.90000000001,-35025.7,397042.43333333335,45346.1,1176820.7000000002,87146.6,4.733715690290865,1,22,2,1
12355.8,975.4,218978.6,39647.7,4622.0,78675.7,0,0,2,0,0,1,-11380.4,218003.2,-35025.7,74053.7,77436.6,40981.799999999996,218003.2,74053.7,0.3592832391693107,3,3,0,0
975.4,218978.6,4384.6,4622.0,78675.7,3324.1,0,2,0,0,1,0,218003.2,-214594.0,74053.7,-75351.59999999999,74779.53333333334,28873.933333333334,218003.2,75351.59999999999,0.7579578620941262,1,22,1,0
218978.6,4384.6,141809.1,78675.7,3324.1,32916.8,2,0,1,1,0,0,-214594.0,137424.5,-75351.59999999999,29592.700000000004,121724.10000000002,38305.53333333333,214594.0,75351.59999999999,0.23211886882528115,5,19,1,1
4384.6,141809.1,194560.0,3324.1,32916.8,72799.4,0,1,1,0,0,1,137424.5,52750.899999999994,29592.700000000004,39882.59999999999,113584.56666666667,36346.76666666666,190175.4,69475.29999999999,0.3741726245239282,3,3,0,0
141809.1,194560.0,50.4,32916.8,72799.4,4665.1,1,1,0,0,1,0,52750.899999999994,-194509.6,39882.59999999999,-68134.29999999999,112139.83333333333,36793.76666666667,194509.6,68134.29999999999,90.76070038910507,1,22,2,0
194560.0,50.4,245829.3,72799.4,4665.1,13272.2,1,0,2,1,0,0,-194509.6,245778.9,-68134.29999999999,8607.1,146813.2333333333,30245.566666666666,245778.9,68134.29999999999,0.053989276342257246,3,3,0,0
50.4,245829.3,18611.2,4665.1,13272.2,42605.1,0,2,0,0,0,0,245778.9,-227218.09999999998,8607.1,29332.899999999998,88163.63333333332,20180.8,245778.9,37940.0,2.2890953245720547,2,6,0,0
245829.3,18611.2,1318.7,13272.2,42605.1,1774.9,2,0,0,0,0,0,-227218.09999999998,-17292.5,29332.899999999998,-40830.2,88586.40000000001,19217.4,244510.59999999998,40830.2,1.3449268773206031,1,22,2,0
18611.2,1318.7,268180.0,42605.1,1774.9,27028.7,0,0,2,0,0,0,-17292.5,266861.3,-40830.2,25253.8,96036.63333333335,23802.899999999998,266861.3,40830.2,0.10078529053139484,2,6,0,0
1318.7,268180.0,1527.9,1774.9,27028.7,1412.8,0,2,0,0,0,0,266861.3,-266652.1,25253.8,-25615.9,90342.20000000001,10072.133333333333,266861.3,25615.9,0.9240630518673555,1,22,0,0
268180.0,1527.9,39707.0,27028.7,1412.8,13647.0,2,0,0,0,0,0,-266652.1,38179.1,-25615.9,12234.2,103138.3,14029.5,266652.1,25615.9,0.34368389241462677,2,6,0,0
1527.9,39707.0,9500.7,1412.8,13647.0,50589.7,0,0,0,0,0,0,38179.1,-30206.3,12234.2,36942.7,16911.86666666667,21883.166666666668,38179.1,49176.899999999994,5.324278813264994,2,6,0,0
39707.0,9500.7,1056.7,13647.0,50589.7,1784.1,0,0,0,0,0,0,-30206.3,-8444.0,36942.7,-48805.6,16754.8,22006.933333333334,38650.3,48805.6,1.6867731871040936,1,22,0,1
9500.7,1056.7,46759.3,50589.7,1784.1,56939.6,0,0,0,0,0,1,-8444.0,45702.600000000006,-48805.6,55155.5,19105.56666666667,36437.799999999996,45702.600000000006,55155.5,1.2176910755491301,2,6,1,0
1056.7,46759.3,77223.4,1784.1,56939.6,7556.9,0,0,1,0,1,0,45702.600000000006,30464.09999999999,55155.5,-49382.7,41679.799999999996,22093.53333333333,76166.7,55155.5,0.09785637700001554,2,6,0,0
46759.3,77223.4,1421.1,56939.6,7556.9,1386.6,0,1,0,1,0,0,30464.09999999999,-75802.29999999999,-49382.7,-6170.299999999999,41801.26666666667,21961.033333333336,75802.29999999999,55553.0,0.9750369172350749,1,22,0,0
77223.4,1421.1,2459.5,7556.9,1386.6,2766.9,1,0,0,0,0,0,-75802.29999999999,1038.4,-6170.299999999999,1380.3000000000002,27034.666666666668,3903.4666666666667,75802.29999999999,6170.299999999999,1.1245275350538508,1,22,0,0
1421.1,2459.5,458.2,1386.6,2766.9,1820.6,0,0,0,0,0,0,1038.4,-2001.3,1380.3000000000002,-946.3000000000002,1446.2666666666667,1991.3666666666668,2001.3,1380.3000000000002,3.9647212543554007,1,22,0,0
2459.5,458.2,3061.4,2766.9,1820.6,2452.5,0,0,0,0,0,0,-2001.3,2603.2000000000003,-946.3000000000002,631.9000000000001,1993.0333333333335,2346.6666666666665,2603.2000000000003,946.3000000000002,0.8008424764890282,1,22,2,1
458.2,3061.4,215822.3,1820.6,2452.5,51223.7,0,0,2,0,0,1,2603.2000000000003,212760.9,631.9000000000001,48771.2,73113.96666666666,18498.93333333333,215364.09999999998,49403.1,0.23734091731522963,3,2,2,1
3061.4,215822.3,246145.4,2452.5,51223.7,57606.1,0,2,2,0,1,1,212760.9,30323.100000000006,48771.2,6382.4000000000015,155009.69999999998,37094.1,243084.0,55153.6,0.2340318607137866,2,6,2,1
215822.3,246145.4,222724.3,51223.7,57606.1,97499.8,2,2,2,1,1,1,30323.100000000006,-23421.100000000006,6382.4000000000015,39893.700000000004,228230.66666666666,68776.53333333333,30323.100000000006,46276.100000000006,0.4377580813674962,3,3,3,0
246145.4,222724.3,725258.3,57606.1,97499.8,17520.6,2,2,3,1,1,0,-23421.100000000006,502534.00000000006,39893.700000000004,-79979.20000000001,398042.6666666667,57542.166666666664,502534.00000000006,79979.20000000001,0.024157704699546766,3,0,2,0
222724.3,725258.3,277512.9,97499.8,17520.6,40120.7,2,3,2,1,0,0,502534.00000000006,-447745.4,-79979.20000000001,22600.1,408498.5,51713.69999999999,502534.00000000006,79979.20000000001,0.14457185748173332,3,2,2,1
725258.3,277512.9,206921.0,17520.6,40120.7,57396.8,3,2,2,0,0,1,-447745.4,-70591.90000000002,22600.1,17276.100000000006,403230.7333333334,38346.03333333333,518337.30000000005,39876.200000000004,0.27738374846560543,2,6,1,0
277512.9,206921.0,73349.8,40120.7,57396.8,19456.0,2,2,1,0,1,0,-70591.90000000002,-133571.2,17276.100000000006,-37940.8,185927.90000000002,38991.166666666664,204163.10000000003,37940.8,0.26524591415499216,2,6,0,0
206921.0,73349.8,2506.1,57396.8,19456.0,2747.3,2,1,0,1,0,0,-133571.2,-70843.7,-37940.8,-16708.7,94258.96666666666,26533.36666666667,204414.9,54649.5,1.095807905548243,1,22,2,1
73349.8,2506.1,211386.3,19456.0,2747.3,53884.1,1,0,2,0,0,1,-70843.7,208880.19999999998,-16708.7,51136.799999999996,95747.40000000001,25362.466666666664,208880.19999999998,51136.799999999996,0.2549069882627764,2,6,3,0
2506.1,211386.3,1329485.6,2747.3,53884.1,48061.9,0,2,3,0,1,0,208880.19999999998,1118099.3,51136.799999999996,-5822.199999999997,514459.3333333333,34897.76666666667,1326979.5,51136.799999999996,0.03615072163946594,3,0,0,0
211386.3,1329485.6,2481.6,53884.1,48061.9,1535.5,2,3,0,1,0,0,1118099.3,-1327004.0,-5822.199999999997,-46526.4,514451.16666666674,34493.833333333336,1327004.0,52348.6,0.6185047933617981,1,22,1,1
1329485.6,2481.6,55386.5,48061.9,1535.5,61899.4,3,0,1,0,0,1,-1327004.0,52904.9,-46526.4,60363.9,462451.2333333334,37165.6,1327004.0,60363.9,1.1175698487925976,2,6,0,0
2481.6,55386.5,596.8,1535.5,61899.4,398.5,0,1,0,0,1,0,52904.9,-54789.7,60363.9,-61500.9,19488.3,21277.8,54789.7,61500.9,0.6666109066577451,1,22,2,0
55386.5,596.8,243092.2,61899.4,398.5,29440.2,1,0,2,1,0,0,-54789.7,242495.40000000002,-61500.9,29041.7,99691.83333333333,30579.36666666667,242495.40000000002,61500.9,0.12110663728973085,3,2,0,0
596.8,243092.2,3190.5,398.5,29440.2,1645.0,0,2,0,0,0,0,242495.40000000002,-239901.7,29041.7,-27795.2,82293.16666666667,10494.566666666668,242495.40000000002,29041.7,0.5154316152279492,1,22,1,0
243092.2,3190.5,126965.4,29440.2,1645.0,50428.2,2,0,1,0,0,0,-239901.7,123774.9,-27795.2,48783.2,124416.03333333333,27171.13333333333,239901.7,48783.2,0.3971775209819291,2,6,0,0
3190.5,126965.4,4870.2,1645.0,50428.2,1949.9,0,1,0,0,0,0,123774.9,-122095.2,48783.2,-48478.299999999996,45008.700000000004,18007.7,123774.9,48783.2,0.4002915092790278,1,22,2,0
126965.4,4870.2,245105.1,50428.2,1949.9,48095.7,1,0,2,0,0,0,-122095.2,240234.9,-48478.299999999996,46145.799999999996,125646.90000000001,33491.26666666666,240234.9,48478.299999999996,0.19622400258500297,2,6,3,1
4870.2,245105.1,681262.9,1949.9,48095.7,79796.0,0,2,3,0,0,1,240234.9,436157.80000000005,46145.799999999996,31700.300000000003,310412.73333333334,43280.53333333333,676392.7000000001,77846.1,0.11712935325062725,3,0,0,0
245105.1,681262.9,1203.7,48095.7,79796.0,3329.9,2,3,0,0,1,0,436157.80000000005,-680059.2000000001,31700.300000000003,-76466.1,309190.56666666665,43740.53333333333,680059.2000000001,76466.1,2.7640906449738525,1,22,0,0
681262.9,1203.7,4668.1,79796.0,3329.9,2381.9,3,0,0,1,0,0,-680059.2000000001,3464.4000000000005,-76466.1,-948.0,229044.9,28502.599999999995,680059.2000000001,77414.1,0.5101411406909254,1,22,0,0
1203.7,4668.1,2973.1,3329.9,2381.9,2341.4,0,0,0,0,0,0,3464.4000000000005,-1695.0000000000005,-948.0,-40.5,2948.2999999999997,2684.4,3464.4000000000005,988.5,0.7872633737937528,1,22,0,0
4668.1,2973.1,4115.5,2381.9,2341.4,922.1,0,0,0,0,0,0,-1695.0000000000005,1142.4,-40.5,-1419.3000000000002,3918.9,1881.8000000000002,1695.0000000000005,1459.8000000000002,0.2240009716992591,1,22,0,0
2973.1,4115.5,32529.4,2341.4,922.1,29680.5,0,0,0,0,0,0,1142.4,28413.9,-1419.3000000000002,28758.4,13206.0,10981.333333333334,29556.300000000003,28758.4,0.9123927157366647,5,4,2,0
4115.5,32529.4,235976.1,922.1,29680.5,33418.3,0,0,2,0,0,0,28413.9,203446.7,28758.4,3737.800000000003,90873.66666666667,21340.3,231860.6,32496.200000000004,0.1416167077229104,3,2,0,0
32529.4,235976.1,3311.0,29680.5,33418.3,498.1,0,2,0,0,0,0,203446.7,-232665.1,3737.800000000003,-32920.200000000004,90605.5,21198.966666666667,232665.1,32920.200000000004,0.1503925120772947,1,22,2,1
235976.1,3311.0,268433.2,33418.3,498.1,72744.2,2,0,2,0,0,1,-232665.1,265122.2,-32920.200000000004,72246.09999999999,169240.1,35553.53333333333,265122.2,72246.09999999999,0.27099453050319217,3,2,0,0
3311.0,268433.2,100.7,498.1,72744.2,525.5,0,2,0,0,1,0,265122.2,-268332.5,72246.09999999999,-72218.7,90614.96666666667,24589.266666666666,268332.5,72246.09999999999,5.167158308751229,1,22,0,0
268433.2,100.7,2750.0,72744.2,525.5,1681.9,2,0,0,1,0,0,-268332.5,2649.3,-72218.7,1156.4,90427.96666666667,24983.866666666665,268332.5,72218.7,0.6113776808433298,1,22,0,0
100.7,2750.0,1002.5,525.5,1681.9,3423.5,0,0,0,0,0,0,2649.3,-1747.5,1156.4,1741.6,1284.3999999999999,1876.9666666666665,2649.3,2898.0,3.4115595416043845,1,22,1,1
2750.0,1002.5,173231.5,1681.9,3423.5,73229.9,0,0,1,0,0,1,-1747.5,172229.0,1741.6,69806.4,58994.666666666664,26111.766666666663,172229.0,71548.0,0.4227261050899802,2,6,2,0
1002.5,173231.5,283283.3,3423.5,73229.9,35908.7,0,1,2,0,1,0,172229.0,110051.79999999999,69806.4,-37321.2,152505.76666666666,37520.7,282280.8,69806.4,0.12675852491648848,2,6,2,1
173231.5,283283.3,306558.8,73229.9,35908.7,72321.9,1,2,2,1,0,1,110051.79999999999,23275.5,-37321.2,36413.2,254357.86666666667,60486.833333333336,133327.3,37321.2,0.23591449368116757,1,5,0,0
283283.3,306558.8,4934.8,35908.7,72321.9,1736.0,2,2,0,0,1,0,23275.5,-301624.0,36413.2,-70585.9,198258.96666666667,36655.53333333333,301624.0,70585.9,0.3517160338749544,1,22,0,0
306558.8,4934.8,1612.1,72321.9,1736.0,1603.0,2,0,0,1,0,0,-301624.0,-3322.7000000000003,-70585.9,-133.0,104368.56666666665,25220.3,304946.7,70718.9,0.9937387638708078,1,22,0,0
4934.8,1612.1,294.0,1736.0,1603.0,3531.6,0,0,0,0,0,0,-3322.7000000000003,-1318.1,-133.0,1928.6,2280.2999999999997,2290.2000000000003,4640.8,1928.6,11.971525423728814,1,22,1,1
1612.1,294.0,120588.5,1603.0,3531.6,69593.6,0,0,1,0,0,1,-1318.1,120294.5,1928.6,66062.0,40831.53333333333,24909.400000000005,120294.5,67990.6,0.5771116059026699,3,2,0,0
294.0,120588.5,1017.4,3531.6,69593.6,2136.4,0,1,0,0,1,0,120294.5,-119571.1,66062.0,-67457.20000000001,40633.299999999996,25087.2,120294.5,67457.20000000001,2.097800471327573,1,22,1,0
120588.5,1017.4,98847.6,69593.6,2136.4,31857.6,1,0,1,1,0,0,-119571.1,97830.20000000001,-67457.20000000001,29721.199999999997,73484.5,34529.200000000004,119571.1,67457.20000000001,0.3222868103341878,2,6,1,1
1017.4,98847.6,165810.0,2136.4,31857.6,53674.0,0,1,1,0,0,1,97830.20000000001,66962.4,29721.199999999997,21816.4,88558.33333333333,29222.666666666668,164792.6,51537.6,0.3237059061220305,2,6,0,0
98847.6,165810.0,965.5,31857.6,53674.0,1953.7,1,1,0,0,1,0,66962.4,-164844.5,21816.4,-51720.3,88541.03333333333,29161.766666666666,164844.5,51720.3,2.021417485773409,1,22,1,0
165810.0,965.5,171193.3,53674.0,1953.7,35826.1,1,0,1,1,0,0,-164844.5,170227.8,-51720.3,33872.4,112656.26666666666,30484.599999999995,170227.8,51720.3,0.20927157037354632,5,19,2,1
965.5,171193.3,502039.6,1953.7,35826.1,83569.4,0,1,2,0,0,1,170227.8,330846.3,33872.4,47743.299999999996,224732.79999999996,40449.73333333333,501074.1,81615.7,0.16645944571016766,1,5,0,0
171193.3,502039.6,275.4,35826.1,83569.4,2941.1,1,2,0,0,1,0,330846.3,-501764.19999999995,47743.299999999996,-80628.29999999999,224502.76666666663,40778.86666666667,501764.19999999995,80628.29999999999,10.640738060781477,1,22,0,0
502039.6,275.4,2200.6,83569.4,2941.1,4951.6,2,0,0,1,0,0,-501764.19999999995,1925.1999999999998,-80628.29999999999,2010.5000000000005,168171.86666666667,30487.36666666667,501764.19999999995,80628.29999999999,2.249091569767442,1,22,0,0
275.4,2200.6,3282.8,2941.1,4951.6,1780.3,0,0,0,0,0,0,1925.1999999999998,1082.2000000000003,2010.5000000000005,-3171.3,1919.6000000000001,3224.3333333333335,3007.4,3171.3,0.5421462939277666,1,22,2,0
2200.6,3282.8,237733.9,4951.6,1780.3,49145.5,0,0,2,0,0,0,1082.2000000000003,234451.1,-3171.3,47365.2,81072.43333333333,18625.8,235533.3,47365.2,0.20672396017580927,2,6,1,0
3282.8,237733.9,58040.2,1780.3,49145.5,41734.4,0,2,1,0,0,0,234451.1,-179693.7,47365.2,-7411.0999999999985,99685.63333333332,30886.733333333337,234451.1,47365.2,0.7190478487694948,2,6,0,0
237733.9,58040.2,2266.7,49145.5,41734.4,1808.8,2,1,0,0,0,0,-179693.7,-55773.5,-7411.0999999999985,-39925.6,99346.93333333333,30896.233333333334,235467.19999999998,47336.7,0.797636371654099,1,22,0,0
58040.2,2266.7,3102.0,41734.4,1808.8,2396.2,1,0,0,0,0,0,-55773.5,835.3000000000002,-39925.6,587.3999999999999,21136.3,15313.133333333333,55773.5,39925.6,0.7722204318401547,1,22,1,0
2266.7,3102.0,86290.0,1808.8,2396.2,42629.7,0,0,1,0,0,0,835.3000000000002,83188.0,587.3999999999999,40233.5,30552.899999999998,15611.566666666666,84023.3,40820.899999999994,0.4940225515986603,3,2,1,0
3102.0,86290.0,166119.0,2396.2,42629.7,30623.7,0,1,1,0,0,0,83188.0,79829.0,40233.5,-12005.999999999996,85170.33333333333,25216.53333333333,163017.0,40233.5,0.1843468576932338,2,6,1,1
86290.0,166119.0,122266.9,42629.7,30623.7,110159.1,1,1,1,0,0,1,79829.0,-43852.100000000006,-12005.999999999996,79535.40000000001,124891.96666666667,61137.5,79829.0,79535.40000000001,0.9009650120759415,5,4,0,0
166119.0,122266.9,2511.4,30623.7,110159.1,2823.9,1,1,0,0,1,0,-43852.100000000006,-119755.5,79535.40000000001,-107335.20000000001,96965.76666666668,47868.9,163607.6,107335.20000000001,1.123985034230218,1,22,0,0
122266.9,2511.4,3710.2,110159.1,2823.9,3937.6,1,0,0,1,0,0,-119755.5,1198.7999999999997,-107335.20000000001,1113.6999999999998,42829.49999999999,38973.53333333333,119755.5,107335.20000000001,1.0610045268376807,1,22,2,1
2511.4,3710.2,567321.9,2823.9,3937.6,166234.1,0,0,2,0,0,1,1198.7999999999997,563611.7000000001,1113.6999999999998,162296.5,191181.16666666666,57665.200000000004,564810.5,163410.2,0.29301496555136414,1,5,0,0
3710.2,567321.9,4471.6,3937.6,166234.1,536.1,0,2,0,0,1,0,563611.7000000001,-562850.3,162296.5,-165698.0,191834.56666666665,56902.600000000006,563611.7000000001,165698.0,0.11986316683808075,1,22,0,0
567321.9,4471.6,3716.2,166234.1,536.1,4804.0,2,0,0,1,0,0,-562850.3,-755.4000000000005,-165698.0,4267.9,191836.56666666665,57191.4,563605.7000000001,165698.0,1.2923706015280318,1,22,0,0
4471.6,3716.2,3241.7,536.1,4804.0,3232.8,0,0,0,0,0,0,-755.4000000000005,-474.5,4267.9,-1571.1999999999998,3809.8333333333335,2857.6333333333337,1229.9000000000005,4267.9,0.996946988620594,1,22,0,0
3716.2,3241.7,20568.4,4804.0,3232.8,28796.6,0,0,0,0,0,0,-474.5,17326.7,-1571.1999999999998,25563.8,9175.433333333334,12277.800000000001,17326.7,25563.8,1.3999727750930993,2,6,3,1
3241.7,20568.4,729859.8,3232.8,28796.6,53703.0,0,0,3,0,0,1,17326.7,709291.4,25563.8,24906.4,251223.30000000002,28577.466666666664,726618.1000000001,50470.2,0.07357978398072618,3,0,2,0
20568.4,729859.8,221475.3,28796.6,53703.0,34839.3,0,3,2,0,1,0,709291.4,-508384.50000000006,24906.4,-18863.699999999997,323967.8333333333,39112.96666666667,709291.4,24906.4,0.1573048673831015,2,6,1,1
729859.8,221475.3,163680.2,53703.0,34839.3,54043.1,3,2,1,1,0,1,-508384.50000000006,-57795.09999999998,-18863.699999999997,19203.799999999996,371671.76666666666,47528.46666666667,566179.6000000001,19203.799999999996,0.33017292150839556,5,4,0,0
221475.3,163680.2,4629.7,34839.3,54043.1,3047.8,2,1,0,0,1,0,-57795.09999999998,-159050.5,19203.799999999996,-50995.299999999996,129928.40000000001,30643.399999999998,216845.59999999998,50995.299999999996,0.6581726304878313,1,22,2,0
163680.2,4629.7,234208.4,54043.1,3047.8,10834.7,1,0,2,1,0,0,-159050.5,229578.69999999998,-50995.299999999996,7786.900000000001,134172.7666666667,22641.86666666667,229578.69999999998,50995.299999999996,0.046260739321308204,3,3,0,0
4629.7,234208.4,870.3,3047.8,10834.7,305.5,0,2,0,0,0,0,229578.69999999998,-233338.1,7786.900000000001,-10529.2,79902.8,4729.333333333333,233338.1,10529.2,0.3506255021232641,1,22,2,2
234208.4,870.3,585337.5,10834.7,305.5,206079.3,2,0,2,0,0,2,-233338.1,584467.2,-10529.2,205773.8,273472.06666666665,72406.5,584467.2,205773.8,0.3520685893717908,1,5,0,0
870.3,585337.5,29340.5,305.5,206079.3,41436.5,0,2,0,0,2,0,584467.2,-555997.0,205773.8,-164642.8,205182.7666666667,82607.09999999999,584467.2,205773.8,1.4122147811120767,2,6,1,0
585337.5,29340.5,97797.7,206079.3,41436.5,14940.4,2,0,1,2,0,0,-555997.0,68457.2,-164642.8,-26496.1,237491.9,87485.40000000001,555997.0,191138.9,0.15276685681916016,3,2,2,0
29340.5,97797.7,258068.2,41436.5,14940.4,3107.8,0,1,2,0,0,0,68457.2,160270.5,-26496.1,-11832.599999999999,128402.13333333335,19828.233333333334,228727.7,38328.7,0.012042506428508322,2,6,0,0
97797.7,258068.2,1038.1,14940.4,3107.8,2448.7,1,2,0,0,0,0,160270.5,-257030.1,-11832.599999999999,-659.1000000000004,118968.0,6832.3,257030.1,12491.7,2.356558560292561,1,22,0,0
258068.2,1038.1,2343.9,3107.8,2448.7,3269.8,2,0,0,0,0,0,-257030.1,1305.8000000000002,-659.1000000000004,821.1000000000004,87150.06666666667,2942.1,257030.1,821.1000000000004,1.394430466117958,1,22,0,0
1038.1,2343.9,3563.7,2448.7,3269.8,2042.7,0,0,0,0,0,0,1305.8000000000002,1219.7999999999997,821.1000000000004,-1227.1000000000001,2315.233333333333,2587.0666666666666,2525.6,1227.1000000000001,0.5730355990686453,1,22,3,0
2343.9,3563.7,1299920.9,3269.8,2042.7,37570.6,0,0,3,0,0,0,1219.7999999999997,1296357.2,-1227.1000000000001,35527.9,435276.1666666667,14294.366666666667,1297577.0,35527.9,0.028902197893581148,3,0,0,0
3563.7,1299920.9,896.3,2042.7,37570.6,3749.0,0,3,0,0,0,0,1296357.2,-1299024.5999999999,35527.9,-33821.6,434793.6333333333,14454.099999999999,1299024.5999999999,35527.9,4.178089825030647,1,22,0,0
1299920.9,896.3,2580.6,37570.6,3749.0,3975.6,3,0,0,0,0,0,-1299024.5999999999,1684.3,-33821.6,226.5999999999999,434465.93333333335,15098.4,1299024.5999999999,33821.6,1.5399752091726062,1,22,2,0
896.3,2580.6,395023.8,3749.0,3975.6,46817.6,0,0,2,0,0,0,1684.3,392443.2,226.5999999999999,42842.0,132833.56666666668,18180.733333333334,394127.5,43068.6,0.11851812848205986,3,0,0,0
2580.6,395023.8,922.3,3975.6,46817.6,2229.6,0,2,0,0,0,0,392443.2,-394101.5,42842.0,-44588.0,132842.2333333333,17674.266666666666,394101.5,44588.0,2.41481641936532,1,22,1,1
395023.8,922.3,194467.0,46817.6,2229.6,60927.7,2,0,1,0,0,1,-394101.5,193544.7,-44588.0,58698.1,196804.36666666667,36658.299999999996,394101.5,58698.1,0.31330450254026365,2,6,0,0
922.3,194467.0,1004.5,2229.6,60927.7,1715.2,0,1,0,0,1,0,193544.7,-193462.5,58698.1,-59212.5,65464.6,21624.166666666664,193544.7,59212.5,1.70581800099453,1,22,2,1
194467.0,1004.5,225114.4,60927.7,1715.2,60689.4,1,0,2,1,0,1,-193462.5,224109.9,-59212.5,58974.200000000004,140195.30000000002,41110.76666666666,224109.9,59212.5,0.26959239572237176,2,6,0,0
1004.5,225114.4,1917.6,1715.2,60689.4,3542.8,0,2,0,0,1,0,224109.9,-223196.8,58974.200000000004,-57146.6,76012.16666666667,21982.466666666664,224109.9,58974.200000000004,1.8465547795267385,1,22,0,0
225114.4,1917.6,751.4,60689.4,3542.8,4357.9,2,0,0,1,0,0,-223196.8,-1166.1999999999998,-57146.6,815.0999999999995,75927.8,22863.36666666667,224363.0,57146.6,5.791998936735778,1,22,0,0
1917.6,751.4,4650.7,3542.8,4357.9,1905.5,0,0,0,0,0,0,-1166.1999999999998,3899.2999999999997,815.0999999999995,-2452.3999999999996,2439.9,3268.7333333333336,3899.2999999999997,2452.3999999999996,0.4096351871358858,1,22,2,1
751.4,4650.7,385469.8,4357.9,1905.5,69873.2,0,0,2,0,0,1,3899.2999999999997,380819.1,-2452.3999999999996,67967.7,130290.63333333332,25378.866666666665,384718.39999999997,67967.7,0.18126716731851025,3,3,0,0
4650.7,385469.8,4605.0,1905.5,69873.2,2622.2,0,2,0,0,1,0,380819.1,-380864.8,67967.7,-67251.0,131575.16666666666,24800.3,380864.8,67967.7,0.5693009118541033,1,22,1,1
385469.8,4605.0,97721.5,69873.2,2622.2,138935.7,2,0,1,1,0,1,-380864.8,93116.5,-67251.0,136313.5,162598.76666666666,70477.03333333334,380864.8,136313.5,1.421737061577426,5,4,1,0
4605.0,97721.5,113790.9,2622.2,138935.7,25031.6,0,1,1,0,1,0,93116.5,16069.399999999994,136313.5,-113904.1,72039.13333333333,55529.83333333334,109185.9,136313.5,0.21997699309001784,3,2,0,0
97721.5,113790.9,3340.8,138935.7,25031.6,1686.4,1,1,0,1,0,0,16069.399999999994,-110450.09999999999,-113904.1,-23345.199999999997,71617.73333333332,55217.9,110450.09999999999,137249.30000000002,0.5046382189239332,1,22,3,1
113790.9,3340.8,1136181.8,25031.6,1686.4,74759.8,1,0,3,0,0,1,-110450.09999999999,1132841.0,-23345.199999999997,73073.40000000001,417771.1666666667,33825.933333333334,1132841.0,73073.40000000001,0.06579909500478268,3,0,0,0
3340.8,1136181.8,998.8,1686.4,74759.8,1720.2,0,3,0,0,1,0,1132841.0,-1135183.0,73073.40000000001,-73039.6,380173.80000000005,26055.466666666664,1135183.0,73073.40000000001,1.7205441088217646,1,22,1,1
1136181.8,998.8,88368.3,74759.8,1720.2,57023.2,3,0,1,1,0,1,-1135183.0,87369.5,-73039.6,55303.0,408516.30000000005,44501.06666666667,1135183.0,73039.6,0.645282920652308,3,3,2,0
998.8,88368.3,336042.0,1720.2,57023.2,6136.3,0,1,2,0,1,0,87369.5,247673.7,55303.0,-50886.899999999994,141803.03333333333,21626.566666666666,335043.2,55303.0,0.01826046071484899,3,3,0,0
88368.3,336042.0,698.8,57023.2,6136.3,1894.6,1,2,0,1,0,0,247673.7,-335343.2,-50886.899999999994,-4241.700000000001,141703.03333333333,21684.7,335343.2,55128.6,2.707344955701629,1,22,0,0
336042.0,698.8,1559.8,6136.3,1894.6,933.7,2,0,0,0,0,0,-335343.2,861.0,-4241.700000000001,-960.8999999999999,112766.86666666665,2988.2000000000003,335343.2,5202.6,0.5982188621219887,1,22,0,0
698.8,1559.8,641.3,1894.6,933.7,3766.3,0,0,0,0,0,0,861.0,-918.5,-960.8999999999999,2832.6000000000004,966.6333333333332,2198.2000000000003,918.5,2832.6000000000004,5.863770823602678,1,22,0,0
1559.8,641.3,3358.3,933.7,3766.3,2856.4,0,0,0,0,0,0,-918.5,2717.0,2832.6000000000004,-909.9000000000001,1853.1333333333332,2518.7999999999997,2717.0,2832.6000000000004,0.8502961926591849,1,22,0,0
641.3,3358.3,2861.5,3766.3,2856.4,447.9,0,0,0,0,0,0,2717.0,-496.8000000000002,-909.9000000000001,-2408.5,2287.0333333333333,2356.866666666667,2717.0,3318.4,0.156471615720524,1,22,1,1
3358.3,2861.5,56374.0,2856.4,447.9,54229.6,0,0,1,0,0,1,-496.8000000000002,53512.5,-2408.5,53781.7,20864.600000000002,19177.966666666667,53512.5,53781.7,0.9619441241685144,3,2,0,0
2861.5,56374.0,2307.7,447.9,54229.6,2904.8,0,1,0,0,1,0,53512.5,-54066.3,53781.7,-51324.799999999996,20514.399999999998,19194.100000000002,54066.3,53781.7,1.2581972538658122,1,22,0,0
56374.0,2307.7,2813.0,54229.6,2904.8,834.7,1,0,0,1,0,0,-54066.3,505.3000000000002,-51324.799999999996,-2070.1000000000004,20498.233333333334,19323.033333333333,54066.3,53394.9,0.29662402274342575,1,22,2,1
2307.7,2813.0,281173.7,2904.8,834.7,51824.9,0,0,2,0,0,1,505.3000000000002,278360.7,-2070.1000000000004,50990.200000000004,95431.46666666667,18521.466666666667,278866.0,50990.200000000004,0.18431565855676205,2,6,1,1
2813.0,281173.7,69749.0,834.7,51824.9,72642.8,0,2,1,0,1,1,278360.7,-211424.7,50990.200000000004,20817.9,117911.90000000001,41767.46666666667,278360.7,71808.1,1.041473835125448,5,19,0,0
281173.7,69749.0,3102.5,51824.9,72642.8,1037.9,2,1,0,1,1,0,-211424.7,-66646.5,20817.9,-71604.90000000001,118008.40000000001,41835.200000000004,278071.2,71604.90000000001,0.334428870629934,1,22,0,0
69749.0,3102.5,555.2,72642.8,1037.9,3153.0,1,0,0,1,0,0,-66646.5,-2547.3,-71604.90000000001,2115.1,24468.899999999998,25611.233333333334,69193.8,71604.90000000001,5.668824163969795,1,22,1,0
3102.5,555.2,103133.1,1037.9,3153.0,6684.6,0,0,1,0,0,0,-2547.3,102577.90000000001,2115.1,3531.6000000000004,35596.933333333334,3625.1666666666665,102577.90000000001,5646.700000000001,0.06481464423502993,2,6,1,1
555.2,103133.1,67639.7,3153.0,6684.6,74477.6,0,1,1,0,0,1,102577.90000000001,-35493.40000000001,3531.6000000000004,67793.0,57109.333333333336,28105.06666666667,102577.90000000001,71324.6,1.1010767186028532,5,4,0,0
103133.1,67639.7,4645.1,6684.6,74477.6,3071.0,1,1,0,0,1,0,-35493.40000000001,-62994.6,67793.0,-71406.6,58472.63333333333,28077.733333333337,98488.0,71406.6,0.6609844816082305,1,22,0,0
67639.7,4645.1,2561.9,74477.6,3071.0,746.7,1,0,0,1,0,0,-62994.6,-2083.2000000000003,-71406.6,-2324.3,24948.899999999998,26098.433333333334,65077.799999999996,73730.90000000001,0.29134964298255883,1,22,2,1
4645.1,2561.9,366660.4,3071.0,746.7,66117.1,0,0,2,0,0,1,-2083.2000000000003,364098.5,-2324.3,65370.40000000001,124622.46666666667,23311.600000000002,364098.5,65370.40000000001,0.1803219537153352,3,0,1,0
2561.9,366660.4,148772.1,746.7,66117.1,28943.8,0,2,1,0,1,0,364098.5,-217888.30000000002,65370.40000000001,-37173.3,172664.80000000002,31935.86666666667,364098.5,65370.40000000001,0.19454995560353316,5,19,0,0
366660.4,148772.1,2942.5,66117.1,28943.8,1152.3,2,1,0,1,0,0,-217888.30000000002,-145829.6,-37173.3,-27791.5,172791.66666666666,32071.06666666667,363717.9,64964.8,0.39147273653813486,1,22,2,0
148772.1,2942.5,269471.2,28943.8,1152.3,13610.6,1,0,2,0,0,0,-145829.6,266528.7,-27791.5,12458.300000000001,140395.2666666667,14568.9,266528.7,27791.5,0.050508364128099295,2,6,0,0
2942.5,269471.2,3738.3,1152.3,13610.6,2027.4,0,2,0,0,0,0,266528.7,-265732.9,12458.300000000001,-11583.2,92050.66666666667,5596.766666666666,266528.7,12458.300000000001,0.5421870403551466,1,22,0,0
269471.2,3738.3,3560.3,13610.6,2027.4,3637.5,2,0,0,0,0,0,-265732.9,-178.0,-11583.2,1610.1,92256.59999999999,6425.166666666667,265910.9,11583.2,1.0213966809872799,1,22,0,0
3738.3,3560.3,2591.5,2027.4,3637.5,4702.6,0,0,0,0,0,0,-178.0,-968.8000000000002,1610.1,1065.1000000000004,3296.7000000000003,3455.8333333333335,1146.8000000000002,2675.2000000000003,1.8139247830279654,1,22,0,0
3560.3,2591.5,2197.2,3637.5,4702.6,4228.0,0,0,0,0,0,0,-968.8000000000002,-394.3000000000002,1065.1000000000004,-474.60000000000036,2783.0,4189.366666666667,1363.1000000000004,1065.1000000000004,1.923391866072241,1,22,3,1
2591.5,2197.2,1188803.5,4702.6,4228.0,56312.2,0,0,3,0,0,1,-394.3000000000002,1186606.3,-474.60000000000036,52084.2,397864.06666666665,21747.6,1186606.3,52084.2,0.0473687641660172,3,0,0,0
2197.2,1188803.5,4779.9,4228.0,56312.2,3308.3,0,3,0,0,1,0,1186606.3,-1184023.6,52084.2,-53003.899999999994,398593.53333333327,21282.833333333332,1186606.3,53003.899999999994,0.6919826810851514,1,22,0,0
1188803.5,4779.9,2849.2,56312.2,3308.3,4678.5,3,0,0,1,0,0,-1184023.6,-1930.6999999999998,-53003.899999999994,1370.1999999999998,398810.86666666664,21433.0,1185954.3,53003.899999999994,1.6414637569293384,1,22,2,0
4779.9,2849.2,206141.5,3308.3,4678.5,33248.0,0,0,2,0,0,0,-1930.6999999999998,203292.3,1370.1999999999998,28569.5,71256.86666666667,13744.933333333334,203292.3,29939.7,0.1612864887153304,2,6,0,0
2849.2,206141.5,3839.4,4678.5,33248.0,362.9,0,2,0,0,0,0,203292.3,-202302.1,28569.5,-32885.1,70943.36666666667,12763.133333333333,203292.3,32885.1,0.09449536506613894,1,22,0,0
206141.5,3839.4,4805.8,33248.0,362.9,448.3,2,0,0,0,0,0,-202302.1,966.4000000000001,-32885.1,85.40000000000003,71595.56666666667,11353.066666666668,202302.1,32885.1,0.09326370974452858,1,22,2,1
3839.4,4805.8,231119.9,362.9,448.3,52527.8,0,0,2,0,0,1,966.4000000000001,226314.1,85.40000000000003,52079.5,79921.7,17779.666666666668,227280.5,52164.9,0.22727412362966742,2,6,0,0
4805.8,231119.9,388.8,448.3,52527.8,1659.8,0,2,0,0,1,0,226314.1,-230731.1,52079.5,-50868.0,78771.49999999999,18211.96666666667,230731.1,52079.5,4.258081067213956,1,22,0,0
231119.9,388.8,3540.2,52527.8,1659.8,3606.6,2,0,0,1,0,0,-230731.1,3151.3999999999996,-50868.0,1946.8,78349.63333333333,19264.733333333334,230731.1,50868.0,1.018468315825144,1,22,0,0
388.8,3540.2,1501.1,1659.8,3606.6,346.1,0,0,0,0,0,0,3151.3999999999996,-2039.1,1946.8,-3260.5,1810.0333333333335,1870.8333333333333,3151.3999999999996,3260.5,0.23041075827175292,1,22,0,0
3540.2,1501.1,2967.8,3606.6,346.1,505.8,0,0,0,0,0,0,-2039.1,1466.7000000000003,-3260.5,159.7,2669.7,1486.1666666666667,2039.1,3260.5,0.17037186742118027,1,22,0,0
1501.1,2967.8,3654.7,346.1,505.8,2453.2,0,0,0,0,0,0,1466.7000000000003,686.8999999999996,159.7,1947.3999999999999,2707.8666666666663,1101.7,2153.6,2107.1,0.6710616297836256,1,22,0,0
2967.8,3654.7,343.1,505.8,2453.2,2725.7,0,0,0,0,0,0,686.8999999999996,-3311.6,1947.3999999999999,272.5,2321.866666666667,1894.8999999999999,3311.6,2219.8999999999996,7.92124382446963,1,22,1,1
3654.7,343.1,162512.3,2453.2,2725.7,67071.5,0,0,1,0,0,1,-3311.6,162169.19999999998,272.5,64345.8,55503.36666666666,24083.466666666664,162169.19999999998,64618.3,0.4127139132612531,2,6,2,0
343.1,162512.3,298770.9,2725.7,67071.5,4889.3,0,1,2,0,1,0,162169.19999999998,136258.60000000003,64345.8,-62182.2,153875.43333333335,24895.5,298427.80000000005,64345.8,0.016364658122132638,2,6,0,0
162512.3,298770.9,3981.3,67071.5,4889.3,362.7,1,2,0,1,0,0,136258.60000000003,-294789.60000000003,-62182.2,-4526.6,155088.16666666666,24107.833333333332,294789.60000000003,66708.8,0.09107802023956005,1,22,0,0
298770.9,3981.3,4074.1,4889.3,362.7,2735.8,2,0,0,0,0,0,-294789.60000000003,92.79999999999973,-4526.6,2373.1000000000004,102275.43333333333,2662.6,294789.60000000003,4526.6,0.6713454884542711,1,22,2,1
3981.3,4074.1,205033.0,362.7,2735.8,70191.9,0,0,2,0,0,1,92.79999999999973,200958.9,2373.1000000000004,67456.09999999999,71029.46666666666,24430.13333333333,201051.7,69829.2,0.34234273340031407,2,6,0,0
4074.1,205033.0,2980.9,2735.8,70191.9,3714.3,0,2,0,0,1,0,200958.9,-202052.1,67456.09999999999,-66477.59999999999,70696.0,25547.333333333332,202052.1,67456.09999999999,1.2456152117777257,1,22,0,0
205033.0,2980.9,879.6,70191.9,3714.3,2684.6,2,0,0,1,0,0,-202052.1,-2101.3,-66477.59999999999,-1029.7000000000003,69631.16666666667,25530.266666666666,204153.4,67507.29999999999,3.0486032250738133,1,22,0,0
2980.9,879.6,4592.6,3714.3,2684.6,276.7,0,0,0,0,0,0,-2101.3,3713.0000000000005,-1029.7000000000003,-2407.9,2817.7000000000003,2225.2,3713.0000000000005,3437.6000000000004,0.060235980494601174,1,22,1,0
879.6,4592.6,69604.3,2684.6,276.7,21363.7,0,0,1,0,0,0,3713.0000000000005,65011.700000000004,-2407.9,21087.0,25025.5,8108.333333333333,68724.7,21087.0,0.3069263403792527,3,3,0,0
4592.6,69604.3,1675.2,276.7,21363.7,3216.0,0,1,0,0,0,0,65011.700000000004,-67929.1,21087.0,-18147.7,25290.7,8285.466666666667,67929.1,21087.0,1.9186254623553274,1,22,1,0
69604.3,1675.2,55353.4,21363.7,3216.0,48101.3,1,0,1,0,0,0,-67929.1,53678.200000000004,-18147.7,44885.3,42210.96666666667,24227.0,67929.1,44885.3,0.8689697657277471,2,6,0,0
1675.2,55353.4,49772.7,3216.0,48101.3,42285.8,0,1,0,0,0,0,53678.200000000004,-5580.700000000004,44885.3,-5815.5,35600.43333333333,31201.033333333336,53678.200000000004,44885.3,0.8495611136001544,3,2,2,1
55353.4,49772.7,369830.2,48101.3,42285.8,81423.1,1,0,2,0,0,1,-5580.700000000004,320057.5,-5815.5,39137.3,158318.7666666667,57270.06666666667,320057.5,39137.3,0.22016287430589956,3,0,2,1
49772.7,369830.2,244398.7,42285.8,81423.1,78611.0,0,2,2,0,1,1,320057.5,-125431.5,39137.3,-2812.100000000006,221333.8666666667,67439.96666666667,320057.5,39137.3,0.32164933099345044,2,6,1,1
369830.2,244398.7,143209.3,81423.1,78611.0,97706.1,2,2,1,1,1,1,-125431.5,-101189.40000000002,-2812.100000000006,19095.100000000006,252479.4,85913.40000000001,226620.90000000002,19095.100000000006,0.6822560947082718,3,3,0,0
244398.7,143209.3,712.5,78611.0,97706.1,4190.3,2,1,0,1,1,0,-101189.40000000002,-142496.8,19095.100000000006,-93515.8,129440.16666666667,60169.13333333333,243686.2,93515.8,5.872880168185004,1,22,3,1
143209.3,712.5,1158130.4,97706.1,4190.3,61343.1,1,0,3,1,0,1,-142496.8,1157417.9,-93515.8,57152.799999999996,434017.39999999997,54413.166666666664,1157417.9,93515.8,0.05296730578240086,3,0,0,0
712.5,1158130.4,40619.9,4190.3,61343.1,13016.5,0,3,0,0,1,0,1157417.9,-1117510.5,57152.799999999996,-48326.6,399820.9333333333,26183.3,1157417.9,57152.799999999996,0.3204384934848809,2,6,2,0
1158130.4,40619.9,210407.3,61343.1,13016.5,45165.8,3,0,2,1,0,0,-1117510.5,169787.4,-48326.6,32149.300000000003,469719.19999999995,39841.8,1117510.5,48326.6,0.21465788184211368,2,6,2,0
40619.9,210407.3,278074.3,13016.5,45165.8,5174.5,0,2,2,0,0,0,169787.4,67667.0,32149.300000000003,-39991.3,176367.16666666666,21118.933333333334,237454.4,39991.3,0.018608269055180378,2,6,0,0
210407.3,278074.3,4267.4,45165.8,5174.5,2527.3,2,2,0,0,0,0,67667.0,-273806.89999999997,-39991.3,-2647.2,164249.66666666666,17622.533333333336,273806.89999999997,42638.5,0.5920953987442602,1,22,1,1
278074.3,4267.4,72664.0,5174.5,2527.3,51261.9,2,0,1,0,0,1,-273806.89999999997,68396.6,-2647.2,48734.6,118335.23333333334,19654.56666666667,273806.89999999997,48734.6,0.7054551709901603,3,0,0,0
4267.4,72664.0,1061.2,2527.3,51261.9,538.7,0,1,0,0,1,0,68396.6,-71602.8,48734.6,-50723.200000000004,25997.53333333333,18109.3,71602.8,50723.200000000004,0.5071549614008661,1,22,0,0
72664.0,1061.2,3559.0,51261.9,538.7,1307.0,1,0,0,1,0,0,-71602.8,2497.8,-50723.200000000004,768.3,25761.399999999998,17702.533333333333,71602.8,50723.200000000004,0.36713483146067416,1,22,2,1
1061.2,3559.0,236317.6,538.7,1307.0,56926.9,0,0,2,0,0,1,2497.8,232758.6,768.3,55619.9,80312.6,19590.866666666665,235256.4,56388.200000000004,0.24089047582373965,3,2,0,0
3559.0,236317.6,3271.2,1307.0,56926.9,2187.7,0,2,0,0,1,0,232758.6,-233046.4,55619.9,-54739.200000000004,81049.26666666668,20140.533333333333,233046.4,55619.9,0.6685716032027382,1,22,2,0
236317.6,3271.2,281736.4,56926.9,2187.7,49622.0,2,0,2,1,0,0,-233046.4,278465.2,-54739.200000000004,47434.3,173775.06666666668,36245.53333333333,278465.2,54739.200000000004,0.1761285509130133,2,6,0,0
3271.2,281736.4,1064.0,2187.7,49622.0,2099.6,0,2,0,0,0,0,278465.2,-280672.4,47434.3,-47522.4,95357.20000000001,17969.766666666666,280672.4,47522.4,1.9714553990610328,1,22,1,1
281736.4,1064.0,132894.5,49622.0,2099.6,120648.7,2,0,1,0,0,1,-280672.4,131830.5,-47522.4,118549.09999999999,138564.96666666667,57456.76666666666,280672.4,118549.09999999999,0.9078463905850838,5,4,0,0
1064.0,132894.5,6348.2,2099.6,120648.7,20379.8,0,1,0,0,1,0,131830.5,-126546.3,118549.09999999999,-100268.9,46768.9,47709.36666666667,131830.5,118549.09999999999,3.2098217098217097,2,6,0,0
132894.5,6348.2,2745.0,120648.7,20379.8,563.6,1,0,0,1,0,0,-126546.3,-3603.2,-100268.9,-19816.2,47329.23333333334,47197.36666666667,130149.5,120085.09999999999,0.20524399126001458,1,22,2,0
6348.2,2745.0,229532.8,20379.8,563.6,44098.4,0,0,2,0,0,0,-3603.2,226787.8,-19816.2,43534.8,79542.0,21680.600000000002,226787.8,43534.8,0.19212159603509377,2,6,0,0
2745.0,229532.8,3897.6,563.6,44098.4,2705.4,0,2,0,0,0,0,226787.8,-225635.19999999998,43534.8,-41393.0,78725.13333333333,15789.133333333333,226787.8,43534.8,0.6939414148668753,1,22,1,1
229532.8,3897.6,62147.1,44098.4,2705.4,64135.8,2,0,1,0,0,1,-225635.19999999998,58249.5,-41393.0,61430.4,98525.83333333333,36979.86666666667,225635.19999999998,61430.4,1.031983278652123,2,6,2,0
3897.6,62147.1,388058.1,2705.4,64135.8,50069.2,0,1,2,0,1,0,58249.5,325911.0,61430.4,-14066.600000000006,151367.6,38970.13333333333,384160.5,61430.4,0.12902467691132613,3,3,0,0
62147.1,388058.1,3416.7,64135.8,50069.2,363.8,1,2,0,1,0,0,325911.0,-384641.39999999997,-14066.600000000006,-49705.399999999994,151207.3,38189.6,384641.39999999997,63772.0,0.1064458553998303,1,22,0,0
388058.1,3416.7,1211.8,50069.2,363.8,1360.5,2,0,0,0,0,0,-384641.39999999997,-2204.8999999999996,-49705.399999999994,996.7,130895.53333333333,17264.5,386846.3,49705.399999999994,1.1217843007915567,1,22,2,1
3416.7,1211.8,242520.3,363.8,1360.5,61155.8,0,0,2,0,0,1,-2204.8999999999996,241308.5,996.7,59795.3,82382.93333333333,20960.033333333336,241308.5,60792.0,0.252166716902804,2,6,0,0
1211.8,242520.3,3754.0,1360.5,61155.8,3714.5,0,2,0,0,1,0,241308.5,-238766.3,59795.3,-57441.3,82495.36666666665,22076.933333333334,241308.5,59795.3,0.9892143808255659,1,22,0,0
242520.3,3754.0,3970.4,61155.8,3714.5,2043.2,2,0,0,1,0,0,-238766.3,216.4000000000001,-57441.3,-1671.3,83414.9,22304.5,238766.3,59112.600000000006,0.5144785214282117,1,22,0,0
3754.0,3970.4,4496.4,3714.5,2043.2,2941.3,0,0,0,0,0,0,216.4000000000001,525.9999999999995,-1671.3,898.1000000000001,4073.6,2899.6666666666665,742.3999999999996,1671.3,0.6540000889402767,1,22,0,0
3970.4,4496.4,1371.3,2043.2,2941.3,676.4,0,0,0,0,0,0,525.9999999999995,-3125.0999999999995,898.1000000000001,-2264.9,3279.3666666666663,1886.9666666666665,3125.0999999999995,2264.9,0.49289513954674635,1,22,1,1
4496.4,1371.3,143760.3,2941.3,676.4,79002.7,0,0,1,0,0,1,-3125.0999999999995,142389.0,-2264.9,78326.3,49876.0,27540.13333333333,142389.0,78326.3,0.5495408013144011,3,3,0,1
1371.3,143760.3,33928.9,676.4,79002.7,59544.3,0,1,0,0,1,1,142389.0,-109831.4,78326.3,-19458.399999999994,59686.83333333332,46407.799999999996,142389.0,78326.3,1.754921175718172,2,6,0,0
143760.3,33928.9,1564.6,79002.7,59544.3,739.9,1,0,0,1,1,0,-109831.4,-32364.300000000003,-19458.399999999994,-58804.4,59751.26666666666,46428.96666666667,142195.69999999998,78262.8,0.47259836484414924,1,22,0,0
33928.9,1564.6,2437.5,59544.3,739.9,4457.9,0,0,0,1,0,0,-32364.300000000003,872.9000000000001,-58804.4,3717.9999999999995,12643.666666666666,21580.7,32364.300000000003,58804.4,1.8281320483904038,1,22,0,0
1564.6,2437.5,4653.9,739.9,4457.9,1929.0,0,0,0,0,0,0,872.9000000000001,2216.3999999999996,3717.9999999999995,-2528.8999999999996,2885.3333333333335,2375.6,3089.2999999999997,3717.9999999999995,0.4144020279705257,1,22,0,1
2437.5,4653.9,45239.4,4457.9,1929.0,58146.1,0,0,0,0,0,1,2216.3999999999996,40585.5,-2528.8999999999996,56217.1,17443.600000000002,21511.0,42801.9,56217.1,1.2852693610136072,2,6,0,0
4653.9,45239.4,3904.7,1929.0,58146.1,686.4,0,0,0,0,1,0,40585.5,-41334.700000000004,56217.1,-57459.7,17932.666666666668,20253.833333333332,41334.700000000004,57459.7,0.17574314463476456,1,22,0,0
45239.4,3904.7,3522.6,58146.1,686.4,426.7,0,0,0,1,0,0,-41334.700000000004,-382.0999999999999,-57459.7,-259.7,17555.566666666666,19753.066666666666,41716.8,57719.4,0.121097740946759,1,22,0,0
3904.7,3522.6,4287.9,686.4,426.7,1942.6,0,0,0,0,0,0,-382.0999999999999,765.2999999999997,-259.7,1515.8999999999999,3905.066666666666,1018.5666666666666,765.2999999999997,1515.8999999999999,0.4529366504231854,1,22,0,0
3522.6,4287.9,1849.2,426.7,1942.6,3568.4,0,0,0,0,0,0,765.2999999999997,-2438.7,1515.8999999999999,1625.8000000000002,3219.9,1979.2333333333333,2438.7,3141.7000000000003,1.9286563614744352,1,22,0,0
4287.9,1849.2,3179.2,1942.6,3568.4,1950.2,0,0,0,0,0,0,-2438.7,1329.9999999999998,1625.8000000000002,-1618.2,3105.433333333333,2487.0666666666666,2438.7,1625.8000000000002,0.6132318722092951,1,22,0,0
1849.2,3179.2,762.7,3568.4,1950.2,2913.4,0,0,0,0,0,0,1329.9999999999998,-2416.5,-1618.2,963.2,1930.3666666666666,2810.6666666666665,2416.5,1618.2,3.8148487626031162,1,22,0,1
3179.2,762.7,44212.8,1950.2,2913.4,69273.0,0,0,0,0,0,1,-2416.5,43450.100000000006,963.2,66359.6,16051.566666666668,24712.2,43450.100000000006,67322.8,1.5667732698840633,3,2,0,0
762.7,44212.8,4978.5,2913.4,69273.0,2978.3,0,0,0,0,1,0,43450.100000000006,-39234.3,66359.6,-66294.7,16651.333333333332,25054.899999999998,43450.100000000006,66359.6,0.5981122602670951,1,22,1,1
44212.8,4978.5,98167.8,69273.0,2978.3,59751.3,0,0,1,1,0,1,-39234.3,93189.3,-66294.7,56773.0,49119.700000000004,44000.86666666667,93189.3,66294.7,0.6086587591984419,3,2,1,0
4978.5,98167.8,113728.6,2978.3,59751.3,36093.1,0,1,1,0,1,0,93189.3,15560.800000000003,56773.0,-23658.200000000004,72291.63333333335,32940.9,108750.1,56773.0,0.31735889337516354,3,3,0,0
98167.8,113728.6,4462.4,59751.3,36093.1,2979.3,1,1,0,1,0,0,15560.800000000003,-109266.20000000001,-23658.200000000004,-33113.799999999996,72119.6,32941.23333333333,109266.20000000001,56772.0,0.667495631133217,1,22,0,0
113728.6,4462.4,2953.8,36093.1,2979.3,219.3,1,0,0,0,0,0,-109266.20000000001,-1508.5999999999995,-33113.799999999996,-2760.0,40381.6,13097.233333333335,110774.8,35873.799999999996,0.07421822119940436,1,22,1,1
4462.4,2953.8,124035.2,2979.3,219.3,167663.2,0,0,1,0,0,1,-1508.5999999999995,121081.4,-2760.0,167443.90000000002,43817.13333333333,56953.93333333334,121081.4,167443.90000000002,1.351727963288137,1,5,1,1
2953.8,124035.2,98749.8,219.3,167663.2,55456.6,0,1,1,0,1,1,121081.4,-25285.399999999994,167443.90000000002,-112206.6,75246.26666666666,74446.36666666667,121081.4,167443.90000000002,0.5615812732656342,3,0,0,0
124035.2,98749.8,3996.1,167663.2,55456.6,4115.4,1,1,0,1,1,0,-25285.399999999994,-94753.7,-112206.6,-51341.2,75593.7,75745.06666666667,120039.09999999999,163547.80000000002,1.0295964574316379,1,22,1,0
98749.8,3996.1,75950.9,55456.6,4115.4,45562.0,1,0,1,1,0,0,-94753.7,71954.79999999999,-51341.2,41446.6,59565.6,35044.666666666664,94753.7,51341.2,0.599879660679983,2,6,0,0
3996.1,75950.9,3712.6,4115.4,45562.0,3809.7,0,1,0,0,0,0,71954.79999999999,-72238.29999999999,41446.6,-41752.3,27886.533333333336,17829.033333333333,72238.29999999999,41752.3,1.025877854373115,1,22,0,0
75950.9,3712.6,1619.8,45562.0,3809.7,2661.0,1,0,0,0,0,0,-72238.29999999999,-2092.8,-41752.3,-1148.6999999999998,27094.433333333334,17344.233333333334,74331.09999999999,42901.0,1.641781836130306,1,22,0,0
3712.6,1619.8,2503.0,3809.7,2661.0,1358.4,0,0,0,0,0,0,-2092.8,883.2,-1148.6999999999998,-1302.6,2611.7999999999997,2609.7000000000003,2092.8,2451.2999999999997,0.5424920127795527,1,22,2,1
1619.8,2503.0,346010.4,2661.0,1358.4,75992.2,0,0,2,0,0,1,883.2,343507.4,-1302.6,74633.8,116711.06666666667,26670.53333333333,344390.60000000003,74633.8,0.21962339969145522,3,3,0,0
2503.0,346010.4,2383.2,1358.4,75992.2,3133.0,0,2,0,0,1,0,343507.4,-343627.2,74633.8,-72859.2,116965.53333333334,26827.866666666665,343627.2,74633.8,1.3140676117775356,1,22,0,0
346010.4,2383.2,1680.9,75992.2,3133.0,2390.6,2,0,0,1,0,0,-343627.2,-702.2999999999997,-72859.2,-742.4000000000001,116691.50000000001,27171.933333333334,344329.5,73601.59999999999,1.4213686901718294,1,22,1,1
2383.2,1680.9,141967.3,3133.0,2390.6,51405.4,0,0,1,0,0,1,-702.2999999999997,140286.4,-742.4000000000001,49014.8,48677.13333333333,18976.333333333332,140286.4,49014.8,0.36209069207703415,2,6,0,0
1680.9,141967.3,375.7,2390.6,51405.4,2691.0,0,1,0,0,1,0,140286.4,-141591.59999999998,49014.8,-48714.4,48007.96666666667,18829.0,141591.59999999998,49014.8,7.143615609238121,1,22,0,0
141967.3,375.7,14650.7,51405.4,2691.0,35220.4,1,0,0,1,0,0,-141591.59999999998,14275.0,-48714.4,32529.4,52331.23333333334,29772.266666666666,141591.59999999998,48714.4,2.4038439225482366,2,6,0,0
375.7,14650.7,4741.3,2691.0,35220.4,2261.3,0,0,0,0,0,0,14275.0,-9909.400000000001,32529.4,-32959.1,6589.233333333334,13390.900000000001,14275.0,32959.1,0.47683613436518146,1,22,3,0
14650.7,4741.3,1192153.2,35220.4,2261.3,12691.1,0,0,3,0,0,0,-9909.400000000001,1187411.9,-32959.1,10429.8,403848.39999999997,16724.266666666666,1187411.9,32959.1,0.010645518843116101,3,0,0,0
4741.3,1192153.2,2969.5,2261.3,12691.1,259.0,0,3,0,0,0,0,1187411.9,-1189183.7,10429.8,-12432.1,399954.6666666667,5070.466666666667,1189183.7,12432.1,0.08719070863490995,1,22,1,1
1192153.2,2969.5,141437.5,12691.1,259.0,134877.0,3,0,1,0,0,1,-1189183.7,138468.0,-12432.1,134618.0,445520.06666666665,49275.700000000004,1189183.7,134618.0,0.9536088123106509,5,19,0,0
2969.5,141437.5,1954.8,259.0,134877.0,2552.7,0,1,0,0,1,0,138468.0,-139482.7,134618.0,-132324.3,48787.26666666666,45896.23333333334,139482.7,134618.0,1.3051948051948052,1,22,1,0
141437.5,1954.8,56703.9,134877.0,2552.7,45585.7,1,0,1,1,0,0,-139482.7,54749.1,-132324.3,43033.0,66698.73333333332,61005.13333333334,139482.7,132324.3,0.8039111258462672,2,6,0,0
1954.8,56703.9,3604.8,2552.7,45585.7,977.9,0,1,0,0,0,0,54749.1,-53099.1,43033.0,-44607.799999999996,20754.500000000004,16372.099999999999,54749.1,44607.799999999996,0.2712019524100061,1,22,2,1
56703.9,3604.8,243179.6,45585.7,977.9,78389.4,1,0,2,0,0,1,-53099.1,239574.80000000002,-44607.799999999996,77411.5,101162.76666666666,41651.0,239574.80000000002,77411.5,0.3223505493448079,1,5,0,0
3604.8,243179.6,4697.6,977.9,78389.4,2921.6,0,2,0,0,1,0,239574.80000000002,-238482.0,77411.5,-75467.79999999999,83827.33333333333,27429.63333333333,239574.80000000002,77411.5,0.6218022389647979,1,22,1,1
243179.6,4697.6,57762.9,78389.4,2921.6,115577.3,2,0,1,1,0,1,-238482.0,53065.3,-75467.79999999999,112655.7,101880.03333333334,65629.43333333333,238482.0,112655.7,2.00085693659881,5,4,0,0
4697.6,57762.9,1893.0,2921.6,115577.3,1216.0,0,1,0,0,1,0,53065.3,-55869.9,112655.7,-114361.3,21451.166666666668,39904.96666666667,55869.9,114361.3,0.6420274551214361,1,22,1,0
57762.9,1893.0,125315.2,115577.3,1216.0,11020.1,1,0,1,1,0,0,-55869.9,123422.2,-114361.3,9804.1,61657.03333333333,42604.46666666667,123422.2,114361.3,0.08793835114693871,3,3,1,0
1893.0,125315.2,148436.9,1216.0,11020.1,43081.2,0,1,1,0,0,0,123422.2,23121.699999999997,9804.1,32061.1,91881.7,18439.1,146543.9,41865.2,0.29023046001054986,2,6,0,0
125315.2,148436.9,3607.2,11020.1,43081.2,2777.6,1,1,0,0,0,0,23121.699999999997,-144829.69999999998,32061.1,-40303.6,92453.09999999999,18959.63333333333,144829.69999999998,40303.6,0.7698021173992573,1,22,0,0
148436.9,3607.2,1482.6,43081.2,2777.6,3123.7,1,0,0,0,0,0,-144829.69999999998,-2124.6,-40303.6,346.0999999999999,51175.56666666667,16327.499999999998,146954.3,40303.6,2.105486654084659,1,22,3,1
3607.2,1482.6,1420779.7,2777.6,3123.7,81835.6,0,0,3,0,0,1,-2124.6,1419297.0999999999,346.0999999999999,78711.90000000001,475289.8333333333,29245.633333333335,1419297.0999999999,79058.0,0.05759903692385462,3,0,0,1
1482.6,1420779.7,31813.0,3123.7,81835.6,135406.9,0,3,0,0,1,1,1419297.0999999999,-1388966.7,78711.90000000001,53571.29999999999,484691.76666666666,73455.40000000001,1419297.0999999999,132283.19999999998,4.256204815490036,5,19,0,1
1420779.7,31813.0,28650.3,81835.6,135406.9,72039.8,3,0,0,1,1,1,-1388966.7,-3162.7000000000007,53571.29999999999,-63367.09999999999,493747.6666666667,96427.43333333333,1392129.4,63367.09999999999,2.514364095171947,2,6,2,0
31813.0,28650.3,287204.9,135406.9,72039.8,10530.5,0,0,2,1,1,0,-3162.7000000000007,258554.60000000003,-63367.09999999999,-61509.3,115889.40000000001,72659.06666666667,258554.60000000003,124876.4,0.03666533312860216,2,6,2,0
28650.3,287204.9,210639.2,72039.8,10530.5,40713.6,0,2,2,1,0,0,258554.60000000003,-76565.70000000001,-61509.3,30183.1,175498.13333333333,41094.63333333333,258554.60000000003,61509.3,0.19328504245628325,2,6,0,0
287204.9,210639.2,2130.7,10530.5,40713.6,1919.1,2,2,0,0,0,0,-76565.70000000001,-208508.5,30183.1,-38794.5,166658.2666666667,17721.066666666666,285074.2,38794.5,0.9002673922221701,1,22,2,0
210639.2,2130.7,291024.5,40713.6,1919.1,44231.9,2,0,2,0,0,0,-208508.5,288893.8,-38794.5,42312.8,167931.46666666667,28954.86666666667,288893.8,42312.8,0.1519863379669479,2,6,0,0
2130.7,291024.5,1864.2,1919.1,44231.9,1886.7,0,2,0,0,0,0,288893.8,-289160.3,42312.8,-42345.200000000004,98339.8,16012.566666666666,289160.3,42345.200000000004,1.01152691400386,1,22,0,0
291024.5,1864.2,1236.9,44231.9,1886.7,282.6,2,0,0,0,0,0,-289160.3,-627.3,-42345.200000000004,-1604.1,98041.86666666668,15467.066666666666,289787.6,43949.3,0.22828984570643832,1,22,0,0
1864.2,1236.9,1006.1,1886.7,282.6,2847.6,0,0,0,0,0,0,-627.3,-230.80000000000007,-1604.1,2565.0,1369.0666666666668,1672.3,858.1,2565.0,2.8275245755138516,1,22,0,0
1236.9,1006.1,1705.6,282.6,2847.6,1094.1,0,0,0,0,0,0,-230.80000000000007,699.4999999999999,2565.0,-1753.5,1316.2,1408.0999999999997,699.4999999999999,2565.0,0.6410992616899097,1,22,0,0
1006.1,1705.6,1372.6,2847.6,1094.1,1820.7,0,0,0,0,0,0,699.4999999999999,-333.0,-1753.5,726.6000000000001,1361.4333333333332,1920.8,699.4999999999999,1753.5,1.3254950495049507,1,22,2,0
1705.6,1372.6,339925.0,1094.1,1820.7,47299.3,0,0,2,0,0,0,-333.0,338552.4,726.6000000000001,45478.600000000006,114334.40000000001,16738.033333333336,338552.4,46205.200000000004,0.13914587292528374,3,3,0,1
1372.6,339925.0,43926.5,1820.7,47299.3,63569.2,0,2,0,0,0,1,338552.4,-295998.5,45478.600000000006,16269.899999999994,128408.03333333333,37563.066666666666,338552.4,61748.5,1.4471390359114449,2,6,0,0
339925.0,43926.5,1448.0,47299.3,63569.2,2040.1,2,0,0,0,1,0,-295998.5,-42478.5,16269.899999999994,-61529.1,128433.16666666667,37636.200000000004,338477.0,61529.1,1.4079365079365078,1,22,1,0
43926.5,1448.0,158555.0,63569.2,2040.1,21388.1,0,0,1,1,0,0,-42478.5,157107.0,-61529.1,19348.0,67976.5,28999.13333333333,157107.0,61529.1,0.13489303463760438,5,4,1,0
1448.0,158555.0,139498.3,2040.1,21388.1,14976.3,0,1,1,0,0,0,157107.0,-19056.70000000001,19348.0,-6411.799999999999,99833.76666666666,12801.5,157107.0,19348.0,0.10735752795892166,2,6,1,1
158555.0,139498.3,148126.2,21388.1,14976.3,53508.3,1,1,1,0,0,1,-19056.70000000001,8627.900000000023,-6411.799999999999,38532.0,148726.5,29957.566666666666,19056.70000000001,38532.0,0.3612321032193952,5,19,1,1
139498.3,148126.2,171079.7,14976.3,53508.3,108536.0,1,1,1,0,1,1,8627.900000000023,22953.5,38532.0,55027.7,152901.4,59006.86666666667,31581.400000000023,93559.7,0.6344140513804304,5,4,0,0
148126.2,171079.7,698.6,53508.3,108536.0,789.9,1,1,0,1,1,0,22953.5,-170381.1,55027.7,-107746.1,106634.83333333333,54278.06666666666,170381.1,107746.1,1.1290737564322468,1,22,0,0
171079.7,698.6,1719.8,108536.0,789.9,680.6,1,0,0,1,0,0,-170381.1,1021.1999999999999,-107746.1,-109.29999999999995,57832.700000000004,36668.833333333336,170381.1,107855.4,0.39551371455137146,1,22,0,0
698.6,1719.8,1085.6,789.9,680.6,2337.5,0,0,0,0,0,0,1021.1999999999999,-634.2,-109.29999999999995,1656.9,1168.0,1269.3333333333333,1021.1999999999999,1656.9,2.151205595435303,1,22,0,0
1719.8,1085.6,1721.3,680.6,2337.5,1506.6,0,0,0,0,0,0,-634.2,635.7,1656.9,-830.9000000000001,1508.8999999999999,1508.2333333333333,635.7,1656.9,0.8747604946873366,1,22,1,0
1085.6,1721.3,164260.6,2337.5,1506.6,14682.6,0,0,1,0,0,0,635.7,162539.30000000002,-830.9000000000001,13176.0,55689.166666666664,6175.566666666667,163175.0,13176.0,0.08938546805826802,2,6,2,0
1721.3,164260.6,276528.0,1506.6,14682.6,33555.9,0,1,2,0,0,0,162539.30000000002,112267.4,13176.0,18873.300000000003,147503.30000000002,16581.7,274806.7,32049.300000000003,0.12134676652358342,2,6,0,0
164260.6,276528.0,752.6,14682.6,33555.9,2317.3,1,2,0,0,0,0,112267.4,-275775.4,18873.300000000003,-31238.600000000002,147180.4,16851.933333333334,275775.4,31238.600000000002,3.0749734607218686,1,22,0,1
276528.0,752.6,6266.8,33555.9,2317.3,59602.6,2,0,0,0,0,1,-275775.4,5514.2,-31238.600000000002,57285.299999999996,94515.79999999999,31825.266666666666,275775.4,57285.299999999996,9.509333418424328,2,6,1,1
752.6,6266.8,79630.5,2317.3,59602.6,110235.9,0,0,1,0,1,1,5514.2,73363.7,57285.299999999996,50633.299999999996,28883.3,57385.26666666666,78877.9,107918.59999999999,1.3843252984057817,5,4,0,0
6266.8,79630.5,1470.4,59602.6,110235.9,4722.8,0,1,0,1,1,0,73363.7,-78160.1,50633.299999999996,-105513.09999999999,29122.566666666666,58187.1,78160.1,105513.09999999999,3.2097322278102487,1,22,2,1
79630.5,1470.4,444236.5,110235.9,4722.8,86770.9,1,0,2,1,0,1,-78160.1,442766.1,-105513.09999999999,82048.09999999999,175112.46666666667,67243.2,442766.1,105513.09999999999,0.19532547342356282,1,5,0,0
1470.4,444236.5,4537.2,4722.8,86770.9,2238.4,0,2,0,0,1,0,442766.1,-439699.3,82048.09999999999,-84532.5,150081.36666666667,31244.03333333333,442766.1,84532.5,0.49323520338460186,1,22,2,1
444236.5,4537.2,298023.4,86770.9,2238.4,90516.6,2,0,2,1,0,1,-439699.3,293486.2,-84532.5,88278.20000000001,248932.3666666667,59841.96666666667,439699.3,88278.20000000001,0.30372211134390337,3,3,0,0
4537.2,298023.4,2844.6,2238.4,90516.6,1370.7,0,2,0,0,1,0,293486.2,-295178.80000000005,88278.20000000001,-89145.90000000001,101801.73333333334,31375.233333333334,295178.80000000005,89145.90000000001,0.48169103176834416,1,22,2,0
298023.4,2844.6,253058.7,90516.6,1370.7,36785.9,2,0,2,1,0,0,-295178.80000000005,250214.1,-89145.90000000001,35415.200000000004,184642.2333333333,42891.06666666667,295178.80000000005,89145.90000000001,0.14536451280073437,2,6,0,0
2844.6,253058.7,464.2,1370.7,36785.9,2637.0,0,2,0,0,0,0,250214.1,-252594.5,35415.200000000004,-34148.9,85455.83333333334,13597.866666666667,252594.5,35415.200000000004,5.668529664660361,1,22,0,0
253058.7,464.2,1134.1,36785.9,2637.0,4681.5,2,0,0,0,0,0,-252594.5,669.8999999999999,-34148.9,2044.5,84885.66666666667,14701.466666666667,252594.5,34148.9,4.124306228526121,1,22,0,0
464.2,1134.1,11651.9,2637.0,4681.5,43996.2,0,0,0,0,0,0,669.8999999999999,10517.8,2044.5,39314.7,4416.733333333333,17104.899999999998,11187.699999999999,41359.2,3.7755580156012667,2,6,1,0
1134.1,11651.9,203109.5,4681.5,43996.2,8815.4,0,0,1,0,0,0,10517.8,191457.6,39314.7,-35180.799999999996,71965.16666666667,19164.366666666665,201975.4,39314.7,0.04340199054209408,2,6,0,0
11651.9,203109.5,996.4,43996.2,8815.4,1622.9,0,1,0,0,0,0,191457.6,-202113.1,-35180.799999999996,-7192.5,71919.26666666666,18144.833333333332,202113.1,42373.299999999996,1.6271305394024465,1,22,0,0
203109.5,996.4,3779.3,8815.4,1622.9,2734.5,1,0,0,0,0,0,-202113.1,2782.9,-7192.5,1111.6,69295.06666666667,4390.933333333333,202113.1,7192.5,0.7233552892627569,1,22,0,1
996.4,3779.3,48644.1,1622.9,2734.5,68596.7,0,0,0,0,0,1,2782.9,44864.799999999996,1111.6,65862.2,17806.6,24318.03333333333,47647.7,66973.8,1.4101461401045532,2,6,1,0
3779.3,48644.1,114985.2,2734.5,68596.7,24202.7,0,0,1,0,1,0,44864.799999999996,66341.1,65862.2,-44394.0,55802.86666666667,31844.63333333333,111205.9,65862.2,0.21048351889183226,2,6,2,1
48644.1,114985.2,293369.5,68596.7,24202.7,70195.5,0,1,2,1,0,1,66341.1,178384.3,-44394.0,45992.8,152332.93333333332,54331.63333333333,244725.4,45992.8,0.23927252399269866,2,6,0,0
114985.2,293369.5,3693.7,24202.7,70195.5,1888.0,1,2,0,0,1,0,178384.3,-289675.8,45992.8,-68307.5,137349.46666666667,32095.399999999998,289675.8,68307.5,0.5110022464611471,1,22,2,1
293369.5,3693.7,582211.3,70195.5,1888.0,122158.5,2,0,2,1,0,1,-289675.8,578517.6000000001,-68307.5,120270.5,293091.5,64747.333333333336,578517.6000000001,120270.5,0.20981779326888145,1,5,2,0
3693.7,582211.3,291701.0,1888.0,122158.5,36787.4,0,2,2,0,1,0,578517.6000000001,-290510.30000000005,120270.5,-85371.1,292535.3333333333,53611.299999999996,578517.6000000001,120270.5,0.12611295088823526,3,2,0,0
582211.3,291701.0,644.3,122158.5,36787.4,1802.8,2,2,0,1,0,0,-290510.30000000005,-291056.7,-85371.1,-34984.6,291518.8666666667,53582.899999999994,581567.0,120355.7,2.7937393460406015,1,22,0,0
291701.0,644.3,1197.4,36787.4,1802.8,2003.5,2,0,0,0,0,0,-291056.7,553.1000000000001,-34984.6,200.70000000000005,97847.56666666667,13531.233333333335,291056.7,34984.6,1.6718124165554071,1,22,0,0
644.3,1197.4,3947.9,1802.8,2003.5,291.7,0,0,0,0,0,0,553.1000000000001,2750.5,200.70000000000005,-1711.8,1929.8666666666668,1366.0,3303.6000000000004,1711.8,0.0738686722884854,1,22,1,0
1197.4,3947.9,156100.5,2003.5,291.7,26940.5,0,0,1,0,0,0,2750.5,152152.6,-1711.8,26648.8,53748.6,9745.233333333334,154903.1,26648.8,0.1725832230952297,5,4,2,0
3947.9,156100.5,274751.1,291.7,26940.5,34332.1,0,1,2,0,0,0,152152.6,118650.59999999998,26648.8,7391.5999999999985,144933.16666666666,20521.433333333334,270803.19999999995,34040.4,0.12495664273357693,2,6,0,0
156100.5,274751.1,3559.9,26940.5,34332.1,3788.5,1,2,0,0,0,0,118650.59999999998,-271191.19999999995,7391.5999999999985,-30543.6,144803.83333333334,21687.033333333333,271191.19999999995,30543.6,1.0639164256227358,1,22,0,0
274751.1,3559.9,1092.8,34332.1,3788.5,1650.7,2,0,0,0,0,0,-271191.19999999995,-2467.1000000000004,-30543.6,-2137.8,93134.59999999999,13257.099999999999,273658.3,32681.399999999998,1.5091424392027795,1,22,0,0
3559.9,1092.8,239.9,3788.5,1650.7,4139.9,0,0,0,0,0,0,-2467.1000000000004,-852.9,-2137.8,2489.2,1630.8666666666666,3193.033333333333,3320.0,2489.2,17.185139061851388,1,22,1,0
1092.8,239.9,105096.0,1650.7,4139.9,46946.1,0,0,1,0,0,0,-852.9,104856.1,2489.2,42806.2,35476.23333333333,17578.899999999998,104856.1,45295.4,0.44669305498729744,3,2,0,0
239.9,105096.0,12917.8,4139.9,46946.1,2190.8,0,1,0,0,0,0,104856.1,-92178.2,42806.2,-44755.299999999996,39417.9,17758.933333333334,104856.1,44755.299999999996,0.16958231414682481,2,6,0,0
105096.0,12917.8,4788.9,46946.1,2190.8,3370.1,1,0,0,0,0,0,-92178.2,-8128.9,-44755.299999999996,1179.2999999999997,40934.23333333333,17502.333333333332,100307.1,44755.299999999996,0.7035846259838411,1,22,0,0
12917.8,4788.9,3279.5,2190.8,3370.1,4468.8,0,0,0,0,0,0,-8128.9,-1509.3999999999996,1179.2999999999997,1098.7000000000003,6995.399999999999,3343.2333333333336,9638.3,2278.0,1.3622313671696389,1,22,1,1
4788.9,3279.5,150106.5,3370.1,4468.8,55651.8,0,0,1,0,0,1,-1509.3999999999996,146827.0,1098.7000000000003,51183.0,52724.96666666667,21163.56666666667,146827.0,52281.700000000004,0.370746298486085,2,6,0,0
3279.5,150106.5,772.9,4468.8,55651.8,1253.4,0,1,0,0,1,0,146827.0,-149333.6,51183.0,-54398.4,51386.299999999996,20458.000000000004,149333.6,54398.4,1.619589094198217,1,22,1,2
150106.5,772.9,140034.9,55651.8,1253.4,236391.4,1,0,1,1,0,2,-149333.6,139262.0,-54398.4,235138.0,96971.43333333333,97765.53333333333,149333.6,235138.0,1.6880771287934022,1,5,0,0
772.9,140034.9,2840.9,1253.4,236391.4,4348.3,0,1,0,0,2,0,139262.0,-137194.0,235138.0,-232043.1,47882.899999999994,80664.36666666665,139262.0,235138.0,1.5300679123121854,1,22,0,0
140034.9,2840.9,1956.6,236391.4,4348.3,2113.3,1,0,0,2,0,0,-137194.0,-884.3000000000002,-232043.1,-2235.0,48277.46666666667,80950.99999999999,138078.3,234278.1,1.0795361667347774,1,22,0,0
2840.9,1956.6,2660.1,4348.3,2113.3,2386.0,0,0,0,0,0,0,-884.3000000000002,703.5,-2235.0,272.6999999999998,2485.866666666667,2949.2000000000003,884.3000000000002,2235.0,0.8966216977941454,1,22,1,0
1956.6,2660.1,65597.2,2113.3,2386.0,9388.3,0,0,1,0,0,0,703.5,62937.1,272.6999999999998,7002.299999999999,23404.63333333333,4629.2,63640.6,7274.999999999999,0.1431182562936178,3,2,2,0
2660.1,65597.2,264103.6,2386.0,9388.3,12568.8,0,1,2,0,0,0,62937.1,198506.39999999997,7002.299999999999,3180.5,110786.96666666666,8114.366666666666,261443.49999999997,10182.8,0.04759023508110045,2,6,0,0
65597.2,264103.6,1508.8,9388.3,12568.8,1794.2,1,2,0,0,0,0,198506.39999999997,-262594.8,3180.5,-10774.599999999999,110403.2,7917.099999999999,262594.8,10774.599999999999,1.1883693204397934,1,22,1,1
264103.6,1508.8,84077.2,12568.8,1794.2,54130.6,2,0,1,0,0,1,-262594.8,82568.4,-10774.599999999999,52336.4,116563.2,22831.2,262594.8,52336.4,0.6438125459393755,5,19,0,0
1508.8,84077.2,4683.5,1794.2,54130.6,2593.6,0,1,0,0,1,0,82568.4,-79393.7,52336.4,-51537.0,30089.833333333332,19506.13333333333,82568.4,52336.4,0.5536556729640303,1,22,2,0
84077.2,4683.5,315708.9,54130.6,2593.6,13978.3,1,0,2,1,0,0,-79393.7,311025.4,-51537.0,11384.699999999999,134823.2,23567.5,311025.4,51537.0,0.044275773423639864,3,0,3,1
4683.5,315708.9,838382.9,2593.6,13978.3,87882.1,0,2,3,0,0,1,311025.4,522674.0,11384.699999999999,73903.8,386258.43333333335,34818.0,833699.4,85288.5,0.10482322000696817,3,0,2,0
315708.9,838382.9,211790.8,13978.3,87882.1,27580.4,2,3,2,0,1,0,522674.0,-626592.1000000001,73903.8,-60301.700000000004,455294.2,43146.93333333334,626592.1000000001,73903.8,0.13022411632556125,3,2,2,0
838382.9,211790.8,281571.7,87882.1,27580.4,14104.2,3,2,2,1,0,0,-626592.1000000001,69780.90000000002,-60301.700000000004,-13476.2,443915.1333333333,43188.9,626592.1000000001,73777.90000000001,0.050090793603215084,3,3,0,0
211790.8,281571.7,4121.9,27580.4,14104.2,113.8,2,2,0,0,0,0,69780.90000000002,-277449.8,-13476.2,-13990.400000000001,165828.13333333333,13932.800000000003,277449.8,27466.600000000002,0.027601930679861265,1,22,0,0
281571.7,4121.9,1883.9,14104.2,113.8,2450.3,2,0,0,0,0,0,-277449.8,-2237.9999999999995,-13990.400000000001,2336.5,95859.16666666669,5556.099999999999,279687.8,13990.400000000001,1.2999628627513395,1,22,2,0
4121.9,1883.9,273682.5,113.8,2450.3,9988.6,0,0,2,0,0,0,-2237.9999999999995,271798.6,2336.5,7538.3,93229.43333333333,4184.233333333334,271798.6,9874.800000000001,0.036496902443881346,2,6,0,0
1883.9,273682.5,1261.3,2450.3,9988.6,916.0,0,2,0,0,0,0,271798.6,-272421.2,7538.3,-9072.6,92275.90000000001,4451.633333333334,272421.2,9072.6,0.7256595104174919,1,22,0,0
273682.5,1261.3,2492.4,9988.6,916.0,2511.1,2,0,0,0,0,0,-272421.2,1231.1000000000001,-9072.6,1595.1,92478.73333333334,4471.900000000001,272421.2,9072.6,1.0070987406753829,1,22,0,0
1261.3,2492.4,2674.5,916.0,2511.1,2778.0,0,0,0,0,0,0,1231.1000000000001,182.0999999999999,1595.1,266.9000000000001,2142.733333333333,2068.366666666667,1413.2,1862.0,1.0383105961502523,1,22,2,0
2492.4,2674.5,215251.8,2511.1,2778.0,48746.7,0,0,2,0,0,0,182.0999999999999,212577.3,266.9000000000001,45968.7,73472.9,18011.93333333333,212759.4,46235.6,0.22646255937204998,3,0,0,0
2674.5,215251.8,4130.5,2778.0,48746.7,3709.0,0,2,0,0,0,0,212577.3,-211121.3,45968.7,-45037.7,74018.93333333333,18411.233333333334,212577.3,45968.7,0.8977368994311993,1,22,0,0
215251.8,4130.5,1578.5,48746.7,3709.0,1844.7,2,0,0,0,0,0,-211121.3,-2552.0,-45037.7,-1864.3,73653.59999999999,18100.13333333333,213673.3,46902.0,1.1679012345679012,1,22,2,0
4130.5,1578.5,269123.4,3709.0,1844.7,49823.6,0,0,2,0,0,0,-2552.0,267544.9,-1864.3,47978.9,91610.8,18459.1,267544.9,47978.9,0.18513222881314365,3,2,2,1
1578.5,269123.4,545965.4,1844.7,49823.6,72440.0,0,2,2,0,0,1,267544.9,276842.0,47978.9,22616.4,272222.43333333335,41369.43333333333,544386.9,70595.3,0.13268215772985298,3,0,0,0
269123.4,545965.4,4110.0,49823.6,72440.0,1045.0,2,2,0,0,1,0,276842.0,-541855.4,22616.4,-71395.0,273066.26666666666,41102.86666666667,541855.4,71395.0,0.2541960593529555,1,22,1,0
545965.4,4110.0,59860.6,72440.0,1045.0,21993.1,2,0,1,1,0,0,-541855.4,55750.6,-71395.0,20948.1,203312.0,31826.033333333336,541855.4,71395.0,0.36739913400243224,3,2,0,0
4110.0,59860.6,825.0,1045.0,21993.1,498.7,0,1,0,0,0,0,55750.6,-59035.6,20948.1,-21494.399999999998,21598.533333333333,7845.599999999999,59035.6,21494.399999999998,0.6037530266343826,1,22,2,0
59860.6,825.0,317931.3,21993.1,498.7,12384.9,1,0,2,0,0,0,-59035.6,317106.3,-21494.399999999998,11886.199999999999,126205.63333333332,11625.566666666666,317106.3,21494.399999999998,0.03895451956281259,3,3,3,0
825.0,317931.3,1148134.3,498.7,12384.9,9039.1,0,2,3,0,0,0,317106.3,830203.0,11886.199999999999,-3345.7999999999993,488963.5333333334,7307.566666666667,1147309.3,11886.199999999999,0.007872852615889435,3,0,0,0
317931.3,1148134.3,4006.7,12384.9,9039.1,2151.2,2,3,0,0,0,0,830203.0,-1144127.6,-3345.7999999999993,-6887.900000000001,490024.10000000003,7858.400000000001,1144127.6,10233.7,0.5367667240561919,1,22,0,0
1148134.3,4006.7,770.8,9039.1,2151.2,1161.4,3,0,0,0,0,0,-1144127.6,-3235.8999999999996,-6887.900000000001,-989.7999999999997,384303.93333333335,4117.233333333333,1147363.5,7877.700000000001,1.5047939880798136,1,22,0,0
4006.7,770.8,3404.4,2151.2,1161.4,3067.3,0,0,0,0,0,0,-3235.8999999999996,2633.6000000000004,-989.7999999999997,1905.9,2727.2999999999997,2126.633333333333,3235.8999999999996,1905.9,0.900716509073824,1,22,3,0
770.8,3404.4,1384142.2,1161.4,3067.3,24513.1,0,0,3,0,0,0,2633.6000000000004,1380737.8,1905.9,21445.8,462772.4666666666,9580.6,1383371.4,23351.699999999997,0.017709945040368654,3,0,0,0
3404.4,1384142.2,820.6,3067.3,24513.1,1119.4,0,3,0,0,0,0,1380737.8,-1383321.5999999999,21445.8,-23393.699999999997,462789.06666666665,9566.6,1383321.5999999999,23393.699999999997,1.3624634858812075,1,22,0,0
1384142.2,820.6,4260.1,24513.1,1119.4,3779.0,3,0,0,0,0,0,-1383321.5999999999,3439.5000000000005,-23393.699999999997,2659.6,463074.30000000005,9803.833333333334,1383321.5999999999,23393.699999999997,0.8868602004177324,1,22,1,0
820.6,4260.1,82610.6,1119.4,3779.0,36675.2,0,0,1,0,0,0,3439.5000000000005,78350.5,2659.6,32896.2,29230.433333333334,13857.866666666667,81790.0,35555.799999999996,0.4439473391146037,5,19,0,0
4260.1,82610.6,3650.9,3779.0,36675.2,1247.0,0,1,0,0,0,0,78350.5,-78959.70000000001,32896.2,-35428.2,30173.86666666667,13900.4,78959.70000000001,35428.2,0.3414660861469372,1,22,0,0
82610.6,3650.9,522.6,36675.2,1247.0,2911.8,1,0,0,0,0,0,-78959.70000000001,-3128.3,-35428.2,1664.8000000000002,28928.033333333336,13611.333333333334,82088.0,35428.2,5.561115355233002,1,22,0,0
3650.9,522.6,1241.6,1247.0,2911.8,927.9,0,0,0,0,0,0,-3128.3,718.9999999999999,1664.8000000000002,-1983.9,1805.0333333333335,1695.5666666666666,3128.3,1983.9,0.7467407049734428,1,22,2,0
522.6,1241.6,270989.8,2911.8,927.9,43895.9,0,0,2,0,0,0,718.9999999999999,269748.2,-1983.9,42968.0,90918.0,15911.866666666667,270467.2,42968.0,0.16198298982843698,2,6,0,0
1241.6,270989.8,37763.4,927.9,43895.9,43892.1,0,2,0,0,0,0,269748.2,-233226.4,42968.0,-3.8000000000029104,103331.59999999999,29571.966666666664,269748.2,42968.0,1.1622612831131964,5,4,0,0
270989.8,37763.4,3547.5,43895.9,43892.1,1864.0,2,0,0,0,0,0,-233226.4,-34215.9,-3.8000000000029104,-42028.1,104100.23333333334,29884.0,267442.3,42031.9,0.5252923770607298,1,22,0,0
37763.4,3547.5,2215.1,43892.1,1864.0,4790.9,0,0,0,0,0,0,-34215.9,-1332.4,-42028.1,2926.8999999999996,14508.666666666666,16849.0,35548.3,42028.1,2.1618609268534814,1,22,0,0
3547.5,2215.1,1903.1,1864.0,4790.9,1642.5,0,0,0,0,0,0,-1332.4,-312.0,2926.8999999999996,-3148.3999999999996,2555.2333333333336,2765.7999999999997,1644.4,3148.3999999999996,0.8626122577595715,1,22,0,0
2215.1,1903.1,1292.3,4790.9,1642.5,628.8,0,0,0,0,0,0,-312.0,-610.8,-3148.3999999999996,-1013.7,1803.5,2354.0666666666666,922.8,4162.099999999999,0.48619809788912083,1,22,1,1
1903.1,1292.3,174169.2,1642.5,628.8,77579.0,0,0,1,0,0,1,-610.8,172876.90000000002,-1013.7,76950.2,59121.53333333333,26616.766666666666,172876.90000000002,76950.2,0.4454206287872437,1,5,0,0
1292.3,174169.2,3858.9,628.8,77579.0,2878.0,0,1,0,0,1,0,172876.90000000002,-170310.30000000002,76950.2,-74701.0,59773.46666666667,27028.600000000002,172876.90000000002,76950.2,0.7456151713774968,1,22,0,0
174169.2,3858.9,231.8,77579.0,2878.0,1674.2,1,0,0,1,0,0,-170310.30000000002,-3627.1,-74701.0,-1203.8,59419.96666666667,27377.066666666666,173937.40000000002,75904.8,7.191580756013746,1,22,0,0
3858.9,231.8,1561.3,2878.0,1674.2,2481.5,0,0,0,0,0,0,-3627.1,1329.5,-1203.8,807.3,1884.0,2344.5666666666666,3627.1,1203.8,1.5883633105037445,1,22,2,0
231.8,1561.3,292972.8,1674.2,2481.5,36628.6,0,0,2,0,0,0,1329.5,291411.5,807.3,34147.1,98255.29999999999,13594.766666666665,292741.0,34954.4,0.1250234662621709,2,6,0,0
1561.3,292972.8,1474.2,2481.5,36628.6,4284.1,0,2,0,0,0,0,291411.5,-291498.6,34147.1,-32344.5,98669.43333333333,14464.733333333332,291498.6,34147.1,2.904080802603037,1,22,0,0
292972.8,1474.2,534.1,36628.6,4284.1,3396.0,2,0,0,0,0,0,-291498.6,-940.1,-32344.5,-888.1000000000004,98327.03333333333,14769.566666666666,292438.7,33232.6,6.346477293963745,1,22,0,0
1474.2,534.1,3405.3,4284.1,3396.0,937.5,0,0,0,0,0,0,-940.1,2871.2000000000003,-888.1000000000004,-2458.5,1804.5333333333335,2872.5333333333333,2871.2000000000003,3346.6000000000004,0.2752253177935003,1,22,2,1
534.1,3405.3,394989.0,3396.0,937.5,76293.0,0,0,2,0,0,1,2871.2000000000003,391583.7,-2458.5,75355.5,132976.13333333333,26875.5,394454.9,75355.5,0.1931517253601357,1,5,1,0
3405.3,394989.0,199271.7,937.5,76293.0,8630.5,0,2,1,0,1,0,391583.7,-195717.3,75355.5,-67662.5,199222.0,28620.333333333332,391583.7,75355.5,0.043309996803375474,2,6,0,0
394989.0,199271.7,2123.0,76293.0,8630.5,2444.1,2,1,0,1,0,0,-195717.3,-197148.7,-67662.5,-6186.4,198794.56666666665,29122.533333333336,392866.0,73848.9,1.1507062146892655,1,22,0,0
199271.7,2123.0,4641.4,8630.5,2444.1,3915.8,1,0,0,0,0,0,-197148.7,2518.3999999999996,-6186.4,1471.7000000000003,68678.7,4996.8,197148.7,6186.4,0.8434861278648975,1,22,0,0
2123.0,4641.4,4881.0,2444.1,3915.8,1486.8,0,0,0,0,0,0,2518.3999999999996,239.60000000000036,1471.7000000000003,-2429.0,3881.7999999999997,2615.5666666666666,2758.0,2429.0,0.30454731667349444,1,22,0,0
4641.4,4881.0,3963.6,3915.8,1486.8,456.0,0,0,0,0,0,0,239.60000000000036,-917.4000000000001,-2429.0,-1030.8,4495.333333333333,1952.8666666666668,917.4000000000001,3459.8,0.11501790849013772,1,22,2,0
4881.0,3963.6,223056.1,1486.8,456.0,25888.9,0,0,2,0,0,0,-917.4000000000001,219092.5,-1030.8,25432.9,77300.23333333334,9277.233333333334,219092.5,25432.9,0.11606400334264186,3,2,2,0
3963.6,223056.1,241129.1,456.0,25888.9,30932.4,0,2,2,0,0,0,219092.5,18073.0,25432.9,5043.5,156049.6,19092.433333333334,237165.5,30476.4,0.12828095704352133,3,3,3,0
223056.1,241129.1,983555.2,25888.9,30932.4,43022.4,2,2,3,0,0,0,18073.0,742426.1,5043.5,12090.0,482580.1333333333,33281.23333333334,760499.1,17133.5,0.04374167942818113,3,0,0,0
241129.1,983555.2,3027.7,30932.4,43022.4,2052.0,2,3,0,0,0,0,742426.1,-980527.5,12090.0,-40970.4,409237.3333333333,25335.600000000002,980527.5,40970.4,0.6775184072374286,1,22,0,0
983555.2,3027.7,1416.1,43022.4,2052.0,3851.6,3,0,0,0,0,0,-980527.5,-1611.6,-40970.4,1799.6,329332.99999999994,16308.666666666666,982139.1,40970.4,2.7179450991461436,1,22,0,0
3027.7,1416.1,1403.3,2052.0,3851.6,2089.6,0,0,0,0,0,0,-1611.6,-12.799999999999955,1799.6,-1762.0,1949.033333333333,2664.4,1624.3999999999999,1799.6,1.488001139357687,1,22,0,0
1416.1,1403.3,625.0,3851.6,2089.6,388.8,0,0,0,0,0,0,-12.799999999999955,-778.3,-1762.0,-1700.8,1148.1333333333332,2110.0,791.0999999999999,3462.7999999999997,0.6210862619808307,1,22,0,0
1403.3,625.0,527.5,2089.6,388.8,2776.8,0,0,0,0,0,0,-778.3,-97.5,-1700.8,2388.0,851.9333333333334,1751.7333333333336,875.8,2388.0,5.2541154210028385,1,22,1,1
625.0,527.5,88873.9,388.8,2776.8,106692.6,0,0,1,0,0,1,-97.5,88346.4,2388.0,103915.8,30008.8,36619.4,88346.4,106303.8,1.20048067564633,5,4,0,0
527.5,88873.9,3185.4,2776.8,106692.6,566.1,0,1,0,0,1,0,88346.4,-85688.5,103915.8,-106126.5,30862.266666666663,36678.50000000001,88346.4,106126.5,0.17766131056992218,1,22,0,0
88873.9,3185.4,3807.7,106692.6,566.1,3116.8,1,0,0,1,0,0,-85688.5,622.2999999999997,-106126.5,2550.7000000000003,31955.66666666666,36791.833333333336,85688.5,106126.5,0.8183369653687611,1,22,2,1
3185.4,3807.7,342801.0,566.1,3116.8,67898.9,0,0,2,0,0,1,622.2999999999997,338993.3,2550.7000000000003,64782.09999999999,116598.03333333333,23860.599999999995,339615.6,67332.79999999999,0.19807031464227162,3,0,0,0
3807.7,342801.0,1330.5,3116.8,67898.9,1750.9,0,2,0,0,1,0,338993.3,-341470.5,64782.09999999999,-66148.0,115979.73333333334,24255.53333333333,341470.5,66148.0,1.314983101764927,1,22,1,1
342801.0,1330.5,173053.6,67898.9,1750.9,76443.5,2,0,1,1,0,1,-341470.5,171723.1,-66148.0,74692.6,172395.03333333333,48697.76666666666,341470.5,74692.6,0.44173052897755966,3,2,0,0
1330.5,173053.6,2266.0,1750.9,76443.5,3676.8,0,1,0,0,1,0,171723.1,-170787.6,74692.6,-72766.7,58883.36666666667,27290.399999999998,171723.1,74692.6,1.6218791354212616,1,22,1,0
173053.6,2266.0,97795.0,76443.5,3676.8,31354.3,1,0,1,1,0,0,-170787.6,95529.0,-72766.7,27677.5,91038.2,37158.200000000004,170787.6,72766.7,0.32060922737126263,2,6,0,0
2266.0,97795.0,14693.6,3676.8,31354.3,45420.0,0,1,0,0,0,0,95529.0,-83101.4,27677.5,14065.7,38251.53333333333,26817.033333333336,95529.0,41743.2,3.0909313625413417,2,6,0,0
97795.0,14693.6,1281.9,31354.3,45420.0,2147.6,1,0,0,0,0,0,-83101.4,-13411.7,14065.7,-43272.4,37923.5,26307.300000000003,96513.1,43272.4,1.6740197988931325,1,22,0,0
14693.6,1281.9,698.4,45420.0,2147.6,3592.8,0,0,0,0,0,0,-13411.7,-583.5000000000001,-43272.4,1445.2000000000003,5557.966666666667,17053.466666666667,13995.2,43272.4,5.136974549613956,1,22,0,0
1281.9,698.4,573.6,2147.6,3592.8,3391.4,0,0,0,0,0,0,-583.5000000000001,-124.79999999999995,1445.2000000000003,-201.4000000000001,851.3000000000001,3043.933333333333,708.3000000000001,1445.2000000000003,5.9021928297946396,1,22,0,0
698.4,573.6,2773.0,3592.8,3391.4,1759.4,0,0,0,0,0,0,-124.79999999999995,2199.4,-201.4000000000001,-1632.0,1348.3333333333333,2914.5333333333333,2199.4,1833.4,0.6342465753424658,1,22,0,0
573.6,2773.0,4276.1,3391.4,1759.4,2558.1,0,0,0,0,0,0,2199.4,1503.1000000000004,-1632.0,798.6999999999998,2540.9,2569.633333333333,3702.5000000000005,1632.0,0.5980921652521568,1,22,1,1
2773.0,4276.1,150933.9,1759.4,2558.1,77727.9,0,0,1,0,0,1,1503.1000000000004,146657.8,798.6999999999998,75169.79999999999,52661.0,27348.466666666664,148160.9,75968.5,0.5149763242298501,2,6,0,0
4276.1,150933.9,1475.8,2558.1,77727.9,2935.6,0,1,0,0,1,0,146657.8,-149458.1,75169.79999999999,-74792.29999999999,52228.6,27740.533333333336,149458.1,75169.79999999999,1.9878114842903576,1,22,0,0
150933.9,1475.8,13303.4,77727.9,2935.6,5519.2,1,0,0,1,0,0,-149458.1,11827.6,-74792.29999999999,2583.6,55237.69999999999,28727.566666666666,149458.1,74792.29999999999,0.41484020324103305,2,6,1,1
1475.8,13303.4,117685.5,2935.6,5519.2,60654.3,0,0,1,0,0,1,11827.6,104382.1,2583.6,55135.100000000006,44154.9,23036.36666666667,116209.7,57718.700000000004,0.5153887659162266,3,2,0,0
13303.4,117685.5,4478.4,5519.2,60654.3,1496.8,0,1,0,0,1,0,104382.1,-113207.1,55135.100000000006,-59157.5,45155.76666666666,22556.766666666666,113207.1,59157.5,0.33415189534312634,1,22,0,0
117685.5,4478.4,1856.7,60654.3,1496.8,1558.0,1,0,0,1,0,0,-113207.1,-2621.7,-59157.5,61.200000000000045,41340.2,21236.36666666667,115828.8,59157.5,0.8386714754804327,1,22,1,0
4478.4,1856.7,200065.8,1496.8,1558.0,21313.9,0,0,1,0,0,0,-2621.7,198209.09999999998,61.200000000000045,19755.9,68800.3,8122.900000000001,198209.09999999998,19817.100000000002,0.10653391767149774,2,6,0,0
1856.7,200065.8,2410.9,1558.0,21313.9,2740.1,0,1,0,0,0,0,198209.09999999998,-197654.9,19755.9,-18573.800000000003,68111.13333333333,8537.333333333334,198209.09999999998,19755.9,1.136075293337203,1,22,0,0
200065.8,2410.9,1663.6,21313.9,2740.1,1482.9,1,0,0,0,0,0,-197654.9,-747.3000000000002,-18573.800000000003,-1257.1999999999998,68046.76666666666,8512.300000000001,198402.19999999998,19831.0,0.8908446473627298,1,22,0,0
2410.9,1663.6,1765.4,2740.1,1482.9,1951.5,0,0,0,0,0,0,-747.3000000000002,101.80000000000018,-1257.1999999999998,468.5999999999999,1946.6333333333332,2058.1666666666665,747.3000000000002,1257.1999999999998,1.104789402173913,1,22,0,0
1663.6,1765.4,2315.4,1482.9,1951.5,2714.1,0,0,0,0,0,0,101.80000000000018,550.0,468.5999999999999,762.5999999999999,1914.8,2049.5,651.8000000000002,1231.1999999999998,1.171688827490934,1,22,0,0
1765.4,2315.4,3540.6,1951.5,2714.1,2434.4,0,0,0,0,0,0,550.0,1225.1999999999998,762.5999999999999,-279.6999999999998,2540.4666666666667,2366.6666666666665,1775.1999999999998,762.5999999999999,0.6873729387847302,1,22,2,1
2315.4,3540.6,326642.6,2714.1,2434.4,147575.2,0,0,2,0,0,1,1225.1999999999998,323102.0,-279.6999999999998,145140.80000000002,110832.86666666665,50907.9,324327.19999999995,145140.80000000002,0.4517927184246072,1,5,0,0
3540.6,326642.6,4047.4,2434.4,147575.2,545.3,0,2,0,0,1,0,323102.0,-322595.19999999995,145140.80000000002,-147029.90000000002,111410.2,50184.96666666667,323102.0,147029.90000000002,0.13469518822250764,1,22,1,1
326642.6,4047.4,147667.6,147575.2,545.3,52763.0,2,0,1,1,0,1,-322595.19999999995,143620.2,-147029.90000000002,52217.7,159452.53333333333,66961.16666666667,322595.19999999995,147029.90000000002,0.3573068343574734,3,3,2,1
4047.4,147667.6,542332.2,545.3,52763.0,63408.6,0,1,2,0,1,1,143620.2,394664.6,52217.7,10645.599999999999,231349.06666666665,38905.63333333333,538284.7999999999,62863.299999999996,0.11691816027490112,3,0,1,0
147667.6,542332.2,133617.4,52763.0,63408.6,40762.2,1,2,1,1,1,0,394664.6,-408714.79999999993,10645.599999999999,-22646.4,274539.06666666665,52311.26666666666,408714.79999999993,22646.4,0.3050642725852128,2,6,2,1
542332.2,133617.4,240401.9,63408.6,40762.2,68028.5,2,1,2,1,0,1,-408714.79999999993,106784.5,-22646.4,27266.300000000003,305450.5,57399.76666666666,408714.79999999993,27266.300000000003,0.2829770356347615,3,2,0,0
133617.4,240401.9,1458.2,40762.2,68028.5,285.3,1,2,0,0,1,0,106784.5,-238943.69999999998,27266.300000000003,-67743.2,125159.16666666667,36358.666666666664,238943.69999999998,67743.2,0.19551809210526316,1,22,2,1
240401.9,1458.2,341216.4,68028.5,285.3,106471.5,2,0,2,1,0,1,-238943.69999999998,339758.2,-67743.2,106186.2,194358.83333333334,58261.76666666666,339758.2,106186.2,0.3120342045862843,1,5,1,1
1458.2,341216.4,183338.9,285.3,106471.5,85197.8,0,2,1,0,1,1,339758.2,-157877.50000000003,106186.2,-21273.699999999997,175337.83333333334,63984.86666666667,339758.2,106186.2,0.464698628067322,3,0,0,0
