down_t1,down_t2,down_t3,up_t1,up_t2,up_t3,down_class_t1,down_class_t2,down_class_t3,up_class_t1,up_class_t2,up_class_t3,down_delta1,down_delta2,up_delta1,up_delta2,avg_down,avg_up,burst_down,burst_up,ratio,priority,protocol,next_down_class,next_up_class
5120.0,4918.4,4791.6,5120.0,13747.4,3555.6,1,1,1,1,2,1,-201.60000000000036,-126.79999999999927,8627.4,-10191.8,4943.333333333333,7474.333333333333,328.39999999999964,10191.8,0.7418937528690063,3,0,1,1
4918.4,4791.6,4468.2,13747.4,3555.6,1045.0,1,1,1,2,1,1,-126.79999999999927,-323.40000000000055,-10191.8,-2510.6,4726.066666666667,6116.0,450.1999999999998,12702.4,0.2338226080730332,3,0,1,1
4791.6,4468.2,2760.4,3555.6,1045.0,2929.2,1,1,1,1,1,1,-323.40000000000055,-1707.7999999999997,-2510.6,1884.1999999999998,4006.733333333333,2509.9333333333334,2031.2000000000003,2510.6,1.06076627797494,3,0,1,1
4468.2,2760.4,2758.2,1045.0,2929.2,1604.8,1,1,1,1,1,1,-1707.7999999999997,-2.200000000000273,1884.1999999999998,-1324.3999999999999,3328.933333333333,1859.6666666666667,1710.0,1884.1999999999998,0.5816178602493477,3,0,1,1
2760.4,2758.2,2873.0,2929.2,1604.8,2564.2,1,1,1,1,1,1,-2.200000000000273,114.80000000000018,-1324.3999999999999,959.3999999999999,2797.2000000000003,2366.0666666666666,114.80000000000018,1324.3999999999999,0.892205984690327,3,0,1,2
2758.2,2873.0,2929.6,1604.8,2564.2,6596.6,1,1,1,1,1,2,114.80000000000018,56.59999999999991,959.3999999999999,4032.4000000000005,2853.6,3588.5333333333333,171.4000000000001,4991.8,2.2509383743943223,3,0,1,2
2873.0,2929.6,3067.0,2564.2,6596.6,7342.6,1,1,1,1,2,2,56.59999999999991,137.4000000000001,4032.4000000000005,746.0,2956.5333333333333,5501.133333333334,194.0,4778.400000000001,2.393285528031291,3,0,1,1
2929.6,3067.0,3209.6,6596.6,7342.6,3744.4,1,1,1,2,2,1,137.4000000000001,142.5999999999999,746.0,-3598.2000000000003,3068.7333333333336,5894.533333333334,280.0,3598.2000000000003,1.1662617579268673,3,0,1,1
3067.0,3209.6,3158.0,7342.6,3744.4,1323.4,1,1,1,2,1,1,142.5999999999999,-51.59999999999991,-3598.2000000000003,-2421.0,3144.866666666667,4136.8,142.5999999999999,6019.200000000001,0.4189300411522634,3,0,1,1
3209.6,3158.0,3284.8,3744.4,1323.4,1175.0,1,1,1,1,1,1,-51.59999999999991,126.80000000000018,-2421.0,-148.4000000000001,3217.466666666667,2080.9333333333334,126.80000000000018,2569.4,0.35759936697303546,3,0,1,2
3158.0,3284.8,2734.6,1323.4,1175.0,7536.2,1,1,1,1,1,2,126.80000000000018,-550.2000000000003,-148.4000000000001,6361.2,3059.133333333333,3344.866666666667,550.2000000000003,6361.2,2.7548618219037873,3,0,1,1
3284.8,2734.6,2750.0,1175.0,7536.2,3759.6,1,1,1,1,2,1,-550.2000000000003,15.400000000000091,6361.2,-3776.6,2923.133333333333,4156.933333333333,550.2000000000003,6361.2,1.3666303162486368,3,0,1,1
2734.6,2750.0,2639.0,7536.2,3759.6,3166.4,1,1,1,2,1,1,15.400000000000091,-111.0,-3776.6,-593.1999999999998,2707.866666666667,4820.733333333333,111.0,4369.799999999999,1.1993939393939395,3,0,1,1
2750.0,2639.0,2900.8,3759.6,3166.4,2417.8,1,1,1,1,1,1,-111.0,261.8000000000002,-593.1999999999998,-748.5999999999999,2763.2666666666664,3114.6,261.8000000000002,1341.7999999999997,0.8332069749810462,3,0,1,1
2639.0,2900.8,2468.8,3166.4,2417.8,3687.6,1,1,1,1,1,1,261.8000000000002,-432.0,-748.5999999999999,1269.7999999999997,2669.5333333333333,3090.6000000000004,432.0,1269.7999999999997,1.4930763624584986,3,0,2,2
2900.8,2468.8,185236.2,2417.8,3687.6,17647.4,1,1,2,1,1,2,-432.0,182767.40000000002,1269.7999999999997,13959.800000000001,63535.26666666667,7917.600000000001,182767.40000000002,15229.600000000002,0.09526920078688299,3,0,2,2
2468.8,185236.2,173559.2,3687.6,17647.4,10695.8,1,2,2,1,2,2,182767.40000000002,-11677.0,13959.800000000001,-6951.600000000002,120421.40000000001,10676.933333333332,182767.40000000002,13959.800000000001,0.061625879665960275,3,0,3,2
185236.2,173559.2,507686.0,17647.4,10695.8,16807.6,2,2,3,2,2,2,-11677.0,334126.8,-6951.600000000002,6111.799999999999,288827.13333333336,15050.266666666668,334126.8,6951.600000000002,0.033106224898411814,3,0,2,2
173559.2,507686.0,253884.0,10695.8,16807.6,12156.8,2,3,2,2,2,2,334126.8,-253802.0,6111.799999999999,-4650.799999999999,311709.73333333334,13220.066666666666,334126.8,6111.799999999999,0.04788309667762963,3,0,2,1
507686.0,253884.0,100131.2,16807.6,12156.8,2827.0,3,2,2,2,2,1,-253802.0,-153752.8,-4650.799999999999,-9329.8,287233.73333333334,10597.133333333333,407554.8,13980.599999999999,0.028232676401796827,3,0,3,2
253884.0,100131.2,303691.8,12156.8,2827.0,29568.2,2,2,3,2,1,2,-153752.8,203560.59999999998,-9329.8,26741.2,219235.66666666666,14850.666666666666,203560.59999999998,26741.2,0.09736220285762455,3,0,3,2
100131.2,303691.8,408109.2,2827.0,29568.2,15816.4,2,3,3,1,2,2,203560.59999999998,104417.40000000002,26741.2,-13751.800000000001,270644.06666666665,16070.533333333333,307978.0,26741.2,0.03875521856596576,3,0,2,2
303691.8,408109.2,202135.6,29568.2,15816.4,7339.4,3,3,2,2,2,2,104417.40000000002,-205973.6,-13751.800000000001,-8477.0,304645.5333333333,17574.666666666668,205973.6,22228.800000000003,0.03630910978021793,3,0,3,2
408109.2,202135.6,453922.0,15816.4,7339.4,21453.0,3,2,3,2,2,2,-205973.6,251786.4,-8477.0,14113.6,354722.26666666666,14869.6,251786.4,14113.6,0.04726131965113026,3,0,2,2
202135.6,453922.0,39364.2,7339.4,21453.0,8247.4,2,3,2,2,2,2,251786.4,-414557.8,14113.6,-13205.6,231807.26666666663,12346.6,414557.8,14113.6,0.20950992246959244,3,0,3,2
453922.0,39364.2,349597.6,21453.0,8247.4,12669.2,3,2,3,2,2,2,-414557.8,310233.39999999997,-13205.6,4421.800000000001,280961.26666666666,14123.200000000003,414557.8,13205.6,0.036239275557739654,3,0,3,2
39364.2,349597.6,1357909.0,8247.4,12669.2,47453.6,2,3,3,2,2,2,310233.39999999997,1008311.4,4421.800000000001,34784.399999999994,582290.2666666667,22790.066666666666,1318544.8,39206.2,0.03494605680788859,3,0,3,2
349597.6,1357909.0,1030632.0,12669.2,47453.6,36858.0,3,3,3,2,2,2,1008311.4,-327277.0,34784.399999999994,-10595.599999999999,912712.8666666667,32326.933333333334,1008311.4,34784.399999999994,0.035762487713861285,3,0,2,2
1357909.0,1030632.0,226635.0,47453.6,36858.0,6972.8,3,3,2,2,2,2,-327277.0,-803997.0,-10595.599999999999,-29885.2,871725.3333333334,30428.133333333335,1131274.0,40480.799999999996,0.030766515469740026,3,0,2,1
1030632.0,226635.0,126756.6,36858.0,6972.8,5302.6,3,2,2,2,2,1,-803997.0,-99878.4,-29885.2,-1670.1999999999998,461341.2,16377.800000000001,903875.4,31555.4,0.04183260017545299,3,0,3,2
226635.0,126756.6,361709.0,6972.8,5302.6,10767.8,2,2,3,2,1,2,-99878.4,234952.4,-1670.1999999999998,5465.199999999999,238366.86666666667,7681.066666666667,234952.4,5465.199999999999,0.02976915208316054,3,0,3,2
126756.6,361709.0,445664.8,5302.6,10767.8,14504.6,2,3,3,1,2,2,234952.4,83955.79999999999,5465.199999999999,3736.800000000001,311376.8,10191.666666666666,318908.19999999995,9202.0,0.03254591220596241,3,0,3,2
361709.0,445664.8,352798.0,10767.8,14504.6,7260.4,3,3,3,2,2,2,83955.79999999999,-92866.79999999999,3736.800000000001,-7244.200000000001,386723.93333333335,10844.266666666668,92866.79999999999,7244.200000000001,0.02057942341106409,3,0,3,2
445664.8,352798.0,437583.0,14504.6,7260.4,9471.6,3,3,3,2,2,2,-92866.79999999999,84785.0,-7244.200000000001,2211.2000000000007,412015.26666666666,10412.199999999999,92866.79999999999,7244.200000000001,0.021645215547186368,3,0,3,2
352798.0,437583.0,761251.8,7260.4,9471.6,24690.0,3,3,3,2,2,2,84785.0,323668.80000000005,2211.2000000000007,15218.4,517210.93333333335,13807.333333333334,408453.80000000005,17429.6,0.03243337824176147,3,0,3,2
437583.0,761251.8,999900.4,9471.6,24690.0,23174.2,3,3,3,2,2,2,323668.80000000005,238648.59999999998,15218.4,-1515.7999999999993,732911.7333333334,19111.933333333334,562317.4,15218.4,0.02317648520144086,3,0,3,2
761251.8,999900.4,507809.2,24690.0,23174.2,20745.2,3,3,3,2,2,2,238648.59999999998,-492091.2,-1515.7999999999993,-2429.0,756320.4666666668,22869.8,492091.2,3944.7999999999993,0.04085227118320979,3,0,3,2
999900.4,507809.2,394278.4,23174.2,20745.2,11138.8,3,3,3,2,2,2,-492091.2,-113530.79999999999,-2429.0,-9606.400000000001,633996.0,18352.733333333334,605622.0,12035.400000000001,0.02825103213609435,3,0,3,2
507809.2,394278.4,1230909.2,20745.2,11138.8,46069.2,3,3,3,2,2,2,-113530.79999999999,836630.7999999999,-9606.400000000001,34930.399999999994,710998.9333333332,25984.399999999998,836630.7999999999,34930.399999999994,0.03742693821206453,3,0,3,2
394278.4,1230909.2,1158655.6,11138.8,46069.2,25356.6,3,3,3,2,2,2,836630.7999999999,-72253.59999999986,34930.399999999994,-20712.6,927947.7333333334,27521.533333333336,836630.7999999999,34930.399999999994,0.021884482425595295,3,0,3,2
1230909.2,1158655.6,681982.4,46069.2,25356.6,16233.0,3,3,3,2,2,2,-72253.59999999986,-476673.20000000007,-20712.6,-9123.599999999999,1023849.0666666665,29219.599999999995,548926.7999999999,29836.199999999997,0.023802632146178337,3,0,3,2
1158655.6,681982.4,512458.8,25356.6,16233.0,9421.0,3,3,3,2,2,2,-476673.20000000007,-169523.60000000003,-9123.599999999999,-6812.0,784365.6,17003.533333333333,646196.8,15935.599999999999,0.018383881038083378,3,0,3,2
681982.4,512458.8,558927.4,16233.0,9421.0,16610.6,3,3,3,2,2,2,-169523.60000000003,46468.600000000035,-6812.0,7189.5999999999985,584456.2000000001,14088.199999999999,169523.60000000003,7189.5999999999985,0.029718654482398816,3,0,3,2
512458.8,558927.4,759516.4,9421.0,16610.6,14333.0,3,3,3,2,2,2,46468.600000000035,200589.0,7189.5999999999985,-2277.5999999999985,610300.8666666667,13454.866666666667,247057.60000000003,7189.5999999999985,0.018871193734337093,3,0,3,2
558927.4,759516.4,374638.6,16610.6,14333.0,6922.6,3,3,3,2,2,2,200589.0,-384877.80000000005,-2277.5999999999985,-7410.4,564360.7999999999,12622.066666666666,384877.80000000005,9687.999999999998,0.0184780252808299,3,0,2,2
759516.4,374638.6,133933.6,14333.0,6922.6,8351.4,3,3,2,2,2,2,-384877.80000000005,-240704.99999999997,-7410.4,1428.7999999999993,422696.2,9869.0,625582.8,7410.4,0.06235431322451405,3,0,3,2
374638.6,133933.6,436860.2,6922.6,8351.4,17015.8,3,2,3,2,2,2,-240704.99999999997,302926.6,1428.7999999999993,8664.4,315144.1333333333,10763.266666666666,302926.6,10093.199999999999,0.038950128782322624,3,0,3,2
133933.6,436860.2,381255.0,8351.4,17015.8,11468.0,2,3,3,2,2,2,302926.6,-55605.20000000001,8664.4,-5547.799999999999,317349.60000000003,12278.4,302926.6,8664.4,0.030079526617286023,3,0,2,2
436860.2,381255.0,137600.6,17015.8,11468.0,6886.6,3,3,2,2,2,2,-55605.20000000001,-243654.4,-5547.799999999999,-4581.4,318571.9333333333,11790.133333333333,299259.6,10129.199999999999,0.05004738316996314,3,0,2,1
381255.0,137600.6,123465.2,11468.0,6886.6,6242.2,3,2,2,2,2,1,-243654.4,-14135.400000000009,-4581.4,-644.4000000000005,214106.93333333332,8198.933333333332,257789.8,5225.8,0.05055796647179552,3,0,3,2
137600.6,123465.2,381790.8,6886.6,6242.2,12286.4,2,2,3,2,1,2,-14135.400000000009,258325.59999999998,-644.4000000000005,6044.2,214285.53333333333,8471.733333333332,258325.59999999998,6044.2,0.032180890212938046,3,0,2,2
123465.2,381790.8,284529.0,6242.2,12286.4,10722.2,2,3,2,1,2,2,258325.59999999998,-97261.79999999999,6044.2,-1564.199999999999,263261.6666666667,9750.266666666666,258325.59999999998,6044.2,0.03768389976452395,3,0,2,2
381790.8,284529.0,264797.2,12286.4,10722.2,22335.2,3,2,2,2,2,2,-97261.79999999999,-19731.79999999999,-1564.199999999999,11613.0,310372.3333333333,15114.6,116993.59999999998,11613.0,0.08434800538674357,3,0,3,2
284529.0,264797.2,309049.6,10722.2,22335.2,8998.2,2,2,3,2,2,2,-19731.79999999999,44252.399999999965,11613.0,-13337.0,286125.26666666666,14018.533333333335,44252.399999999965,13337.0,0.029115620548868053,3,0,3,2
264797.2,309049.6,348548.2,22335.2,8998.2,10043.4,2,3,3,2,2,2,44252.399999999965,39498.600000000035,-13337.0,1045.199999999999,307465.0,13792.266666666668,83751.0,13337.0,0.02881487032533714,3,0,3,2
309049.6,348548.2,517837.8,8998.2,10043.4,22782.0,3,3,3,2,2,2,39498.600000000035,169289.59999999998,1045.199999999999,12738.6,391811.8666666667,13941.199999999999,208788.2,13783.8,0.04399438589769635,3,0,3,2
348548.2,517837.8,829099.6,10043.4,22782.0,21180.4,3,3,3,2,2,2,169289.59999999998,311261.8,12738.6,-1601.5999999999985,565161.8666666667,18001.933333333334,480551.39999999997,12738.6,0.025546236488069123,3,0,3,2
517837.8,829099.6,375354.8,22782.0,21180.4,10879.8,3,3,3,2,2,2,311261.8,-453744.8,-1601.5999999999985,-10300.600000000002,574097.4,18280.733333333334,453744.8,11902.2,0.028985298748547376,3,0,3,2
829099.6,375354.8,396965.4,21180.4,10879.8,18808.0,3,3,3,2,2,2,-453744.8,21610.600000000035,-10300.600000000002,7928.200000000001,533806.6,16956.066666666666,453744.8,10300.600000000002,0.04737932479927772,3,0,3,2
375354.8,396965.4,631275.6,10879.8,18808.0,17517.2,3,3,3,2,2,2,21610.600000000035,234310.19999999995,7928.200000000001,-1290.7999999999993,467865.2666666666,15735.0,255920.8,7928.200000000001,0.027748850503883718,3,0,3,2
396965.4,631275.6,1337953.0,18808.0,17517.2,37752.0,3,3,3,2,2,2,234310.19999999995,706677.4,-1290.7999999999993,20234.8,788731.3333333334,24692.399999999998,940987.6,20234.8,0.028216216701022607,3,0,3,2
631275.6,1337953.0,1476379.4,17517.2,37752.0,45242.0,3,3,3,2,2,2,706677.4,138426.3999999999,20234.8,7490.0,1148536.0,33503.73333333333,845103.7999999999,27724.8,0.030643863871397916,3,0,3,2
1337953.0,1476379.4,1558571.6,37752.0,45242.0,39732.6,3,3,3,2,2,2,138426.3999999999,82192.20000000019,7490.0,-5509.4000000000015,1457634.6666666667,40908.86666666667,220618.6000000001,7490.0,0.02549294142602019,3,0,3,2
1476379.4,1558571.6,1671621.4,45242.0,39732.6,30760.4,3,3,3,2,2,2,82192.20000000019,113049.79999999981,-5509.4000000000015,-8972.199999999997,1568857.4666666668,38578.333333333336,195242.0,14481.599999999999,0.01840152417196611,3,0,3,2
1558571.6,1671621.4,968689.4,39732.6,30760.4,29697.4,3,3,3,2,2,2,113049.79999999981,-702931.9999999999,-8972.199999999997,-1063.0,1399627.4666666668,33396.799999999996,702931.9999999999,10035.199999999997,0.030657266759327853,3,0,3,2
1671621.4,968689.4,1549598.2,30760.4,29697.4,42002.0,3,3,3,2,2,2,-702931.9999999999,580908.7999999999,-1063.0,12304.599999999999,1396636.3333333333,34153.26666666667,702931.9999999999,12304.599999999999,0.02710507336348651,3,0,3,2
968689.4,1549598.2,1021554.4,29697.4,42002.0,27032.2,3,3,3,2,2,2,580908.7999999999,-528043.7999999999,12304.599999999999,-14969.8,1179947.3333333333,32910.53333333333,580908.7999999999,14969.8,0.026461805204103468,3,0,3,2
1549598.2,1021554.4,766060.4,42002.0,27032.2,20087.4,3,3,3,2,2,2,-528043.7999999999,-255494.0,-14969.8,-6944.799999999999,1112404.3333333333,29707.2,783537.7999999999,21914.6,0.02622165795065513,3,0,3,2
1021554.4,766060.4,1480563.6,27032.2,20087.4,31282.0,3,3,3,2,2,2,-255494.0,714503.2000000001,-6944.799999999999,11194.599999999999,1089392.8,26133.86666666667,714503.2000000001,11194.599999999999,0.02112842627738094,3,0,3,2
766060.4,1480563.6,1573255.4,20087.4,31282.0,35944.6,3,3,3,2,2,2,714503.2000000001,92691.79999999981,11194.599999999999,4662.5999999999985,1273293.1333333333,29104.666666666668,807194.9999999999,15857.199999999997,0.02284726126014806,3,0,3,2
1480563.6,1573255.4,749003.8,31282.0,35944.6,18166.4,3,3,3,2,2,2,92691.79999999981,-824251.5999999999,4662.5999999999985,-17778.199999999997,1267607.5999999999,28464.333333333332,824251.5999999999,17778.199999999997,0.0242540501743113,3,0,3,2
1573255.4,749003.8,625059.8,35944.6,18166.4,29105.6,3,3,3,2,2,2,-824251.5999999999,-123944.0,-17778.199999999997,10939.199999999997,982439.6666666666,27738.86666666667,948195.5999999999,17778.199999999997,0.04656443021222895,3,0,3,2
749003.8,625059.8,795129.6,18166.4,29105.6,40935.4,3,3,3,2,2,2,-123944.0,170069.79999999993,10939.199999999997,11829.800000000003,723064.4,29402.466666666664,170069.79999999993,22769.0,0.05148261178729633,3,0,3,2
625059.8,795129.6,659025.2,29105.6,40935.4,31407.0,3,3,3,2,2,2,170069.79999999993,-136104.40000000002,11829.800000000003,-9528.400000000001,693071.5333333333,33816.0,170069.79999999993,11829.800000000003,0.047656678899867716,3,0,3,2
795129.6,659025.2,674507.0,40935.4,31407.0,24642.0,3,3,3,2,2,2,-136104.40000000002,15481.800000000047,-9528.400000000001,-6765.0,709553.9333333332,32328.13333333333,136104.40000000002,16293.400000000001,0.03653329537974346,3,0,3,2
659025.2,674507.0,1025242.6,31407.0,24642.0,39010.8,3,3,3,2,2,2,15481.800000000047,350735.6,-6765.0,14368.800000000003,786258.2666666666,31686.600000000002,366217.4,14368.800000000003,0.03805027410071129,3,0,3,2
674507.0,1025242.6,997201.4,24642.0,39010.8,34615.0,3,3,3,2,2,2,350735.6,-28041.199999999953,14368.800000000003,-4395.800000000003,898983.6666666666,32755.933333333334,350735.6,14368.800000000003,0.03471211060061628,3,0,3,2
1025242.6,997201.4,787095.4,39010.8,34615.0,47111.0,3,3,3,2,2,2,-28041.199999999953,-210106.0,-4395.800000000003,12496.0,936513.1333333333,40245.6,238147.19999999995,12496.0,0.05985416779952239,3,0,3,2
997201.4,787095.4,984118.0,34615.0,47111.0,33970.4,3,3,3,2,2,2,-210106.0,197022.59999999998,12496.0,-13140.599999999999,922804.9333333332,38565.46666666667,210106.0,13140.599999999999,0.034518589723397275,3,0,3,2
787095.4,984118.0,1366576.8,47111.0,33970.4,44064.2,3,3,3,2,2,2,197022.59999999998,382458.80000000005,-13140.599999999999,10093.799999999996,1045930.0666666668,41715.2,579481.4,13140.599999999999,0.03224419422004367,3,0,3,2
984118.0,1366576.8,1617906.0,33970.4,44064.2,35260.8,3,3,3,2,2,2,382458.80000000005,251329.19999999995,10093.799999999996,-8803.399999999994,1322866.9333333333,37765.13333333334,633788.0,10093.799999999996,0.02179408334348019,3,0,3,2
1366576.8,1617906.0,979047.6,44064.2,35260.8,26375.6,3,3,3,2,2,2,251329.19999999995,-638858.4,-8803.399999999994,-8885.200000000004,1321176.8,35233.53333333333,638858.4,17688.6,0.02694003137331487,3,0,3,2
1617906.0,979047.6,1321180.8,35260.8,26375.6,27847.4,3,3,3,2,2,2,-638858.4,342133.20000000007,-8885.200000000004,1471.800000000003,1306044.8,29827.933333333334,638858.4,8885.200000000004,0.02107764427272613,3,0,3,2
979047.6,1321180.8,1085018.6,26375.6,27847.4,28264.6,3,3,3,2,2,2,342133.20000000007,-236162.19999999995,1471.800000000003,417.1999999999971,1128415.6666666667,27495.86666666667,342133.20000000007,1889.0,0.026049852002673495,3,0,3,2
1321180.8,1085018.6,1006282.2,27847.4,28264.6,23882.0,3,3,3,2,2,2,-236162.19999999995,-78736.40000000014,417.1999999999971,-4382.5999999999985,1137493.866666667,26664.666666666668,314898.6000000001,4382.5999999999985,0.023732881558591063,3,0,3,2
1085018.6,1006282.2,573706.6,28264.6,23882.0,21640.8,3,3,3,2,2,2,-78736.40000000014,-432575.6,-4382.5999999999985,-2241.2000000000007,888335.7999999999,24595.8,511312.0000000001,6623.799999999999,0.03772095750518208,3,0,3,2
1006282.2,573706.6,1177360.6,23882.0,21640.8,36263.6,3,3,3,2,2,2,-432575.6,603654.0000000001,-2241.2000000000007,14622.8,919116.4666666667,27262.13333333333,603654.0000000001,14622.8,0.030800732757039127,3,0,3,2
573706.6,1177360.6,591748.2,21640.8,36263.6,31915.2,3,3,3,2,2,2,603654.0000000001,-585612.4000000001,14622.8,-4348.399999999998,780938.4666666668,29939.866666666665,603654.0000000001,14622.8,0.053933659732873326,3,0,3,2
1177360.6,591748.2,713549.8,36263.6,31915.2,29506.2,3,3,3,2,2,2,-585612.4000000001,121801.6000000001,-4348.399999999998,-2409.0,827552.8666666667,32561.666666666668,585612.4000000001,6757.399999999998,0.041351225448839804,3,0,3,2
591748.2,713549.8,685554.0,31915.2,29506.2,31016.2,3,3,3,2,2,2,121801.6000000001,-27995.800000000047,-2409.0,1510.0,663617.3333333334,30812.533333333336,121801.6000000001,2409.0,0.04524246778157843,3,0,3,2
713549.8,685554.0,631045.2,29506.2,31016.2,23214.8,3,3,3,2,2,2,-27995.800000000047,-54508.80000000005,1510.0,-7801.4000000000015,676716.3333333334,27912.399999999998,82504.6000000001,7801.4000000000015,0.03678779778723016,1,22,3,2
685554.0,631045.2,414341.6,31016.2,23214.8,17575.6,3,3,3,2,2,2,-54508.80000000005,-216703.59999999998,-7801.4000000000015,-5639.200000000001,576980.2666666666,23935.533333333336,271212.4,13440.600000000002,0.04241803763359114,3,0,3,2
631045.2,414341.6,525192.8,23214.8,17575.6,66295.6,3,3,3,2,2,2,-216703.59999999998,110851.20000000007,-5639.200000000001,48720.00000000001,523526.5333333334,35695.333333333336,216703.59999999998,48720.00000000001,0.12623073615872846,3,0,3,2
414341.6,525192.8,520537.2,17575.6,66295.6,27000.0,3,3,3,2,2,2,110851.20000000007,-4655.600000000035,48720.00000000001,-39295.600000000006,486690.5333333334,36957.06666666667,110851.20000000007,48720.00000000001,0.05186939210225109,3,0,3,2
525192.8,520537.2,649985.4,66295.6,27000.0,25456.2,3,3,3,2,2,2,-4655.600000000035,129448.20000000001,-39295.600000000006,-1543.7999999999993,565238.4666666667,39583.933333333334,129448.20000000001,40839.40000000001,0.039164204051038605,3,0,3,2
520537.2,649985.4,1035691.2,27000.0,25456.2,27449.4,3,3,3,2,2,2,129448.20000000001,385705.79999999993,-1543.7999999999993,1993.2000000000007,735404.6,26635.2,515153.99999999994,1993.2000000000007,0.026503434128402243,3,0,3,2
649985.4,1035691.2,1274636.6,25456.2,27449.4,22663.4,3,3,3,2,2,2,385705.79999999993,238945.40000000014,1993.2000000000007,-4786.0,986771.0666666668,25189.666666666668,624651.2000000001,4786.0,0.01778026946639578,3,0,3,2
1035691.2,1274636.6,493780.4,27449.4,22663.4,18989.0,3,3,3,2,2,2,238945.40000000014,-780856.2000000001,-4786.0,-3674.4000000000015,934702.7333333333,23033.933333333334,780856.2000000001,8460.400000000001,0.03845628855197867,3,0,3,2
1274636.6,493780.4,1191697.2,22663.4,18989.0,19811.8,3,3,3,2,2,2,-780856.2000000001,697916.7999999999,-3674.4000000000015,822.7999999999993,986704.7333333334,20488.066666666666,780856.2000000001,3674.4000000000015,0.01662484679426385,3,0,3,2
493780.4,1191697.2,1228676.4,18989.0,19811.8,35287.4,3,3,3,2,2,2,697916.7999999999,36979.19999999995,822.7999999999993,15475.600000000002,971384.6666666666,24696.06666666667,734895.9999999999,16298.400000000001,0.028719825073693066,3,0,3,2
1191697.2,1228676.4,1494739.8,19811.8,35287.4,41413.2,3,3,3,2,2,2,36979.19999999995,266063.40000000014,15475.600000000002,6125.799999999996,1305037.7999999998,32170.8,303042.6000000001,21601.399999999998,0.027705940722297803,3,0,3,2
1228676.4,1494739.8,1646327.6,35287.4,41413.2,33496.4,3,3,3,2,2,2,266063.40000000014,151587.80000000005,6125.799999999996,-7916.799999999996,1456581.2666666668,36732.333333333336,417651.2000000002,7916.799999999996,0.020346120452502617,3,0,3,2
1494739.8,1646327.6,1026652.0,41413.2,33496.4,20224.2,3,3,3,2,2,2,151587.80000000005,-619675.6000000001,-7916.799999999996,-13272.2,1389239.8,31711.266666666666,619675.6000000001,21188.999999999996,0.019699158332951834,3,0,3,2
1646327.6,1026652.0,492744.8,33496.4,20224.2,16303.0,3,3,3,2,2,2,-619675.6000000001,-533907.2,-13272.2,-3921.2000000000007,1055241.4666666666,23341.2,1153582.8,17193.4,0.03308602528930739,3,0,3,2
1026652.0,492744.8,851650.2,20224.2,16303.0,20791.2,3,3,3,2,2,2,-533907.2,358905.39999999997,-3921.2000000000007,4488.200000000001,790349.0,19106.13333333333,533907.2,4488.200000000001,0.024412811254184815,3,0,3,2
492744.8,851650.2,869709.0,16303.0,20791.2,25846.2,3,3,3,2,2,2,358905.39999999997,18058.800000000047,4488.200000000001,5055.0,738034.6666666666,20980.13333333333,376964.2,9543.2,0.02971818192270987,3,0,3,2
851650.2,869709.0,603453.8,20791.2,25846.2,21297.8,3,3,3,2,2,2,18058.800000000047,-266255.19999999995,5055.0,-4548.4000000000015,774937.6666666666,22645.066666666666,266255.19999999995,5055.0,0.03529311557385905,3,0,3,2
869709.0,603453.8,768396.4,25846.2,21297.8,11530.6,3,3,3,2,2,2,-266255.19999999995,164942.59999999998,-4548.4000000000015,-9767.199999999999,747186.4,19558.2,266255.19999999995,14315.6,0.015006037240625748,3,0,3,2
603453.8,768396.4,522309.6,21297.8,11530.6,34596.4,3,3,3,2,2,2,164942.59999999998,-246086.80000000005,-9767.199999999999,23065.800000000003,631386.6000000001,22474.933333333334,246086.80000000005,23065.800000000003,0.0662372159400939,3,0,3,2
768396.4,522309.6,1333253.4,11530.6,34596.4,36988.0,3,3,3,2,2,2,-246086.80000000005,810943.7999999999,23065.800000000003,2391.5999999999985,874653.1333333333,27705.0,810943.7999999999,25457.4,0.027742642364427975,3,0,3,2
522309.6,1333253.4,1113755.0,34596.4,36988.0,30973.6,3,3,3,2,2,2,810943.7999999999,-219498.3999999999,2391.5999999999985,-6014.4000000000015,989772.6666666666,34186.0,810943.7999999999,6014.4000000000015,0.027810040978454884,3,0,3,2
1333253.4,1113755.0,889441.2,36988.0,30973.6,27498.6,3,3,3,2,2,2,-219498.3999999999,-224313.80000000005,-6014.4000000000015,-3475.0,1112149.8666666665,31820.06666666667,443812.19999999995,9489.400000000001,0.030916680139530146,3,0,3,2
1113755.0,889441.2,1056919.0,30973.6,27498.6,19301.0,3,3,3,2,2,2,-224313.80000000005,167477.80000000005,-3475.0,-8197.599999999999,1020038.4,25924.399999999998,224313.80000000005,11672.599999999999,0.01826155243537827,3,0,3,2
889441.2,1056919.0,989216.8,27498.6,19301.0,30862.0,3,3,3,2,2,2,167477.80000000005,-67702.19999999995,-8197.599999999999,11561.0,978525.6666666666,25887.2,167477.80000000005,11561.0,0.031198387251017923,3,0,3,2
1056919.0,989216.8,770350.2,19301.0,30862.0,21523.2,3,3,3,2,2,2,-67702.19999999995,-218866.6000000001,11561.0,-9338.8,938828.6666666666,23895.399999999998,286568.80000000005,11561.0,0.02793946449359721,3,0,3,2
989216.8,770350.2,746198.8,30862.0,21523.2,28015.8,3,3,3,2,2,2,-218866.6000000001,-24151.399999999907,-9338.8,6492.5999999999985,835255.2666666666,26800.333333333332,243018.0,9338.8,0.03754463616848999,3,0,3,2
770350.2,746198.8,776518.0,21523.2,28015.8,28761.0,3,3,3,2,2,2,-24151.399999999907,30319.199999999953,6492.5999999999985,745.2000000000007,764355.6666666666,26100.0,30319.199999999953,7237.799999999999,0.03703837253177321,3,0,3,2
746198.8,776518.0,820776.6,28015.8,28761.0,28020.2,3,3,3,2,2,2,30319.199999999953,44258.59999999998,745.2000000000007,-740.7999999999993,781164.4666666667,28265.666666666668,74577.79999999993,745.2000000000007,0.03413860222306262,3,0,3,2
776518.0,820776.6,1422434.6,28761.0,28020.2,42549.4,3,3,3,2,2,2,44258.59999999998,601658.0000000001,-740.7999999999993,14529.2,1006576.4,33110.200000000004,645916.6000000001,14529.2,0.0299130589813697,3,0,3,2
820776.6,1422434.6,1620526.2,28020.2,42549.4,38893.0,3,3,3,2,2,2,601658.0000000001,198091.59999999986,14529.2,-3656.4000000000015,1287912.4666666668,36487.53333333333,799749.6,14529.2,0.024000214251263415,3,0,3,2
1422434.6,1620526.2,1571853.6,42549.4,38893.0,40194.6,3,3,3,2,2,2,198091.59999999986,-48672.59999999986,-3656.4000000000015,1301.5999999999985,1538271.4666666668,40545.666666666664,198091.59999999986,3656.4000000000015,0.025571449165845236,3,0,3,2
1620526.2,1571853.6,1207979.8,38893.0,40194.6,29212.8,3,3,3,2,2,2,-48672.59999999986,-363873.80000000005,1301.5999999999985,-10981.8,1466786.5333333332,36100.13333333334,412546.3999999999,10981.8,0.024183165825152186,3,0,3,2
1571853.6,1207979.8,1384090.8,40194.6,29212.8,35970.6,3,3,3,2,2,2,-363873.80000000005,176111.0,-10981.8,6757.799999999999,1387974.7333333334,35126.0,363873.80000000005,10981.8,0.025988594109147962,3,0,3,2
1207979.8,1384090.8,1679320.6,29212.8,35970.6,39374.0,3,3,3,2,2,2,176111.0,295229.80000000005,6757.799999999999,3403.4000000000015,1423797.0666666667,34852.46666666667,471340.80000000005,10161.2,0.02344637263047173,3,0,3,2
1384090.8,1679320.6,1225701.2,35970.6,39374.0,34630.2,3,3,3,2,2,2,295229.80000000005,-453619.40000000014,3403.4000000000015,-4743.800000000003,1429704.2000000002,36658.26666666667,453619.40000000014,4743.800000000003,0.02825335550511372,3,0,3,2
1679320.6,1225701.2,799676.4,39374.0,34630.2,16896.8,3,3,3,2,2,2,-453619.40000000014,-426024.79999999993,-4743.800000000003,-17733.399999999998,1234899.4,30300.333333333332,879644.2000000001,22477.2,0.021129520479133208,3,0,2,2
1225701.2,799676.4,179956.8,34630.2,16896.8,20404.2,3,3,2,2,2,2,-426024.79999999993,-619719.6000000001,-17733.399999999998,3507.4000000000015,735111.4666666667,23977.066666666666,1045744.3999999999,17733.399999999998,0.11338324873942669,3,0,3,2
799676.4,179956.8,626011.8,16896.8,20404.2,19905.0,3,2,3,2,2,2,-619719.6000000001,446055.00000000006,3507.4000000000015,-499.2000000000007,535215.0,19068.666666666668,619719.6000000001,3507.4000000000015,0.03179647444908475,3,0,3,2
179956.8,626011.8,871528.8,20404.2,19905.0,29468.6,2,3,3,2,2,2,446055.00000000006,245517.0,-499.2000000000007,9563.599999999999,559165.8,23259.266666666663,691572.0,9563.599999999999,0.03381249843665701,3,0,3,2
626011.8,871528.8,931814.2,19905.0,29468.6,33516.4,3,3,3,2,2,2,245517.0,60285.39999999991,9563.599999999999,4047.800000000003,809784.9333333332,27630.0,305802.3999999999,13611.400000000001,0.035968934612785886,3,0,3,2
871528.8,931814.2,692149.4,29468.6,33516.4,35057.2,3,3,3,2,2,2,60285.39999999991,-239664.79999999993,4047.800000000003,1540.7999999999956,831830.7999999999,32680.733333333334,239664.79999999993,5588.5999999999985,0.050649685386297535,3,0,3,2
931814.2,692149.4,936975.0,33516.4,35057.2,36099.8,3,3,3,2,2,2,-239664.79999999993,244825.59999999998,1540.7999999999956,1042.6000000000058,853646.2000000001,34891.13333333334,244825.59999999998,2583.4000000000015,0.03852798791004252,3,0,3,2
692149.4,936975.0,920225.2,35057.2,36099.8,37586.2,3,3,3,2,2,2,244825.59999999998,-16749.800000000047,1042.6000000000058,1486.3999999999942,849783.1999999998,36247.73333333333,244825.59999999998,2529.0,0.04084452279233084,3,0,3,2
936975.0,920225.2,960878.2,36099.8,37586.2,35389.4,3,3,3,2,2,2,-16749.800000000047,40653.0,1486.3999999999942,-2196.7999999999956,939359.4666666667,36358.46666666667,40653.0,2196.7999999999956,0.03683022798287235,3,0,3,2
920225.2,960878.2,1345651.2,37586.2,35389.4,51949.4,3,3,3,2,2,2,40653.0,384773.0,-2196.7999999999956,16560.0,1075584.8666666665,41641.666666666664,425426.0,16560.0,0.03860536920312693,3,0,3,2
960878.2,1345651.2,355565.8,35389.4,51949.4,17780.2,3,3,3,2,2,2,384773.0,-990085.3999999999,16560.0,-34169.2,887365.0666666665,35039.666666666664,990085.3999999999,34169.2,0.050005231084566955,3,0,3,2
1345651.2,355565.8,800653.8,51949.4,17780.2,32055.6,3,3,3,2,2,2,-990085.3999999999,445088.00000000006,-34169.2,14275.399999999998,833956.9333333332,33928.4,990085.3999999999,34169.2,0.04003672993654693,3,0,3,2
355565.8,800653.8,1040841.8,17780.2,32055.6,35000.8,3,3,3,2,2,2,445088.00000000006,240188.0,14275.399999999998,2945.2000000000044,732353.8000000002,28278.86666666667,685276.0,17220.600000000002,0.033627364285942124,3,0,3,2
800653.8,1040841.8,1338370.8,32055.6,35000.8,42187.0,3,3,3,2,2,2,240188.0,297529.0,2945.2000000000044,7186.199999999997,1059955.4666666668,36414.46666666667,537717.0,10131.400000000001,0.031521136353889104,3,0,3,2
1040841.8,1338370.8,1719537.2,35000.8,42187.0,32364.6,3,3,3,2,2,2,297529.0,381166.3999999999,7186.199999999997,-9822.400000000001,1366249.9333333333,36517.46666666667,678695.3999999999,9822.400000000001,0.0188216813095516,3,0,3,2
1338370.8,1719537.2,1327654.2,42187.0,32364.6,49205.6,3,3,3,2,2,2,381166.3999999999,-391883.0,-9822.400000000001,16841.0,1461854.0666666667,41252.4,391883.0,16841.0,0.037062032371055376,3,0,3,2
1719537.2,1327654.2,1228491.2,32364.6,49205.6,59478.6,3,3,3,2,2,2,-391883.0,-99163.0,16841.0,10273.0,1425227.5333333332,47016.26666666666,491046.0,27114.0,0.04841593621839846,3,0,3,2
1327654.2,1228491.2,1513526.4,49205.6,59478.6,46113.2,3,3,3,2,2,2,-99163.0,285035.19999999995,10273.0,-13365.400000000001,1356557.2666666666,51599.13333333333,285035.19999999995,13365.400000000001,0.030467370461876014,3,0,3,2
1228491.2,1513526.4,1207182.4,59478.6,46113.2,31067.4,3,3,3,2,2,2,285035.19999999995,-306344.0,-13365.400000000001,-15045.799999999996,1316399.9999999998,45553.06666666666,306344.0,28411.199999999997,0.025735443346884993,3,0,3,2
1513526.4,1207182.4,1336402.2,46113.2,31067.4,30361.2,3,3,3,2,2,2,-306344.0,129219.80000000005,-15045.799999999996,-706.2000000000007,1352370.3333333333,35847.26666666667,306344.0,15751.999999999996,0.022718592712139572,3,0,3,2
1207182.4,1336402.2,1601313.2,31067.4,30361.2,35945.8,3,3,3,2,2,2,129219.80000000005,264911.0,-706.2000000000007,5584.600000000002,1381632.5999999999,32458.133333333335,394130.80000000005,5584.600000000002,0.02244768703106486,3,0,3,2
1336402.2,1601313.2,1620552.6,30361.2,35945.8,37845.0,3,3,3,2,2,2,264911.0,19239.40000000014,5584.600000000002,1899.199999999997,1519422.6666666667,34717.333333333336,284150.40000000014,7483.799999999999,0.02335313068324306,3,0,3,2
1601313.2,1620552.6,1818157.2,35945.8,37845.0,43326.6,3,3,3,2,2,2,19239.40000000014,197604.59999999986,1899.199999999997,5481.5999999999985,1680007.6666666667,39039.13333333333,216844.0,7380.799999999996,0.023829939550914767,3,0,3,2
1620552.6,1818157.2,1562151.2,37845.0,43326.6,38709.6,3,3,3,2,2,2,197604.59999999986,-256006.0,5481.5999999999985,-4617.0,1666953.6666666667,39960.4,256006.0,5481.5999999999985,0.024779659754023967,3,0,3,2
1818157.2,1562151.2,1832094.4,43326.6,38709.6,48977.4,3,3,3,2,2,2,-256006.0,269943.19999999995,-4617.0,10267.800000000003,1737467.5999999999,43671.200000000004,269943.19999999995,10267.800000000003,0.02673299654592223,3,0,3,2
1562151.2,1832094.4,1515333.8,38709.6,48977.4,36600.0,3,3,3,2,2,2,269943.19999999995,-316760.59999999986,10267.800000000003,-12377.400000000001,1636526.4666666666,41429.0,316760.59999999986,12377.400000000001,0.024153078250430202,3,0,3,2
1832094.4,1515333.8,1675007.6,48977.4,36600.0,55039.0,3,3,3,2,2,2,-316760.59999999986,159673.80000000005,-12377.400000000001,18439.0,1674145.2666666668,46872.13333333333,316760.59999999986,18439.0,0.0328589357690462,3,0,3,2
1515333.8,1675007.6,1324169.4,36600.0,55039.0,38298.6,3,3,3,2,2,2,159673.80000000005,-350838.2000000002,18439.0,-16740.4,1504836.9333333336,43312.53333333333,350838.2000000002,18439.0,0.02892271266598317,3,0,3,2
1675007.6,1324169.4,802039.2,55039.0,38298.6,25657.6,3,3,3,2,2,2,-350838.2000000002,-522130.19999999995,-16740.4,-12641.0,1267072.0666666667,39665.06666666667,872968.4000000001,29381.4,0.03199041644047269,3,0,3,2
1324169.4,802039.2,780955.0,38298.6,25657.6,25008.4,3,3,3,2,2,2,-522130.19999999995,-21084.199999999953,-12641.0,-649.1999999999971,969054.5333333332,29654.86666666667,543214.3999999999,13290.199999999997,0.03202280282115766,3,0,3,2
802039.2,780955.0,1182549.0,25657.6,25008.4,45886.0,3,3,3,2,2,2,-21084.199999999953,401594.0,-649.1999999999971,20877.6,921847.7333333334,32184.0,401594.0,20877.6,0.038802587628430085,3,0,3,2
780955.0,1182549.0,1080760.8,25008.4,45886.0,43639.0,3,3,3,2,2,2,401594.0,-101788.19999999995,20877.6,-2247.0,1014754.9333333332,38177.799999999996,401594.0,20877.6,0.04037800003664082,3,0,3,2
1182549.0,1080760.8,1129165.0,45886.0,43639.0,28344.2,3,3,3,2,2,2,-101788.19999999995,48404.19999999995,-2247.0,-15294.8,1130824.9333333333,39289.73333333333,101788.19999999995,17541.8,0.025101889359049067,3,0,3,2
1080760.8,1129165.0,1393556.0,43639.0,28344.2,46059.0,3,3,3,2,2,2,48404.19999999995,264391.0,-15294.8,17714.8,1201160.5999999999,39347.4,312795.19999999995,17714.8,0.03305139294625193,3,0,3,2
1129165.0,1393556.0,1141376.6,28344.2,46059.0,36147.8,3,3,3,2,2,2,264391.0,-252179.3999999999,17714.8,-9911.199999999997,1221365.8666666667,36850.333333333336,264391.0,17714.8,0.03167032540326707,3,0,3,2
1393556.0,1141376.6,1258872.8,46059.0,36147.8,39094.8,3,3,3,2,2,2,-252179.3999999999,117496.19999999995,-9911.199999999997,2947.0,1264601.8,40433.86666666667,252179.3999999999,9911.199999999997,0.0310553766390245,3,0,3,2
1141376.6,1258872.8,1069407.0,36147.8,39094.8,36865.8,3,3,3,2,2,2,117496.19999999995,-189465.80000000005,2947.0,-2229.0,1156552.1333333335,37369.46666666667,189465.80000000005,2947.0,0.03447309165444807,3,0,3,2
1258872.8,1069407.0,1586963.8,39094.8,36865.8,50584.6,3,3,3,2,2,2,-189465.80000000005,517556.80000000005,-2229.0,13718.799999999996,1305081.2,42181.73333333334,517556.80000000005,13718.799999999996,0.031875061122968826,3,0,3,2
1069407.0,1586963.8,1736024.4,36865.8,50584.6,55938.6,3,3,3,2,2,2,517556.80000000005,149060.59999999986,13718.799999999996,5354.0,1464131.7333333332,47796.333333333336,666617.3999999999,19072.799999999996,0.032222224398329655,3,0,3,2
1586963.8,1736024.4,1713446.2,50584.6,55938.6,48956.6,3,3,3,2,2,2,149060.59999999986,-22578.199999999953,5354.0,-6982.0,1678811.4666666668,51826.6,149060.59999999986,6982.0,0.02857199218044186,3,0,3,2
1736024.4,1713446.2,1661939.0,55938.6,48956.6,57735.6,3,3,3,2,2,2,-22578.199999999953,-51507.19999999995,-6982.0,8779.0,1703803.2,54210.26666666666,74085.3999999999,8779.0,0.03473988230622044,3,0,3,2
1713446.2,1661939.0,723524.8,48956.6,57735.6,24974.8,3,3,3,2,2,2,-51507.19999999995,-938414.2,8779.0,-32760.8,1366303.3333333333,43889.0,989921.3999999999,32760.8,0.034518188570469774,3,0,3,2
1661939.0,723524.8,1470882.6,57735.6,24974.8,29234.6,3,3,3,2,2,2,-938414.2,747357.8,-32760.8,4259.799999999999,1285448.8,37315.0,938414.2,32760.8,0.01987553603833777,3,0,3,2
723524.8,1470882.6,1381375.2,24974.8,29234.6,35724.0,3,3,3,2,2,2,747357.8,-89507.40000000014,4259.799999999999,6489.4000000000015,1191927.5333333334,29977.8,747357.8,10749.2,0.02586116656707999,3,0,3,2
1470882.6,1381375.2,1392639.4,29234.6,35724.0,63015.4,3,3,3,2,2,2,-89507.40000000014,11264.199999999953,6489.4000000000015,27291.4,1414965.7333333332,42658.0,89507.40000000014,33780.8,0.04524886682879515,3,0,3,2
1381375.2,1392639.4,1568966.4,35724.0,63015.4,42134.2,3,3,3,2,2,2,11264.199999999953,176327.0,27291.4,-20881.200000000004,1447660.3333333333,46957.86666666666,187591.19999999995,27291.4,0.026854732609485704,3,0,3,2
1392639.4,1568966.4,1072712.6,63015.4,42134.2,38912.6,3,3,3,2,2,2,176327.0,-496253.7999999998,-20881.200000000004,-3221.5999999999985,1344772.8,48020.73333333334,496253.7999999998,24102.800000000003,0.03627491997864108,3,0,3,2
1568966.4,1072712.6,1178041.8,42134.2,38912.6,41468.2,3,3,3,2,2,2,-496253.7999999998,105329.19999999995,-3221.5999999999985,2555.5999999999985,1273240.2666666666,40838.33333333333,496253.7999999998,3221.5999999999985,0.03520092818359401,3,0,3,2
1072712.6,1178041.8,1105210.4,38912.6,41468.2,39150.0,3,3,3,2,2,2,105329.19999999995,-72831.40000000014,2555.5999999999985,-2318.199999999997,1118654.9333333333,39843.6,105329.19999999995,2555.5999999999985,0.03542308738400635,3,0,3,2
1178041.8,1105210.4,657344.4,41468.2,39150.0,20516.0,3,3,3,2,2,2,-72831.40000000014,-447865.9999999999,-2318.199999999997,-18634.0,980198.8666666667,33711.4,520697.4,20952.199999999997,0.031210380417965956,3,0,3,2
1105210.4,657344.4,381102.2,39150.0,20516.0,12665.4,3,3,3,2,2,2,-447865.9999999999,-276242.2,-18634.0,-7850.6,714552.3333333334,24110.466666666664,724108.2,26484.6,0.03323351785028307,3,0,3,2
657344.4,381102.2,504487.6,20516.0,12665.4,23632.2,3,3,3,2,2,2,-276242.2,123385.39999999997,-7850.6,10966.800000000001,514311.4000000001,18937.86666666667,276242.2,10966.800000000001,0.04684387318167348,3,0,3,2
381102.2,504487.6,1049646.2,12665.4,23632.2,32968.2,3,3,3,2,2,2,123385.39999999997,545158.6,10966.800000000001,9335.999999999996,645078.6666666666,23088.599999999995,668544.0,20302.799999999996,0.03140883908421801,3,0,3,2
504487.6,1049646.2,1091168.4,23632.2,32968.2,42058.4,3,3,3,2,2,2,545158.6,41522.19999999995,9335.999999999996,9090.200000000004,881767.3999999999,32886.26666666666,586680.7999999999,18426.2,0.03854433601235519,3,0,3,2
1049646.2,1091168.4,865116.8,32968.2,42058.4,28180.2,3,3,3,2,2,2,41522.19999999995,-226051.59999999986,9090.200000000004,-13878.2,1001977.1333333332,34402.26666666667,226051.59999999986,13878.2,0.032573829829879816,3,0,3,2
1091168.4,865116.8,843387.4,42058.4,28180.2,32171.6,3,3,3,2,2,2,-226051.59999999986,-21729.400000000023,-13878.2,3991.399999999998,933224.2000000001,34136.73333333334,247780.99999999988,13878.2,0.03814565151714204,3,0,3,2
865116.8,843387.4,1182861.6,28180.2,32171.6,35338.8,3,3,3,2,2,2,-21729.400000000023,339474.20000000007,3991.399999999998,3167.2000000000044,963788.6000000001,31896.86666666667,339474.20000000007,7158.600000000002,0.029875659269301438,3,0,3,2
843387.4,1182861.6,991129.0,32171.6,35338.8,31894.2,3,3,3,2,2,2,339474.20000000007,-191732.6000000001,3167.2000000000044,-3444.600000000002,1005792.6666666666,33134.86666666666,339474.20000000007,3444.600000000002,0.032179633347794945,5,14,3,2
1182861.6,991129.0,954445.4,35338.8,31894.2,53563.8,3,3,3,2,2,2,-191732.6000000001,-36683.59999999998,-3444.600000000002,21669.600000000002,1042812.0,40265.6,228416.20000000007,21669.600000000002,0.05612028082457014,3,0,3,2
991129.0,954445.4,997134.2,31894.2,53563.8,28848.2,3,3,3,2,2,2,-36683.59999999998,42688.79999999993,21669.600000000002,-24715.600000000002,980902.8666666666,38102.066666666666,42688.79999999993,24715.600000000002,0.028931081763034744,3,0,3,2
954445.4,997134.2,1197504.2,53563.8,28848.2,39588.6,3,3,3,2,2,2,42688.79999999993,200370.0,-24715.600000000002,10740.399999999998,1049694.5999999999,40666.86666666667,243058.79999999993,24715.600000000002,0.03305923013945994,3,0,3,2
997134.2,1197504.2,787747.6,28848.2,39588.6,21070.0,3,3,3,2,2,2,200370.0,-409756.6,10740.399999999998,-18518.6,994128.6666666666,29835.600000000002,409756.6,18518.6,0.026747111959323062,3,0,3,2
1197504.2,787747.6,879025.4,39588.6,21070.0,27743.4,3,3,3,2,2,2,-409756.6,91277.80000000005,-18518.6,6673.4000000000015,954759.0666666665,29467.333333333332,409756.6,18518.6,0.031561509415416876,3,0,3,2
787747.6,879025.4,893271.8,21070.0,27743.4,26280.2,3,3,3,2,2,2,91277.80000000005,14246.400000000023,6673.4000000000015,-1463.2000000000007,853348.2666666666,25031.2,105524.20000000007,6673.4000000000015,0.029420127871351284,3,0,3,2
879025.4,893271.8,777723.2,27743.4,26280.2,44660.2,3,3,3,2,2,2,14246.400000000023,-115548.6000000001,-1463.2000000000007,18379.999999999996,850006.8000000002,32894.6,115548.6000000001,18379.999999999996,0.05742421285077667,3,0,3,2
893271.8,777723.2,1306388.8,26280.2,44660.2,48270.8,3,3,3,2,2,2,-115548.6000000001,528665.6000000001,18379.999999999996,3610.600000000006,992461.2666666666,39737.066666666666,528665.6000000001,21990.600000000002,0.0369497679788988,3,0,3,2
777723.2,1306388.8,1387777.6,44660.2,48270.8,44057.0,3,3,3,2,2,2,528665.6000000001,81388.80000000005,3610.600000000006,-4213.800000000003,1157296.5333333334,45662.666666666664,610054.4000000001,4213.800000000003,0.031746418340792976,3,0,3,2
1306388.8,1387777.6,1026027.0,48270.8,44057.0,28928.8,3,3,3,2,2,2,81388.80000000005,-361750.6000000001,-4213.800000000003,-15128.2,1240064.4666666668,40418.86666666667,361750.6000000001,19342.000000000004,0.028194942048365153,3,0,3,2
1387777.6,1026027.0,1419075.0,44057.0,28928.8,39297.0,3,3,3,2,2,2,-361750.6000000001,393048.0,-15128.2,10368.2,1277626.5333333334,37427.6,393048.0,15128.2,0.027691962939264705,3,0,3,2
1026027.0,1419075.0,1426366.8,28928.8,39297.0,26566.8,3,3,3,2,2,2,393048.0,7291.800000000047,10368.2,-12730.2,1290489.5999999999,31597.533333333336,400339.80000000005,12730.2,0.018625490564214923,3,0,3,2
1419075.0,1426366.8,1526230.2,39297.0,26566.8,26474.6,3,3,3,2,2,2,7291.800000000047,99863.3999999999,-12730.2,-92.20000000000073,1457224.0,30779.466666666664,107155.19999999995,12822.400000000001,0.017346388935044702,3,0,3,2
1426366.8,1526230.2,1154751.6,26566.8,26474.6,24830.6,3,3,3,2,2,2,99863.3999999999,-371478.59999999986,-92.20000000000073,-1644.0,1369116.2,25957.333333333332,371478.59999999986,1736.2000000000007,0.02150296089396118,3,0,3,2
1526230.2,1154751.6,1245985.2,26474.6,24830.6,24927.0,3,3,3,2,2,2,-371478.59999999986,91233.59999999986,-1644.0,96.40000000000146,1308989.0,25410.733333333334,371478.59999999986,1644.0,0.020005839551031947,3,0,3,2
1154751.6,1245985.2,783094.4,24830.6,24927.0,20079.0,3,3,3,2,2,2,91233.59999999986,-462890.79999999993,96.40000000000146,-4848.0,1061277.0666666667,23278.86666666667,462890.79999999993,4848.0,0.025640554139380718,3,0,3,2
1245985.2,783094.4,854707.4,24927.0,20079.0,27779.6,3,3,3,2,2,2,-462890.79999999993,71613.0,-4848.0,7700.5999999999985,961262.3333333334,24261.86666666667,462890.79999999993,7700.5999999999985,0.032501845073711684,3,0,3,2
783094.4,854707.4,1069293.6,20079.0,27779.6,38216.2,3,3,3,2,2,2,71613.0,214586.20000000007,7700.5999999999985,10436.599999999999,902365.1333333334,28691.599999999995,286199.20000000007,18137.199999999997,0.03573963620502712,3,0,3,2
854707.4,1069293.6,1206255.6,27779.6,38216.2,40091.0,3,3,3,2,2,2,214586.20000000007,136962.0,10436.599999999999,1874.800000000003,1043418.8666666667,35362.26666666666,351548.20000000007,12311.400000000001,0.0332358803259605,3,0,3,2
1069293.6,1206255.6,733305.0,38216.2,40091.0,35087.4,3,3,3,2,2,2,136962.0,-472950.6000000001,1874.800000000003,-5003.5999999999985,1002951.4,37798.200000000004,472950.6000000001,5003.5999999999985,0.047848237979779246,3,0,3,2
1206255.6,733305.0,1448509.0,40091.0,35087.4,47371.6,3,3,3,2,2,2,-472950.6000000001,715204.0,-5003.5999999999985,12284.199999999997,1129356.5333333334,40850.0,715204.0,12284.199999999997,0.032703674810667514,3,0,3,2
733305.0,1448509.0,1559175.0,35087.4,47371.6,46115.2,3,3,3,2,2,2,715204.0,110666.0,12284.199999999997,-1256.4000000000015,1246996.3333333333,42858.066666666666,825870.0,12284.199999999997,0.02957664817826852,3,0,3,2
1448509.0,1559175.0,1224718.2,47371.6,46115.2,38707.6,3,3,3,2,2,2,110666.0,-334456.80000000005,-1256.4000000000015,-7407.5999999999985,1410800.7333333334,44064.799999999996,334456.80000000005,8664.0,0.03160528552177511,3,0,3,2
1559175.0,1224718.2,940704.0,46115.2,38707.6,25727.8,3,3,3,2,2,2,-334456.80000000005,-284014.19999999995,-7407.5999999999985,-12979.8,1241532.4000000001,36850.2,618471.0,20387.399999999998,0.027349487884086934,3,0,3,2
1224718.2,940704.0,912286.8,38707.6,25727.8,26995.6,3,3,3,2,2,2,-284014.19999999995,-28417.199999999953,-12979.8,1267.7999999999993,1025903.0,30477.0,312431.3999999999,12979.8,0.029591100527706277,3,0,3,2
940704.0,912286.8,749706.8,25727.8,26995.6,23498.8,3,3,3,2,2,2,-28417.199999999953,-162580.0,1267.7999999999993,-3496.7999999999993,867565.8666666667,25407.399999999998,190997.19999999995,3496.7999999999993,0.03134394493427973,3,0,3,2
912286.8,749706.8,1033184.2,26995.6,23498.8,20419.0,3,3,3,2,2,2,-162580.0,283477.3999999999,-3496.7999999999993,-3079.7999999999993,898392.6,23637.8,283477.3999999999,6576.5999999999985,0.019763155724646462,3,0,3,2
749706.8,1033184.2,1057430.6,23498.8,20419.0,29033.8,3,3,3,2,2,2,283477.3999999999,24246.40000000014,-3079.7999999999993,8614.8,946773.8666666667,24317.2,307723.80000000005,8614.8,0.02745690595968571,3,0,3,2
1033184.2,1057430.6,826978.2,20419.0,29033.8,19559.8,3,3,3,2,2,2,24246.40000000014,-230452.40000000014,8614.8,-9474.0,972531.0,23004.2,230452.40000000014,9474.0,0.023652106364948477,3,0,3,2
1057430.6,826978.2,702239.2,29033.8,19559.8,17095.8,3,3,3,2,2,2,-230452.40000000014,-124739.0,-9474.0,-2464.0,862216.0,21896.466666666664,355191.40000000014,11938.0,0.02434466155597472,3,0,3,2
826978.2,702239.2,550238.8,19559.8,17095.8,14039.8,3,3,3,2,2,2,-124739.0,-152000.3999999999,-2464.0,-3056.0,693152.0666666667,16898.466666666664,276739.3999999999,5520.0,0.025515784208993968,3,0,3,2
702239.2,550238.8,1006498.6,17095.8,14039.8,20449.8,3,3,3,2,2,2,-152000.3999999999,456259.79999999993,-3056.0,6410.0,752992.2000000001,17195.13333333333,456259.79999999993,6410.0,0.02031774279890424,3,0,3,2
550238.8,1006498.6,596979.6,14039.8,20449.8,26765.6,3,3,3,2,2,2,456259.79999999993,-409519.0,6410.0,6315.799999999999,717905.6666666666,20418.399999999998,456259.79999999993,12725.8,0.0448349577858979,3,0,3,2
1006498.6,596979.6,385314.8,20449.8,26765.6,18064.2,3,3,3,2,2,2,-409519.0,-211664.8,6315.799999999999,-8701.399999999998,662931.0,21759.866666666665,621183.8,8701.399999999998,0.046881544956111326,3,0,3,2
596979.6,385314.8,603338.4,26765.6,18064.2,19107.0,3,3,3,2,2,2,-211664.8,218023.60000000003,-8701.399999999998,1042.7999999999993,528544.2666666666,21312.266666666666,218023.60000000003,8701.399999999998,0.03166874233640302,3,0,3,2
385314.8,603338.4,615771.4,18064.2,19107.0,22533.8,3,3,3,2,2,2,218023.60000000003,12433.0,1042.7999999999993,3426.7999999999993,534808.2000000001,19901.666666666668,230456.60000000003,4469.5999999999985,0.0365943650608569,3,0,3,2
603338.4,615771.4,485793.8,19107.0,22533.8,18315.8,3,3,3,2,2,2,12433.0,-129977.60000000003,3426.7999999999993,-4218.0,568301.2000000001,19985.533333333336,129977.60000000003,4218.0,0.0377027502146997,3,0,3,2
615771.4,485793.8,654763.2,22533.8,18315.8,26908.6,3,3,3,2,2,2,-129977.60000000003,168969.39999999997,-4218.0,8592.8,585442.7999999999,22586.066666666666,168969.39999999997,8592.8,0.04109662684673353,3,0,3,2
485793.8,654763.2,1127873.2,18315.8,26908.6,26550.6,3,3,3,2,2,2,168969.39999999997,473110.0,8592.8,-358.0,756143.4,23925.0,642079.3999999999,8592.8,0.023540391295412202,3,0,3,2
654763.2,1127873.2,1072404.2,26908.6,26550.6,31148.0,3,3,3,2,2,2,473110.0,-55469.0,-358.0,4597.4000000000015,951680.1999999998,28202.399999999998,473110.0,4597.4000000000015,0.029044991575945363,3,0,3,2
1127873.2,1072404.2,1220672.6,26550.6,31148.0,34000.8,3,3,3,2,2,2,-55469.0,148268.40000000014,4597.4000000000015,2852.800000000003,1140316.6666666667,30566.466666666664,148268.40000000014,7450.200000000004,0.027854129064477186,3,0,3,2
1072404.2,1220672.6,712034.2,31148.0,34000.8,21947.2,3,3,3,2,2,2,148268.40000000014,-508638.40000000014,2852.800000000003,-12053.600000000002,1001703.6666666666,29032.0,508638.40000000014,12053.600000000002,0.03082319525776254,3,0,3,2
1220672.6,712034.2,805689.6,34000.8,21947.2,22623.0,3,3,3,2,2,2,-508638.40000000014,93655.40000000002,-12053.600000000002,675.7999999999993,912798.7999999999,26190.333333333332,508638.40000000014,12053.600000000002,0.028079016932802743,3,0,3,2
712034.2,805689.6,697810.6,21947.2,22623.0,22657.4,3,3,3,2,2,2,93655.40000000002,-107879.0,675.7999999999993,34.400000000001455,738511.4666666667,22409.2,107879.0,710.2000000000007,0.03246922235170639,3,0,3,2
805689.6,697810.6,760013.6,22623.0,22657.4,27676.0,3,3,3,2,2,2,-107879.0,62203.0,34.400000000001455,5018.5999999999985,754504.6,24318.8,107879.0,5053.0,0.036415089920641,3,0,3,2
697810.6,760013.6,651900.6,22657.4,27676.0,23981.6,3,3,3,2,2,2,62203.0,-108113.0,5018.5999999999985,-3694.4000000000015,703241.6,24771.666666666668,108113.0,5018.5999999999985,0.036787147017279906,3,0,3,2
760013.6,651900.6,646536.6,27676.0,23981.6,24499.0,3,3,3,2,2,2,-108113.0,-5364.0,-3694.4000000000015,517.4000000000015,686150.2666666666,25385.533333333336,113477.0,3694.4000000000015,0.03789261444346006,3,0,3,2
651900.6,646536.6,868386.8,23981.6,24499.0,31471.6,3,3,3,2,2,2,-5364.0,221850.20000000007,517.4000000000015,6972.5999999999985,722274.6666666666,26650.733333333334,221850.20000000007,7490.0,0.03624141195903489,3,0,3,2
646536.6,868386.8,944292.8,24499.0,31471.6,26738.8,3,3,3,2,2,2,221850.20000000007,75906.0,6972.5999999999985,-4732.799999999999,819738.7333333334,27569.8,297756.20000000007,6972.5999999999985,0.02831618718665737,3,0,3,2
868386.8,944292.8,1027685.4,31471.6,26738.8,26855.8,3,3,3,2,2,2,75906.0,83392.59999999998,-4732.799999999999,117.0,946788.3333333334,28355.399999999998,159298.59999999998,4732.799999999999,0.02613229094011558,3,0,3,2
944292.8,1027685.4,1180832.6,26738.8,26855.8,28212.6,3,3,3,2,2,2,83392.59999999998,153147.20000000007,117.0,1356.7999999999993,1050936.9333333333,27269.066666666666,236539.80000000005,1473.7999999999993,0.02389210469620783,3,0,3,2
1027685.4,1180832.6,1054815.4,26855.8,28212.6,36685.0,3,3,3,2,2,2,153147.20000000007,-126017.20000000019,1356.7999999999993,8472.400000000001,1087777.8,30584.466666666664,153147.20000000007,9829.2,0.03477856430749465,3,0,3,2
1180832.6,1054815.4,1063293.2,28212.6,36685.0,25240.0,3,3,3,2,2,2,-126017.20000000019,8477.800000000047,8472.400000000001,-11445.0,1099647.0666666667,30045.86666666667,126017.20000000019,11445.0,0.02373755071738377,3,0,3,2
1054815.4,1063293.2,1083866.0,36685.0,25240.0,33924.6,3,3,3,2,2,2,8477.800000000047,20572.800000000047,-11445.0,8684.599999999999,1067324.8666666665,31949.86666666667,29050.600000000093,11445.0,0.031299596721737995,3,0,3,2
1063293.2,1083866.0,948352.0,25240.0,33924.6,20007.4,3,3,3,2,2,2,20572.800000000047,-135514.0,8684.599999999999,-13917.199999999997,1031837.0666666668,26390.666666666668,135514.0,13917.199999999997,0.021096996582496183,3,0,3,2
1083866.0,948352.0,1081753.2,33924.6,20007.4,32915.4,3,3,3,2,2,2,-135514.0,133401.19999999995,-13917.199999999997,12908.0,1037990.4,28949.13333333333,135514.0,13917.199999999997,0.03042779958700415,3,0,3,2
948352.0,1081753.2,1108945.8,20007.4,32915.4,27262.4,3,3,3,2,2,2,133401.19999999995,27192.600000000093,12908.0,-5653.0,1046350.3333333334,26728.400000000005,160593.80000000005,12908.0,0.024584046773028247,3,0,3,2
1081753.2,1108945.8,1521701.0,32915.4,27262.4,33449.8,3,3,3,2,2,2,27192.600000000093,412755.19999999995,-5653.0,6187.4000000000015,1237466.6666666667,31209.2,439947.80000000005,6187.4000000000015,0.021981833499594535,3,0,3,2
1108945.8,1521701.0,1340132.0,27262.4,33449.8,47923.8,3,3,3,2,2,2,412755.19999999995,-181569.0,6187.4000000000015,14474.0,1323592.9333333333,36212.0,412755.19999999995,20661.4,0.03576048048962305,3,0,3,2
1521701.0,1340132.0,998998.4,33449.8,47923.8,27591.8,3,3,3,2,2,2,-181569.0,-341133.6,14474.0,-20332.000000000004,1286943.8,36321.8,522702.6,20332.000000000004,0.027619436007669272,3,0,3,2
1340132.0,998998.4,1086346.0,47923.8,27591.8,20615.4,3,3,3,2,2,2,-341133.6,87347.59999999998,-20332.000000000004,-6976.399999999998,1141825.4666666666,32043.666666666668,341133.6,27308.4,0.01897680943565914,3,0,3,2
998998.4,1086346.0,1394813.0,27591.8,20615.4,42410.2,3,3,3,2,2,2,87347.59999999998,308467.0,-6976.399999999998,21794.799999999996,1160052.4666666666,30205.8,395814.6,21794.799999999996,0.030405631145084575,5,14,3,2
1086346.0,1394813.0,1328957.0,20615.4,42410.2,24388.4,3,3,3,2,2,2,308467.0,-65856.0,21794.799999999996,-18021.799999999996,1270038.6666666667,29138.0,308467.0,21794.799999999996,0.018351520514568558,3,0,2,2
1394813.0,1328957.0,158202.4,42410.2,24388.4,31217.0,3,3,2,2,2,2,-65856.0,-1170754.6,-18021.799999999996,6828.5999999999985,960657.4666666667,32671.86666666667,1236610.6,18021.799999999996,0.19732192860583275,3,0,3,2
1328957.0,158202.4,825018.0,24388.4,31217.0,27379.8,3,2,3,2,2,2,-1170754.6,666815.6,6828.5999999999985,-3837.2000000000007,770725.7999999999,27661.733333333334,1170754.6,6828.5999999999985,0.033186872059916196,3,0,3,2
158202.4,825018.0,673390.8,31217.0,27379.8,25941.8,2,3,3,2,2,2,666815.6,-151627.19999999995,-3837.2000000000007,-1438.0,552203.7333333334,28179.533333333336,666815.6,5275.200000000001,0.03852408063181048,3,0,3,2
825018.0,673390.8,743646.2,27379.8,25941.8,28587.2,3,3,3,2,2,2,-151627.19999999995,70255.3999999999,-1438.0,2645.4000000000015,747351.6666666666,27302.933333333334,151627.19999999995,2645.4000000000015,0.03844188480774217,3,0,3,2
673390.8,743646.2,884139.8,25941.8,28587.2,30521.6,3,3,3,2,2,2,70255.3999999999,140493.6000000001,2645.4000000000015,1934.3999999999978,767058.9333333332,28350.2,210749.0,4579.799999999999,0.03452119843355266,3,0,3,2
743646.2,884139.8,827083.6,28587.2,30521.6,30429.8,3,3,3,2,2,2,140493.6000000001,-57056.20000000007,1934.3999999999978,-91.79999999999927,818289.8666666667,29846.2,140493.6000000001,1934.3999999999978,0.03679164138710841,3,0,3,2
884139.8,827083.6,763022.4,30521.6,30429.8,27517.8,3,3,3,2,2,2,-57056.20000000007,-64061.19999999995,-91.79999999999927,-2912.0,824748.6,29489.733333333334,121117.40000000002,3003.7999999999993,0.036064162645601694,5,14,3,2
827083.6,763022.4,867589.4,30429.8,27517.8,35175.4,3,3,3,2,2,2,-64061.19999999995,104567.0,-2912.0,7657.600000000002,819231.7999999999,31041.0,104567.0,7657.600000000002,0.04054378656103157,3,0,3,2
763022.4,867589.4,959012.6,27517.8,35175.4,32598.6,3,3,3,2,2,2,104567.0,91423.19999999995,7657.600000000002,-2576.800000000003,863208.1333333333,31763.93333333333,195990.19999999995,7657.600000000002,0.03399180157611946,3,0,3,2
867589.4,959012.6,1002510.6,35175.4,32598.6,33479.6,3,3,3,2,2,2,91423.19999999995,43498.0,-2576.800000000003,881.0,943037.5333333333,33751.200000000004,134921.19999999995,2576.800000000003,0.03339572330135631,3,0,3,2
959012.6,1002510.6,434531.8,32598.6,33479.6,24035.4,3,3,3,2,2,2,43498.0,-567978.8,881.0,-9444.199999999997,798685.0,30037.86666666667,567978.8,9444.199999999997,0.055313200752624435,3,0,3,2
1002510.6,434531.8,1073672.6,33479.6,24035.4,34701.6,3,3,3,2,2,2,-567978.8,639140.8,-9444.199999999997,10666.199999999997,836905.0,30738.86666666667,639140.8,10666.199999999997,0.03232043704902495,3,0,3,2
434531.8,1073672.6,773634.0,24035.4,34701.6,28991.0,3,3,3,2,2,2,639140.8,-300038.6000000001,10666.199999999997,-5710.5999999999985,760612.8000000002,29242.666666666668,639140.8,10666.199999999997,0.03747374407827981,3,0,3,2
1073672.6,773634.0,924088.8,34701.6,28991.0,32902.0,3,3,3,2,2,2,-300038.6000000001,150454.80000000005,-5710.5999999999985,3911.0,923798.4666666668,32198.2,300038.6000000001,5710.5999999999985,0.035604764818310944,3,0,3,2
773634.0,924088.8,1152824.4,28991.0,32902.0,43071.0,3,3,3,2,2,2,150454.80000000005,228735.59999999986,3911.0,10169.0,950182.4,34988.0,379190.3999999999,14080.0,0.037361251755903366,3,0,3,2
924088.8,1152824.4,1244826.0,32902.0,43071.0,42391.2,3,3,3,2,2,2,228735.59999999986,92001.6000000001,10169.0,-679.8000000000029,1107246.4000000001,39454.73333333333,320737.19999999995,10169.0,0.034053888612634524,3,0,3,2
1152824.4,1244826.0,1144204.0,43071.0,42391.2,41476.6,3,3,3,2,2,2,92001.6000000001,-100622.0,-679.8000000000029,-914.5999999999985,1180618.1333333333,42312.93333333333,100622.0,1594.4000000000015,0.036249273513050545,3,0,3,2
1244826.0,1144204.0,951791.6,42391.2,41476.6,33339.2,3,3,3,2,2,2,-100622.0,-192412.40000000002,-914.5999999999985,-8137.4000000000015,1113607.2,39068.99999999999,293034.4,9052.0,0.0350277991234645,3,0,3,2
1144204.0,951791.6,555501.8,41476.6,33339.2,23204.0,3,3,3,2,2,2,-192412.40000000002,-396289.79999999993,-8137.4000000000015,-10135.199999999997,883832.4666666668,32673.266666666663,588702.2,18272.6,0.04177116658997938,5,14,3,2
951791.6,555501.8,675651.6,33339.2,23204.0,23066.6,3,3,3,2,2,2,-396289.79999999993,120149.79999999993,-10135.199999999997,-137.40000000000146,727648.3333333334,26536.599999999995,396289.79999999993,10272.599999999999,0.034139733940193526,3,0,3,2
555501.8,675651.6,520882.2,23204.0,23066.6,35864.2,3,3,3,2,2,2,120149.79999999993,-154769.39999999997,-137.40000000000146,12797.599999999999,584011.8666666666,27378.266666666663,154769.39999999997,12797.599999999999,0.06885267176979407,3,0,3,2
675651.6,520882.2,678779.4,23066.6,35864.2,25812.6,3,3,3,2,2,2,-154769.39999999997,157897.2,12797.599999999999,-10051.599999999999,625104.4,28247.8,157897.2,12797.599999999999,0.03802791005750902,3,0,3,2
520882.2,678779.4,659341.0,35864.2,25812.6,24372.0,3,3,3,2,2,2,157897.2,-19438.400000000023,-10051.599999999999,-1440.5999999999985,619667.5333333333,28682.93333333333,157897.2,11492.199999999997,0.036964124839612825,3,0,3,2
678779.4,659341.0,656529.2,25812.6,24372.0,28218.0,3,3,3,2,2,2,-19438.400000000023,-2811.8000000000466,-1440.5999999999985,3846.0,664883.2,26134.2,22250.20000000007,3846.0,0.04298050569493986,3,0,3,2
659341.0,656529.2,515661.2,24372.0,28218.0,18648.2,3,3,3,2,2,2,-2811.8000000000466,-140867.99999999994,3846.0,-9569.8,610510.4666666667,23746.066666666666,143679.8,9569.8,0.03616359702146095,3,0,3,2
656529.2,515661.2,579333.4,28218.0,18648.2,27208.6,3,3,3,2,2,2,-140867.99999999994,63672.20000000001,-9569.8,8560.399999999998,583841.2666666666,24691.599999999995,140867.99999999994,9569.8,0.04696527601330078,3,0,3,2
515661.2,579333.4,990338.4,18648.2,27208.6,35378.6,3,3,3,2,2,2,63672.20000000001,411005.0,8560.399999999998,8170.0,695111.0,27078.466666666664,474677.2,16730.399999999998,0.035723712496948015,3,0,3,2
579333.4,990338.4,748553.6,27208.6,35378.6,23623.4,3,3,3,2,2,2,411005.0,-241784.80000000005,8170.0,-11755.199999999997,772741.7999999999,28736.86666666667,411005.0,11755.199999999997,0.0315586865674194,3,0,3,2
990338.4,748553.6,980747.6,35378.6,23623.4,31872.0,3,3,3,2,2,2,-241784.80000000005,232194.0,-11755.199999999997,8248.599999999999,906546.5333333333,30291.333333333332,241784.80000000005,11755.199999999997,0.032497624773565825,3,0,3,2
748553.6,980747.6,977207.2,23623.4,31872.0,25503.0,3,3,3,2,2,2,232194.0,-3540.4000000000233,8248.599999999999,-6369.0,902169.4666666667,26999.466666666664,232194.0,8248.599999999999,0.026097816207436658,3,0,3,2
980747.6,977207.2,1183610.8,31872.0,25503.0,37732.0,3,3,3,2,2,2,-3540.4000000000233,206403.6000000001,-6369.0,12229.0,1047188.5333333332,31702.333333333332,206403.6000000001,12229.0,0.03187869536278702,3,0,3,2
977207.2,1183610.8,1330491.2,25503.0,37732.0,34311.6,3,3,3,2,2,2,206403.6000000001,146880.3999999999,12229.0,-3420.4000000000015,1163769.7333333334,32515.533333333336,353284.0,12229.0,0.02578865174857846,3,0,3,2
1183610.8,1330491.2,797395.8,37732.0,34311.6,34248.4,3,3,3,2,2,2,146880.3999999999,-533095.3999999999,-3420.4000000000015,-63.19999999999709,1103832.5999999999,35430.666666666664,533095.3999999999,3483.5999999999985,0.04295026014651677,3,0,3,2
1330491.2,797395.8,863519.2,34311.6,34248.4,41165.4,3,3,3,2,2,2,-533095.3999999999,66123.3999999999,-63.19999999999709,6917.0,997135.4,36575.13333333333,533095.3999999999,6917.0,0.047671612082728354,3,0,3,2
797395.8,863519.2,1180970.8,34248.4,41165.4,39710.6,3,3,3,2,2,2,66123.3999999999,317451.6000000001,6917.0,-1454.800000000003,947295.2666666666,38374.799999999996,383575.0,6917.0,0.03362535837011518,3,0,3,2
863519.2,1180970.8,638081.2,41165.4,39710.6,28770.2,3,3,3,2,2,2,317451.6000000001,-542889.6000000001,-1454.800000000003,-10940.399999999998,894190.4,36548.73333333333,542889.6000000001,12395.2,0.04508854815257345,3,0,3,2
1180970.8,638081.2,803073.2,39710.6,28770.2,30568.4,3,3,3,2,2,2,-542889.6000000001,164992.0,-10940.399999999998,1798.2000000000007,874041.7333333334,33016.4,542889.6000000001,10940.399999999998,0.03806422868521987,3,0,3,2
638081.2,803073.2,638480.8,28770.2,30568.4,29405.6,3,3,3,2,2,2,164992.0,-164592.3999999999,1798.2000000000007,-1162.800000000003,693211.7333333333,29581.400000000005,164992.0,1798.2000000000007,0.046055502286831036,3,0,3,2
803073.2,638480.8,847167.4,30568.4,29405.6,34732.8,3,3,3,2,2,2,-164592.3999999999,208686.59999999998,-1162.800000000003,5327.200000000004,762907.1333333333,31568.933333333334,208686.59999999998,5327.200000000004,0.04099869636308437,3,0,3,2
638480.8,847167.4,1113215.0,29405.6,34732.8,42379.8,3,3,3,2,2,2,208686.59999999998,266047.6,5327.200000000004,7647.0,866287.7333333334,35506.06666666667,474734.19999999995,12974.200000000004,0.03806970075888238,3,0,3,2
847167.4,1113215.0,1501472.4,34732.8,42379.8,44129.8,3,3,3,2,2,2,266047.6,388257.3999999999,7647.0,1750.0,1153951.5999999999,40414.13333333334,654304.9999999999,9397.0,0.029390996870141028,3,0,3,2
1113215.0,1501472.4,1422997.4,42379.8,44129.8,42935.2,3,3,3,2,2,2,388257.3999999999,-78475.0,1750.0,-1194.6000000000058,1345894.9333333333,43148.26666666667,388257.3999999999,1750.0,0.030172345942202042,3,0,3,2
1501472.4,1422997.4,1378874.8,44129.8,42935.2,34257.4,3,3,3,2,2,2,-78475.0,-44122.59999999986,-1194.6000000000058,-8677.799999999996,1434448.2,40440.799999999996,122597.59999999986,9872.400000000001,0.024844442117266833,3,0,3,2
1422997.4,1378874.8,1059858.8,42935.2,34257.4,20785.2,3,3,3,2,2,2,-44122.59999999986,-319016.0,-8677.799999999996,-13472.2,1287243.6666666667,32659.266666666666,363138.59999999986,22149.999999999996,0.019611273113670318,3,0,3,2
1378874.8,1059858.8,1195718.6,34257.4,20785.2,36086.8,3,3,3,2,2,2,-319016.0,135859.80000000005,-13472.2,15301.600000000002,1211484.0666666667,30376.46666666667,319016.0,15301.600000000002,0.03017998534104484,3,0,3,2
1059858.8,1195718.6,1382451.2,20785.2,36086.8,50955.6,3,3,3,2,2,2,135859.80000000005,186732.59999999986,15301.600000000002,14868.799999999996,1212676.2000000002,35942.53333333333,322592.3999999999,30170.399999999998,0.036858851249974504,3,0,3,2
1195718.6,1382451.2,1434086.0,36086.8,50955.6,43301.0,3,3,3,2,2,2,186732.59999999986,51634.80000000005,14868.799999999996,-7654.5999999999985,1337418.5999999999,43447.799999999996,238367.3999999999,14868.799999999996,0.030194123508545855,5,14,3,2
1382451.2,1434086.0,1434367.2,50955.6,43301.0,43138.6,3,3,3,2,2,2,51634.80000000005,281.19999999995343,-7654.5999999999985,-162.40000000000146,1416968.1333333335,45798.4,51916.0,7817.0,0.030074983536305392,5,14,3,2
1434086.0,1434367.2,1327097.2,43301.0,43138.6,42418.4,3,3,3,2,2,2,281.19999999995343,-107270.0,-162.40000000000146,-720.1999999999971,1398516.8,42952.666666666664,107270.0,882.5999999999985,0.031963271444419114,3,0,3,2
1434367.2,1327097.2,1610317.4,43138.6,42418.4,44152.8,3,3,3,2,2,2,-107270.0,283220.19999999995,-720.1999999999971,1734.4000000000015,1457260.5999999999,43236.6,283220.19999999995,1734.4000000000015,0.0274186769523344,3,0,3,2
1327097.2,1610317.4,1450071.0,42418.4,44152.8,37694.4,3,3,3,2,2,2,283220.19999999995,-160246.3999999999,1734.4000000000015,-6458.4000000000015,1462495.2,41421.86666666667,283220.19999999995,6458.4000000000015,0.02599484715241726,3,0,3,2
1610317.4,1450071.0,1163640.6,44152.8,37694.4,28468.8,3,3,3,2,2,2,-160246.3999999999,-286430.3999999999,-6458.4000000000015,-9225.600000000002,1408009.6666666667,36772.00000000001,446676.7999999998,15684.000000000004,0.024465264906307918,3,0,3,2
1450071.0,1163640.6,1183457.6,37694.4,28468.8,24877.4,3,3,3,2,2,2,-286430.3999999999,19817.0,-9225.600000000002,-3591.399999999998,1265723.0666666667,30346.86666666667,286430.3999999999,12817.0,0.02102092967172658,3,0,3,2
1163640.6,1183457.6,1118991.8,28468.8,24877.4,29258.2,3,3,3,2,2,2,19817.0,-64465.80000000005,-3591.399999999998,4380.799999999999,1155363.3333333333,27534.8,64465.80000000005,4380.799999999999,0.02614690639653803,3,0,3,2
1183457.6,1118991.8,655108.4,24877.4,29258.2,41811.8,3,3,3,2,2,2,-64465.80000000005,-463883.4,4380.799999999999,12553.600000000002,985852.6000000001,31982.46666666667,528349.2000000001,16934.4,0.06382414906578962,3,0,3,2
1118991.8,655108.4,1043432.2,29258.2,41811.8,25168.8,3,3,3,2,2,2,-463883.4,388323.79999999993,12553.600000000002,-16643.000000000004,939177.4666666668,32079.600000000002,463883.4,16643.000000000004,0.024121141631299445,3,0,3,2
655108.4,1043432.2,994994.2,41811.8,25168.8,32397.2,3,3,3,2,2,2,388323.79999999993,-48438.0,-16643.000000000004,7228.4000000000015,897844.9333333332,33125.933333333334,388323.79999999993,16643.000000000004,0.03256015707412458,3,0,3,2
1043432.2,994994.2,1335004.2,25168.8,32397.2,34084.4,3,3,3,2,2,2,-48438.0,340010.0,7228.4000000000015,1687.2000000000007,1124476.8666666665,30550.13333333333,340010.0,8915.600000000002,0.02553128632008325,3,0,3,2
994994.2,1335004.2,950979.0,32397.2,34084.4,26242.4,3,3,3,2,2,2,340010.0,-384025.19999999995,1687.2000000000007,-7842.0,1093659.1333333333,30908.0,384025.19999999995,7842.0,0.027595112410355636,3,0,3,2
1335004.2,950979.0,766700.8,34084.4,26242.4,26891.4,3,3,3,2,2,2,-384025.19999999995,-184278.19999999995,-7842.0,649.0,1017561.3333333334,29072.733333333337,568303.3999999999,7842.0,0.03507413182022007,3,0,3,2
950979.0,766700.8,1172927.4,26242.4,26891.4,29788.6,3,3,3,2,2,2,-184278.19999999995,406226.59999999986,649.0,2897.199999999997,963535.7333333334,27640.8,406226.59999999986,3546.199999999997,0.025396776137401055,3,0,3,2
766700.8,1172927.4,762643.8,26891.4,29788.6,23246.0,3,3,3,2,2,2,406226.59999999986,-410283.59999999986,2897.199999999997,-6542.5999999999985,900757.3333333334,26642.0,410283.59999999986,6542.5999999999985,0.03048076902904209,5,14,3,2
1172927.4,762643.8,542696.8,29788.6,23246.0,36122.2,3,3,3,2,2,2,-410283.59999999986,-219947.0,-6542.5999999999985,12876.199999999997,826089.3333333334,29718.93333333333,630230.5999999999,12876.199999999997,0.06656043197521713,5,14,3,2
762643.8,542696.8,745658.2,23246.0,36122.2,23137.2,3,3,3,2,2,2,-219947.0,202961.3999999999,12876.199999999997,-12984.999999999996,683666.2666666667,27501.8,219947.0,12984.999999999996,0.031029188669569156,3,0,3,2
542696.8,745658.2,839217.0,36122.2,23137.2,21188.6,3,3,3,2,2,2,202961.3999999999,93558.80000000005,-12984.999999999996,-1948.6000000000022,709190.6666666666,26816.0,296520.19999999995,14933.599999999999,0.025248028521790523,3,0,3,2
745658.2,839217.0,724803.8,23137.2,21188.6,25926.2,3,3,3,2,2,2,93558.80000000005,-114413.19999999995,-1948.6000000000022,4737.600000000002,769893.0,23417.333333333332,114413.19999999995,4737.600000000002,0.03576990660106004,3,0,3,2
839217.0,724803.8,841023.0,21188.6,25926.2,33522.4,3,3,3,2,2,2,-114413.19999999995,116219.19999999995,4737.600000000002,7596.200000000001,801681.2666666666,26879.06666666667,116219.19999999995,12333.800000000003,0.039859028993227304,3,0,3,2
724803.8,841023.0,796525.4,25926.2,33522.4,34681.4,3,3,3,2,2,2,116219.19999999995,-44497.59999999998,7596.200000000001,1159.0,787450.7333333334,31376.666666666668,116219.19999999995,8755.2,0.04354080417171358,5,14,3,2
841023.0,796525.4,809994.6,33522.4,34681.4,35022.8,3,3,3,2,2,2,-44497.59999999998,13469.199999999953,1159.0,341.40000000000146,815847.6666666666,34408.86666666667,44497.59999999998,1500.4000000000015,0.043238259565854434,3,0,3,2
796525.4,809994.6,1325300.2,34681.4,35022.8,37152.4,3,3,3,2,2,2,13469.199999999953,515305.6,341.40000000000146,2129.5999999999985,977273.4,35618.86666666667,528774.7999999999,2471.0,0.028033174647393366,3,0,3,2
809994.6,1325300.2,960716.4,35022.8,37152.4,26595.6,3,3,3,2,2,2,515305.6,-364583.79999999993,2129.5999999999985,-10556.800000000003,1032003.7333333333,32923.600000000006,515305.6,10556.800000000003,0.027683062677952952,3,0,3,2
1325300.2,960716.4,397389.4,37152.4,26595.6,14501.6,3,3,3,2,2,2,-364583.79999999993,-563327.0,-10556.800000000003,-12093.999999999998,894468.6666666666,26083.2,927910.7999999999,22650.800000000003,0.03649207429268548,5,14,3,2
960716.4,397389.4,931014.6,26595.6,14501.6,18993.0,3,3,3,2,2,2,-563327.0,533625.2,-12093.999999999998,4491.4,763040.1333333333,20030.066666666666,563327.0,12093.999999999998,0.020400302637249044,3,0,3,2
397389.4,931014.6,1295104.6,14501.6,18993.0,18872.0,3,3,3,2,2,2,533625.2,364090.0000000001,4491.4,-121.0,874502.8666666667,17455.533333333333,897715.2000000001,4491.4,0.014571784725508097,3,0,3,2
931014.6,1295104.6,798100.2,18993.0,18872.0,40949.6,3,3,3,2,2,2,364090.0000000001,-497004.40000000014,-121.0,22077.6,1008073.1333333334,26271.533333333336,497004.40000000014,22077.6,0.05130878139263542,3,0,3,2
1295104.6,798100.2,1143498.6,18872.0,40949.6,31173.2,3,3,3,2,2,2,-497004.40000000014,345398.40000000014,22077.6,-9776.399999999998,1078901.1333333335,30331.600000000002,497004.40000000014,22077.6,0.027261225102308734,3,0,3,2
798100.2,1143498.6,1307555.6,40949.6,31173.2,37802.2,3,3,3,2,2,2,345398.40000000014,164057.0,-9776.399999999998,6628.999999999996,1083051.4666666668,36641.666666666664,509455.40000000014,9776.399999999998,0.02891056494227477,3,0,3,2
1143498.6,1307555.6,1004318.8,31173.2,37802.2,26129.6,3,3,3,2,2,2,164057.0,-303236.80000000005,6628.999999999996,-11672.599999999999,1151791.0,31701.666666666668,303236.80000000005,11672.599999999999,0.026017210852559113,3,0,3,2
1307555.6,1004318.8,856949.4,37802.2,26129.6,20793.4,3,3,3,2,2,2,-303236.80000000005,-147369.40000000002,-11672.599999999999,-5336.199999999997,1056274.6,28241.733333333334,450606.20000000007,17008.799999999996,0.024264414836611316,5,14,2,2
1004318.8,856949.4,295632.2,26129.6,20793.4,25540.6,3,3,2,2,2,2,-147369.40000000002,-561317.2,-5336.199999999997,4747.199999999997,718966.8000000002,24154.533333333336,708686.6000000001,5336.199999999997,0.08639286791875878,3,0,3,2
856949.4,295632.2,632260.8,20793.4,25540.6,18558.8,3,2,3,2,2,2,-561317.2,336628.60000000003,4747.199999999997,-6981.799999999999,594947.4666666667,21630.933333333334,561317.2,6981.799999999999,0.029353030659135183,3,0,3,2
295632.2,632260.8,651145.8,25540.6,18558.8,18208.4,2,3,3,2,2,2,336628.60000000003,18885.0,-6981.799999999999,-350.3999999999978,526346.2666666667,20769.266666666666,355513.60000000003,7332.199999999997,0.027963586705793533,3,0,3,2
632260.8,651145.8,663255.2,18558.8,18208.4,21614.2,3,3,3,2,2,2,18885.0,12109.399999999907,-350.3999999999978,3405.7999999999993,648887.2666666667,19460.466666666664,30994.399999999907,3405.7999999999993,0.03258801048523934,3,0,2,2
651145.8,663255.2,276745.4,18208.4,21614.2,22250.8,3,3,2,2,2,2,12109.399999999907,-386509.79999999993,3405.7999999999993,636.5999999999985,530382.1333333333,20691.133333333335,386509.79999999993,4042.399999999998,0.08040140720891038,3,0,3,2
663255.2,276745.4,664580.8,21614.2,22250.8,24223.4,3,2,3,2,2,2,-386509.79999999993,387835.4,636.5999999999985,1972.6000000000022,534860.4666666667,22696.13333333333,387835.4,2609.2000000000007,0.03644908723049593,3,0,3,2
276745.4,664580.8,557694.0,22250.8,24223.4,22578.4,2,3,3,2,2,2,387835.4,-106886.80000000005,1972.6000000000022,-1645.0,499673.4000000001,23017.533333333336,387835.4,1972.6000000000022,0.04048521145070334,3,0,3,2
664580.8,557694.0,900019.8,24223.4,22578.4,28149.6,3,3,3,2,2,2,-106886.80000000005,342325.80000000005,-1645.0,5571.199999999997,707431.5333333333,24983.8,342325.80000000005,5571.199999999997,0.03127661049611297,3,0,3,2
557694.0,900019.8,935997.0,22578.4,28149.6,26861.2,3,3,3,2,2,2,342325.80000000005,35977.19999999995,5571.199999999997,-1288.3999999999978,797903.6,25863.066666666666,378303.0,5571.199999999997,0.02869792456821489,3,0,3,2
900019.8,935997.0,786863.8,28149.6,26861.2,20650.6,3,3,3,2,2,2,35977.19999999995,-149133.19999999995,-1288.3999999999978,-6210.600000000002,874293.5333333333,25220.466666666664,149133.19999999995,7499.0,0.026244152743902127,3,0,3,2
935997.0,786863.8,690270.4,26861.2,20650.6,23997.6,3,3,3,2,2,2,-149133.19999999995,-96593.40000000002,-6210.600000000002,3347.0,804377.0666666668,23836.466666666664,245726.59999999998,6210.600000000002,0.03476545602208059,3,0,3,2
786863.8,690270.4,925146.8,20650.6,23997.6,22907.2,3,3,3,2,2,2,-96593.40000000002,234876.40000000002,3347.0,-1090.3999999999978,800760.3333333334,22518.466666666664,234876.40000000002,3347.0,0.024760584200708254,3,0,3,2
690270.4,925146.8,786860.8,23997.6,22907.2,29623.4,3,3,3,2,2,2,234876.40000000002,-138286.0,-1090.3999999999978,6716.200000000001,800759.3333333334,25509.400000000005,234876.40000000002,6716.200000000001,0.037647525906073974,3,0,3,2
925146.8,786860.8,548697.6,22907.2,29623.4,19453.2,3,3,3,2,2,2,-138286.0,-238163.20000000007,6716.200000000001,-10170.2,753568.4,23994.600000000002,376449.20000000007,10170.2,0.03545334360248049,3,0,2,2
786860.8,548697.6,240532.6,29623.4,19453.2,13646.4,3,3,2,2,2,2,-238163.20000000007,-308165.0,-10170.2,-5806.800000000001,525363.6666666666,20907.666666666668,546328.2000000001,15977.000000000002,0.056733861714122265,3,0,3,2
548697.6,240532.6,506234.8,19453.2,13646.4,13178.8,3,2,3,2,2,2,-308165.0,265702.19999999995,-5806.800000000001,-467.60000000000036,431821.6666666667,15426.133333333331,308165.0,6274.4000000000015,0.02603292773841755,3,0,3,2
240532.6,506234.8,640299.0,13646.4,13178.8,21995.4,2,3,3,2,2,2,265702.19999999995,134064.2,-467.60000000000036,8816.600000000002,462355.4666666666,16273.533333333333,399766.4,8816.600000000002,0.03435171013587381,3,0,3,2
506234.8,640299.0,663737.8,13178.8,21995.4,25224.8,3,3,3,2,2,2,134064.2,23438.800000000047,8816.600000000002,3229.399999999998,603423.8666666667,20133.0,157503.00000000006,12046.0,0.038004106434639646,3,0,3,2
640299.0,663737.8,565860.0,21995.4,25224.8,25526.2,3,3,3,2,2,2,23438.800000000047,-97877.80000000005,3229.399999999998,301.40000000000146,623298.9333333333,24248.8,97877.80000000005,3530.7999999999993,0.0451103716283681,3,0,3,2
663737.8,565860.0,570212.4,25224.8,25526.2,21120.4,3,3,3,2,2,2,-97877.80000000005,4352.400000000023,301.40000000000146,-4405.799999999999,599936.7333333334,23957.13333333333,97877.80000000005,4405.799999999999,0.03703946627701138,3,0,3,2
565860.0,570212.4,822162.6,25526.2,21120.4,25482.0,3,3,3,2,2,2,4352.400000000023,251950.19999999995,-4405.799999999999,4361.5999999999985,652745.0,24042.86666666667,256302.59999999998,4405.799999999999,0.03099383139803319,3,0,3,2
570212.4,822162.6,676721.2,21120.4,25482.0,17365.8,3,3,3,2,2,2,251950.19999999995,-145441.40000000002,4361.5999999999985,-8116.200000000001,689698.7333333333,21322.733333333334,251950.19999999995,8116.200000000001,0.025661637818295308,3,0,3,2
822162.6,676721.2,1106314.4,25482.0,17365.8,28459.8,3,3,3,2,2,2,-145441.40000000002,429593.19999999995,-8116.200000000001,11094.0,868399.3999999999,23769.2,429593.19999999995,11094.0,0.025724852062983125,5,14,3,2
676721.2,1106314.4,1086641.6,17365.8,28459.8,35645.0,3,3,3,2,2,2,429593.19999999995,-19672.799999999814,11094.0,7185.200000000001,956559.0666666668,27156.86666666667,429593.19999999995,18279.2,0.032802873732356894,3,0,3,2
1106314.4,1086641.6,780750.0,28459.8,35645.0,33194.0,3,3,3,2,2,2,-19672.799999999814,-305891.6000000001,7185.200000000001,-2451.0,991235.3333333334,32432.933333333334,325564.3999999999,7185.200000000001,0.042515475484501464,3,0,3,2
1086641.6,780750.0,1167881.6,35645.0,33194.0,36913.8,3,3,3,2,2,2,-305891.6000000001,387131.6000000001,-2451.0,3719.800000000003,1011757.7333333334,35250.933333333334,387131.6000000001,3719.800000000003,0.031607457804406026,3,0,3,2
780750.0,1167881.6,907025.6,33194.0,36913.8,31312.6,3,3,3,2,2,2,387131.6000000001,-260856.00000000012,3719.800000000003,-5601.200000000004,951885.7333333334,33806.799999999996,387131.6000000001,5601.200000000004,0.03452225105636373,3,0,3,2
1167881.6,907025.6,1207236.8,36913.8,31312.6,40322.4,3,3,3,2,2,2,-260856.00000000012,300211.20000000007,-5601.200000000004,9009.800000000003,1094048.0,36182.93333333333,300211.20000000007,9009.800000000003,0.0334005446151537,3,0,3,2
907025.6,1207236.8,715375.6,31312.6,40322.4,22810.6,3,3,3,2,2,2,300211.20000000007,-491861.20000000007,9009.800000000003,-17511.800000000003,943212.6666666666,31481.86666666667,491861.20000000007,17511.800000000003,0.031886142208173984,3,0,3,2
1207236.8,715375.6,588986.2,40322.4,22810.6,15979.8,3,3,3,2,2,2,-491861.20000000007,-126389.40000000002,-17511.800000000003,-6830.799999999999,837199.5333333332,26370.933333333334,618250.6000000001,24342.600000000002,0.027130980096002087,3,0,3,2
715375.6,588986.2,982071.2,22810.6,15979.8,25023.4,3,3,3,2,2,2,-126389.40000000002,393085.0,-6830.799999999999,9043.600000000002,762144.3333333334,21271.266666666666,393085.0,9043.600000000002,0.02548020400129441,3,0,3,2
588986.2,982071.2,752695.8,15979.8,25023.4,18574.2,3,3,3,2,2,2,393085.0,-229375.3999999999,9043.600000000002,-6449.200000000001,774584.4,19859.13333333333,393085.0,9043.600000000002,0.02467686856115238,3,0,3,2
982071.2,752695.8,739954.8,25023.4,18574.2,21887.2,3,3,3,2,2,2,-229375.3999999999,-12741.0,-6449.200000000001,3313.0,824907.2666666666,21828.266666666666,242116.3999999999,6449.200000000001,0.02957906404679847,3,0,3,2
752695.8,739954.8,649781.2,18574.2,21887.2,29217.0,3,3,3,2,2,2,-12741.0,-90173.6000000001,3313.0,7329.799999999999,714143.9333333332,23226.13333333333,102914.6000000001,10642.8,0.04496429726760752,3,0,3,2
739954.8,649781.2,825800.2,21887.2,29217.0,27391.2,3,3,3,2,2,2,-90173.6000000001,176019.0,7329.799999999999,-1825.7999999999993,738512.0666666668,26165.13333333333,176019.0,7329.799999999999,0.033169242185649525,3,0,3,2
649781.2,825800.2,643620.8,29217.0,27391.2,20361.0,3,3,3,2,2,2,176019.0,-182179.3999999999,-1825.7999999999993,-7030.200000000001,706400.7333333334,25656.399999999998,182179.3999999999,8856.0,0.0316350378436529,3,0,3,2
825800.2,643620.8,425463.8,27391.2,20361.0,19498.2,3,3,3,2,2,2,-182179.3999999999,-218157.00000000006,-7030.200000000001,-862.7999999999993,631628.2666666667,22416.8,400336.39999999997,7893.0,0.045827997991843276,3,0,3,2
643620.8,425463.8,774539.0,20361.0,19498.2,31250.6,3,3,3,2,2,2,-218157.00000000006,349075.2,-862.7999999999993,11752.399999999998,614541.2000000001,23703.266666666663,349075.2,11752.399999999998,0.04034730291527874,3,0,3,2
425463.8,774539.0,777105.0,19498.2,31250.6,23082.6,3,3,3,2,2,2,349075.2,2566.0,11752.399999999998,-8168.0,659035.9333333333,24610.466666666664,351641.2,11752.399999999998,0.02970328372191181,3,0,3,2
774539.0,777105.0,1038771.0,31250.6,23082.6,34278.0,3,3,3,2,2,2,2566.0,261666.0,-8168.0,11195.400000000001,863471.6666666666,29537.066666666666,264232.0,11195.400000000001,0.03299857909146569,3,0,3,2
777105.0,1038771.0,992154.8,23082.6,34278.0,38345.2,3,3,3,2,2,2,261666.0,-46616.19999999995,11195.400000000001,4067.199999999997,936010.2666666666,31901.93333333333,261666.0,15262.599999999999,0.038648365508723526,3,0,3,2
1038771.0,992154.8,725167.2,34278.0,38345.2,27011.0,3,3,3,2,2,2,-46616.19999999995,-266987.6000000001,4067.199999999997,-11334.199999999997,918697.6666666666,33211.4,313603.80000000005,11334.199999999997,0.037247910208969455,3,0,3,2
992154.8,725167.2,643874.0,38345.2,27011.0,28591.8,3,3,3,2,2,2,-266987.6000000001,-81293.19999999995,-11334.199999999997,1580.7999999999993,787065.3333333334,31316.0,348280.80000000005,11334.199999999997,0.04440582411182294,3,0,3,2
725167.2,643874.0,984437.6,27011.0,28591.8,32097.6,3,3,3,2,2,2,-81293.19999999995,340563.6,1580.7999999999993,3505.7999999999993,784492.9333333332,29233.466666666664,340563.6,5086.5999999999985,0.032604979122110814,3,0,3,2
643874.0,984437.6,1440214.6,28591.8,32097.6,47325.4,3,3,3,2,2,2,340563.6,455777.0000000001,3505.7999999999993,15227.800000000003,1022842.0666666668,36004.93333333333,796340.6000000001,18733.600000000002,0.03285994124768542,3,0,3,2
984437.6,1440214.6,1087012.8,32097.6,47325.4,47253.6,3,3,3,2,2,2,455777.0000000001,-353201.80000000005,15227.800000000003,-71.80000000000291,1170555.0,42225.53333333333,455777.0000000001,15227.800000000003,0.043471021251064154,3,0,3,2
1440214.6,1087012.8,908881.6,47325.4,47253.6,45244.8,3,3,3,2,2,2,-353201.80000000005,-178131.20000000007,-71.80000000000291,-2008.7999999999956,1145369.6666666667,46607.93333333333,531333.0000000001,2080.5999999999985,0.04978068674656111,3,0,3,2
1087012.8,908881.6,817933.2,47253.6,45244.8,52029.2,3,3,3,2,2,2,-178131.20000000007,-90948.40000000002,-2008.7999999999956,6784.399999999994,937942.5333333332,48175.86666666666,269079.6000000001,6784.399999999994,0.06361049580760897,3,0,3,2
908881.6,817933.2,1065053.6,45244.8,52029.2,50457.4,3,3,3,2,2,2,-90948.40000000002,247120.40000000014,6784.399999999994,-1571.7999999999956,930622.7999999999,49243.799999999996,247120.40000000014,6784.399999999994,0.04737541155167068,3,0,3,2
817933.2,1065053.6,1078383.6,52029.2,50457.4,36605.8,3,3,3,2,2,2,247120.40000000014,13330.0,-1571.7999999999956,-13851.599999999999,987123.4666666668,46364.13333333334,260450.40000000014,15423.399999999994,0.0339450322269068,3,0,3,2
1065053.6,1078383.6,1044219.0,50457.4,36605.8,36951.2,3,3,3,2,2,2,13330.0,-34164.60000000009,-13851.599999999999,345.3999999999942,1062552.0666666667,41338.13333333334,34164.60000000009,13851.599999999999,0.03538641282488364,3,0,3,2
1078383.6,1044219.0,1456987.0,36605.8,36951.2,28228.8,3,3,3,2,2,2,-34164.60000000009,412768.0,345.3999999999942,-8722.399999999998,1193196.5333333334,33928.6,412768.0,8722.399999999998,0.019374764925998017,3,0,3,2
1044219.0,1456987.0,833867.6,36951.2,28228.8,31869.0,3,3,3,2,2,2,412768.0,-623119.4,-8722.399999999998,3640.2000000000007,1111691.2,32349.666666666668,623119.4,8722.399999999998,0.038218251652598505,3,0,3,2
1456987.0,833867.6,1049137.2,28228.8,31869.0,25955.4,3,3,3,2,2,2,-623119.4,215269.59999999998,3640.2000000000007,-5913.5999999999985,1113330.5999999999,28684.400000000005,623119.4,5913.5999999999985,0.024739734002631877,3,0,3,2
833867.6,1049137.2,868545.6,31869.0,25955.4,30970.2,3,3,3,2,2,2,215269.59999999998,-180591.59999999998,-5913.5999999999985,5014.799999999999,917183.4666666667,29598.2,215269.59999999998,5913.5999999999985,0.03565749955154968,3,0,3,2
1049137.2,868545.6,539265.0,25955.4,30970.2,24451.8,3,3,3,2,2,2,-180591.59999999998,-329280.6,5014.799999999999,-6518.4000000000015,818982.6,27125.800000000003,509872.19999999995,6518.4000000000015,0.04534274365526475,3,0,3,2
868545.6,539265.0,1100131.2,30970.2,24451.8,32570.4,3,3,3,2,2,2,-329280.6,560866.2,-6518.4000000000015,8118.600000000002,835980.6,29330.8,560866.2,8118.600000000002,0.029605896454989684,3,0,3,2
539265.0,1100131.2,1575417.8,24451.8,32570.4,43609.0,3,3,3,2,2,2,560866.2,475286.6000000001,8118.600000000002,11038.599999999999,1071604.6666666667,33543.73333333333,1036152.8,19157.2,0.02768089348686203,3,0,3,2
1100131.2,1575417.8,843860.0,32570.4,43609.0,28213.4,3,3,3,2,2,2,475286.6000000001,-731557.8,11038.599999999999,-15395.599999999999,1173136.3333333333,34797.6,731557.8,15395.599999999999,0.03343370531402684,3,0,3,2
1575417.8,843860.0,864782.4,43609.0,28213.4,28315.2,3,3,3,2,2,2,-731557.8,20922.400000000023,-15395.599999999999,101.79999999999927,1094686.7333333332,33379.2,731557.8,15395.599999999999,0.03274253414207535,3,0,3,2
843860.0,864782.4,557636.0,28213.4,28315.2,22204.2,3,3,3,2,2,2,20922.400000000023,-307146.4,101.79999999999927,-6111.0,755426.1333333333,26244.266666666666,307146.4,6111.0,0.039818376470714824,3,0,3,2
864782.4,557636.0,499149.2,28315.2,22204.2,23806.2,3,3,3,2,2,2,-307146.4,-58486.79999999999,-6111.0,1602.0,640522.5333333333,24775.2,365633.2,6111.0,0.04769345980428336,3,0,3,2
557636.0,499149.2,548121.4,22204.2,23806.2,22066.0,3,3,3,2,2,2,-58486.79999999999,48972.20000000001,1602.0,-1740.2000000000007,534968.8666666667,22692.13333333333,58486.79999999999,1740.2000000000007,0.04025743155178478,3,0,3,2
499149.2,548121.4,649430.8,23806.2,22066.0,21351.6,3,3,3,2,2,2,48972.20000000001,101309.40000000002,-1740.2000000000007,-714.4000000000015,565567.1333333334,22407.93333333333,150281.60000000003,2454.600000000002,0.03287735525115955,3,0,3,2
548121.4,649430.8,582010.6,22066.0,21351.6,26421.2,3,3,3,2,2,2,101309.40000000002,-67420.20000000007,-714.4000000000015,5069.600000000002,593187.6000000001,23279.600000000002,101309.40000000002,5069.600000000002,0.04539634605220927,3,0,3,2
649430.8,582010.6,1203637.0,21351.6,26421.2,47087.8,3,3,3,2,2,2,-67420.20000000007,621626.4,5069.600000000002,20666.600000000002,811692.7999999999,31620.2,621626.4,25736.200000000004,0.03912123080195208,3,0,3,2
582010.6,1203637.0,1199617.0,26421.2,47087.8,40866.6,3,3,3,2,2,2,621626.4,-4020.0,20666.600000000002,-6221.200000000004,995088.2000000001,38125.200000000004,621626.4,20666.600000000002,0.0340663444529842,3,0,3,2
1203637.0,1199617.0,1319033.6,47087.8,40866.6,43338.2,3,3,3,2,2,2,-4020.0,119416.6000000001,-6221.200000000004,2471.5999999999985,1240762.5333333334,43764.19999999999,119416.6000000001,6221.200000000004,0.032855999380152726,3,0,3,2
1199617.0,1319033.6,1351066.6,40866.6,43338.2,44360.2,3,3,3,2,2,2,119416.6000000001,32033.0,2471.5999999999985,1022.0,1289905.7333333334,42854.99999999999,151449.6000000001,3493.5999999999985,0.03283344223486671,3,0,3,2
1319033.6,1351066.6,1403647.2,43338.2,44360.2,41324.6,3,3,3,2,2,2,32033.0,52580.59999999986,1022.0,-3035.5999999999985,1357915.8,43007.666666666664,84613.59999999986,3035.5999999999985,0.02944085277208349,3,0,3,2
1351066.6,1403647.2,1006113.6,44360.2,41324.6,41132.4,3,3,3,2,2,2,52580.59999999986,-397533.6,-3035.5999999999985,-192.1999999999971,1253609.1333333333,42272.399999999994,397533.6,3227.7999999999956,0.04088242035251253,3,0,3,2
1403647.2,1006113.6,1190562.8,41324.6,41132.4,39072.2,3,3,3,2,2,2,-397533.6,184449.20000000007,-192.1999999999971,-2060.2000000000044,1200107.8666666665,40509.73333333333,397533.6,2252.4000000000015,0.032818232840608794,3,0,3,2
1006113.6,1190562.8,825657.6,41132.4,39072.2,30161.2,3,3,3,2,2,2,184449.20000000007,-364905.20000000007,-2060.2000000000044,-8910.999999999996,1007444.6666666666,36788.6,364905.20000000007,10971.2,0.0365298683983913,3,0,3,2
1190562.8,825657.6,768268.2,39072.2,30161.2,20258.4,3,3,3,2,2,2,-364905.20000000007,-57389.40000000002,-8910.999999999996,-9902.8,928162.8666666666,29830.599999999995,422294.6000000001,18813.799999999996,0.026368882157452107,3,0,3,2
825657.6,768268.2,1282012.2,30161.2,20258.4,34702.6,3,3,3,2,2,2,-57389.40000000002,513744.0,-9902.8,14444.199999999997,958646.0,28374.06666666667,513744.0,14444.199999999997,0.02706883205258729,3,0,3,2
768268.2,1282012.2,890675.6,20258.4,34702.6,30251.2,3,3,3,2,2,2,513744.0,-391336.6,14444.199999999997,-4451.399999999998,980318.6666666666,28404.066666666666,513744.0,14444.199999999997,0.03396429186530779,3,0,3,2
1282012.2,890675.6,1107848.0,34702.6,30251.2,37968.6,3,3,3,2,2,2,-391336.6,217172.40000000002,-4451.399999999998,7717.399999999998,1093511.9333333333,34307.46666666667,391336.6,7717.399999999998,0.034272360222376876,3,0,3,2
890675.6,1107848.0,1353086.6,30251.2,37968.6,38630.2,3,3,3,2,2,2,217172.40000000002,245238.6000000001,7717.399999999998,661.5999999999985,1117203.4000000001,35616.666666666664,462411.0000000001,8378.999999999996,0.028549666703027946,3,0,3,2
1107848.0,1353086.6,725004.4,37968.6,38630.2,27290.8,3,3,3,2,2,2,245238.6000000001,-628082.2000000001,661.5999999999985,-11339.399999999998,1061979.6666666667,34629.86666666666,628082.2000000001,11339.399999999998,0.037642202389113234,3,0,3,2
1353086.6,725004.4,839015.4,38630.2,27290.8,30956.2,3,3,3,2,2,2,-628082.2000000001,114011.0,-11339.399999999998,3665.4000000000015,972368.7999999999,32292.399999999998,628082.2000000001,11339.399999999998,0.036895822298586775,3,0,3,2
725004.4,839015.4,1136185.6,27290.8,30956.2,39002.8,3,3,3,2,2,2,114011.0,297170.20000000007,3665.4000000000015,8046.600000000002,900068.4666666668,32416.600000000002,411181.20000000007,11712.000000000004,0.03432781199848687,3,0,3,2
839015.4,1136185.6,660095.4,30956.2,39002.8,23270.2,3,3,3,2,2,2,297170.20000000007,-476090.20000000007,8046.600000000002,-15732.600000000002,878432.1333333333,31076.399999999998,476090.20000000007,15732.600000000002,0.0352527297528058,3,0,3,2
1136185.6,660095.4,903419.8,39002.8,23270.2,31349.4,3,3,3,2,2,2,-476090.20000000007,243324.40000000002,-15732.600000000002,8079.200000000001,899900.2666666666,31207.466666666664,476090.20000000007,15732.600000000002,0.034700772884573836,3,0,3,2
660095.4,903419.8,867517.2,23270.2,31349.4,35093.4,3,3,3,2,2,2,243324.40000000002,-35902.60000000009,8079.200000000001,3744.0,810344.1333333334,29904.333333333332,243324.40000000002,11823.2,0.04045263834234256,3,0,3,2
903419.8,867517.2,961362.4,31349.4,35093.4,35778.0,3,3,3,2,2,2,-35902.60000000009,93845.20000000007,3744.0,684.5999999999985,910766.4666666667,34073.6,93845.20000000007,4428.5999999999985,0.03721589567483014,3,0,3,2
867517.2,961362.4,1296611.2,35093.4,35778.0,40920.4,3,3,3,2,2,2,93845.20000000007,335248.79999999993,684.5999999999985,5142.4000000000015,1041830.2666666666,37263.93333333333,429094.0,5827.0,0.03155947476045652,3,0,3,2
961362.4,1296611.2,1179683.2,35778.0,40920.4,35991.8,3,3,3,2,2,2,335248.79999999993,-116928.0,5142.4000000000015,-4928.5999999999985,1145885.5999999999,37563.4,335248.79999999993,5142.4000000000015,0.03050969064432668,3,0,3,2
1296611.2,1179683.2,1181280.8,40920.4,35991.8,35122.4,3,3,3,2,2,2,-116928.0,1597.6000000000931,-4928.5999999999985,-869.4000000000015,1219191.7333333334,37344.86666666667,116928.0,5798.0,0.02973244826086375,3,0,3,2
1179683.2,1181280.8,952605.2,35991.8,35122.4,38758.4,3,3,3,2,2,2,1597.6000000000931,-228675.6000000001,-869.4000000000015,3636.0,1104523.0666666667,36624.200000000004,228675.6000000001,3636.0,0.04068669718924777,3,0,3,2
1181280.8,952605.2,1115991.8,35122.4,38758.4,30622.4,3,3,3,2,2,2,-228675.6000000001,163386.6000000001,3636.0,-8136.0,1083292.5999999999,34834.4,228675.6000000001,8136.0,0.02743960355299783,3,0,3,2
952605.2,1115991.8,731295.4,38758.4,30622.4,24693.8,3,3,3,2,2,2,163386.6000000001,-384696.4,-8136.0,-5928.600000000002,933297.4666666667,31358.2,384696.4,14064.600000000002,0.0337671565182052,3,0,2,1
1115991.8,731295.4,161598.2,30622.4,24693.8,1731.6,3,3,2,2,2,1,-384696.4,-569697.2,-5928.600000000002,-22962.2,669628.4666666667,19015.93333333333,954393.6000000001,28890.800000000003,0.010715399581186044,3,0,3,2
731295.4,161598.2,437696.4,24693.8,1731.6,18254.8,3,2,3,2,1,2,-569697.2,276098.2,-22962.2,16523.2,443530.0,14893.4,569697.2,22962.2,0.04170643919749123,3,0,3,2
161598.2,437696.4,662929.0,1731.6,18254.8,20814.4,2,3,3,1,2,2,276098.2,225232.59999999998,16523.2,2559.600000000002,420741.2,13600.266666666668,501330.8,19082.800000000003,0.031397583455266775,3,0,3,2
437696.4,662929.0,936663.0,18254.8,20814.4,32676.4,3,3,3,2,2,2,225232.59999999998,273734.0,2559.600000000002,11862.0,679096.1333333333,23915.2,498966.6,14421.600000000002,0.034885935618322046,3,0,3,2
662929.0,936663.0,591106.8,20814.4,32676.4,20223.0,3,3,3,2,2,2,273734.0,-345556.19999999995,11862.0,-12453.400000000001,730232.9333333332,24571.266666666666,345556.19999999995,12453.400000000001,0.03421203374409879,3,0,3,2
936663.0,591106.8,780695.0,32676.4,20223.0,27214.6,3,3,3,2,2,2,-345556.19999999995,189588.19999999995,-12453.400000000001,6991.5999999999985,769488.2666666666,26704.666666666668,345556.19999999995,12453.400000000001,0.03485940750304856,3,0,3,2
591106.8,780695.0,828263.4,20223.0,27214.6,33224.4,3,3,3,2,2,2,189588.19999999995,47568.40000000002,6991.5999999999985,6009.800000000003,733355.0666666668,26887.333333333332,237156.59999999998,13001.400000000001,0.04011327783736691,3,0,3,2
780695.0,828263.4,477658.2,27214.6,33224.4,18502.0,3,3,3,2,2,2,47568.40000000002,-350605.2,6009.800000000003,-14722.400000000001,695538.8666666666,26313.666666666668,350605.2,14722.400000000001,0.03873472969849633,3,0,3,2
828263.4,477658.2,516327.6,33224.4,18502.0,20054.2,3,3,3,2,2,2,-350605.2,38669.399999999965,-14722.400000000001,1552.2000000000007,607416.4,23926.86666666667,350605.2,14722.400000000001,0.03883999453061481,3,0,2,2
477658.2,516327.6,212221.8,18502.0,20054.2,10831.4,3,3,2,2,2,2,38669.399999999965,-304105.8,1552.2000000000007,-9222.800000000001,402069.2,16462.533333333333,304105.8,9222.800000000001,0.051037871519930944,3,0,3,2
516327.6,212221.8,421152.0,20054.2,10831.4,16685.2,3,2,3,2,2,2,-304105.8,208930.2,-9222.800000000001,5853.800000000001,383233.8,15856.933333333334,304105.8,9222.800000000001,0.03961790608163779,3,0,3,2
212221.8,421152.0,909748.0,10831.4,16685.2,26903.4,2,3,3,2,2,2,208930.2,488596.0,5853.800000000001,10218.2,514373.93333333335,18140.0,697526.2,16072.000000000002,0.02957233258843923,3,0,3,2
421152.0,909748.0,790097.0,16685.2,26903.4,27758.4,3,3,3,2,2,2,488596.0,-119651.0,10218.2,855.0,706999.0,23782.333333333332,488596.0,11073.2,0.03513285693673443,3,0,3,2
909748.0,790097.0,934719.0,26903.4,27758.4,30707.2,3,3,3,2,2,2,-119651.0,144622.0,855.0,2948.7999999999993,878188.0,28456.333333333332,144622.0,3803.7999999999993,0.03285176309483054,3,0,3,2
790097.0,934719.0,1047636.8,27758.4,30707.2,32150.6,3,3,3,2,2,2,144622.0,112917.80000000005,2948.7999999999993,1443.3999999999978,924150.9333333332,30205.400000000005,257539.80000000005,4392.199999999997,0.030688659763899315,3,0,3,2
934719.0,1047636.8,816307.6,30707.2,32150.6,25571.0,3,3,3,2,2,2,112917.80000000005,-231329.20000000007,1443.3999999999978,-6579.5999999999985,932887.7999999999,29476.266666666666,231329.20000000007,6579.5999999999985,0.031325163057206555,5,14,3,2
1047636.8,816307.6,462886.4,32150.6,25571.0,21006.0,3,3,3,2,2,2,-231329.20000000007,-353421.19999999995,-6579.5999999999985,-4565.0,775610.2666666666,26242.533333333336,584750.4,11144.599999999999,0.045380366801947944,5,14,3,2
816307.6,462886.4,846681.6,25571.0,21006.0,25550.6,3,3,3,2,2,2,-353421.19999999995,383795.19999999995,-4565.0,4544.5999999999985,708625.2000000001,24042.533333333336,383795.19999999995,4565.0,0.030177306112113323,5,14,3,2
462886.4,846681.6,819705.2,21006.0,25550.6,27935.4,3,3,3,2,2,2,383795.19999999995,-26976.400000000023,4544.5999999999985,2384.800000000003,709757.7333333334,24830.666666666668,383795.19999999995,6929.4000000000015,0.03407977150837703,3,0,3,2
846681.6,819705.2,858261.8,25550.6,27935.4,25283.0,3,3,3,2,2,2,-26976.400000000023,38556.60000000009,2384.800000000003,-2652.4000000000015,841549.5333333332,26256.333333333332,38556.60000000009,2652.4000000000015,0.029458343062288145,3,0,3,2
819705.2,858261.8,1151531.4,27935.4,25283.0,36353.0,3,3,3,2,2,2,38556.60000000009,293269.59999999986,-2652.4000000000015,11070.0,943166.1333333333,29857.13333333333,331826.19999999995,11070.0,0.031569237652366536,3,0,3,2
858261.8,1151531.4,1289188.0,25283.0,36353.0,47756.4,3,3,3,2,2,2,293269.59999999986,137656.6000000001,11070.0,11403.400000000001,1099660.4000000001,36464.13333333333,430926.19999999995,22473.4,0.03704375386386325,3,0,3,2
1151531.4,1289188.0,891238.8,36353.0,47756.4,22742.2,3,3,3,2,2,2,137656.6000000001,-397949.19999999995,11403.400000000001,-25014.2,1110652.7333333334,35617.2,397949.19999999995,25014.2,0.025517486988350387,3,0,3,2
1289188.0,891238.8,886405.0,47756.4,22742.2,31955.8,3,3,3,2,2,2,-397949.19999999995,-4833.800000000047,-25014.2,9213.599999999999,1022277.2666666666,34151.46666666667,402783.0,25014.2,0.036050974384198665,3,0,3,2
891238.8,886405.0,1021773.6,22742.2,31955.8,42242.8,3,3,3,2,2,2,-4833.800000000047,135368.59999999998,9213.599999999999,10287.000000000004,933139.1333333333,32313.600000000002,135368.59999999998,19500.600000000002,0.041342581817946936,3,0,3,2
886405.0,1021773.6,640158.0,31955.8,42242.8,21891.0,3,3,3,2,2,2,135368.59999999998,-381615.6,10287.000000000004,-20351.800000000003,849445.5333333333,32029.86666666667,381615.6,20351.800000000003,0.034196191883578926,3,0,3,2
1021773.6,640158.0,1314446.6,42242.8,21891.0,40608.2,3,3,3,2,2,2,-381615.6,674288.6000000001,-20351.800000000003,18717.199999999997,992126.0666666668,34914.0,674288.6000000001,20351.800000000003,0.03089373817564123,3,0,3,2
640158.0,1314446.6,1221339.6,21891.0,40608.2,37645.8,3,3,3,2,2,2,674288.6000000001,-93107.0,18717.199999999997,-2962.399999999994,1058648.0666666667,33381.666666666664,674288.6000000001,18717.199999999997,0.030823342808713638,3,0,3,2
1314446.6,1221339.6,1044997.4,40608.2,37645.8,27476.2,3,3,3,2,2,2,-93107.0,-176342.20000000007,-2962.399999999994,-10169.600000000002,1193594.5333333334,35243.4,269449.20000000007,13131.999999999996,0.02629305461137548,1,22,3,2
1221339.6,1044997.4,784372.4,37645.8,27476.2,42436.2,3,3,3,2,2,2,-176342.20000000007,-260625.0,-10169.600000000002,14959.999999999996,1016903.1333333333,35852.73333333333,436967.20000000007,14959.999999999996,0.054102038646389586,5,14,3,2
1044997.4,784372.4,903066.0,27476.2,42436.2,60132.8,3,3,3,2,2,2,-260625.0,118693.59999999998,14959.999999999996,17696.600000000006,910811.9333333332,43348.4,260625.0,32656.600000000002,0.06658730747552508,5,14,3,2
784372.4,903066.0,1124638.0,42436.2,60132.8,43691.6,3,3,3,2,2,2,118693.59999999998,221572.0,17696.600000000006,-16441.200000000004,937358.7999999999,48753.53333333333,340265.6,17696.600000000006,0.03884944413273948,3,0,3,2
903066.0,1124638.0,758646.4,60132.8,43691.6,34047.8,3,3,3,2,2,2,221572.0,-365991.6,-16441.200000000004,-9643.799999999996,928783.4666666667,45957.4,365991.6,26085.0,0.04487961073879645,3,0,3,2
1124638.0,758646.4,963148.0,43691.6,34047.8,41994.2,3,3,3,2,2,2,-365991.6,204501.59999999998,-9643.799999999996,7946.399999999994,948810.7999999999,39911.2,365991.6,9643.799999999996,0.04360093817259842,3,0,3,2
758646.4,963148.0,905361.6,34047.8,41994.2,43897.4,3,3,3,2,2,2,204501.59999999998,-57786.40000000002,7946.399999999994,1903.2000000000044,875718.6666666666,39979.799999999996,204501.59999999998,9849.599999999999,0.04848598782410495,3,0,3,2
963148.0,905361.6,873373.8,41994.2,43897.4,35147.4,3,3,3,2,2,2,-57786.40000000002,-31987.79999999993,1903.2000000000044,-8750.0,913961.1333333334,40346.333333333336,89774.19999999995,8750.0,0.04024320371964018,1,22,3,2
905361.6,873373.8,856798.6,43897.4,35147.4,35473.0,3,3,3,2,2,2,-31987.79999999993,-16575.20000000007,-8750.0,325.59999999999854,878511.3333333334,38172.6,48563.0,8750.0,0.04140174668615625,1,22,3,2
873373.8,856798.6,589441.0,35147.4,35473.0,100195.0,3,3,3,2,2,2,-16575.20000000007,-267357.6,325.59999999999854,64722.0,773204.4666666667,56938.46666666667,283932.80000000005,65047.6,0.16998279728964003,1,22,3,3
856798.6,589441.0,520511.0,35473.0,100195.0,613053.2,3,3,3,2,2,3,-267357.6,-68930.0,64722.0,512858.19999999995,655583.5333333333,249573.7333333333,336287.6,577580.2,1.177788792573466,1,22,2,3
589441.0,520511.0,218505.4,100195.0,613053.2,785874.0,3,3,2,2,3,3,-68930.0,-302005.6,512858.19999999995,172820.80000000005,442819.1333333333,499707.39999999997,370935.6,685679.0,3.5965719997217476,1,22,3,3
520511.0,218505.4,386604.4,613053.2,785874.0,892077.2,3,2,3,3,3,3,-302005.6,168099.00000000003,172820.80000000005,106203.19999999995,375206.93333333335,763668.1333333333,302005.6,279024.0,2.307461820243587,1,22,3,2
218505.4,386604.4,1365562.4,785874.0,892077.2,52868.4,2,3,3,3,3,2,168099.00000000003,978957.9999999999,106203.19999999995,-839208.7999999999,656890.7333333333,576939.8666666666,1147057.0,839208.7999999999,0.03871544887626602,3,0,3,2
386604.4,1365562.4,1147449.8,892077.2,52868.4,40260.6,3,3,3,3,2,2,978957.9999999999,-218112.59999999986,-839208.7999999999,-12607.800000000003,966538.8666666666,328402.06666666665,978957.9999999999,851816.6,0.035086994579636877,3,0,3,2
1365562.4,1147449.8,1480205.0,52868.4,40260.6,53379.2,3,3,3,2,2,2,-218112.59999999986,332755.19999999995,-12607.800000000003,13118.599999999999,1331072.4000000001,48836.06666666667,332755.19999999995,13118.599999999999,0.036062007585430676,3,0,3,2
1147449.8,1480205.0,1553113.0,40260.6,53379.2,57200.8,3,3,3,2,2,2,332755.19999999995,72908.0,13118.599999999999,3821.600000000006,1393589.2666666666,50280.19999999999,405663.19999999995,16940.200000000004,0.036829749780119166,3,0,3,2
1480205.0,1553113.0,1315919.4,53379.2,57200.8,38768.0,3,3,3,2,2,2,72908.0,-237193.6000000001,3821.600000000006,-18432.800000000003,1449745.8,49782.666666666664,237193.6000000001,18432.800000000003,0.02946074853767751,5,14,3,2
1553113.0,1315919.4,1444096.8,57200.8,38768.0,43503.4,3,3,3,2,2,2,-237193.6000000001,128177.40000000014,-18432.800000000003,4735.4000000000015,1437709.7333333334,46490.73333333334,237193.6000000001,18432.800000000003,0.03012496799039511,3,0,3,2
1315919.4,1444096.8,1747816.0,38768.0,43503.4,47557.8,3,3,3,2,2,2,128177.40000000014,303719.19999999995,4735.4000000000015,4054.4000000000015,1502610.7333333334,43276.4,431896.6000000001,8789.800000000003,0.027209828031195486,3,0,3,2
1444096.8,1747816.0,1808734.8,43503.4,47557.8,42617.0,3,3,3,2,2,2,303719.19999999995,60918.80000000005,4054.4000000000015,-4940.800000000003,1666882.5333333332,44559.4,364638.0,4940.800000000003,0.023561760650726325,3,0,3,2
1747816.0,1808734.8,1695279.4,47557.8,42617.0,33014.6,3,3,3,2,2,2,60918.80000000005,-113455.40000000014,-4940.800000000003,-9602.400000000001,1750610.0666666664,41063.13333333333,113455.40000000014,14543.200000000004,0.019474418509174057,3,0,3,2
1808734.8,1695279.4,1170326.8,42617.0,33014.6,50024.6,3,3,3,2,2,2,-113455.40000000014,-524952.5999999999,-9602.400000000001,17010.0,1558113.6666666667,41885.4,638408.0,17010.0,0.0427440927234233,3,0,3,2
1695279.4,1170326.8,1351238.0,33014.6,50024.6,50007.8,3,3,3,2,2,2,-524952.5999999999,180911.19999999995,17010.0,-16.799999999995634,1405614.7333333334,44349.0,524952.5999999999,17010.0,0.037008848915698854,3,0,3,2
1170326.8,1351238.0,1157830.8,50024.6,50007.8,35219.2,3,3,3,2,2,2,180911.19999999995,-193407.19999999995,-16.799999999995634,-14788.600000000006,1226465.2,45083.86666666666,193407.19999999995,14805.400000000001,0.030418235187528963,3,0,3,2
1351238.0,1157830.8,904012.0,50007.8,35219.2,31829.6,3,3,3,2,2,2,-193407.19999999995,-253818.80000000005,-14788.600000000006,-3389.5999999999985,1137693.5999999999,39018.86666666667,447226.0,18178.200000000004,0.03520922818587786,3,0,3,2
1157830.8,904012.0,911541.6,35219.2,31829.6,31276.0,3,3,3,2,2,2,-253818.80000000005,7529.599999999977,-3389.5999999999985,-553.5999999999985,991128.1333333333,32774.93333333333,253818.80000000005,3943.199999999997,0.03431106785354848,5,14,3,2
904012.0,911541.6,1394587.6,31829.6,31276.0,39309.8,3,3,3,2,2,2,7529.599999999977,483046.0000000001,-553.5999999999985,8033.800000000003,1070047.0666666667,34138.46666666667,490575.6000000001,8033.800000000003,0.02818738085195878,5,14,3,2
911541.6,1394587.6,1018690.2,31276.0,39309.8,36717.2,3,3,3,2,2,2,483046.0000000001,-375897.40000000014,8033.800000000003,-2592.600000000006,1108273.1333333335,35767.666666666664,483046.0000000001,8033.800000000003,0.03604350366430965,3,0,3,2
1394587.6,1018690.2,1389418.8,39309.8,36717.2,49825.4,3,3,3,2,2,2,-375897.40000000014,370728.6000000001,-2592.600000000006,13108.200000000004,1267565.5333333332,41950.799999999996,375897.40000000014,13108.200000000004,0.03586058007810167,3,0,3,2
1018690.2,1389418.8,1139774.0,36717.2,49825.4,31748.8,3,3,3,2,2,2,370728.6000000001,-249644.80000000005,13108.200000000004,-18076.600000000002,1182627.6666666667,39430.46666666667,370728.6000000001,18076.600000000002,0.02785532232238819,3,0,3,2
1389418.8,1139774.0,997454.0,49825.4,31748.8,31241.0,3,3,3,2,2,2,-249644.80000000005,-142320.0,-18076.600000000002,-507.7999999999993,1175548.9333333333,37605.066666666666,391964.80000000005,18584.4,0.03132071121002952,3,0,3,2
1139774.0,997454.0,755150.4,31748.8,31241.0,17948.2,3,3,3,2,2,2,-142320.0,-242303.59999999998,-507.7999999999993,-13292.8,964126.1333333333,26979.333333333332,384623.6,13800.599999999999,0.02376768420213483,3,0,3,2
997454.0,755150.4,996681.2,31241.0,17948.2,22876.8,3,3,3,2,2,2,-242303.59999999998,241530.79999999993,-13292.8,4928.5999999999985,916428.5333333332,24022.0,242303.59999999998,13292.8,0.022952953308486897,3,0,3,2
755150.4,996681.2,1320043.0,17948.2,22876.8,17862.0,3,3,3,2,2,2,241530.79999999993,323361.80000000005,4928.5999999999985,-5014.799999999999,1023958.2000000001,19562.333333333332,564892.6,5014.799999999999,0.013531367136246973,3,0,3,2
996681.2,1320043.0,510824.0,22876.8,17862.0,13033.8,3,3,3,2,2,2,323361.80000000005,-809219.0,-5014.799999999999,-4828.200000000001,942516.0666666668,17924.2,809219.0,9843.0,0.025515196006460135,3,0,2,2
1320043.0,510824.0,186876.8,17862.0,13033.8,10535.0,3,3,2,2,2,2,-809219.0,-323947.2,-4828.200000000001,-2498.7999999999993,672581.2666666667,13810.266666666668,1133166.2,7327.0,0.056373737276444826,3,0,2,1
510824.0,186876.8,201064.4,13033.8,10535.0,5503.8,3,2,2,2,2,1,-323947.2,14187.600000000006,-2498.7999999999993,-5031.2,299588.4,9690.866666666667,323947.2,7529.999999999999,0.027373183053872024,3,0,2,1
186876.8,201064.4,131921.4,10535.0,5503.8,5260.6,2,2,2,2,1,1,14187.600000000006,-69143.0,-5031.2,-243.19999999999982,173287.53333333333,7099.8,69143.0,5274.4,0.03987647283554575,3,0,2,1
201064.4,131921.4,115802.0,5503.8,5260.6,4611.6,2,2,2,1,1,1,-69143.0,-16119.399999999994,-243.19999999999982,-649.0,149595.93333333332,5125.333333333334,85262.4,892.1999999999998,0.03982280251806948,3,0,3,2
131921.4,115802.0,320852.8,5260.6,4611.6,11663.8,2,2,3,1,1,2,-16119.399999999994,205050.8,-649.0,7052.199999999999,189525.4,7178.666666666667,205050.8,7052.199999999999,0.03635238229997587,3,0,2,1
115802.0,320852.8,284168.0,4611.6,11663.8,3911.2,2,3,2,1,2,1,205050.8,-36684.79999999999,7052.199999999999,-7752.599999999999,240274.2666666667,6728.866666666666,205050.8,7752.599999999999,0.013763640650458002,3,0,3,2
320852.8,284168.0,372112.8,11663.8,3911.2,9681.4,3,2,3,2,1,2,-36684.79999999999,87944.79999999999,-7752.599999999999,5770.2,325711.2,8418.800000000001,87944.79999999999,7752.599999999999,0.02601730975846636,3,0,3,2
284168.0,372112.8,788900.6,3911.2,9681.4,23730.0,2,3,3,1,2,2,87944.79999999999,416787.8,5770.2,14048.6,481727.1333333333,12440.866666666667,504732.6,19818.8,0.030079797024115555,3,0,3,2
372112.8,788900.6,341565.8,9681.4,23730.0,16967.2,3,3,3,2,2,2,416787.8,-447334.8,14048.6,-6762.799999999999,500859.73333333334,16792.86666666667,447334.8,14048.6,0.049674617088077654,3,0,3,2
788900.6,341565.8,533641.0,23730.0,16967.2,35502.0,3,3,3,2,2,2,-447334.8,192075.2,-6762.799999999999,18534.8,554702.4666666667,25399.733333333334,447334.8,18534.8,0.06652774706638533,3,0,3,2
341565.8,533641.0,495710.4,16967.2,35502.0,17211.4,3,3,3,2,2,2,192075.2,-37930.59999999998,18534.8,-18290.6,456972.4000000001,23226.86666666667,192075.2,18534.8,0.03472060557816504,3,0,3,2
533641.0,495710.4,923085.4,35502.0,17211.4,32506.2,3,3,3,2,2,2,-37930.59999999998,427375.0,-18290.6,15294.8,650812.2666666667,28406.533333333336,427375.0,18290.6,0.035214688462531785,3,0,3,2
495710.4,923085.4,545529.8,17211.4,32506.2,17089.4,3,3,3,2,2,2,427375.0,-377555.6,15294.8,-15416.8,654775.2000000001,22269.0,427375.0,15416.8,0.03132618726568692,3,0,3,2
923085.4,545529.8,385800.4,32506.2,17089.4,13918.6,3,3,3,2,2,2,-377555.6,-159729.40000000002,-15416.8,-3170.800000000001,618138.5333333333,21171.4,537285.0,18587.6,0.03607711117689049,3,0,2,2
545529.8,385800.4,119150.2,17089.4,13918.6,6714.8,3,3,2,2,2,2,-159729.40000000002,-266650.2,-3170.800000000001,-7203.8,350160.13333333336,12574.266666666668,426379.60000000003,10374.600000000002,0.05635528639241569,3,0,2,2
385800.4,119150.2,280899.6,13918.6,6714.8,20963.0,3,2,2,2,2,2,-266650.2,161749.39999999997,-7203.8,14248.2,261950.06666666665,13865.466666666667,266650.2,14248.2,0.0746278220836837,3,0,3,2
119150.2,280899.6,822976.4,6714.8,20963.0,23059.4,2,2,3,2,2,2,161749.39999999997,542076.8,14248.2,2096.4000000000015,407675.39999999997,16912.399999999998,703826.2000000001,16344.600000000002,0.02801948145842158,3,0,3,2
280899.6,822976.4,480419.2,20963.0,23059.4,18949.0,2,3,3,2,2,2,542076.8,-342557.2,2096.4000000000015,-4110.4000000000015,528098.4,20990.466666666667,542076.8,4110.4000000000015,0.039442554663604905,3,0,2,1
822976.4,480419.2,190847.4,23059.4,18949.0,2331.0,3,3,2,2,2,1,-342557.2,-289571.80000000005,-4110.4000000000015,-16618.0,498081.0,14779.800000000001,632129.0,20728.4,0.012213882851519845,3,0,2,1
480419.2,190847.4,143703.2,18949.0,2331.0,3051.6,3,2,2,2,1,1,-289571.80000000005,-47144.19999999998,-16618.0,720.5999999999999,271656.60000000003,8110.533333333333,336716.0,16618.0,0.021235287486378266,3,0,2,1
190847.4,143703.2,110988.8,2331.0,3051.6,4318.2,2,2,2,1,1,1,-47144.19999999998,-32714.40000000001,720.5999999999999,1266.6,148513.13333333333,3233.6,79858.59999999999,1987.1999999999998,0.03890627787418303,3,0,2,1
143703.2,110988.8,181195.2,3051.6,4318.2,2591.0,2,2,2,1,1,1,-32714.40000000001,70206.40000000001,1266.6,-1727.1999999999998,145295.73333333334,3320.2666666666664,70206.40000000001,1727.1999999999998,0.01429941687518833,3,0,3,2
110988.8,181195.2,625331.6,4318.2,2591.0,35585.6,2,2,3,1,1,2,70206.40000000001,444136.39999999997,-1727.1999999999998,32994.6,305838.5333333333,14164.933333333332,514342.8,32994.6,0.05690667654301087,3,0,2,1
181195.2,625331.6,65251.0,2591.0,35585.6,4731.6,2,3,2,1,2,1,444136.39999999997,-560080.6,32994.6,-30854.0,290592.60000000003,14302.733333333332,560080.6,32994.6,0.07251271991663091,3,0,2,1
625331.6,65251.0,145786.4,35585.6,4731.6,4931.6,3,2,2,2,1,1,-560080.6,80535.4,-30854.0,200.0,278789.6666666667,15082.933333333332,560080.6,30854.0,0.03382734036000368,3,0,2,1
65251.0,145786.4,99761.8,4731.6,4931.6,4180.4,2,2,2,1,1,1,80535.4,-46024.59999999999,200.0,-751.2000000000007,103599.73333333334,4614.533333333334,80535.4,751.2000000000007,0.04190339485259034,5,14,2,1
145786.4,99761.8,290533.2,4931.6,4180.4,4281.6,2,2,2,1,1,1,-46024.59999999999,190771.40000000002,-751.2000000000007,101.20000000000073,178693.80000000002,4464.533333333334,190771.40000000002,751.2000000000007,0.014736991376574601,5,14,2,1
99761.8,290533.2,88897.2,4180.4,4281.6,3057.6,2,2,2,1,1,1,190771.40000000002,-201636.0,101.20000000000073,-1224.0000000000005,159730.73333333334,3839.866666666667,201636.0,1224.0000000000005,0.034394397186894674,5,14,2,1
290533.2,88897.2,204247.6,4281.6,3057.6,3687.4,2,2,2,1,1,1,-201636.0,115350.40000000001,-1224.0000000000005,629.8000000000002,194559.33333333334,3675.5333333333333,201636.0,1224.0000000000005,0.01805348971792218,5,14,2,1
88897.2,204247.6,103024.0,3057.6,3687.4,5093.4,2,2,2,1,1,1,115350.40000000001,-101223.6,629.8000000000002,1405.9999999999995,132056.26666666666,3946.133333333333,115350.40000000001,2035.7999999999997,0.0494384858044164,5,14,3,2
204247.6,103024.0,769507.6,3687.4,5093.4,23907.2,2,2,3,1,1,2,-101223.6,666483.6,1405.9999999999995,18813.800000000003,358926.39999999997,10896.0,666483.6,20219.8,0.03106813880962474,5,14,3,2
103024.0,769507.6,658816.0,5093.4,23907.2,23363.8,2,3,3,1,2,2,666483.6,-110691.59999999998,18813.800000000003,-543.4000000000015,510449.2,17454.8,666483.6,18813.800000000003,0.035463262180544824,5,14,3,1
769507.6,658816.0,629917.8,23907.2,23363.8,3562.4,3,3,3,2,2,1,-110691.59999999998,-28898.199999999953,-543.4000000000015,-19801.399999999998,686080.4666666667,16944.466666666667,139589.79999999993,20344.8,0.005655332084071788,5,14,2,2
658816.0,629917.8,58057.8,23363.8,3562.4,7183.8,3,3,2,2,1,2,-28898.199999999953,-571860.0,-19801.399999999998,3621.4,448930.5333333334,11370.0,600758.2,19801.399999999998,0.12373318084424756,5,14,2,2
629917.8,58057.8,294723.8,3562.4,7183.8,18475.6,3,2,2,1,2,2,-571860.0,236666.0,3621.4,11291.8,327566.46666666673,9740.6,571860.0,14913.199999999999,0.06268763266613464,5,14,2,2
58057.8,294723.8,199520.0,7183.8,18475.6,7133.2,2,2,2,2,2,2,236666.0,-95203.79999999999,11291.8,-11342.399999999998,184100.53333333333,10930.866666666667,236666.0,11342.399999999998,0.0357516251422156,5,14,3,2
294723.8,199520.0,336309.2,18475.6,7133.2,13488.6,2,2,3,2,2,2,-95203.79999999999,136789.2,-11342.399999999998,6355.400000000001,276851.0,13032.466666666667,136789.2,11342.399999999998,0.040107614934069793,5,14,2,1
199520.0,336309.2,223532.0,7133.2,13488.6,3685.6,2,3,2,2,2,1,136789.2,-112777.20000000001,6355.400000000001,-9803.0,253120.4,8102.466666666666,136789.2,9803.0,0.01648794585139554,5,14,3,2
336309.2,223532.0,320675.0,13488.6,3685.6,7672.0,3,2,3,2,1,2,-112777.20000000001,97143.0,-9803.0,3986.4,293505.39999999997,8282.066666666668,112777.20000000001,9803.0,0.02392445957913907,5,14,2,1
223532.0,320675.0,13508.2,3685.6,7672.0,5032.6,2,3,2,1,2,1,97143.0,-307166.8,3986.4,-2639.3999999999996,185905.06666666665,5463.400000000001,307166.8,3986.4,0.3725313119947887,5,14,2,2
320675.0,13508.2,267297.4,7672.0,5032.6,34043.8,3,2,2,2,1,2,-307166.8,253789.2,-2639.3999999999996,29011.200000000004,200493.53333333335,15582.800000000001,307166.8,29011.200000000004,0.12736252817076346,2,6,3,2
13508.2,267297.4,868904.2,5032.6,34043.8,34361.6,2,2,3,1,2,2,253789.2,601606.7999999999,29011.200000000004,317.79999999999563,383236.60000000003,24479.333333333332,855396.0,29329.0,0.039545856095693756,5,14,3,2
267297.4,868904.2,823532.8,34043.8,34361.6,32206.2,2,3,3,2,2,2,601606.7999999999,-45371.39999999991,317.79999999999563,-2155.399999999998,653244.8,33537.2,601606.7999999999,2155.399999999998,0.039107320185279584,3,0,3,2
868904.2,823532.8,718308.8,34361.6,32206.2,23862.2,3,3,3,2,2,2,-45371.39999999991,-105224.0,-2155.399999999998,-8344.0,803581.9333333332,30143.333333333332,150595.3999999999,10499.399999999998,0.033219928225954876,3,0,3,2
823532.8,718308.8,781455.4,32206.2,23862.2,22855.6,3,3,3,2,2,2,-105224.0,63146.59999999998,-8344.0,-1006.6000000000022,774432.3333333334,26308.0,105224.0,9350.600000000002,0.02924744106005146,3,0,3,2
718308.8,781455.4,1073751.8,23862.2,22855.6,42315.0,3,3,3,2,2,2,63146.59999999998,292296.4,-1006.6000000000022,19459.4,857838.6666666666,29677.600000000002,355443.0,19459.4,0.03940851190329841,3,0,3,2
781455.4,1073751.8,699769.0,22855.6,42315.0,37450.6,3,3,3,2,2,2,292296.4,-373982.80000000005,19459.4,-4864.4000000000015,851658.7333333334,34207.066666666666,373982.80000000005,19459.4,0.05351844177372565,3,0,3,2
1073751.8,699769.0,847510.0,42315.0,37450.6,56656.4,3,3,3,2,2,2,-373982.80000000005,147741.0,-4864.4000000000015,19205.800000000003,873676.9333333332,45474.0,373982.80000000005,19205.800000000003,0.06685034176547561,3,0,3,2
699769.0,847510.0,1023608.0,37450.6,56656.4,33916.0,3,3,3,2,2,2,147741.0,176098.0,19205.800000000003,-22740.4,856962.3333333334,42674.333333333336,323839.0,22740.4,0.033133745404739505,3,0,3,2
847510.0,1023608.0,790769.2,56656.4,33916.0,24341.2,3,3,3,2,2,2,176098.0,-232838.80000000005,-22740.4,-9574.8,887295.7333333334,38304.53333333333,232838.80000000005,32315.2,0.030781635423287323,3,0,3,2
1023608.0,790769.2,958834.0,33916.0,24341.2,32038.2,3,3,3,2,2,2,-232838.80000000005,168064.80000000005,-9574.8,7697.0,924403.7333333334,30098.466666666664,232838.80000000005,9574.8,0.033413673885496466,3,0,3,2
790769.2,958834.0,979971.2,24341.2,32038.2,30683.8,3,3,3,2,2,2,168064.80000000005,21137.199999999953,7697.0,-1354.4000000000015,909858.1333333333,29021.066666666666,189202.0,7697.0,0.03131088820682872,3,0,3,2
958834.0,979971.2,1099294.6,32038.2,30683.8,44861.6,3,3,3,2,2,2,21137.199999999953,119323.40000000014,-1354.4000000000015,14177.8,1012699.9333333332,35861.200000000004,140460.6000000001,14177.8,0.040809405586632014,3,0,3,2
979971.2,1099294.6,1228777.2,30683.8,44861.6,32570.4,3,3,3,2,2,2,119323.40000000014,129482.59999999986,14177.8,-12291.199999999997,1102681.0,36038.6,248806.0,14177.8,0.026506329620756622,5,14,3,2
1099294.6,1228777.2,1160547.4,44861.6,32570.4,28891.0,3,3,3,2,2,2,129482.59999999986,-68229.80000000005,-12291.199999999997,-3679.4000000000015,1162873.0666666667,35441.0,129482.59999999986,15970.599999999999,0.024894265504135805,3,0,3,2
1228777.2,1160547.4,855490.0,32570.4,28891.0,33827.6,3,3,3,2,2,2,-68229.80000000005,-305057.3999999999,-3679.4000000000015,4936.5999999999985,1081604.8666666665,31763.0,373287.19999999995,4936.5999999999985,0.03954173685053378,3,0,3,2
1160547.4,855490.0,1022138.0,28891.0,33827.6,31947.6,3,3,3,2,2,2,-305057.3999999999,166648.0,4936.5999999999985,-1880.0,1012725.1333333333,31555.399999999998,305057.3999999999,4936.5999999999985,0.0312556315726139,3,0,3,2
855490.0,1022138.0,726438.4,33827.6,31947.6,23074.4,3,3,3,2,2,2,166648.0,-295699.6,-1880.0,-8873.199999999997,868022.1333333333,29616.533333333336,295699.6,10753.199999999997,0.031763695636552756,5,14,3,2
1022138.0,726438.4,1213844.2,31947.6,23074.4,32285.6,3,3,3,2,2,2,-295699.6,487405.79999999993,-8873.199999999997,9211.199999999997,987473.5333333332,29102.533333333336,487405.79999999993,9211.199999999997,0.026597790228935287,3,0,3,2
726438.4,1213844.2,1042370.4,23074.4,32285.6,23494.0,3,3,3,2,2,2,487405.79999999993,-171473.79999999993,9211.199999999997,-8791.599999999999,994217.6666666666,26284.666666666668,487405.79999999993,9211.199999999997,0.02253899138061539,3,0,3,2
1213844.2,1042370.4,1272235.8,32285.6,23494.0,23626.2,3,3,3,2,2,2,-171473.79999999993,229865.40000000002,-8791.599999999999,132.20000000000073,1176150.1333333335,26468.600000000002,229865.40000000002,8791.599999999999,0.018570599435576773,3,0,3,2
1042370.4,1272235.8,991065.0,23494.0,23626.2,44637.2,3,3,3,2,2,2,229865.40000000002,-281170.80000000005,132.20000000000073,21010.999999999996,1101890.4000000001,30585.8,281170.80000000005,21143.199999999997,0.045039583640241916,3,0,3,2
1272235.8,991065.0,1219426.4,23626.2,44637.2,55471.2,3,3,3,2,2,2,-281170.80000000005,228361.3999999999,21010.999999999996,10834.0,1160909.0666666667,41244.86666666666,281170.80000000005,31844.999999999996,0.045489546979180555,3,0,3,2
991065.0,1219426.4,995198.0,44637.2,55471.2,35713.8,3,3,3,2,2,2,228361.3999999999,-224228.3999999999,10834.0,-19757.399999999994,1068563.1333333333,45274.06666666667,228361.3999999999,19757.399999999994,0.03588608911383553,3,0,3,2
1219426.4,995198.0,1215742.4,55471.2,35713.8,46792.8,3,3,3,2,2,2,-224228.3999999999,220544.3999999999,-19757.399999999994,11079.0,1143455.5999999999,45992.6,224228.3999999999,19757.399999999994,0.038489043000356826,3,0,3,2
995198.0,1215742.4,873581.2,35713.8,46792.8,34067.6,3,3,3,2,2,2,220544.3999999999,-342161.19999999995,11079.0,-12725.200000000004,1028173.8666666666,38858.06666666667,342161.19999999995,12725.200000000004,0.03899758946553627,3,0,3,2
1215742.4,873581.2,790150.0,46792.8,34067.6,27030.6,3,3,3,2,2,2,-342161.19999999995,-83431.19999999995,-12725.200000000004,-7037.0,959824.5333333332,35963.666666666664,425592.3999999999,19762.200000000004,0.034209410606327144,3,0,3,2
873581.2,790150.0,873100.6,34067.6,27030.6,30768.2,3,3,3,2,2,2,-83431.19999999995,82950.59999999998,-7037.0,3737.600000000002,845610.6,30622.13333333333,83431.19999999995,7037.0,0.03524011409439635,3,0,3,2
790150.0,873100.6,843175.8,27030.6,30768.2,32358.8,3,3,3,2,2,2,82950.59999999998,-29924.79999999993,3737.600000000002,1590.5999999999985,835475.4666666668,30052.533333333336,82950.59999999998,5328.200000000001,0.03837724187857161,3,0,3,2
873100.6,843175.8,1443681.0,30768.2,32358.8,42122.8,3,3,3,2,2,2,-29924.79999999993,600505.2,1590.5999999999985,9764.000000000004,1053319.1333333333,35083.26666666667,600505.2,11354.600000000002,0.029177339608030026,3,0,3,2
843175.8,1443681.0,1363924.2,32358.8,42122.8,33927.4,3,3,3,2,2,2,600505.2,-79756.80000000005,9764.000000000004,-8195.400000000001,1216927.0,36136.333333333336,600505.2,9764.000000000004,0.024874824513836977,3,0,3,2
1443681.0,1363924.2,1117248.2,42122.8,33927.4,44372.4,3,3,3,2,2,2,-79756.80000000005,-246676.0,-8195.400000000001,10445.0,1308284.4666666668,40140.86666666667,326432.80000000005,10445.0,0.039715759026723856,3,0,3,2
1363924.2,1117248.2,1243400.6,33927.4,44372.4,48609.0,3,3,3,2,2,2,-246676.0,126152.40000000014,10445.0,4236.5999999999985,1241524.3333333333,42302.933333333334,246676.0,14681.599999999999,0.039093563978042166,3,0,3,2
1117248.2,1243400.6,1269933.6,44372.4,48609.0,42265.0,3,3,3,2,2,2,126152.40000000014,26533.0,4236.5999999999985,-6344.0,1210194.1333333333,45082.13333333333,152685.40000000014,6344.0,0.033281241411959324,5,14,3,2
1243400.6,1269933.6,981683.6,48609.0,42265.0,42608.4,3,3,3,2,2,2,26533.0,-288250.0000000001,-6344.0,343.40000000000146,1165005.9333333333,44494.13333333333,288250.0000000001,6344.0,0.04340334971130239,3,0,3,2
1269933.6,981683.6,771131.2,42265.0,42608.4,28344.4,3,3,3,2,2,2,-288250.0000000001,-210552.40000000002,343.40000000000146,-14264.0,1007582.8000000002,37739.26666666666,498802.40000000014,14264.0,0.03675686218264521,3,0,3,2
981683.6,771131.2,1037134.8,42608.4,28344.4,34535.6,3,3,3,2,2,2,-210552.40000000002,266003.6000000001,-14264.0,6191.199999999997,929983.1999999998,35162.799999999996,266003.6000000001,14264.0,0.03329901445885871,3,0,3,2
771131.2,1037134.8,890235.8,28344.4,34535.6,35486.6,3,3,3,2,2,2,266003.6000000001,-146899.0,6191.199999999997,951.0,899500.6,32788.86666666667,266003.6000000001,7142.199999999997,0.03986197829611177,3,0,3,2
1037134.8,890235.8,870116.8,34535.6,35486.6,30568.6,3,3,3,2,2,2,-146899.0,-20119.0,951.0,-4918.0,932495.8000000002,33530.26666666666,167018.0,4918.0,0.035131564944424765,3,0,3,2
890235.8,870116.8,806005.4,35486.6,30568.6,26066.2,3,3,3,2,2,2,-20119.0,-64111.40000000002,-4918.0,-4502.399999999998,855452.6666666666,30707.13333333333,84230.40000000002,9420.399999999998,0.03233994171758438,3,0,3,2
870116.8,806005.4,605154.8,30568.6,26066.2,23088.0,3,3,3,2,2,2,-64111.40000000002,-200850.59999999998,-4502.399999999998,-2978.2000000000007,760425.6666666666,26574.266666666666,264962.0,7480.5999999999985,0.03815215850199238,3,0,3,2
806005.4,605154.8,703055.2,26066.2,23088.0,21793.6,3,3,3,2,2,2,-200850.59999999998,97900.3999999999,-2978.2000000000007,-1294.4000000000015,704738.4666666668,23649.266666666663,200850.59999999998,4272.600000000002,0.030998375378810398,3,0,3,2
605154.8,703055.2,708021.4,23088.0,21793.6,32727.8,3,3,3,2,2,2,97900.3999999999,4966.20000000007,-1294.4000000000015,10934.2,672077.1333333333,25869.8,102866.59999999998,10934.2,0.04622424375274002,3,0,2,1
703055.2,708021.4,91802.2,21793.6,32727.8,4218.4,3,3,2,2,2,1,4966.20000000007,-616219.2000000001,10934.2,-28509.4,500959.60000000003,19579.93333333333,616219.2000000001,28509.4,0.04595046795754396,3,0,3,2
708021.4,91802.2,654080.0,32727.8,4218.4,25097.0,3,2,3,2,1,2,-616219.2000000001,562277.8,-28509.4,20878.6,484634.5333333334,20681.066666666666,616219.2000000001,28509.4,0.03836986550595416,3,0,3,2
91802.2,654080.0,693916.2,4218.4,25097.0,26322.2,2,3,3,1,2,2,562277.8,39836.19999999995,20878.6,1225.2000000000007,479932.8,18545.86666666667,602114.0,22103.800000000003,0.03793276777114042,5,14,3,2
654080.0,693916.2,1016659.0,25097.0,26322.2,41944.6,3,3,3,2,2,2,39836.19999999995,322742.80000000005,1225.2000000000007,15622.399999999998,788218.4,31121.266666666663,362579.0,16847.6,0.041257254145928825,5,14,3,2
693916.2,1016659.0,991752.4,26322.2,41944.6,33521.6,3,3,3,2,2,2,322742.80000000005,-24906.599999999977,15622.399999999998,-8423.0,900775.8666666667,33929.46666666667,322742.80000000005,15622.399999999998,0.033800337866247795,5,14,3,2
1016659.0,991752.4,817554.6,41944.6,33521.6,24934.6,3,3,3,2,2,2,-24906.599999999977,-174197.80000000005,-8423.0,-8587.0,941988.6666666666,33466.93333333333,199104.40000000002,17010.0,0.03049896545262487,3,0,3,2
991752.4,817554.6,1724781.0,33521.6,24934.6,38039.8,3,3,3,2,2,2,-174197.80000000005,907226.4,-8587.0,13105.200000000004,1178029.3333333333,32165.333333333332,907226.4,13105.200000000004,0.022054845192030065,3,0,3,2
817554.6,1724781.0,1343622.4,24934.6,38039.8,43772.6,3,3,3,2,2,2,907226.4,-381158.6000000001,13105.200000000004,5732.799999999996,1295319.3333333333,35582.333333333336,907226.4,18838.0,0.03257802744429727,3,0,3,2
1724781.0,1343622.4,1340520.0,38039.8,43772.6,43102.0,3,3,3,2,2,2,-381158.6000000001,-3102.399999999907,5732.799999999996,-670.5999999999985,1469641.1333333335,41638.13333333333,384261.0,5732.799999999996,0.03215317029722026,3,0,3,2
1343622.4,1340520.0,1175197.6,43772.6,43102.0,32014.8,3,3,3,2,2,2,-3102.399999999907,-165322.3999999999,-670.5999999999985,-11087.2,1286446.6666666667,39629.8,168424.7999999998,11757.8,0.02724203381453994,3,0,3,2
1340520.0,1175197.6,1589356.4,43102.0,32014.8,45859.0,3,3,3,2,2,2,-165322.3999999999,414158.7999999998,-11087.2,13844.2,1368358.0,40325.26666666667,414158.7999999998,13844.2,0.028853799655131063,3,0,3,2
1175197.6,1589356.4,553600.2,32014.8,45859.0,14525.8,3,3,3,2,2,2,414158.7999999998,-1035756.2,13844.2,-31333.2,1106051.4000000001,30799.86666666667,1035756.2,31333.2,0.026238743702145156,3,0,3,2
1589356.4,553600.2,741608.6,45859.0,14525.8,21156.6,3,3,3,2,2,2,-1035756.2,188008.40000000002,-31333.2,6630.799999999999,961521.7333333333,27180.466666666664,1035756.2,31333.2,0.02852794785828015,3,0,3,2
553600.2,741608.6,1477595.0,14525.8,21156.6,52788.2,3,3,3,2,2,2,188008.40000000002,735986.4,6630.799999999999,31631.6,924267.9333333332,29490.199999999997,923994.8,38262.399999999994,0.035725732879623384,5,14,3,2
741608.6,1477595.0,1511124.4,21156.6,52788.2,41019.0,3,3,3,2,2,2,735986.4,33529.39999999991,31631.6,-11769.199999999997,1243442.6666666667,38321.26666666666,769515.7999999999,31631.6,0.027144669793784156,3,0,3,2
1477595.0,1511124.4,1803124.6,52788.2,41019.0,45977.8,3,3,3,2,2,2,33529.39999999991,292000.2000000002,-11769.199999999997,4958.800000000003,1597281.3333333333,46595.0,325529.6000000001,11769.199999999997,0.02549894472132169,3,0,3,2
1511124.4,1803124.6,1453971.2,41019.0,45977.8,34392.0,3,3,3,2,2,2,292000.2000000002,-349153.40000000014,4958.800000000003,-11585.800000000003,1589406.7333333334,40462.933333333334,349153.40000000014,11585.800000000003,0.023653822267028213,5,14,3,2
1803124.6,1453971.2,1297740.0,45977.8,34392.0,22687.0,3,3,3,2,2,2,-349153.40000000014,-156231.19999999995,-11585.800000000003,-11705.0,1518278.5999999999,34352.26666666667,505384.6000000001,23290.800000000003,0.017481916653631194,3,0,3,2
1453971.2,1297740.0,1210063.8,34392.0,22687.0,27999.4,3,3,3,2,2,2,-156231.19999999995,-87676.19999999995,-11705.0,5312.4000000000015,1320591.6666666667,28359.466666666664,243907.3999999999,11705.0,0.023138760833304135,3,0,3,2
1297740.0,1210063.8,1417374.4,22687.0,27999.4,32057.4,3,3,3,2,2,2,-87676.19999999995,207310.59999999986,5312.4000000000015,4058.0,1308392.7333333332,27581.266666666666,207310.59999999986,9370.400000000001,0.0226174378361583,3,0,3,2
1210063.8,1417374.4,1347184.4,27999.4,32057.4,28801.2,3,3,3,2,2,2,207310.59999999986,-70190.0,4058.0,-3256.2000000000007,1324874.2,29619.333333333332,207310.59999999986,4058.0,0.02137879463361168,3,0,3,2
1417374.4,1347184.4,1559381.6,32057.4,28801.2,32137.6,3,3,3,2,2,2,-70190.0,212197.2000000002,-3256.2000000000007,3336.399999999998,1441313.4666666668,30998.733333333337,212197.2000000002,3336.399999999998,0.02060918212118052,3,0,3,2
1347184.4,1559381.6,1185677.2,28801.2,32137.6,49260.0,3,3,3,2,2,2,212197.2000000002,-373704.40000000014,3336.399999999998,17122.4,1364081.0666666667,36732.933333333334,373704.40000000014,20458.8,0.04154584270841785,3,0,3,2
1559381.6,1185677.2,1044759.4,32137.6,49260.0,50846.2,3,3,3,2,2,2,-373704.40000000014,-140917.79999999993,17122.4,1586.199999999997,1263272.7333333332,44081.26666666666,514622.20000000007,18708.6,0.04866780938481206,3,0,3,2
1185677.2,1044759.4,966926.4,49260.0,50846.2,44713.4,3,3,3,2,2,2,-140917.79999999993,-77833.0,1586.199999999997,-6132.799999999996,1065787.6666666667,48273.200000000004,218750.79999999993,6132.799999999996,0.04624276858841729,3,0,3,2
1044759.4,966926.4,1220769.0,50846.2,44713.4,35037.4,3,3,3,2,2,2,-77833.0,253842.59999999998,-6132.799999999996,-9676.0,1077484.9333333333,43532.333333333336,253842.59999999998,15808.799999999996,0.02870106572081555,3,0,3,2
966926.4,1220769.0,1226438.0,44713.4,35037.4,41846.6,3,3,3,2,2,2,253842.59999999998,5669.0,-9676.0,6809.199999999997,1138044.4666666666,40532.46666666667,259511.59999999998,9676.0,0.034120408760647696,3,0,3,2
1220769.0,1226438.0,1010714.6,35037.4,41846.6,27888.6,3,3,3,2,2,2,5669.0,-215723.40000000002,6809.199999999997,-13958.0,1152640.5333333334,34924.200000000004,215723.40000000002,13958.0,0.02759292525018907,3,0,3,2
1226438.0,1010714.6,994221.6,41846.6,27888.6,30034.0,3,3,3,2,2,2,-215723.40000000002,-16493.0,-13958.0,2145.4000000000015,1077124.7333333334,33256.4,232216.40000000002,13958.0,0.030208526742401553,3,0,3,2
1010714.6,994221.6,792016.6,27888.6,30034.0,31936.6,3,3,3,2,2,2,-16493.0,-202205.0,2145.4000000000015,1902.5999999999985,932317.6,29953.066666666666,218698.0,4048.0,0.04032309383023812,3,0,3,2
994221.6,792016.6,511776.4,30034.0,31936.6,13151.8,3,3,3,2,2,2,-202205.0,-280240.19999999995,1902.5999999999985,-18784.8,766004.8666666667,25040.8,482445.19999999995,18784.8,0.025698282104680666,3,0,2,2
792016.6,511776.4,216715.0,31936.6,13151.8,21444.8,3,3,2,2,2,2,-280240.19999999995,-295061.4,-18784.8,8293.0,506836.0,22177.733333333334,575301.6,18784.8,0.09895346905627642,3,0,3,2
511776.4,216715.0,833853.2,13151.8,21444.8,39406.4,3,2,3,2,2,2,-295061.4,617138.2,8293.0,17961.600000000002,520781.5333333334,24667.666666666668,617138.2,26254.600000000002,0.047258141771067415,3,0,3,2
216715.0,833853.2,1047294.4,21444.8,39406.4,75655.6,2,3,3,2,2,2,617138.2,213441.20000000007,17961.600000000002,36249.200000000004,699287.5333333333,45502.26666666666,830579.4,54210.8,0.07223902635302323,3,0,3,2
833853.2,1047294.4,1423663.6,39406.4,75655.6,96428.4,3,3,3,2,2,2,213441.20000000007,376369.20000000007,36249.200000000004,20772.79999999999,1101603.7333333334,70496.8,589810.4000000001,57021.99999999999,0.06773252632677668,3,0,3,2
1047294.4,1423663.6,1417903.8,75655.6,96428.4,45016.6,3,3,3,2,2,2,376369.20000000007,-5759.800000000047,20772.79999999999,-51411.799999999996,1296287.2666666666,72366.86666666667,376369.20000000007,51411.799999999996,0.0317486759336734,3,0,3,2
1423663.6,1417903.8,1010159.4,96428.4,45016.6,67566.0,3,3,3,2,2,2,-5759.800000000047,-407744.4,-51411.799999999996,22549.4,1283908.9333333333,69670.33333333333,413504.20000000007,51411.799999999996,0.06688640734679363,3,0,3,2
1417903.8,1010159.4,1021652.8,45016.6,67566.0,57089.4,3,3,3,2,2,2,-407744.4,11493.400000000023,22549.4,-10476.599999999999,1149905.3333333333,56557.333333333336,407744.4,22549.4,0.0558793986769295,3,0,3,2
1010159.4,1021652.8,880050.6,67566.0,57089.4,47841.0,3,3,3,2,2,2,11493.400000000023,-141602.20000000007,-10476.599999999999,-9248.400000000001,970620.9333333335,57498.799999999996,141602.20000000007,19725.0,0.054361585161597344,3,0,3,2
1021652.8,880050.6,1072342.2,57089.4,47841.0,62874.4,3,3,3,2,2,2,-141602.20000000007,192291.59999999998,-9248.400000000001,15033.400000000001,991348.5333333332,55934.93333333333,192291.59999999998,15033.400000000001,0.05863272131534009,3,0,3,2
880050.6,1072342.2,1341562.8,47841.0,62874.4,57199.8,3,3,3,2,2,2,192291.59999999998,269220.6000000001,15033.400000000001,-5674.5999999999985,1097985.2,55971.73333333334,461512.20000000007,15033.400000000001,0.042636660291519496,3,0,3,2
1072342.2,1341562.8,827058.2,62874.4,57199.8,35493.0,3,3,3,2,2,2,269220.6000000001,-514504.6000000001,-5674.5999999999985,-21706.800000000003,1080321.0666666667,51855.73333333334,514504.6000000001,27381.4,0.04291470308292321,5,14,3,2
1341562.8,827058.2,937492.6,57199.8,35493.0,34703.4,3,3,3,2,2,2,-514504.6000000001,110434.40000000002,-21706.800000000003,-789.5999999999985,1035371.2000000001,42465.4,514504.6000000001,22496.4,0.03701721270417206,3,0,3,2
827058.2,937492.6,1290007.0,35493.0,34703.4,47214.6,3,3,3,2,2,2,110434.40000000002,352514.4,-789.5999999999985,12511.199999999997,1018185.9333333332,39137.0,462948.80000000005,12511.199999999997,0.03660023813805806,3,0,3,2
937492.6,1290007.0,1379839.2,34703.4,47214.6,52831.8,3,3,3,2,2,2,352514.4,89832.19999999995,12511.199999999997,5617.200000000004,1202446.2666666666,44916.6,442346.6,18128.4,0.03828834672304808,3,0,3,2
1290007.0,1379839.2,773093.4,47214.6,52831.8,41177.2,3,3,3,2,2,2,89832.19999999995,-606745.7999999999,5617.200000000004,-11654.600000000006,1147646.5333333334,47074.533333333326,606745.7999999999,11654.600000000006,0.0532628356899235,3,0,3,2
1379839.2,773093.4,981138.6,52831.8,41177.2,44056.0,3,3,3,2,2,2,-606745.7999999999,208045.19999999995,-11654.600000000006,2878.800000000003,1044690.4,46021.666666666664,606745.7999999999,11654.600000000006,0.044902886398632776,1,22,3,2
773093.4,981138.6,1196773.2,41177.2,44056.0,46893.0,3,3,3,2,2,2,208045.19999999995,215634.59999999998,2878.800000000003,2837.0,983668.4,44042.06666666667,423679.79999999993,5715.800000000003,0.03918282997745105,1,22,3,2
981138.6,1196773.2,1074478.8,44056.0,46893.0,43910.8,3,3,3,2,2,2,215634.59999999998,-122294.3999999999,2837.0,-2982.199999999997,1084130.2,44953.26666666666,215634.59999999998,2982.199999999997,0.0408670316556905,1,22,3,2
1196773.2,1074478.8,724196.8,46893.0,43910.8,30961.8,3,3,3,2,2,2,-122294.3999999999,-350282.0,-2982.199999999997,-12949.000000000004,998482.9333333332,40588.53333333333,472576.3999999999,15931.2,0.04275323675382609,1,22,3,2
1074478.8,724196.8,721482.2,43910.8,30961.8,30836.6,3,3,3,2,2,2,-350282.0,-2714.600000000093,-12949.000000000004,-125.20000000000073,840052.6,35236.4,352996.6000000001,13074.200000000004,0.04274056554608618,3,0,3,2
724196.8,721482.2,910904.6,30961.8,30836.6,36107.2,3,3,3,2,2,2,-2714.600000000093,189422.40000000002,-125.20000000000073,5270.5999999999985,785527.8666666667,32635.199999999997,189422.40000000002,5270.5999999999985,0.039638794623723904,3,0,3,2
721482.2,910904.6,627913.0,30836.6,36107.2,30089.4,3,3,3,2,2,2,189422.40000000002,-282991.6,5270.5999999999985,-6017.799999999996,753433.2666666666,32344.399999999994,282991.6,6017.799999999996,0.04791961956573671,3,0,3,2
910904.6,627913.0,846142.4,36107.2,30089.4,42935.2,3,3,3,2,2,2,-282991.6,218229.40000000002,-6017.799999999996,12845.799999999996,794986.6666666666,36377.26666666667,282991.6,12845.799999999996,0.050742226435849996,3,0,3,2
627913.0,846142.4,876619.4,30089.4,42935.2,43315.2,3,3,3,2,2,2,218229.40000000002,30477.0,12845.799999999996,380.0,783558.2666666666,38779.933333333334,248706.40000000002,13225.799999999996,0.049411581113102086,3,0,3,2
846142.4,876619.4,988385.2,42935.2,43315.2,45541.2,3,3,3,2,2,2,30477.0,111765.79999999993,380.0,2226.0,903715.6666666666,43930.533333333326,142242.79999999993,2606.0,0.046076321178907594,5,14,3,2
876619.4,988385.2,1282917.4,43315.2,45541.2,47603.4,3,3,3,2,2,2,111765.79999999993,294532.19999999995,2226.0,2062.2000000000044,1049307.3333333333,45486.6,406297.9999999999,4288.200000000004,0.037105555583270146,3,0,3,2
988385.2,1282917.4,1187944.4,45541.2,47603.4,45552.8,3,3,3,2,2,2,294532.19999999995,-94973.0,2062.2000000000044,-2050.5999999999985,1153082.3333333333,46232.466666666674,294532.19999999995,2062.2000000000044,0.03834587010480449,3,0,3,2
1282917.4,1187944.4,897626.6,47603.4,45552.8,41392.2,3,3,3,2,2,2,-94973.0,-290317.79999999993,-2050.5999999999985,-4160.600000000006,1122829.4666666666,44849.466666666674,385290.79999999993,6211.200000000004,0.04611288690321019,3,0,3,2
1187944.4,897626.6,1076638.8,45552.8,41392.2,59015.4,3,3,3,2,2,2,-290317.79999999993,179012.20000000007,-4160.600000000006,17623.200000000004,1054069.9333333333,48653.46666666667,290317.79999999993,17623.200000000004,0.054814432830738745,3,0,3,2
897626.6,1076638.8,1241657.6,41392.2,59015.4,47666.0,3,3,3,2,2,2,179012.20000000007,165018.80000000005,17623.200000000004,-11349.400000000001,1071974.3333333333,49357.86666666667,344031.0000000001,17623.200000000004,0.03838897423172521,3,0,3,2
1076638.8,1241657.6,1154509.8,59015.4,47666.0,38435.8,3,3,3,2,2,2,165018.80000000005,-87147.80000000005,-11349.400000000001,-9230.199999999997,1157602.0666666667,48372.4,165018.80000000005,20579.6,0.03329184967347209,3,0,3,2
1241657.6,1154509.8,1200554.4,47666.0,38435.8,31728.6,3,3,3,2,2,2,-87147.80000000005,46044.59999999986,-9230.199999999997,-6707.200000000004,1198907.2666666668,39276.799999999996,87147.80000000005,15937.400000000001,0.02642826811657338,3,0,3,2
1154509.8,1200554.4,1128727.8,38435.8,31728.6,29273.6,3,3,3,2,2,2,46044.59999999986,-71826.59999999986,-6707.200000000004,-2455.0,1161264.0,33146.0,71826.59999999986,9162.200000000004,0.025935016453908145,3,0,3,2
1200554.4,1128727.8,1189444.0,31728.6,29273.6,30809.2,3,3,3,2,2,2,-71826.59999999986,60716.19999999995,-2455.0,1535.6000000000022,1172908.7333333334,30603.8,71826.59999999986,2455.0,0.02590216445485079,3,0,3,2
1128727.8,1189444.0,1075504.8,29273.6,30809.2,41744.0,3,3,3,2,2,2,60716.19999999995,-113939.19999999995,1535.6000000000022,10934.8,1131225.5333333332,33942.26666666667,113939.19999999995,12470.400000000001,0.03881336576706513,3,0,3,2
1189444.0,1075504.8,1220828.2,30809.2,41744.0,41547.8,3,3,3,2,2,2,-113939.19999999995,145323.3999999999,10934.8,-196.1999999999971,1161925.6666666667,38033.666666666664,145323.3999999999,10934.8,0.034032442867519885,3,0,3,2
1075504.8,1220828.2,1212593.8,41744.0,41547.8,46506.0,3,3,3,2,2,2,145323.3999999999,-8234.399999999907,-196.1999999999971,4958.199999999997,1169642.2666666666,43265.933333333334,145323.3999999999,4958.199999999997,0.0383524653082794,3,0,3,2
1220828.2,1212593.8,1169615.4,41547.8,46506.0,38007.2,3,3,3,2,2,2,-8234.399999999907,-42978.40000000014,4958.199999999997,-8498.800000000003,1201012.4666666666,42020.333333333336,51212.80000000005,8498.800000000003,0.032495440385411835,5,14,3,2
1212593.8,1169615.4,1129374.8,46506.0,38007.2,50680.6,3,3,3,2,2,2,-42978.40000000014,-40240.59999999986,-8498.800000000003,12673.400000000001,1170528.0,45064.6,83219.0,12673.400000000001,0.04487487690102798,5,14,3,2
1169615.4,1129374.8,1072046.6,38007.2,50680.6,32781.4,3,3,3,2,2,2,-40240.59999999986,-57328.19999999995,12673.400000000001,-17899.199999999997,1123678.9333333333,40489.73333333333,97568.79999999981,17899.199999999997,0.0305783064110213,5,14,3,2
1129374.8,1072046.6,1207058.4,50680.6,32781.4,50689.2,3,3,3,2,2,2,-57328.19999999995,135011.7999999998,-17899.199999999997,17907.799999999996,1136159.9333333333,44717.06666666667,135011.7999999998,17907.799999999996,0.04199395655259385,3,0,3,2
1072046.6,1207058.4,1081978.0,32781.4,50689.2,35541.8,3,3,3,2,2,2,135011.7999999998,-125080.3999999999,17907.799999999996,-15147.399999999994,1120361.0,39670.8,135011.7999999998,17907.799999999996,0.03284888154021474,3,0,3,2
1207058.4,1081978.0,1369287.8,50689.2,35541.8,52795.0,3,3,3,2,2,2,-125080.3999999999,287309.80000000005,-15147.399999999994,17253.199999999997,1219441.4000000001,46342.0,287309.80000000005,17253.199999999997,0.038556511964459216,3,0,3,2
1081978.0,1369287.8,1075974.2,35541.8,52795.0,27655.2,3,3,3,2,2,2,287309.80000000005,-293313.6000000001,17253.199999999997,-25139.8,1175746.6666666667,38664.0,293313.6000000001,25139.8,0.025702451134561467,3,0,3,2
1369287.8,1075974.2,456022.2,52795.0,27655.2,46296.8,3,3,3,2,2,2,-293313.6000000001,-619952.0,-25139.8,18641.600000000002,967094.7333333334,42249.0,913265.6000000001,25139.8,0.10152290497501004,3,0,3,2
1075974.2,456022.2,837766.0,27655.2,46296.8,34598.6,3,3,3,2,2,2,-619952.0,381743.8,18641.600000000002,-11698.200000000004,789920.7999999999,36183.53333333333,619952.0,18641.600000000002,0.04129859495539929,3,0,3,2
456022.2,837766.0,968548.2,46296.8,34598.6,38098.2,3,3,3,2,2,2,381743.8,130782.19999999995,-11698.200000000004,3499.5999999999985,754112.1333333333,39664.53333333333,512525.99999999994,11698.200000000004,0.03933532751872595,3,0,3,2
837766.0,968548.2,1108431.2,34598.6,38098.2,47569.2,3,3,3,2,2,2,130782.19999999995,139883.0,3499.5999999999985,9471.0,971581.7999999999,40088.666666666664,270665.19999999995,12970.599999999999,0.04291575073333308,3,0,3,2
968548.2,1108431.2,816674.6,38098.2,47569.2,30697.8,3,3,3,2,2,2,139883.0,-291756.6,9471.0,-16871.399999999998,964551.3333333334,38788.4,291756.6,16871.399999999998,0.03758873168244527,3,0,3,2
1108431.2,816674.6,758927.4,47569.2,30697.8,29383.8,3,3,3,2,2,2,-291756.6,-57747.19999999995,-16871.399999999998,-1314.0,894677.7333333333,35883.6,349503.79999999993,18185.399999999998,0.03871748639265575,3,0,3,2
816674.6,758927.4,1228707.0,30697.8,29383.8,46024.4,3,3,3,2,2,2,-57747.19999999995,469779.6,-1314.0,16640.600000000002,934769.6666666666,35368.666666666664,469779.6,16640.600000000002,0.03745755704365887,3,0,3,2
758927.4,1228707.0,1144657.6,29383.8,46024.4,49057.0,3,3,3,2,2,2,469779.6,-84049.3999999999,16640.600000000002,3032.5999999999985,1044097.3333333334,41488.4,469779.6,19673.2,0.04285732007779437,3,0,3,2
1228707.0,1144657.6,754418.4,46024.4,49057.0,27738.8,3,3,3,2,2,2,-84049.3999999999,-390239.20000000007,3032.5999999999985,-21318.2,1042594.3333333334,40940.066666666666,474288.6,21318.2,0.036768407599274355,3,0,3,2
1144657.6,754418.4,786022.4,49057.0,27738.8,31187.6,3,3,3,2,2,2,-390239.20000000007,31604.0,-21318.2,3448.7999999999993,895032.7999999999,35994.46666666667,390239.20000000007,21318.2,0.03967769916264579,3,0,3,2
754418.4,786022.4,812500.2,27738.8,31187.6,33113.0,3,3,3,2,2,2,31604.0,26477.79999999993,3448.7999999999993,1925.4000000000015,784313.6666666666,30679.8,58081.79999999993,5374.200000000001,0.0407544013473457,5,14,3,2
786022.4,812500.2,1072923.6,31187.6,33113.0,38440.6,3,3,3,2,2,2,26477.79999999993,260423.40000000014,1925.4000000000015,5327.5999999999985,890482.0666666668,34247.066666666666,286901.20000000007,7253.0,0.03582786712132427,5,14,3,2
812500.2,1072923.6,884935.4,33113.0,38440.6,33532.2,3,3,3,2,2,2,260423.40000000014,-187988.20000000007,5327.5999999999985,-4908.4000000000015,923453.0666666668,35028.6,260423.40000000014,5327.5999999999985,0.03789221462694946,3,0,3,2
1072923.6,884935.4,411505.4,38440.6,33532.2,15962.0,3,3,3,2,2,2,-187988.20000000007,-473430.0,-4908.4000000000015,-17570.199999999997,789788.1333333333,29311.599999999995,661418.2000000001,22478.6,0.03878919015597327,3,0,2,1
884935.4,411505.4,118187.2,33532.2,15962.0,6343.4,3,3,2,2,2,1,-473430.0,-293318.2,-17570.199999999997,-9618.6,471542.6666666667,18612.533333333333,766748.2000000001,27188.799999999996,0.053672024787584545,3,0,2,1
411505.4,118187.2,135786.2,15962.0,6343.4,6060.4,3,2,2,2,1,1,-293318.2,17599.000000000015,-9618.6,-283.0,221826.2666666667,9455.266666666668,293318.2,9901.6,0.044631600032992796,3,0,3,2
118187.2,135786.2,374029.8,6343.4,6060.4,16947.4,2,2,3,1,1,2,17599.000000000015,238243.59999999998,-283.0,10887.000000000002,209334.4,9783.733333333334,255842.59999999998,10887.000000000002,0.04531017231735997,3,0,3,2
135786.2,374029.8,1215889.4,6060.4,16947.4,44962.0,2,3,3,1,2,2,238243.59999999998,841859.5999999999,10887.000000000002,28014.6,575235.1333333333,22656.600000000002,1080103.2,38901.6,0.03697866189255216,3,0,3,2
374029.8,1215889.4,958704.4,16947.4,44962.0,41168.2,3,3,3,2,2,2,841859.5999999999,-257184.99999999988,28014.6,-3793.800000000003,849541.2000000001,34359.200000000004,841859.5999999999,28014.6,0.04294145000122039,5,14,3,2
1215889.4,958704.4,1291990.8,44962.0,41168.2,44589.2,3,3,3,2,2,2,-257184.99999999988,333286.4,-3793.800000000003,3421.0,1155528.2,43573.13333333333,333286.4,3793.800000000003,0.03451198374478847,5,14,3,2
958704.4,1291990.8,1226466.4,41168.2,44589.2,32663.6,3,3,3,2,2,2,333286.4,-65524.40000000014,3421.0,-11925.599999999999,1159053.8666666667,39473.666666666664,333286.4,11925.599999999999,0.026632261077628318,3,0,3,2
1291990.8,1226466.4,1331857.6,44589.2,32663.6,24294.6,3,3,3,2,2,2,-65524.40000000014,105391.20000000019,-11925.599999999999,-8369.0,1283438.2666666668,33849.13333333333,105391.20000000019,20294.6,0.018241125596966522,3,0,3,2
1226466.4,1331857.6,1037985.6,32663.6,24294.6,25159.8,3,3,3,2,2,2,105391.20000000019,-293872.0000000001,-8369.0,865.2000000000007,1198769.8666666667,27372.666666666668,293872.0000000001,8369.0,0.02423904123617781,3,0,3,2
1331857.6,1037985.6,706922.6,24294.6,25159.8,33043.2,3,3,3,2,2,2,-293872.0000000001,-331063.0,865.2000000000007,7883.399999999998,1025588.6000000001,27499.199999999997,624935.0000000001,8748.599999999999,0.046742250506278185,3,0,3,2
1037985.6,706922.6,908975.8,25159.8,33043.2,32498.0,3,3,3,2,2,2,-331063.0,202053.20000000007,7883.399999999998,-545.1999999999971,884628.0,30233.666666666668,331063.0,7883.399999999998,0.035752287627142956,3,0,3,2
706922.6,908975.8,1162151.2,33043.2,32498.0,39701.0,3,3,3,2,2,2,202053.20000000007,253175.3999999999,-545.1999999999971,7203.0,926016.5333333332,35080.73333333333,455228.6,7203.0,0.03416161841796626,3,0,3,2
908975.8,1162151.2,1108365.0,32498.0,39701.0,36513.0,3,3,3,2,2,2,253175.3999999999,-53786.19999999995,7203.0,-3188.0,1059830.6666666667,36237.333333333336,253175.3999999999,7203.0,0.032943089196168056,3,0,3,2
1162151.2,1108365.0,1347594.2,39701.0,36513.0,38662.8,3,3,3,2,2,2,-53786.19999999995,239229.19999999995,-3188.0,2149.800000000003,1206036.8,38292.26666666667,239229.19999999995,3188.0,0.02869021795269084,3,0,3,2
1108365.0,1347594.2,1336681.6,36513.0,38662.8,42503.0,3,3,3,2,2,2,239229.19999999995,-10912.59999999986,2149.800000000003,3840.199999999997,1264213.6,39226.26666666667,239229.19999999995,5990.0,0.031797376579900116,3,0,3,2
1347594.2,1336681.6,1497571.6,38662.8,42503.0,35220.4,3,3,3,2,2,2,-10912.59999999986,160890.0,3840.199999999997,-7282.5999999999985,1393949.1333333333,38795.4,160890.0,7282.5999999999985,0.023518325589023194,3,0,3,2
1336681.6,1497571.6,1515909.0,42503.0,35220.4,35046.6,3,3,3,2,2,2,160890.0,18337.399999999907,-7282.5999999999985,-173.8000000000029,1450054.0666666667,37590.0,179227.3999999999,7456.4000000000015,0.023119182537221866,3,0,3,2
1497571.6,1515909.0,1565010.0,35220.4,35046.6,34195.0,3,3,3,2,2,2,18337.399999999907,49101.0,-173.8000000000029,-851.5999999999985,1526163.5333333332,34820.666666666664,67438.3999999999,1025.4000000000015,0.021849686679518546,3,0,3,2
1515909.0,1565010.0,1666609.0,35046.6,34195.0,34376.4,3,3,3,2,2,2,49101.0,101599.0,-851.5999999999985,181.40000000000146,1582509.3333333333,34539.333333333336,150700.0,851.5999999999985,0.020626541302404284,3,0,3,2
1565010.0,1666609.0,1744889.6,34195.0,34376.4,42328.6,3,3,3,2,2,2,101599.0,78280.6000000001,181.40000000000146,7952.199999999997,1658836.2,36966.666666666664,179879.6000000001,8133.5999999999985,0.024258598218134704,3,0,3,2
1666609.0,1744889.6,1051012.6,34376.4,42328.6,46669.2,3,3,3,2,2,2,78280.6000000001,-693877.0,7952.199999999997,4340.5999999999985,1487503.7333333334,41124.73333333333,693877.0,12292.799999999996,0.04440399248877464,3,0,3,2
1744889.6,1051012.6,1191459.4,42328.6,46669.2,45946.6,3,3,3,2,2,2,-693877.0,140446.7999999998,4340.5999999999985,-722.5999999999985,1329120.5333333334,44981.46666666667,693877.0,4340.5999999999985,0.03856326236272729,2,6,3,2
1051012.6,1191459.4,1256194.2,46669.2,45946.6,42801.4,3,3,3,2,2,2,140446.7999999998,64734.80000000005,-722.5999999999985,-3145.199999999997,1166222.0666666667,45139.06666666666,205181.59999999986,3867.7999999999956,0.03407225246522197,2,6,3,2
1191459.4,1256194.2,1230414.4,45946.6,42801.4,43661.8,3,3,3,2,2,2,64734.80000000005,-25779.800000000047,-3145.199999999997,860.4000000000015,1226022.6666666665,44136.6,64734.80000000005,3145.199999999997,0.03548541411298981,2,6,3,2
1256194.2,1230414.4,1209220.0,42801.4,43661.8,47246.2,3,3,3,2,2,2,-25779.800000000047,-21194.399999999907,860.4000000000015,3584.399999999994,1231942.8666666665,44569.80000000001,46974.19999999995,4444.799999999996,0.03907160064206625,2,6,3,2
1230414.4,1209220.0,1035230.8,43661.8,47246.2,38062.6,3,3,3,2,2,2,-21194.399999999907,-173989.19999999995,3584.399999999994,-9183.599999999999,1158288.4000000001,42990.200000000004,195183.59999999986,9183.599999999999,0.03676722449986563,3,0,3,2
1209220.0,1035230.8,1186363.0,47246.2,38062.6,39039.8,3,3,3,2,2,2,-173989.19999999995,151132.19999999995,-9183.599999999999,977.2000000000044,1143604.5999999999,41449.53333333333,173989.19999999995,9183.599999999999,0.032907101024643365,3,0,3,2
1035230.8,1186363.0,827645.0,38062.6,39039.8,35121.6,3,3,3,2,2,2,151132.19999999995,-358718.0,977.2000000000044,-3918.2000000000044,1016412.9333333332,37408.0,358718.0,3918.2000000000044,0.04243553403266614,3,0,3,2
1186363.0,827645.0,768121.4,39039.8,35121.6,33719.4,3,3,3,2,2,2,-358718.0,-59523.59999999998,-3918.2000000000044,-1402.199999999997,927376.4666666667,35960.26666666666,418241.6,5320.4000000000015,0.04389847243095632,3,0,3,2
827645.0,768121.4,841556.8,35121.6,33719.4,36410.0,3,3,3,2,2,2,-59523.59999999998,73435.40000000002,-1402.199999999997,2690.5999999999985,812441.0666666668,35083.666666666664,73435.40000000002,2690.5999999999985,0.04326500211868988,3,0,3,2
768121.4,841556.8,887762.6,33719.4,36410.0,32895.4,3,3,3,2,2,2,73435.40000000002,46205.79999999993,2690.5999999999985,-3514.5999999999985,832480.2666666667,34341.6,119641.19999999995,3514.5999999999985,0.03705423380728834,3,0,3,2
841556.8,887762.6,928283.0,36410.0,32895.4,40111.0,3,3,3,2,2,2,46205.79999999993,40520.40000000002,-3514.5999999999985,7215.5999999999985,885867.4666666667,36472.13333333333,86726.19999999995,7215.5999999999985,0.04320983664481991,3,0,3,2
887762.6,928283.0,1014165.8,32895.4,40111.0,40460.2,3,3,3,2,2,2,40520.40000000002,85882.80000000005,7215.5999999999985,349.1999999999971,943403.8000000002,37822.2,126403.20000000007,7564.799999999996,0.039895015297286396,3,0,3,2
928283.0,1014165.8,883407.4,40111.0,40460.2,37351.8,3,3,3,2,2,2,85882.80000000005,-130758.40000000002,349.1999999999971,-3108.399999999994,941952.0666666668,39307.666666666664,130758.40000000002,3108.399999999994,0.04228146347714149,3,0,3,2
1014165.8,883407.4,719168.4,40460.2,37351.8,36913.8,3,3,3,2,2,2,-130758.40000000002,-164239.0,-3108.399999999994,-438.0,872247.2000000001,38241.933333333334,294997.4,3546.399999999994,0.051328379655752876,3,0,3,2
883407.4,719168.4,585035.0,37351.8,36913.8,31933.0,3,3,3,2,2,2,-164239.0,-134133.40000000002,-438.0,-4980.800000000003,729203.6,35399.53333333333,298372.4,5418.800000000003,0.05458296583458112,3,0,3,2
719168.4,585035.0,509749.8,36913.8,31933.0,37706.6,3,3,3,2,2,2,-134133.40000000002,-75285.20000000001,-4980.800000000003,5773.5999999999985,604651.0666666667,35517.799999999996,209418.60000000003,5773.5999999999985,0.07397065389598212,5,14,3,2
585035.0,509749.8,577068.2,31933.0,37706.6,37138.2,3,3,3,2,2,2,-75285.20000000001,67318.39999999997,5773.5999999999985,-568.4000000000015,557284.3333333334,35592.6,75285.20000000001,5773.5999999999985,0.064356579765477,5,14,3,2
509749.8,577068.2,584142.2,37706.6,37138.2,25248.8,3,3,3,2,2,2,67318.39999999997,7074.0,-568.4000000000015,-11889.399999999998,556986.7333333333,33364.53333333333,74392.39999999997,12457.8,0.043223647900035474,5,14,3,2
577068.2,584142.2,671680.6,37138.2,25248.8,29219.2,3,3,3,2,2,2,7074.0,87538.40000000002,-11889.399999999998,3970.4000000000015,610963.6666666666,30535.399999999998,94612.40000000002,11889.399999999998,0.04350156383619858,3,0,3,2
584142.2,671680.6,1053366.2,25248.8,29219.2,42980.6,3,3,3,2,2,2,87538.40000000002,381685.6,3970.4000000000015,13761.399999999998,769729.6666666666,32482.86666666667,469224.0,17731.8,0.040803055192908985,3,0,3,2
671680.6,1053366.2,1116362.2,29219.2,42980.6,43836.2,3,3,3,2,2,2,381685.6,62996.0,13761.399999999998,855.5999999999985,947136.3333333334,38678.666666666664,444681.6,14616.999999999996,0.039266969746046806,3,0,3,2
1053366.2,1116362.2,1168281.0,42980.6,43836.2,57074.4,3,3,3,2,2,2,62996.0,51918.80000000005,855.5999999999985,13238.200000000004,1112669.8,47963.73333333333,114914.80000000005,14093.800000000003,0.04885327343911829,3,0,3,2
1116362.2,1168281.0,1421892.8,43836.2,57074.4,50003.6,3,3,3,2,2,2,51918.80000000005,253611.80000000005,13238.200000000004,-7070.800000000003,1235512.0,50304.73333333334,305530.6000000001,13238.200000000004,0.035166902056960936,3,0,3,2
1168281.0,1421892.8,1640841.2,57074.4,50003.6,34035.2,3,3,3,2,2,2,253611.80000000005,218948.3999999999,-7070.800000000003,-15968.400000000001,1410338.3333333333,47037.73333333334,472560.19999999995,23039.200000000004,0.020742518689487628,3,0,3,2
1421892.8,1640841.2,1338675.0,50003.6,34035.2,25068.4,3,3,3,2,2,2,218948.3999999999,-302166.19999999995,-15968.400000000001,-8966.799999999996,1467136.3333333333,36369.06666666666,302166.19999999995,24935.199999999997,0.018726263860710135,3,0,3,2
1640841.2,1338675.0,1453837.8,34035.2,25068.4,32628.4,3,3,3,2,2,2,-302166.19999999995,115162.80000000005,-8966.799999999996,7560.0,1477784.6666666667,30577.333333333332,302166.19999999995,8966.799999999996,0.022442928335658672,3,0,3,2
1338675.0,1453837.8,1009580.8,25068.4,32628.4,47918.8,3,3,3,2,2,2,115162.80000000005,-444257.0,7560.0,15290.400000000001,1267364.5333333332,35205.200000000004,444257.0,22850.4,0.04746400935516072,3,0,3,2
1453837.8,1009580.8,998156.0,32628.4,47918.8,42721.6,3,3,3,2,2,2,-444257.0,-11424.800000000047,15290.400000000001,-5197.200000000004,1153858.2,41089.600000000006,455681.80000000005,15290.400000000001,0.042800481287011964,3,0,3,2
1009580.8,998156.0,1156674.6,47918.8,42721.6,42024.0,3,3,3,2,2,2,-11424.800000000047,158518.6000000001,-5197.200000000004,-697.5999999999985,1054803.8,44221.46666666667,158518.6000000001,5894.800000000003,0.036331707870383013,3,0,3,2
998156.0,1156674.6,1271860.8,42721.6,42024.0,41614.6,3,3,3,2,2,2,158518.6000000001,115186.19999999995,-697.5999999999985,-409.40000000000146,1142230.4666666668,42120.06666666667,273704.80000000005,1107.0,0.032719435397776706,3,0,3,2
1156674.6,1271860.8,1271614.6,42024.0,41614.6,42481.4,3,3,3,2,2,2,115186.19999999995,-246.19999999995343,-409.40000000000146,866.8000000000029,1233383.3333333335,42040.0,115186.19999999995,866.8000000000029,0.033407422809220017,3,0,3,2
1271860.8,1271614.6,1365050.6,41614.6,42481.4,39828.6,3,3,3,2,2,2,-246.19999999995343,93436.0,866.8000000000029,-2652.800000000003,1302842.0000000002,41308.200000000004,93436.0,2652.800000000003,0.02917735857018152,3,0,3,2
1271614.6,1365050.6,1170317.0,42481.4,39828.6,39011.0,3,3,3,2,2,2,93436.0,-194733.6000000001,-2652.800000000003,-817.5999999999985,1268994.0666666667,40440.333333333336,194733.6000000001,3470.4000000000015,0.03333367512077914,3,0,3,2
1365050.6,1170317.0,1562535.8,39828.6,39011.0,51827.6,3,3,3,2,2,2,-194733.6000000001,392218.80000000005,-817.5999999999985,12816.599999999999,1365967.8,43555.73333333334,392218.80000000005,12816.599999999999,0.03316888280647214,3,0,3,2
1170317.0,1562535.8,942590.6,39011.0,51827.6,28899.8,3,3,3,2,2,2,392218.80000000005,-619945.2000000001,12816.599999999999,-22927.8,1225147.8,39912.8,619945.2000000001,22927.8,0.03065993798374609,3,0,3,2
1562535.8,942590.6,1260080.4,51827.6,28899.8,48311.2,3,3,3,2,2,2,-619945.2000000001,317489.79999999993,-22927.8,19411.399999999998,1255068.9333333333,43012.86666666666,619945.2000000001,22927.8,0.03833974535295894,2,6,3,2
942590.6,1260080.4,1446477.2,28899.8,48311.2,59025.8,3,3,3,2,2,2,317489.79999999993,186396.80000000005,19411.399999999998,10714.600000000006,1216382.7333333334,45412.26666666666,503886.6,30126.000000000004,0.040806560375400064,2,6,3,2
1260080.4,1446477.2,1050308.2,48311.2,59025.8,49884.2,3,3,3,2,2,2,186396.80000000005,-396169.0,10714.600000000006,-9141.600000000006,1252288.5999999999,52407.06666666667,396169.0,10714.600000000006,0.0474947758241097,2,6,3,2
1446477.2,1050308.2,1377199.2,59025.8,49884.2,55186.0,3,3,3,2,2,2,-396169.0,326891.0,-9141.600000000006,5301.800000000003,1291328.2,54698.666666666664,396169.0,9141.600000000006,0.04007115305385521,2,6,3,2
1050308.2,1377199.2,1467056.2,49884.2,55186.0,57717.0,3,3,3,2,2,2,326891.0,89857.0,5301.800000000003,2531.0,1298187.8666666665,54262.4,416748.0,7832.800000000003,0.039342024291895365,2,6,3,2
1377199.2,1467056.2,1146385.0,55186.0,57717.0,54679.4,3,3,3,2,2,2,89857.0,-320671.19999999995,2531.0,-3037.5999999999985,1330213.4666666666,55860.799999999996,320671.19999999995,3037.5999999999985,0.04769719797694669,5,14,3,2
1467056.2,1146385.0,1294784.4,57717.0,54679.4,53365.6,3,3,3,2,2,2,-320671.19999999995,148399.3999999999,-3037.5999999999985,-1313.800000000003,1302741.8666666667,55254.0,320671.19999999995,4351.4000000000015,0.04121578757375547,5,14,3,2
1146385.0,1294784.4,1240315.0,54679.4,53365.6,56060.4,3,3,3,2,2,2,148399.3999999999,-54469.39999999991,-1313.800000000003,2694.800000000003,1227161.4666666666,54701.799999999996,148399.3999999999,2694.800000000003,0.04519848167724999,5,14,3,2
1294784.4,1240315.0,1010089.8,53365.6,56060.4,40221.2,3,3,3,2,2,2,-54469.39999999991,-230225.19999999995,2694.800000000003,-15839.200000000004,1181729.7333333334,49882.4,284694.59999999986,15839.200000000004,0.039819390494399115,5,14,3,2
1240315.0,1010089.8,924168.4,56060.4,40221.2,35459.6,3,3,3,2,2,2,-230225.19999999995,-85921.40000000002,-15839.200000000004,-4761.5999999999985,1058191.0666666667,43913.73333333334,316146.6,20600.800000000003,0.038369156130899806,5,14,3,2
1010089.8,924168.4,823497.8,40221.2,35459.6,34403.4,3,3,3,2,2,2,-85921.40000000002,-100670.59999999998,-4761.5999999999985,-1056.199999999997,919252.0,36694.73333333333,186592.0,5817.799999999996,0.04177711005771957,5,14,3,2
924168.4,823497.8,873192.0,35459.6,34403.4,32031.2,3,3,3,2,2,2,-100670.59999999998,49694.19999999995,-1056.199999999997,-2372.2000000000007,873619.4,33964.73333333333,100670.59999999998,3428.399999999998,0.03668284102140077,3,0,3,2
823497.8,873192.0,1199682.6,34403.4,32031.2,48823.4,3,3,3,2,2,2,49694.19999999995,326490.6000000001,-2372.2000000000007,16792.2,965457.4666666668,38419.333333333336,376184.80000000005,16792.2,0.040696897081863914,3,0,3,2
873192.0,1199682.6,1400785.6,32031.2,48823.4,52193.4,3,3,3,2,2,2,326490.6000000001,201103.0,16792.2,3370.0,1157886.7333333334,44349.333333333336,527593.6000000001,20162.2,0.03726006516624302,3,0,3,2
1199682.6,1400785.6,1046067.4,48823.4,52193.4,45936.0,3,3,3,2,2,2,201103.0,-354718.20000000007,3370.0,-6257.4000000000015,1215511.8666666667,48984.26666666666,354718.20000000007,6257.4000000000015,0.04391299842343006,3,0,3,2
1400785.6,1046067.4,1176811.2,52193.4,45936.0,50768.4,3,3,3,2,2,2,-354718.20000000007,130743.79999999993,-6257.4000000000015,4832.4000000000015,1207888.0666666667,49632.6,354718.20000000007,6257.4000000000015,0.04314061326012766,3,0,3,2
1046067.4,1176811.2,1173189.8,45936.0,50768.4,70758.0,3,3,3,2,2,2,130743.79999999993,-3621.399999999907,4832.4000000000015,19989.6,1132022.8,55820.799999999996,130743.79999999993,24822.0,0.06031244022711395,3,0,3,2
1176811.2,1173189.8,1434647.6,50768.4,70758.0,62974.2,3,3,3,2,2,2,-3621.399999999907,261457.80000000005,19989.6,-7783.800000000003,1261549.5333333334,61500.19999999999,261457.80000000005,19989.6,0.04389520890342066,3,0,3,2
1173189.8,1434647.6,1482800.2,70758.0,62974.2,53002.6,3,3,3,2,2,2,261457.80000000005,48152.59999999986,-7783.800000000003,-9971.599999999999,1363545.866666667,62244.93333333334,309610.3999999999,17755.4,0.035744913073984565,3,0,3,2
1434647.6,1482800.2,1219046.0,62974.2,53002.6,47663.8,3,3,3,2,2,2,48152.59999999986,-263754.19999999995,-9971.599999999999,-5338.799999999996,1378831.2666666666,54546.86666666666,263754.19999999995,15310.399999999994,0.03909923079257814,3,0,3,2
1482800.2,1219046.0,1224863.2,53002.6,47663.8,45191.2,3,3,3,2,2,2,-263754.19999999995,5817.199999999953,-5338.799999999996,-2472.600000000006,1308903.1333333335,48619.19999999999,263754.19999999995,7811.4000000000015,0.036894865569587224,3,0,3,2
1219046.0,1224863.2,1467718.8,47663.8,45191.2,55667.8,3,3,3,2,2,2,5817.199999999953,242855.6000000001,-2472.600000000006,10476.600000000006,1303876.0,49507.6,248672.80000000005,10476.600000000006,0.037928084093435274,3,0,3,2
1224863.2,1467718.8,1533224.0,45191.2,55667.8,77818.8,3,3,3,2,2,2,242855.6000000001,65505.19999999995,10476.600000000006,22151.0,1408602.0,59559.26666666666,308360.80000000005,32627.600000000006,0.050754977253827716,3,0,3,2
1467718.8,1533224.0,1637963.8,55667.8,77818.8,57824.8,3,3,3,2,2,2,65505.19999999995,104739.80000000005,22151.0,-19994.0,1546302.2,63770.466666666674,170245.0,22151.0,0.035302834346623325,3,0,3,2
1533224.0,1637963.8,1794709.8,77818.8,57824.8,50973.2,3,3,3,2,2,2,104739.80000000005,156746.0,-19994.0,-6851.600000000006,1655299.2,62205.6,261485.80000000005,26845.600000000006,0.0284019018551624,3,0,3,2
1637963.8,1794709.8,1863592.2,57824.8,50973.2,41074.4,3,3,3,2,2,2,156746.0,68882.3999999999,-6851.600000000006,-9898.799999999996,1765421.9333333333,49957.46666666667,225628.3999999999,16750.4,0.022040432429137433,3,0,3,2
1794709.8,1863592.2,1581570.8,50973.2,41074.4,54465.2,3,3,3,2,2,2,68882.3999999999,-282021.3999999999,-9898.799999999996,13390.799999999996,1746624.2666666666,48837.6,282021.3999999999,13390.799999999996,0.03443738690839075,3,0,3,2
1863592.2,1581570.8,1634485.6,41074.4,54465.2,50952.6,3,3,3,2,2,2,-282021.3999999999,52914.80000000005,13390.799999999996,-3512.5999999999985,1693216.2,48830.73333333334,282021.3999999999,13390.799999999996,0.031173458381365742,3,0,3,2
1581570.8,1634485.6,1842894.4,54465.2,50952.6,55777.4,3,3,3,2,2,2,52914.80000000005,208408.7999999998,-3512.5999999999985,4824.800000000003,1686316.9333333336,53731.73333333333,261323.59999999986,4824.800000000003,0.030266177885082356,3,0,3,2
1634485.6,1842894.4,1673345.4,50952.6,55777.4,47053.0,3,3,3,2,2,2,208408.7999999998,-169549.0,4824.800000000003,-8724.400000000001,1716908.4666666668,51261.0,208408.7999999998,8724.400000000001,0.028119103133696647,3,0,3,2
1842894.4,1673345.4,1200402.0,55777.4,47053.0,34298.4,3,3,3,2,2,2,-169549.0,-472943.3999999999,-8724.400000000001,-12754.599999999999,1572213.9333333333,45709.6,642492.3999999999,21479.0,0.028572404434177523,3,0,3,2
1673345.4,1200402.0,1669021.8,47053.0,34298.4,43668.6,3,3,3,2,2,2,-472943.3999999999,468619.80000000005,-12754.599999999999,9370.199999999997,1514256.4000000001,41673.333333333336,472943.3999999999,12754.599999999999,0.026164172232997655,3,0,3,2
1200402.0,1669021.8,2041585.6,34298.4,43668.6,49282.4,3,3,3,2,2,2,468619.80000000005,372563.80000000005,9370.199999999997,5613.800000000003,1637003.1333333335,42416.46666666667,841183.6000000001,14984.0,0.024139265020646197,3,0,3,2
1669021.8,2041585.6,1334464.8,43668.6,49282.4,46817.8,3,3,3,2,2,2,372563.80000000005,-707120.8,5613.800000000003,-2464.5999999999985,1681690.7333333334,46589.6,707120.8,5613.800000000003,0.03508355178529116,3,0,3,2
2041585.6,1334464.8,1528717.4,49282.4,46817.8,53426.4,3,3,3,2,2,2,-707120.8,194252.59999999986,-2464.5999999999985,6608.5999999999985,1634922.6000000003,49842.200000000004,707120.8,6608.5999999999985,0.03494849018628938,3,0,3,2
1334464.8,1528717.4,1681096.6,46817.8,53426.4,61500.4,3,3,3,2,2,2,194252.59999999986,152379.2000000002,6608.5999999999985,8074.0,1514759.6000000003,53914.86666666667,346631.80000000005,14682.599999999999,0.036583479745613816,3,0,3,2
1528717.4,1681096.6,1638726.2,53426.4,61500.4,52040.8,3,3,3,2,2,2,152379.2000000002,-42370.40000000014,8074.0,-9459.599999999999,1616180.0666666667,55655.86666666667,152379.2000000002,9459.599999999999,0.031756841529206326,3,0,3,2
1681096.6,1638726.2,1575180.4,61500.4,52040.8,53527.8,3,3,3,2,2,2,-42370.40000000014,-63545.80000000005,-9459.599999999999,1487.0,1631667.7333333332,55689.666666666664,105916.20000000019,9459.599999999999,0.033981990899587824,3,0,3,2
1638726.2,1575180.4,1769526.8,52040.8,53527.8,47415.6,3,3,3,2,2,2,-63545.80000000005,194346.40000000014,1487.0,-6112.200000000004,1661144.4666666666,50994.73333333334,194346.40000000014,6112.200000000004,0.02679562310351948,3,0,3,2
1575180.4,1769526.8,1812748.8,53527.8,47415.6,42936.0,3,3,3,2,2,2,194346.40000000014,43222.0,-6112.200000000004,-4479.5999999999985,1719152.0,47959.799999999996,237568.40000000014,10591.800000000003,0.02368556322554828,3,0,3,2
1769526.8,1812748.8,1651135.4,47415.6,42936.0,48411.0,3,3,3,2,2,2,43222.0,-161613.40000000014,-4479.5999999999985,5475.0,1744470.3333333333,46254.200000000004,161613.40000000014,5475.0,0.029319806649529382,3,0,3,2
1812748.8,1651135.4,1137729.2,42936.0,48411.0,40056.6,3,3,3,2,2,2,-161613.40000000014,-513406.19999999995,5475.0,-8354.400000000001,1533871.1333333335,43801.200000000004,675019.6000000001,8354.400000000001,0.035207468343549285,3,0,3,2
1651135.4,1137729.2,1494093.4,48411.0,40056.6,54777.4,3,3,3,2,2,2,-513406.19999999995,356364.19999999995,-8354.400000000001,14720.800000000003,1427652.6666666667,47748.333333333336,513406.19999999995,14720.800000000003,0.03666260980564549,3,0,3,2
1137729.2,1494093.4,1193894.8,40056.6,54777.4,56809.8,3,3,3,2,2,2,356364.19999999995,-300198.59999999986,14720.800000000003,2032.4000000000015,1275239.133333333,50547.93333333333,356364.19999999995,16753.200000000004,0.047583549586153163,3,0,3,2
1494093.4,1193894.8,1132899.2,54777.4,56809.8,77382.8,3,3,3,2,2,2,-300198.59999999986,-60995.60000000009,2032.4000000000015,20573.0,1273629.1333333335,62990.0,361194.19999999995,22605.4,0.06830504575778167,3,0,3,2
1193894.8,1132899.2,1491309.8,56809.8,77382.8,58005.6,3,3,3,2,2,2,-60995.60000000009,358410.6000000001,20573.0,-19377.200000000004,1272701.2666666666,64066.06666666667,358410.6000000001,20573.0,0.038895715098422136,3,0,3,2
1132899.2,1491309.8,817807.4,77382.8,58005.6,44266.2,3,3,3,2,2,2,358410.6000000001,-673502.4,-19377.200000000004,-13739.400000000001,1147338.8,59884.86666666666,673502.4,33116.600000000006,0.05412783727826713,3,0,3,2
1491309.8,817807.4,1325177.0,58005.6,44266.2,46890.6,3,3,3,2,2,2,-673502.4,507369.6,-13739.400000000001,2624.4000000000015,1211431.4000000001,49720.799999999996,673502.4,13739.400000000001,0.0353843785514097,3,0,3,2
817807.4,1325177.0,1164221.4,44266.2,46890.6,63903.8,3,3,3,2,2,2,507369.6,-160955.6000000001,2624.4000000000015,17013.200000000004,1102401.9333333333,51686.86666666666,507369.6,19637.600000000006,0.05488968430774052,3,0,3,2
1325177.0,1164221.4,1197048.2,46890.6,63903.8,51955.4,3,3,3,2,2,2,-160955.6000000001,32826.80000000005,17013.200000000004,-11948.400000000001,1228815.5333333332,54249.93333333333,160955.6000000001,17013.200000000004,0.04340289438395682,3,0,3,2
1164221.4,1197048.2,1064271.2,63903.8,51955.4,42124.4,3,3,3,2,2,2,32826.80000000005,-132777.0,-11948.400000000001,-9831.0,1141846.9333333333,52661.200000000004,132777.0,21779.4,0.03958047574671217,1,22,3,2
1197048.2,1064271.2,1537583.0,51955.4,42124.4,62021.2,3,3,3,2,2,2,-132777.0,473311.80000000005,-9831.0,19896.799999999996,1266300.8,52033.666666666664,473311.80000000005,19896.799999999996,0.040336788103934484,3,0,3,2
1064271.2,1537583.0,1518648.0,42124.4,62021.2,60705.2,3,3,3,2,2,2,473311.80000000005,-18935.0,19896.799999999996,-1316.0,1373500.7333333334,54950.26666666666,473311.80000000005,19896.799999999996,0.03997316035502608,3,0,3,2
1537583.0,1518648.0,1406217.0,62021.2,60705.2,50720.6,3,3,3,2,2,2,-18935.0,-112431.0,-1316.0,-9984.599999999999,1487482.6666666667,57815.666666666664,131366.0,11300.599999999999,0.036068802987872434,3,0,3,2
1518648.0,1406217.0,1554470.2,60705.2,50720.6,61543.8,3,3,3,2,2,2,-112431.0,148253.19999999995,-9984.599999999999,10823.200000000004,1493111.7333333334,57656.533333333326,148253.19999999995,10823.200000000004,0.03959147007676952,3,0,3,2
1406217.0,1554470.2,1553325.2,50720.6,61543.8,57201.2,3,3,3,2,2,2,148253.19999999995,-1145.0,10823.200000000004,-4342.600000000006,1504670.8,56488.533333333326,148253.19999999995,10823.200000000004,0.03682497597735749,3,0,3,2
1554470.2,1553325.2,1406499.8,61543.8,57201.2,43887.4,3,3,3,2,2,2,-1145.0,-146825.3999999999,-4342.600000000006,-13313.799999999996,1504765.0666666667,54210.799999999996,147970.3999999999,17656.4,0.031203252781655012,3,0,3,2
1553325.2,1406499.8,1793949.2,57201.2,43887.4,39931.2,3,3,3,2,2,2,-146825.3999999999,387449.3999999999,-13313.799999999996,-3956.2000000000044,1584591.4000000001,47006.6,387449.3999999999,17270.0,0.022258811866683922,3,0,3,2
1406499.8,1793949.2,1843062.6,43887.4,39931.2,48195.0,3,3,3,2,2,2,387449.3999999999,49113.40000000014,-3956.2000000000044,8263.800000000003,1681170.5333333332,44004.53333333333,436562.80000000005,8263.800000000003,0.026149396038205083,3,0,3,2
1793949.2,1843062.6,1503492.0,39931.2,48195.0,58101.4,3,3,3,2,2,2,49113.40000000014,-339570.6000000001,8263.800000000003,9906.400000000001,1713501.2666666666,48742.53333333333,339570.6000000001,18170.200000000004,0.0386442770268967,3,0,3,2
1843062.6,1503492.0,1607841.6,48195.0,58101.4,63965.0,3,3,3,2,2,2,-339570.6000000001,104349.6000000001,9906.400000000001,5863.5999999999985,1651465.4000000001,56753.799999999996,339570.6000000001,15770.0,0.039783123049482574,3,0,3,2
1503492.0,1607841.6,1509033.8,58101.4,63965.0,55952.0,3,3,3,2,2,2,104349.6000000001,-98807.80000000005,5863.5999999999985,-8013.0,1540122.4666666668,59339.46666666667,104349.6000000001,8013.0,0.03707800509305683,3,0,3,2
1607841.6,1509033.8,1694419.8,63965.0,55952.0,63242.4,3,3,3,2,2,2,-98807.80000000005,185386.0,-8013.0,7290.4000000000015,1603765.0666666667,61053.13333333333,185386.0,8013.0,0.03732390442799097,3,0,3,2
1509033.8,1694419.8,1674622.0,55952.0,63242.4,72275.4,3,3,3,2,2,2,185386.0,-19797.800000000047,7290.4000000000015,9032.999999999993,1626025.2,63823.26666666666,185386.0,16323.399999999994,0.043159206579630155,3,0,3,2
1694419.8,1674622.0,1574565.0,63242.4,72275.4,62814.2,3,3,3,2,2,2,-19797.800000000047,-100057.0,9032.999999999993,-9461.199999999997,1647868.9333333333,66110.66666666667,119854.80000000005,9461.199999999997,0.03989302449055803,3,0,3,2
1674622.0,1574565.0,1497989.0,72275.4,62814.2,57484.4,3,3,3,2,2,2,-100057.0,-76576.0,-9461.199999999997,-5329.799999999996,1582392.0,64191.33333333332,176633.0,14790.999999999993,0.03837435496899178,3,0,3,2
1574565.0,1497989.0,1459097.6,62814.2,57484.4,53361.0,3,3,3,2,2,2,-76576.0,-38891.39999999991,-5329.799999999996,-4123.4000000000015,1510550.5333333332,57886.53333333333,115467.3999999999,9453.199999999997,0.036571209101290345,3,0,3,2
1497989.0,1459097.6,1655636.0,57484.4,53361.0,61468.0,3,3,3,2,2,2,-38891.39999999991,196538.3999999999,-4123.4000000000015,8107.0,1537574.2,57437.799999999996,196538.3999999999,8107.0,0.0371264957233983,3,0,3,2
1459097.6,1655636.0,1523846.2,53361.0,61468.0,67291.6,3,3,3,2,2,2,196538.3999999999,-131789.80000000005,8107.0,5823.600000000006,1546193.2666666666,60706.86666666667,196538.3999999999,13930.600000000006,0.044159020668213984,3,0,3,2
1655636.0,1523846.2,1650985.2,61468.0,67291.6,63129.8,3,3,3,2,2,2,-131789.80000000005,127139.0,5823.600000000006,-4161.800000000003,1610155.8,63963.13333333334,131789.80000000005,5823.600000000006,0.0382376303327066,3,0,3,2
1523846.2,1650985.2,1701243.8,67291.6,63129.8,59054.2,3,3,3,2,2,2,127139.0,50258.60000000009,-4161.800000000003,-4075.600000000006,1625358.4000000001,63158.53333333333,177397.6000000001,8237.400000000009,0.03471234710019393,3,0,3,2
1650985.2,1701243.8,1826557.8,63129.8,59054.2,66615.4,3,3,3,2,2,2,50258.60000000009,125314.0,-4075.600000000006,7561.199999999997,1726262.2666666666,62933.13333333333,175572.6000000001,7561.199999999997,0.03647043829084506,3,0,3,2
1701243.8,1826557.8,1560193.2,59054.2,66615.4,69648.6,3,3,3,2,2,2,125314.0,-266364.6000000001,7561.199999999997,3033.2000000000116,1695998.2666666666,65106.06666666667,266364.6000000001,10594.400000000009,0.044640981231695395,3,0,3,2
1826557.8,1560193.2,1371573.8,66615.4,69648.6,51160.8,3,3,3,2,2,2,-266364.6000000001,-188619.3999999999,3033.2000000000116,-18487.800000000003,1586108.2666666666,62474.93333333333,454984.0,18487.800000000003,0.037300772805099656,3,0,3,2
1560193.2,1371573.8,1398153.2,69648.6,51160.8,47860.8,3,3,3,2,2,2,-188619.3999999999,26579.399999999907,-18487.800000000003,-3300.0,1443306.7333333334,56223.4,188619.3999999999,21787.800000000003,0.03423141739301717,3,0,3,2
1371573.8,1398153.2,1495183.4,51160.8,47860.8,55581.6,3,3,3,2,2,2,26579.399999999907,97030.19999999995,-3300.0,7720.799999999996,1421636.8,51534.4,123609.59999999986,7720.799999999996,0.03717374258318907,3,0,3,2
1398153.2,1495183.4,1587235.2,47860.8,55581.6,56908.8,3,3,3,2,2,2,97030.19999999995,92051.80000000005,7720.799999999996,1327.2000000000044,1493523.9333333333,53450.4,189082.0,9048.0,0.035854020970539864,3,0,3,2
1495183.4,1587235.2,1277846.6,55581.6,56908.8,54862.4,3,3,3,2,2,2,92051.80000000005,-309388.59999999986,1327.2000000000044,-2046.4000000000015,1453421.7333333332,55784.26666666666,309388.59999999986,2046.4000000000015,0.042933445271564466,3,0,3,2
1587235.2,1277846.6,1500588.6,56908.8,54862.4,57166.4,3,3,3,2,2,2,-309388.59999999986,222742.0,-2046.4000000000015,2304.0,1455223.4666666668,56312.53333333333,309388.59999999986,2304.0,0.038095959081683624,3,0,3,2
1277846.6,1500588.6,1474942.0,54862.4,57166.4,54606.4,3,3,3,2,2,2,222742.0,-25646.600000000093,2304.0,-2560.0,1417792.4000000001,55545.06666666667,222742.0,2560.0,0.03702271884405024,3,0,3,2
1500588.6,1474942.0,1512209.8,57166.4,54606.4,56044.2,3,3,3,2,2,2,-25646.600000000093,37267.80000000005,-2560.0,1437.7999999999956,1495913.4666666668,55939.0,37267.80000000005,2560.0,0.03706110285682393,3,0,3,2
1474942.0,1512209.8,1474905.4,54606.4,56044.2,56397.2,3,3,3,2,2,2,37267.80000000005,-37304.40000000014,1437.7999999999956,353.0,1487352.3999999997,55682.6,37304.40000000014,1790.7999999999956,0.03823781631159781,3,0,3,2
1512209.8,1474905.4,1616656.6,56044.2,56397.2,49909.4,3,3,3,2,2,2,-37304.40000000014,141751.2000000002,353.0,-6487.799999999996,1534590.6000000003,54116.93333333333,141751.2000000002,6487.799999999996,0.03087196695206208,3,0,3,2
1474905.4,1616656.6,1642742.2,56397.2,49909.4,52496.6,3,3,3,2,2,2,141751.2000000002,26085.59999999986,-6487.799999999996,2587.199999999997,1578101.4000000001,52934.4,167836.80000000005,6487.799999999996,0.03195666857729194,3,0,3,2
1616656.6,1642742.2,1798818.4,49909.4,52496.6,45727.4,3,3,3,2,2,2,26085.59999999986,156076.19999999995,2587.199999999997,-6769.199999999997,1686072.3999999997,49377.799999999996,182161.7999999998,6769.199999999997,0.02542078432109416,3,0,3,2
1642742.2,1798818.4,1936088.6,52496.6,45727.4,36129.2,3,3,3,2,2,2,156076.19999999995,137270.2000000002,-6769.199999999997,-9598.200000000004,1792549.7333333332,44784.4,293346.40000000014,16367.400000000001,0.0186609132139339,3,0,3,2
1798818.4,1936088.6,1937217.4,45727.4,36129.2,52649.8,3,3,3,2,2,2,137270.2000000002,1128.7999999998137,-9598.200000000004,16520.600000000006,1890708.1333333335,44835.466666666674,138399.0,16520.600000000006,0.027178040431579634,3,0,3,2
1936088.6,1937217.4,1500529.0,36129.2,52649.8,54045.6,3,3,3,2,2,2,1128.7999999998137,-436688.3999999999,16520.600000000006,1395.7999999999956,1791278.3333333333,47608.200000000004,436688.3999999999,17916.4,0.036017673755273136,3,0,3,2
1937217.4,1500529.0,1659330.0,52649.8,54045.6,50155.2,3,3,3,2,2,2,-436688.3999999999,158801.0,1395.7999999999956,-3890.4000000000015,1699025.4666666668,52283.533333333326,436688.3999999999,3890.4000000000015,0.030226157409220942,3,0,3,2
1500529.0,1659330.0,1344157.4,54045.6,50155.2,36860.8,3,3,3,2,2,2,158801.0,-315172.6000000001,-3890.4000000000015,-13294.399999999994,1501338.8,47020.533333333326,315172.6000000001,17184.799999999996,0.02742295848465479,3,0,3,2
1659330.0,1344157.4,1593699.6,50155.2,36860.8,35397.4,3,3,3,2,2,2,-315172.6000000001,249542.2000000002,-13294.399999999994,-1463.4000000000015,1532395.6666666667,40804.46666666667,315172.6000000001,14757.799999999996,0.022210821781707305,3,0,3,2
1344157.4,1593699.6,1579332.0,36860.8,35397.4,40219.0,3,3,3,2,2,2,249542.2000000002,-14367.600000000093,-1463.4000000000015,4821.5999999999985,1505729.6666666667,37492.4,249542.2000000002,4821.5999999999985,0.025465813732759336,3,0,3,2
1593699.6,1579332.0,1825464.8,35397.4,40219.0,43078.0,3,3,3,2,2,2,-14367.600000000093,246132.80000000005,4821.5999999999985,2859.0,1666165.4666666668,39564.799999999996,246132.80000000005,7680.5999999999985,0.023598360484211756,3,0,3,2
1579332.0,1825464.8,1432778.2,40219.0,43078.0,38050.6,3,3,3,2,2,2,246132.80000000005,-392686.6000000001,2859.0,-5027.4000000000015,1612525.0,40449.200000000004,392686.6000000001,5027.4000000000015,0.026557197368582683,3,0,3,2
1825464.8,1432778.2,1394294.4,43078.0,38050.6,36263.6,3,3,3,2,2,2,-392686.6000000001,-38483.80000000005,-5027.4000000000015,-1787.0,1550845.8,39130.73333333334,431170.40000000014,6814.4000000000015,0.026008548834056257,3,0,3,2
1432778.2,1394294.4,1141804.4,38050.6,36263.6,35871.0,3,3,3,2,2,2,-38483.80000000005,-252490.0,-1787.0,-392.59999999999854,1322958.9999999998,36728.4,290973.80000000005,2179.5999999999985,0.03141603639289147,3,0,3,2
1394294.4,1141804.4,1742889.0,36263.6,35871.0,45939.0,3,3,3,2,2,2,-252490.0,601084.6000000001,-392.59999999999854,10068.0,1426329.2666666666,39357.86666666667,601084.6000000001,10068.0,0.02635794571085955,3,0,3,2
1141804.4,1742889.0,1627728.8,35871.0,45939.0,46442.8,3,3,3,2,2,2,601084.6000000001,-115160.19999999995,10068.0,503.8000000000029,1504140.7333333334,42750.933333333334,601084.6000000001,10571.800000000003,0.028532253940426723,3,0,3,2
1742889.0,1627728.8,1505386.6,45939.0,46442.8,51351.8,3,3,3,2,2,2,-115160.19999999995,-122342.19999999995,503.8000000000029,4909.0,1625334.8,47911.200000000004,237502.3999999999,5412.800000000003,0.03411201208246966,3,0,3,2
1627728.8,1505386.6,1538325.8,46442.8,51351.8,47945.6,3,3,3,2,2,2,-122342.19999999995,32939.19999999995,4909.0,-3406.2000000000044,1557147.0666666667,48580.06666666667,122342.19999999995,4909.0,0.031167369638232915,3,0,3,2
1505386.6,1538325.8,915308.0,51351.8,47945.6,32908.0,3,3,3,2,2,2,32939.19999999995,-623017.8,-3406.2000000000044,-15037.599999999999,1319673.4666666668,44068.46666666667,623017.8,18443.800000000003,0.03595288585603332,3,0,3,2
1538325.8,915308.0,1582759.4,47945.6,32908.0,56181.2,3,3,3,2,2,2,-623017.8,667451.3999999999,-15037.599999999999,23273.199999999997,1345464.4,45678.26666666666,667451.3999999999,23273.199999999997,0.03549570737301742,3,0,3,2
915308.0,1582759.4,1555955.6,32908.0,56181.2,47826.0,3,3,3,2,2,2,667451.3999999999,-26803.799999999814,23273.199999999997,-8355.199999999997,1351341.0,45638.4,667451.3999999999,23273.199999999997,0.030737361183467454,3,0,3,2
1582759.4,1555955.6,1486123.4,56181.2,47826.0,43004.8,3,3,3,2,2,2,-26803.799999999814,-69832.20000000019,-8355.199999999997,-4821.199999999997,1541612.8,49004.0,96636.0,13176.399999999994,0.028937550584594404,3,0,3,2
1555955.6,1486123.4,1695429.6,47826.0,43004.8,44927.2,3,3,3,2,2,2,-69832.20000000019,209306.2000000002,-4821.199999999997,1922.3999999999942,1579169.5333333332,45252.666666666664,209306.2000000002,4821.199999999997,0.026498990875828236,3,0,3,2
1486123.4,1695429.6,1550621.2,43004.8,44927.2,43039.0,3,3,3,2,2,2,209306.2000000002,-144808.40000000014,1922.3999999999942,-1888.199999999997,1577391.4000000001,43657.0,209306.2000000002,1922.3999999999942,0.027755954996645862,3,0,3,2
1695429.6,1550621.2,1513966.0,44927.2,43039.0,39806.6,3,3,3,2,2,2,-144808.40000000014,-36655.19999999995,-1888.199999999997,-3232.4000000000015,1586672.2666666666,42590.93333333333,181463.6000000001,5120.5999999999985,0.026292911272174358,3,0,3,2
1550621.2,1513966.0,1625575.0,43039.0,39806.6,43989.2,3,3,3,2,2,2,-36655.19999999995,111609.0,-3232.4000000000015,4182.5999999999985,1563387.4000000001,42278.26666666667,111609.0,4182.5999999999985,0.027060684951057346,3,0,3,2
1513966.0,1625575.0,1755625.0,39806.6,43989.2,48020.6,3,3,3,2,2,2,111609.0,130050.0,4182.5999999999985,4031.4000000000015,1631722.0,43938.799999999996,241659.0,8214.0,0.027352408770432882,3,0,3,2
1625575.0,1755625.0,1385008.4,43989.2,48020.6,37697.8,3,3,3,2,2,2,130050.0,-370616.6000000001,4031.4000000000015,-10322.799999999996,1588736.1333333335,43235.86666666666,370616.6000000001,10322.799999999996,0.027218443427170967,3,0,3,2
1755625.0,1385008.4,1649691.2,48020.6,37697.8,40419.0,3,3,3,2,2,2,-370616.6000000001,264682.80000000005,-10322.799999999996,2721.199999999997,1596774.8666666665,42045.799999999996,370616.6000000001,10322.799999999996,0.024500934174265965,3,0,3,2
1385008.4,1649691.2,1566061.0,37697.8,40419.0,42187.2,3,3,3,2,2,2,264682.80000000005,-83630.19999999995,2721.199999999997,1768.199999999997,1533586.8666666665,40101.333333333336,264682.80000000005,4489.399999999994,0.026938397074956162,3,0,3,2
1649691.2,1566061.0,1555362.4,40419.0,42187.2,41671.2,3,3,3,2,2,2,-83630.19999999995,-10698.600000000093,1768.199999999997,-516.0,1590371.5333333332,41425.799999999996,94328.80000000005,1768.199999999997,0.026791938141272967,3,0,3,2
1566061.0,1555362.4,1516902.0,42187.2,41671.2,39018.0,3,3,3,2,2,2,-10698.600000000093,-38460.39999999991,-516.0,-2653.199999999997,1546108.4666666668,40958.799999999996,49159.0,3169.199999999997,0.025722145713997533,3,0,3,2
1555362.4,1516902.0,1482721.6,41671.2,39018.0,39975.6,3,3,3,2,2,2,-38460.39999999991,-34180.39999999991,-2653.199999999997,957.5999999999985,1518328.6666666667,40221.6,72640.79999999981,2653.199999999997,0.026960943334916453,3,0,3,2
1516902.0,1482721.6,1702097.6,39018.0,39975.6,46225.4,3,3,3,2,2,2,-34180.39999999991,219376.0,957.5999999999985,6249.800000000003,1567240.4000000001,41739.666666666664,219376.0,7207.4000000000015,0.027157886153011346,3,0,3,2
1482721.6,1702097.6,1674167.4,39975.6,46225.4,47600.2,3,3,3,2,2,2,219376.0,-27930.200000000186,6249.800000000003,1374.7999999999956,1619662.2,44600.4,219376.0,7624.5999999999985,0.028432145774582772,3,0,3,2
1702097.6,1674167.4,1419825.6,46225.4,47600.2,44344.2,3,3,3,2,2,2,-27930.200000000186,-254341.7999999998,1374.7999999999956,-3256.0,1598696.8666666665,46056.6,282272.0,3256.0,0.031232123697358533,3,0,3,2
1674167.4,1419825.6,1359628.4,47600.2,44344.2,36425.8,3,3,3,2,2,2,-254341.7999999998,-60197.200000000186,-3256.0,-7918.399999999994,1484540.4666666668,42790.066666666666,314539.0,11174.399999999994,0.026790977011823962,3,0,3,2
1419825.6,1359628.4,1477191.0,44344.2,36425.8,37578.8,3,3,3,2,2,2,-60197.200000000186,117562.6000000001,-7918.399999999994,1153.0,1418881.6666666667,39449.6,117562.6000000001,7918.399999999994,0.025439347085551508,3,0,3,2
1359628.4,1477191.0,803252.8,36425.8,37578.8,30020.4,3,3,3,2,2,2,117562.6000000001,-673938.2,1153.0,-7558.4000000000015,1213357.4000000001,34675.0,673938.2,7558.4000000000015,0.0373734926619706,3,0,3,2
1477191.0,803252.8,1327771.2,37578.8,30020.4,34404.6,3,3,3,2,2,2,-673938.2,524518.3999999999,-7558.4000000000015,4384.199999999997,1202738.3333333333,34001.26666666667,673938.2,7558.4000000000015,0.025911523076021625,3,0,3,2
803252.8,1327771.2,1108260.0,30020.4,34404.6,31136.8,3,3,3,2,2,2,524518.3999999999,-219511.19999999995,4384.199999999997,-3267.7999999999993,1079761.3333333333,31853.933333333334,524518.3999999999,4384.199999999997,0.028095186964081566,3,0,3,2
1327771.2,1108260.0,1509879.6,34404.6,31136.8,39374.4,3,3,3,2,2,2,-219511.19999999995,401619.6000000001,-3267.7999999999993,8237.600000000002,1315303.6,34971.93333333333,401619.6000000001,8237.600000000002,0.026077823637180315,3,0,3,2
1108260.0,1509879.6,1568181.4,31136.8,39374.4,39950.4,3,3,3,2,2,2,401619.6000000001,58301.799999999814,8237.600000000002,576.0,1395440.3333333333,36820.53333333333,459921.3999999999,8813.600000000002,0.02547560793948459,3,0,3,2
1509879.6,1568181.4,1188702.4,39374.4,39950.4,42459.0,3,3,3,2,2,2,58301.799999999814,-379479.0,576.0,2508.5999999999985,1422254.4666666668,40594.6,379479.0,3084.5999999999985,0.03571875036279025,5,14,3,2
1568181.4,1188702.4,784306.4,39950.4,42459.0,30405.0,3,3,3,2,2,2,-379479.0,-404395.9999999999,2508.5999999999985,-12054.0,1180396.7333333332,37604.799999999996,783874.9999999999,12054.0,0.03876668765333592,3,0,3,2
1188702.4,784306.4,1182189.8,42459.0,30405.0,39488.4,3,3,3,2,2,2,-404395.9999999999,397883.4,-12054.0,9083.400000000001,1051732.8666666665,37450.799999999996,404395.9999999999,12054.0,0.033402729914663525,3,0,3,2
784306.4,1182189.8,1343294.2,30405.0,39488.4,40916.4,3,3,3,2,2,2,397883.4,161104.3999999999,9083.400000000001,1428.0,1103263.4666666668,36936.6,558987.7999999999,10511.400000000001,0.03045972322390492,3,0,3,2
1182189.8,1343294.2,1664970.4,39488.4,40916.4,50121.4,3,3,3,2,2,2,161104.3999999999,321676.19999999995,1428.0,9205.0,1396818.1333333333,43508.73333333334,482780.59999999986,10633.0,0.030103460035409618,5,14,3,2
1343294.2,1664970.4,1575087.4,40916.4,50121.4,42194.2,3,3,3,2,2,2,321676.19999999995,-89883.0,9205.0,-7927.200000000004,1527784.0,44410.666666666664,321676.19999999995,9205.0,0.02678846469823535,3,0,3,2
1664970.4,1575087.4,1473741.8,50121.4,42194.2,38010.2,3,3,3,2,2,2,-89883.0,-101345.59999999986,-7927.200000000004,-4184.0,1571266.5333333332,43441.933333333334,191228.59999999986,12111.200000000004,0.02579161031354996,3,0,3,2
1575087.4,1473741.8,1462811.2,42194.2,38010.2,38829.8,3,3,3,2,2,2,-101345.59999999986,-10930.600000000093,-4184.0,819.6000000000058,1503880.1333333335,39678.066666666666,112276.19999999995,4184.0,0.02654462411511198,3,0,3,2
1473741.8,1462811.2,1336026.4,38010.2,38829.8,33829.0,3,3,3,2,2,2,-10930.600000000093,-126784.80000000005,819.6000000000058,-5000.800000000003,1424193.1333333335,36889.666666666664,137715.40000000014,5000.800000000003,0.025320588484936762,3,0,3,2
1462811.2,1336026.4,1353854.0,38829.8,33829.0,37701.2,3,3,3,2,2,2,-126784.80000000005,17827.600000000093,-5000.800000000003,3872.199999999997,1384230.5333333332,36786.666666666664,126784.80000000005,5000.800000000003,0.027847295315968103,3,0,3,2
1336026.4,1353854.0,1852854.6,33829.0,37701.2,47668.8,3,3,3,2,2,2,17827.600000000093,499000.6000000001,3872.199999999997,9967.600000000006,1514245.0,39733.0,516828.2000000002,13839.800000000003,0.025727207236224993,3,0,3,2
1353854.0,1852854.6,1668069.0,37701.2,47668.8,45739.8,3,3,3,2,2,2,499000.6000000001,-184785.6000000001,9967.600000000006,-1929.0,1624925.8666666665,43703.26666666666,499000.6000000001,9967.600000000006,0.027420791693394165,3,0,3,2
1852854.6,1668069.0,1297274.0,47668.8,45739.8,35369.4,3,3,3,2,2,2,-184785.6000000001,-370795.0,-1929.0,-10370.400000000001,1606065.8666666665,42926.0,555580.6000000001,12299.400000000001,0.02726438110655027,3,0,3,2
1668069.0,1297274.0,1507184.8,45739.8,35369.4,43384.0,3,3,3,2,2,2,-370795.0,209910.80000000005,-10370.400000000001,8014.5999999999985,1490842.5999999999,41497.73333333334,370795.0,10370.400000000001,0.028784772255683405,5,14,3,2
1297274.0,1507184.8,1151904.0,35369.4,43384.0,34057.8,3,3,3,2,2,2,209910.80000000005,-355280.80000000005,8014.5999999999985,-9326.199999999997,1318787.5999999999,37603.73333333333,355280.80000000005,9326.199999999997,0.029566500709693945,3,0,3,2
1507184.8,1151904.0,1388248.8,43384.0,34057.8,40297.8,3,3,3,2,2,2,-355280.80000000005,236344.80000000005,-9326.199999999997,6240.0,1349112.5333333332,39246.53333333333,355280.80000000005,9326.199999999997,0.029027772955558865,1,22,3,2
1151904.0,1388248.8,1450422.6,34057.8,40297.8,41033.6,3,3,3,2,2,2,236344.80000000005,62173.80000000005,6240.0,735.7999999999956,1330191.8,38463.06666666667,298518.6000000001,6975.799999999996,0.028290769675838146,3,0,3,2
1388248.8,1450422.6,1705069.2,40297.8,41033.6,47169.0,3,3,3,2,2,2,62173.80000000005,254646.59999999986,735.7999999999956,6135.4000000000015,1514580.2000000002,42833.46666666667,316820.3999999999,6871.199999999997,0.027663963630353755,3,0,3,2
1450422.6,1705069.2,1688560.2,41033.6,47169.0,43936.8,3,3,3,2,2,2,254646.59999999986,-16509.0,6135.4000000000015,-3232.199999999997,1614684.0,44046.466666666674,254646.59999999986,6135.4000000000015,0.026020259141332873,3,0,3,2
1705069.2,1688560.2,1229970.8,47169.0,43936.8,35355.4,3,3,3,2,2,2,-16509.0,-458589.3999999999,-3232.199999999997,-8581.400000000001,1541200.0666666667,42153.73333333334,475098.3999999999,11813.599999999999,0.028744886671385476,3,0,3,2
1688560.2,1229970.8,1434735.8,43936.8,35355.4,33389.4,3,3,3,2,2,2,-458589.3999999999,204765.0,-8581.400000000001,-1966.0,1451088.9333333333,37560.53333333333,458589.3999999999,10547.400000000001,0.023272143016057022,3,0,3,2
1229970.8,1434735.8,1382077.6,35355.4,33389.4,43753.8,3,3,3,2,2,2,204765.0,-52658.19999999995,-1966.0,10364.400000000001,1348928.0666666667,37499.53333333333,204765.0,10364.400000000001,0.03165796793322753,5,14,3,2
1434735.8,1382077.6,1436994.8,33389.4,43753.8,45804.8,3,3,3,2,2,2,-52658.19999999995,54917.19999999995,10364.400000000001,2051.0,1417936.0666666667,40982.66666666667,54917.19999999995,12415.400000000001,0.0318753889190212,3,0,3,2
1382077.6,1436994.8,1377456.8,43753.8,45804.8,61881.8,3,3,3,2,2,2,54917.19999999995,-59538.0,2051.0,16077.0,1398843.0666666667,50480.13333333334,59538.0,18128.0,0.044924643063475336,3,0,3,2
1436994.8,1377456.8,1230743.8,45804.8,61881.8,53431.6,3,3,3,2,2,2,-59538.0,-146713.0,16077.0,-8450.200000000004,1348398.4666666668,53706.06666666667,206251.0,16077.0,0.04341403676862986,5,14,3,2
1377456.8,1230743.8,1697146.0,61881.8,53431.6,49428.8,3,3,3,2,2,2,-146713.0,466402.19999999995,-8450.200000000004,-4002.7999999999956,1435115.5333333332,54914.06666666667,466402.19999999995,12453.0,0.02912464270920551,3,0,3,2
1230743.8,1697146.0,1402950.6,53431.6,49428.8,39713.2,3,3,3,2,2,2,466402.19999999995,-294195.3999999999,-4002.7999999999956,-9715.600000000006,1443613.4666666668,47524.533333333326,466402.19999999995,13718.400000000001,0.028306892411684048,3,0,3,2
1697146.0,1402950.6,1502267.4,49428.8,39713.2,39924.0,3,3,3,2,2,2,-294195.3999999999,99316.79999999981,-9715.600000000006,210.8000000000029,1534121.3333333333,43022.0,294195.3999999999,9715.600000000006,0.02657581028796186,3,0,3,2
1402950.6,1502267.4,1624757.8,39713.2,39924.0,41400.8,3,3,3,2,2,2,99316.79999999981,122490.40000000014,210.8000000000029,1476.800000000003,1509991.9333333333,40346.0,221807.19999999995,1687.6000000000058,0.025481197578372864,3,0,3,2
1502267.4,1624757.8,1660752.6,39924.0,41400.8,43816.2,3,3,3,2,2,2,122490.40000000014,35994.80000000005,1476.800000000003,2415.399999999994,1595925.9333333336,41713.666666666664,158485.2000000002,3892.199999999997,0.026383323811551573,3,0,3,2
1624757.8,1660752.6,1391414.8,41400.8,43816.2,41394.6,3,3,3,2,2,2,35994.80000000005,-269337.80000000005,2415.399999999994,-2421.5999999999985,1558975.0666666667,42203.86666666667,269337.80000000005,2421.5999999999985,0.029749985590216813,3,0,3,2
1660752.6,1391414.8,1646804.4,43816.2,41394.6,42421.4,3,3,3,2,2,2,-269337.80000000005,255389.59999999986,-2421.5999999999985,1026.800000000003,1566323.9333333336,42544.06666666666,269337.80000000005,2421.5999999999985,0.02575981351530667,3,0,3,2
1391414.8,1646804.4,1455048.0,41394.6,42421.4,42395.6,3,3,3,2,2,2,255389.59999999986,-191756.3999999999,1026.800000000003,-25.80000000000291,1497755.7333333334,42070.53333333333,255389.59999999986,1026.800000000003,0.029136888173525426,3,0,3,2
1646804.4,1455048.0,1211903.4,42421.4,42395.6,34150.2,3,3,3,2,2,2,-191756.3999999999,-243144.6000000001,-25.80000000000291,-8245.400000000001,1437918.5999999999,39655.73333333333,434901.0,8271.200000000004,0.028178955369746985,3,0,3,2
1455048.0,1211903.4,1247969.8,42395.6,34150.2,29825.6,3,3,3,2,2,2,-243144.6000000001,36066.40000000014,-8245.400000000001,-4324.5999999999985,1304973.7333333334,35457.13333333333,243144.6000000001,12570.0,0.023899277130522603,3,0,3,2
1211903.4,1247969.8,1636078.6,34150.2,29825.6,41773.4,3,3,3,2,2,2,36066.40000000014,388108.80000000005,-4324.5999999999985,11947.800000000003,1365317.2666666668,35249.73333333333,424175.2000000002,11947.800000000003,0.0255326207844655,3,0,3,2
1247969.8,1636078.6,1580003.0,29825.6,41773.4,70930.0,3,3,3,2,2,2,388108.80000000005,-56075.60000000009,11947.800000000003,29156.6,1488017.1333333335,47509.666666666664,388108.80000000005,41104.4,0.04489229141192048,5,14,3,2
1636078.6,1580003.0,1503817.2,41773.4,70930.0,38381.6,3,3,3,2,2,2,-56075.60000000009,-76185.80000000005,29156.6,-32548.4,1573299.5999999999,50361.666666666664,132261.40000000014,32548.4,0.025522765983281754,3,0,3,2
1580003.0,1503817.2,1674966.2,70930.0,38381.6,48333.8,3,3,3,2,2,2,-76185.80000000005,171149.0,-32548.4,9952.200000000004,1586262.1333333335,52548.466666666674,171149.0,32548.4,0.02885656507184141,3,0,3,2
1503817.2,1674966.2,1687625.6,38381.6,48333.8,42406.0,3,3,3,2,2,2,171149.0,12659.40000000014,9952.200000000004,-5927.800000000003,1622136.3333333333,43040.46666666667,183808.40000000014,9952.200000000004,0.025127596353363948,3,0,3,2
1674966.2,1687625.6,1846089.8,48333.8,42406.0,48790.0,3,3,3,2,2,2,12659.40000000014,158464.19999999995,-5927.800000000003,6384.0,1736227.2,46509.93333333333,171123.6000000001,6384.0,0.026428819210842718,3,0,3,2
1687625.6,1846089.8,1582600.0,42406.0,48790.0,41049.2,3,3,3,2,2,2,158464.19999999995,-263489.80000000005,6384.0,-7740.800000000003,1705438.4666666668,44081.73333333334,263489.80000000005,7740.800000000003,0.025937807444832903,3,0,3,2
1846089.8,1582600.0,1647969.8,48790.0,41049.2,33649.6,3,3,3,2,2,2,-263489.80000000005,65369.80000000005,-7740.800000000003,-7399.5999999999985,1692219.8666666665,41162.93333333333,263489.80000000005,15140.400000000001,0.020418808391507906,3,0,3,2
1582600.0,1647969.8,1406960.4,41049.2,33649.6,44406.0,3,3,3,2,2,2,65369.80000000005,-241009.40000000014,-7399.5999999999985,10756.400000000001,1545843.3999999997,39701.6,241009.40000000014,10756.400000000001,0.03156163346059103,3,0,3,2
1647969.8,1406960.4,1518138.6,33649.6,44406.0,43235.2,3,3,3,2,2,2,-241009.40000000014,111178.20000000019,10756.400000000001,-1170.800000000003,1524356.2666666668,40430.26666666667,241009.40000000014,10756.400000000001,0.02847906740592235,3,0,3,2
1406960.4,1518138.6,1322511.6,44406.0,43235.2,43370.6,3,3,3,2,2,2,111178.20000000019,-195627.0,-1170.800000000003,135.40000000000146,1415870.2,43670.6,195627.0,1170.800000000003,0.03279409209409422,3,0,3,2
1518138.6,1322511.6,1195473.6,43235.2,43370.6,30969.4,3,3,3,2,2,2,-195627.0,-127038.0,135.40000000000146,-12401.199999999997,1345374.6,39191.73333333333,322665.0,12401.199999999997,0.025905527394726745,3,0,3,2
1322511.6,1195473.6,1041579.6,43370.6,30969.4,42386.2,3,3,3,2,2,2,-127038.0,-153894.00000000012,-12401.199999999997,11416.799999999996,1186521.6,38908.73333333333,280932.0000000001,12401.199999999997,0.04069411431050079,3,0,3,2
1195473.6,1041579.6,1213746.6,30969.4,42386.2,40002.0,3,3,3,2,2,2,-153894.00000000012,172167.00000000012,11416.799999999996,-2384.199999999997,1150266.6,37785.86666666667,172167.00000000012,11416.799999999996,0.0329574287108786,3,0,3,2
1041579.6,1213746.6,1168690.0,42386.2,40002.0,48926.8,3,3,3,2,2,2,172167.00000000012,-45056.60000000009,-2384.199999999997,8924.800000000003,1141338.7333333334,43771.666666666664,172167.00000000012,8924.800000000003,0.041864616053345155,3,0,3,2
1213746.6,1168690.0,923760.2,40002.0,48926.8,32857.0,3,3,3,2,2,2,-45056.60000000009,-244929.80000000005,8924.800000000003,-16069.800000000003,1102065.5999999999,40595.26666666667,289986.40000000014,16069.800000000003,0.03556871624398167,3,0,3,2
1168690.0,923760.2,924192.8,48926.8,32857.0,30157.6,3,3,3,2,2,2,-244929.80000000005,432.60000000009313,-16069.800000000003,-2699.4000000000015,1005547.6666666666,37313.799999999996,244929.80000000005,18769.200000000004,0.032631251151003175,3,0,3,2
923760.2,924192.8,1352725.8,32857.0,30157.6,38928.2,3,3,3,2,2,2,432.60000000009313,428533.0,-2699.4000000000015,8770.599999999999,1066892.9333333333,33980.93333333333,428965.6000000001,8770.599999999999,0.028777577260981298,3,0,3,2
924192.8,1352725.8,1238720.6,30157.6,38928.2,43530.6,3,3,3,2,2,2,428533.0,-114005.19999999995,8770.599999999999,4602.4000000000015,1171879.7333333334,37538.799999999996,428533.0,13373.0,0.03514155238755826,3,0,3,2
1352725.8,1238720.6,1613519.8,38928.2,43530.6,53234.0,3,3,3,2,2,2,-114005.19999999995,374799.19999999995,4602.4000000000015,9703.400000000001,1401655.4000000001,45230.93333333333,374799.19999999995,14305.800000000003,0.03299244732388947,3,0,3,2
1238720.6,1613519.8,1350922.4,43530.6,53234.0,41095.4,3,3,3,2,2,2,374799.19999999995,-262597.40000000014,9703.400000000001,-12138.599999999999,1401054.2666666668,45953.333333333336,374799.19999999995,12138.599999999999,0.030420229599990647,3,0,3,2
1613519.8,1350922.4,965126.2,53234.0,41095.4,43639.6,3,3,3,2,2,2,-262597.40000000014,-385796.19999999995,-12138.599999999999,2544.199999999997,1309856.1333333335,45989.666666666664,648393.6000000001,12138.599999999999,0.04521642328596687,3,0,3,2
1350922.4,965126.2,1389307.8,41095.4,43639.6,53343.8,3,3,3,2,2,2,-385796.19999999995,424181.6000000001,2544.199999999997,9704.200000000004,1235118.7999999998,46026.26666666666,424181.6000000001,12248.400000000001,0.03839592752885464,1,22,3,2
965126.2,1389307.8,1059130.2,43639.6,53343.8,39946.6,3,3,3,2,2,2,424181.6000000001,-330177.6000000001,9704.200000000004,-13397.200000000004,1137854.7333333334,45643.333333333336,424181.6000000001,13397.200000000004,0.03771638490113406,3,0,3,2
1389307.8,1059130.2,1154612.2,53343.8,39946.6,44463.4,3,3,3,2,2,2,-330177.6000000001,95482.0,-13397.200000000004,4516.800000000003,1201016.7333333334,45917.93333333333,330177.6000000001,13397.200000000004,0.038509346679909774,3,0,3,2
1059130.2,1154612.2,1052931.0,39946.6,44463.4,38973.8,3,3,3,2,2,2,95482.0,-101681.19999999995,4516.800000000003,-5489.5999999999985,1088891.1333333333,41127.933333333334,101681.19999999995,5489.5999999999985,0.037014546048557743,3,0,3,2
1154612.2,1052931.0,1204867.2,44463.4,38973.8,45037.8,3,3,3,2,2,2,-101681.19999999995,151936.19999999995,-5489.5999999999985,6064.0,1137470.1333333335,42825.00000000001,151936.19999999995,6064.0,0.037379856153561035,3,0,3,2
1052931.0,1204867.2,1134007.2,38973.8,45037.8,45498.4,3,3,3,2,2,2,151936.19999999995,-70860.0,6064.0,460.59999999999854,1130601.8,43170.0,151936.19999999995,6524.5999999999985,0.04012175573333597,3,0,3,2
1204867.2,1134007.2,1268486.4,45037.8,45498.4,44614.0,3,3,3,2,2,2,-70860.0,134479.19999999995,460.59999999999854,-884.4000000000015,1202453.5999999999,45050.06666666667,134479.19999999995,884.4000000000015,0.0351710233779224,3,0,3,2
1134007.2,1268486.4,1221627.6,45498.4,44614.0,53073.4,3,3,3,2,2,2,134479.19999999995,-46858.799999999814,-884.4000000000015,8459.400000000001,1208040.4,47728.6,134479.19999999995,8459.400000000001,0.04344479164944239,5,14,3,2
1268486.4,1221627.6,1217698.8,44614.0,53073.4,45170.4,3,3,3,2,2,2,-46858.799999999814,-3928.8000000000466,8459.400000000001,-7903.0,1235937.5999999999,47619.26666666666,50787.59999999986,8459.400000000001,0.03709485704111966,5,14,3,2
1221627.6,1217698.8,731486.4,53073.4,45170.4,33277.8,3,3,3,2,2,2,-3928.8000000000466,-486212.4,-7903.0,-11892.599999999999,1056937.6,43840.53333333333,490141.20000000007,19795.6,0.04549333317292957,3,0,3,2
1217698.8,731486.4,1021627.4,45170.4,33277.8,36567.0,3,3,3,2,2,2,-486212.4,290141.0,-11892.599999999999,3289.199999999997,990270.8666666667,38338.4,486212.4,11892.599999999999,0.03579285775532473,3,0,3,2
731486.4,1021627.4,1273923.2,33277.8,36567.0,43152.4,3,3,3,2,2,2,290141.0,252295.79999999993,3289.199999999997,6585.4000000000015,1009012.3333333334,37665.73333333334,542436.7999999999,9874.599999999999,0.03387360095679162,3,0,3,2
1021627.4,1273923.2,1062592.8,36567.0,43152.4,31238.6,3,3,3,2,2,2,252295.79999999993,-211330.3999999999,6585.4000000000015,-11913.800000000003,1119381.1333333335,36986.0,252295.79999999993,11913.800000000003,0.029398439930667764,3,0,3,2
1273923.2,1062592.8,1548208.4,43152.4,31238.6,34071.4,3,3,3,2,2,2,-211330.3999999999,485615.59999999986,-11913.800000000003,2832.800000000003,1294908.1333333333,36154.13333333333,485615.59999999986,11913.800000000003,0.02200697140838959,3,0,3,2
1062592.8,1548208.4,1468699.8,31238.6,34071.4,42752.4,3,3,3,2,2,2,485615.59999999986,-79508.59999999986,2832.800000000003,8681.0,1359833.6666666667,36020.799999999996,485615.59999999986,11513.800000000003,0.029108992110578276,3,0,3,2
1548208.4,1468699.8,1000717.6,34071.4,42752.4,50194.6,3,3,3,2,2,2,-79508.59999999986,-467982.20000000007,8681.0,7442.199999999997,1339208.6,42339.46666666667,547490.7999999999,16123.199999999997,0.050158556061614124,3,0,3,2
1468699.8,1000717.6,1079450.2,42752.4,50194.6,42564.6,3,3,3,2,2,2,-467982.20000000007,78732.59999999998,7442.199999999997,-7630.0,1182955.8666666665,45170.53333333333,467982.20000000007,7630.0,0.03943170381393805,3,0,3,2
1000717.6,1079450.2,801231.8,50194.6,42564.6,29568.2,3,3,3,2,2,2,78732.59999999998,-278218.3999999999,-7630.0,-12996.399999999998,960466.5333333332,40775.799999999996,278218.3999999999,20626.399999999998,0.036903381888509806,3,0,3,2
1079450.2,801231.8,933141.8,42564.6,29568.2,33292.8,3,3,3,2,2,2,-278218.3999999999,131910.0,-12996.399999999998,3724.600000000002,937941.2666666666,35141.86666666667,278218.3999999999,12996.399999999998,0.03567814058041278,3,0,3,2
801231.8,933141.8,1167835.2,29568.2,33292.8,40461.0,3,3,3,2,2,2,131910.0,234693.3999999999,3724.600000000002,7168.199999999997,967402.9333333332,34440.666666666664,366603.3999999999,10892.8,0.0346461258864899,3,0,3,2
933141.8,1167835.2,953671.8,33292.8,40461.0,36373.0,3,3,3,2,2,2,234693.3999999999,-214163.3999999999,7168.199999999997,-4088.0,1018216.2666666666,36708.933333333334,234693.3999999999,7168.199999999997,0.038139915493028635,3,0,3,2
1167835.2,953671.8,1160195.4,40461.0,36373.0,39789.0,3,3,3,2,2,2,-214163.3999999999,206523.59999999986,-4088.0,3416.0,1093900.8,38874.333333333336,214163.3999999999,4088.0,0.03429505556128256,3,0,3,2
953671.8,1160195.4,1359957.6,36373.0,39789.0,45090.4,3,3,3,2,2,2,206523.59999999986,199762.2000000002,3416.0,5301.4000000000015,1157941.6,40417.46666666667,406285.80000000005,8717.400000000001,0.03315571518132979,3,0,3,2
1160195.4,1359957.6,1459451.4,39789.0,45090.4,36073.0,3,3,3,2,2,2,199762.2000000002,99493.79999999981,5301.4000000000015,-9017.400000000001,1326534.8,40317.46666666667,299256.0,9017.400000000001,0.024716804741285157,3,0,3,2
1359957.6,1459451.4,1281535.2,45090.4,36073.0,36044.4,3,3,3,2,2,2,99493.79999999981,-177916.19999999995,-9017.400000000001,-28.599999999998545,1366981.4000000001,39069.26666666666,177916.19999999995,9046.0,0.0281259319869388,3,0,3,2
1459451.4,1281535.2,1156064.4,36073.0,36044.4,36439.6,3,3,3,2,2,2,-177916.19999999995,-125470.80000000005,-28.599999999998545,395.1999999999971,1299016.9999999998,36185.666666666664,303387.0,395.1999999999971,0.03152036208332158,3,0,3,2
1281535.2,1156064.4,1249006.2,36044.4,36439.6,38506.2,3,3,3,2,2,2,-125470.80000000005,92941.80000000005,395.1999999999971,2066.5999999999985,1228868.5999999999,36996.73333333333,125470.80000000005,2461.7999999999956,0.0308294459791745,3,0,3,2
1156064.4,1249006.2,1122641.6,36439.6,38506.2,33851.8,3,3,3,2,2,2,92941.80000000005,-126364.59999999986,2066.5999999999985,-4654.399999999994,1175904.0666666667,36265.86666666666,126364.59999999986,4654.399999999994,0.03015367490953933,5,14,3,2
1249006.2,1122641.6,1186128.8,38506.2,33851.8,36169.8,3,3,3,2,2,2,-126364.59999999986,63487.19999999995,-4654.399999999994,2318.0,1185925.5333333332,36175.933333333334,126364.59999999986,4654.399999999994,0.0304939644885408,3,0,3,2
1122641.6,1186128.8,1242196.4,33851.8,36169.8,38665.2,3,3,3,2,2,2,63487.19999999995,56067.59999999986,2318.0,2495.399999999994,1183655.6,36228.933333333334,119554.79999999981,4813.399999999994,0.031126453814828463,3,0,3,2
1186128.8,1242196.4,1257955.8,36169.8,38665.2,43243.8,3,3,3,2,2,2,56067.59999999986,15759.40000000014,2495.399999999994,4578.600000000006,1228760.3333333333,39359.6,71827.0,7074.0,0.034376220232682074,3,0,3,2
1242196.4,1257955.8,1302086.4,38665.2,43243.8,31922.4,3,3,3,2,2,2,15759.40000000014,44130.59999999986,4578.600000000006,-11321.400000000001,1267412.8666666667,37943.799999999996,59890.0,11321.400000000001,0.02451632663060867,3,0,3,2
1257955.8,1302086.4,1042389.6,43243.8,31922.4,21607.6,3,3,3,2,2,2,44130.59999999986,-259696.79999999993,-11321.400000000001,-10314.800000000003,1200810.6,32257.933333333338,259696.79999999993,21636.200000000004,0.02072888991899965,3,0,3,2
1302086.4,1042389.6,1203353.4,31922.4,21607.6,36951.8,3,3,3,2,2,2,-259696.79999999993,160963.79999999993,-10314.800000000003,15344.200000000004,1182609.8,30160.600000000002,259696.79999999993,15344.200000000004,0.03070732944509116,3,0,3,2
1042389.6,1203353.4,1140619.0,21607.6,36951.8,36400.6,3,3,3,2,2,2,160963.79999999993,-62734.39999999991,15344.200000000004,-551.2000000000044,1128787.3333333333,31653.333333333332,160963.79999999993,15344.200000000004,0.031912994687099995,3,0,3,2
1203353.4,1140619.0,1084701.2,36951.8,36400.6,39812.6,3,3,3,2,2,2,-62734.39999999991,-55917.80000000005,-551.2000000000044,3412.0,1142891.2,37721.666666666664,118652.19999999995,3412.0,0.036703714623239445,3,0,3,2
1140619.0,1084701.2,1351048.2,36400.6,39812.6,41255.6,3,3,3,2,2,2,-55917.80000000005,266347.0,3412.0,1443.0,1192122.8,39156.26666666666,266347.0,4855.0,0.030535971598961754,3,0,3,2
1084701.2,1351048.2,1210071.6,39812.6,41255.6,43112.8,3,3,3,2,2,2,266347.0,-140976.59999999986,1443.0,1857.2000000000044,1215273.6666666667,41393.666666666664,266347.0,3300.2000000000044,0.035628275526608896,3,0,3,2
1351048.2,1210071.6,1434880.2,41255.6,43112.8,38463.4,3,3,3,2,2,2,-140976.59999999986,224808.59999999986,1857.2000000000044,-4649.4000000000015,1332000.0,40943.93333333333,224808.59999999986,4649.4000000000015,0.02680598226529137,3,0,3,2
1210071.6,1434880.2,1113858.4,43112.8,38463.4,41560.8,3,3,3,2,2,2,224808.59999999986,-321021.80000000005,-4649.4000000000015,3097.4000000000015,1252936.7333333332,41045.66666666667,321021.80000000005,4649.4000000000015,0.03731242919887376,3,0,3,2
1434880.2,1113858.4,1189938.0,38463.4,41560.8,39616.2,3,3,3,2,2,2,-321021.80000000005,76079.6000000001,3097.4000000000015,-1944.6000000000058,1246225.5333333332,39880.13333333334,321021.80000000005,3097.4000000000015,0.03329263096679746,3,0,3,2
1113858.4,1189938.0,825927.8,41560.8,39616.2,37257.0,3,3,3,2,2,2,76079.6000000001,-364010.19999999995,-1944.6000000000058,-2359.199999999997,1043241.4,39478.0,364010.19999999995,4303.800000000003,0.04510921522533177,3,0,3,2
1189938.0,825927.8,971464.6,39616.2,37257.0,32622.8,3,3,3,2,2,2,-364010.19999999995,145536.79999999993,-2359.199999999997,-4634.200000000001,995776.7999999999,36498.666666666664,364010.19999999995,6993.399999999998,0.03358101408840416,3,0,3,2
825927.8,971464.6,1373880.6,37257.0,32622.8,38852.4,3,3,3,2,2,2,145536.79999999993,402416.0000000001,-4634.200000000001,6229.600000000002,1057091.0,36244.06666666667,547952.8,6229.600000000002,0.02827929277166242,3,0,3,2
971464.6,1373880.6,1674610.0,32622.8,38852.4,31125.4,3,3,3,2,2,2,402416.0000000001,300729.3999999999,6229.600000000002,-7727.0,1339985.0666666667,34200.200000000004,703145.4,7727.0,0.01858664489842716,3,0,3,2
1373880.6,1674610.0,1124782.8,38852.4,31125.4,25449.6,3,3,3,2,2,2,300729.3999999999,-549827.2,-7727.0,-5675.800000000003,1391091.1333333335,31809.13333333333,549827.2,13402.800000000003,0.022626214922369967,3,0,3,2
1674610.0,1124782.8,900850.2,31125.4,25449.6,42825.8,3,3,3,2,2,2,-549827.2,-223932.6000000001,-5675.800000000003,17376.200000000004,1233414.3333333333,33133.6,773759.8,17376.200000000004,0.04753926064593132,3,0,3,2
1124782.8,900850.2,914812.4,25449.6,42825.8,38769.4,3,3,3,2,2,2,-223932.6000000001,13962.20000000007,17376.200000000004,-4056.4000000000015,980148.4666666667,35681.6,223932.6000000001,17376.200000000004,0.042379571615369864,3,0,3,2
900850.2,914812.4,801136.6,42825.8,38769.4,32175.6,3,3,3,2,2,2,13962.20000000007,-113675.80000000005,-4056.4000000000015,-6593.800000000003,872266.4,37923.600000000006,113675.80000000005,10650.200000000004,0.04016238908272437,3,0,3,2
914812.4,801136.6,1027684.0,38769.4,32175.6,32346.4,3,3,3,2,2,2,-113675.80000000005,226547.40000000002,-6593.800000000003,170.8000000000029,914544.3333333334,34430.46666666667,226547.40000000002,6593.800000000003,0.03147501423101437,3,0,3,2
801136.6,1027684.0,853744.8,32175.6,32346.4,24633.0,3,3,3,2,2,2,226547.40000000002,-173939.19999999995,170.8000000000029,-7713.4000000000015,894188.4666666668,29718.333333333332,226547.40000000002,7713.4000000000015,0.02885285057917708,3,0,3,2
1027684.0,853744.8,1006639.4,32346.4,24633.0,28649.6,3,3,3,2,2,2,-173939.19999999995,152894.59999999998,-7713.4000000000015,4016.5999999999985,962689.4,28543.0,173939.19999999995,7713.4000000000015,0.02846061016426521,3,0,3,2
853744.8,1006639.4,841310.0,24633.0,28649.6,20709.6,3,3,3,2,2,2,152894.59999999998,-165329.40000000002,4016.5999999999985,-7940.0,900564.7333333334,24664.066666666666,165329.40000000002,7940.0,0.024615867378412974,3,0,3,2
1006639.4,841310.0,1372541.8,28649.6,20709.6,31065.0,3,3,3,2,2,2,-165329.40000000002,531231.8,-7940.0,10355.400000000001,1073497.0666666667,26808.066666666666,531231.8,10355.400000000001,0.022633173989182704,3,0,3,2
841310.0,1372541.8,1550048.2,20709.6,31065.0,21821.4,3,3,3,2,2,2,531231.8,177506.3999999999,10355.400000000001,-9243.599999999999,1254633.3333333333,24532.0,708738.2,10355.400000000001,0.014077875721622257,3,0,3,2
1372541.8,1550048.2,1060903.2,31065.0,21821.4,24135.2,3,3,3,2,2,2,177506.3999999999,-489145.0,-9243.599999999999,2313.7999999999993,1327831.0666666667,25673.86666666667,489145.0,9243.599999999999,0.022749650722468626,3,0,3,2
1550048.2,1060903.2,953955.0,21821.4,24135.2,36151.2,3,3,3,2,2,2,-489145.0,-106948.19999999995,2313.7999999999993,12015.999999999996,1188302.1333333333,27369.266666666666,596093.2,14329.799999999996,0.03789608745057424,3,0,3,2
1060903.2,953955.0,1153130.8,24135.2,36151.2,28695.8,3,3,3,2,2,2,-106948.19999999995,199175.80000000005,12015.999999999996,-7455.399999999998,1055996.3333333333,29660.733333333334,199175.80000000005,12015.999999999996,0.024885099864560146,3,0,3,2
953955.0,1153130.8,816275.4,36151.2,28695.8,28029.6,3,3,3,2,2,2,199175.80000000005,-336855.4,-7455.399999999998,-666.2000000000007,974453.7333333333,30958.86666666667,336855.4,8121.5999999999985,0.03433836871922304,3,0,3,2
1153130.8,816275.4,1451585.0,28695.8,28029.6,30136.8,3,3,3,2,2,2,-336855.4,635309.6,-666.2000000000007,2107.2000000000007,1140330.4000000001,28954.066666666666,635309.6,2107.2000000000007,0.0207612914426014,3,0,3,2
816275.4,1451585.0,1256250.0,28029.6,30136.8,34012.6,3,3,3,2,2,2,635309.6,-195335.0,2107.2000000000007,3875.7999999999993,1174703.4666666666,30726.333333333332,635309.6,5983.0,0.027074684915673698,5,14,3,2
1451585.0,1256250.0,1263124.0,30136.8,34012.6,32243.8,3,3,3,2,2,2,-195335.0,6874.0,3875.7999999999993,-1768.7999999999993,1323653.0,32131.066666666666,195335.0,3875.7999999999993,0.025527006432459177,3,0,3,2
1256250.0,1263124.0,1281519.4,34012.6,32243.8,36340.2,3,3,3,2,2,2,6874.0,18395.399999999907,-1768.7999999999993,4096.399999999998,1266964.4666666666,34198.86666666666,25269.399999999907,4096.399999999998,0.028357098334134984,3,0,3,2
1263124.0,1281519.4,1180310.6,32243.8,36340.2,34664.8,3,3,3,2,2,2,18395.399999999907,-101208.79999999981,4096.399999999998,-1675.3999999999942,1241651.3333333333,34416.26666666667,101208.79999999981,4096.399999999998,0.02936919369427531,3,0,3,2
1281519.4,1180310.6,1484593.2,36340.2,34664.8,40090.0,3,3,3,2,2,2,-101208.79999999981,304282.59999999986,-1675.3999999999942,5425.199999999997,1315474.4000000001,37031.666666666664,304282.59999999986,5425.199999999997,0.027004012274869458,3,0,3,2
1180310.6,1484593.2,1355434.0,34664.8,40090.0,32887.4,3,3,3,2,2,2,304282.59999999986,-129159.19999999995,5425.199999999997,-7202.5999999999985,1340112.5999999999,35880.73333333334,304282.59999999986,7202.5999999999985,0.024263354568828457,3,0,3,2
1484593.2,1355434.0,1402477.4,40090.0,32887.4,35232.6,3,3,3,2,2,2,-129159.19999999995,47043.39999999991,-7202.5999999999985,2345.199999999997,1414168.2,36070.0,129159.19999999995,7202.5999999999985,0.025121670323050967,3,0,3,2
1355434.0,1402477.4,1231098.4,32887.4,35232.6,46034.8,3,3,3,2,2,2,47043.39999999991,-171379.0,2345.199999999997,10802.200000000004,1329669.9333333333,38051.6,171379.0,13147.400000000001,0.037393243794936463,3,0,3,2
1402477.4,1231098.4,1071956.0,35232.6,46034.8,33273.0,3,3,3,2,2,2,-171379.0,-159142.3999999999,10802.200000000004,-12761.800000000003,1235177.2666666666,38180.13333333333,330521.3999999999,12761.800000000003,0.031039491322879555,3,0,3,2
1231098.4,1071956.0,1169060.2,46034.8,33273.0,27928.2,3,3,3,2,2,2,-159142.3999999999,97104.19999999995,-12761.800000000003,-5344.799999999999,1157371.5333333332,35745.333333333336,159142.3999999999,18106.600000000002,0.02388942512162751,3,0,3,2
1071956.0,1169060.2,975382.0,33273.0,27928.2,25086.4,3,3,3,2,2,2,97104.19999999995,-193678.19999999995,-5344.799999999999,-2841.7999999999993,1072132.7333333334,28762.533333333336,193678.19999999995,8186.5999999999985,0.025719537863587945,3,0,3,2
1169060.2,975382.0,1354195.0,27928.2,25086.4,40400.0,3,3,3,2,2,2,-193678.19999999995,378813.0,-2841.7999999999993,15313.599999999999,1166212.4000000001,31138.2,378813.0,15313.599999999999,0.02983319992083864,3,0,3,2
975382.0,1354195.0,1058130.8,25086.4,40400.0,33540.2,3,3,3,2,2,2,378813.0,-296064.19999999995,15313.599999999999,-6859.800000000003,1129235.9333333333,33008.86666666667,378813.0,15313.599999999999,0.03169756357383834,3,0,3,2
1354195.0,1058130.8,1207692.6,40400.0,33540.2,40570.4,3,3,3,2,2,2,-296064.19999999995,149561.80000000005,-6859.800000000003,7030.200000000004,1206672.8,38170.200000000004,296064.19999999995,7030.200000000004,0.033593288893805515,3,0,3,2
1058130.8,1207692.6,1593238.6,33540.2,40570.4,48175.6,3,3,3,2,2,2,149561.80000000005,385546.0,7030.200000000004,7605.199999999997,1286354.0000000002,40762.06666666667,535107.8,14635.400000000001,0.0302375110435367,3,0,3,2
1207692.6,1593238.6,1259845.6,40570.4,48175.6,40664.6,3,3,3,2,2,2,385546.0,-333393.0,7605.199999999997,-7511.0,1353592.2666666668,43136.86666666667,385546.0,7605.199999999997,0.03227742171150043,3,0,3,2
1593238.6,1259845.6,1435223.8,48175.6,40664.6,50468.8,3,3,3,2,2,2,-333393.0,175378.19999999995,-7511.0,9804.200000000004,1429436.0,46436.333333333336,333393.0,9804.200000000004,0.03516438679153259,5,14,3,2
1259845.6,1435223.8,1021558.6,40664.6,50468.8,33013.0,3,3,3,2,2,2,175378.19999999995,-413665.20000000007,9804.200000000004,-17455.800000000003,1238876.0000000002,41382.13333333333,413665.20000000007,17455.800000000003,0.03231627405782296,3,0,3,2
1435223.8,1021558.6,1128461.8,50468.8,33013.0,38533.2,3,3,3,2,2,2,-413665.20000000007,106903.20000000007,-17455.800000000003,5520.199999999997,1195081.4000000001,40671.666666666664,413665.20000000007,17455.800000000003,0.03414662849320332,3,0,3,2
1021558.6,1128461.8,1179620.6,33013.0,38533.2,36212.8,3,3,3,2,2,2,106903.20000000007,51158.80000000005,5520.199999999997,-2320.399999999994,1109880.3333333333,35919.666666666664,158062.00000000012,5520.199999999997,0.03069865794251309,3,0,3,2
1128461.8,1179620.6,1086003.8,38533.2,36212.8,36631.8,3,3,3,2,2,2,51158.80000000005,-93616.80000000005,-2320.399999999994,419.0,1131362.0666666667,37125.933333333334,93616.80000000005,2320.399999999994,0.03373079014015408,3,0,3,2
1179620.6,1086003.8,1432994.4,36212.8,36631.8,43974.8,3,3,3,2,2,2,-93616.80000000005,346990.59999999986,419.0,7343.0,1232872.9333333333,38939.8,346990.59999999986,7762.0,0.030687328096098566,3,0,3,2
1086003.8,1432994.4,1338053.8,36631.8,43974.8,29288.2,3,3,3,2,2,2,346990.59999999986,-94940.59999999986,7343.0,-14686.600000000002,1285684.0,36631.6,346990.59999999986,14686.600000000002,0.021888640136412948,3,0,3,2
1432994.4,1338053.8,1220038.2,43974.8,29288.2,25626.0,3,3,3,2,2,2,-94940.59999999986,-118015.6000000001,-14686.600000000002,-3662.2000000000007,1330362.1333333335,32963.0,212956.19999999995,18348.800000000003,0.021004243142351494,3,0,3,2
1338053.8,1220038.2,828233.4,29288.2,25626.0,31341.2,3,3,3,2,2,2,-118015.6000000001,-391804.79999999993,-3662.2000000000007,5715.200000000001,1128775.1333333333,28751.8,509820.4,5715.200000000001,0.037840978351056175,3,0,3,2
1220038.2,828233.4,1094880.2,25626.0,31341.2,24684.4,3,3,3,2,2,2,-391804.79999999993,266646.79999999993,5715.200000000001,-6656.799999999999,1047717.2666666666,27217.2,391804.79999999993,6656.799999999999,0.02254527705836944,5,14,3,2
828233.4,1094880.2,1092535.2,31341.2,24684.4,39004.2,3,3,3,2,2,2,266646.79999999993,-2345.0,-6656.799999999999,14319.799999999996,1005216.2666666666,31676.600000000002,266646.79999999993,14319.799999999996,0.03570060195717085,5,14,3,2
1094880.2,1092535.2,661443.0,24684.4,39004.2,26007.0,3,3,3,2,2,2,-2345.0,-431092.19999999995,14319.799999999996,-12997.199999999997,949619.4666666667,29898.533333333336,433437.19999999995,14319.799999999996,0.03931852129583154,5,14,3,2
1092535.2,661443.0,1076208.6,39004.2,26007.0,33891.6,3,3,3,2,2,2,-431092.19999999995,414765.6000000001,-12997.199999999997,7884.5999999999985,943395.6,32967.6,431092.19999999995,12997.199999999997,0.03149163508669686,3,0,3,2
661443.0,1076208.6,1174093.4,26007.0,33891.6,31081.0,3,3,3,2,2,2,414765.6000000001,97884.79999999981,7884.5999999999985,-2810.5999999999985,970581.6666666666,30326.533333333336,512650.3999999999,7884.5999999999985,0.026472317728455225,3,0,3,2
1076208.6,1174093.4,1212708.0,33891.6,31081.0,40831.2,3,3,3,2,2,2,97884.79999999981,38614.60000000009,-2810.5999999999985,9750.199999999997,1154336.6666666667,35267.93333333333,136499.3999999999,9750.199999999997,0.03366941285996888,1,22,3,2
1174093.4,1212708.0,1121254.6,31081.0,40831.2,37737.0,3,3,3,2,2,2,38614.60000000009,-91453.3999999999,9750.199999999997,-3094.199999999997,1169352.0,36549.73333333333,91453.3999999999,9750.199999999997,0.03365601919847713,3,0,3,2
1212708.0,1121254.6,1279900.8,40831.2,37737.0,42960.2,3,3,3,2,2,2,-91453.3999999999,158646.19999999995,-3094.199999999997,5223.199999999997,1204621.1333333335,40509.46666666667,158646.19999999995,5223.199999999997,0.033565231332591296,3,0,3,2
1121254.6,1279900.8,1262176.8,37737.0,42960.2,43407.8,3,3,3,2,2,2,158646.19999999995,-17724.0,5223.199999999997,447.6000000000058,1221110.7333333334,41368.333333333336,158646.19999999995,5670.800000000003,0.03439119274637852,3,0,3,2
1279900.8,1262176.8,1314903.2,42960.2,43407.8,40977.8,3,3,3,2,2,2,-17724.0,52726.39999999991,447.6000000000058,-2430.0,1285660.2666666666,42448.6,52726.39999999991,2430.0,0.031164095452733367,5,14,3,2
1262176.8,1314903.2,1372770.0,43407.8,40977.8,42141.0,3,3,3,2,2,2,52726.39999999991,57866.80000000005,-2430.0,1163.199999999997,1316616.6666666667,42175.53333333333,110593.19999999995,2430.0,0.03069776386593248,3,0,3,2
1314903.2,1372770.0,1354057.0,40977.8,42141.0,41789.0,3,3,3,2,2,2,57866.80000000005,-18713.0,1163.199999999997,-352.0,1347243.4000000001,41635.933333333334,57866.80000000005,1163.199999999997,0.0308620457912438,3,0,3,2
1372770.0,1354057.0,1526084.8,42141.0,41789.0,39120.0,3,3,3,2,2,2,-18713.0,172027.80000000005,-352.0,-2669.0,1417637.2666666666,41016.666666666664,172027.80000000005,3021.0,0.025634207460681437,3,0,3,2
1354057.0,1526084.8,1504458.4,41789.0,39120.0,44785.2,3,3,3,2,2,2,172027.80000000005,-21626.40000000014,-2669.0,5665.199999999997,1461533.3999999997,41898.066666666666,172027.80000000005,5665.199999999997,0.029768300826197105,3,0,3,2
1526084.8,1504458.4,1050928.6,39120.0,44785.2,30672.6,3,3,3,2,2,2,-21626.40000000014,-453529.7999999998,5665.199999999997,-14112.599999999999,1360490.6,38192.6,475156.19999999995,14112.599999999999,0.029186160519220312,3,0,3,2
1504458.4,1050928.6,1385492.2,44785.2,30672.6,24089.6,3,3,3,2,2,2,-453529.7999999998,334563.59999999986,-14112.599999999999,-6583.0,1313626.4000000001,33182.46666666667,453529.7999999998,20695.6,0.017387021459217555,3,0,3,2
1050928.6,1385492.2,1283972.6,30672.6,24089.6,32156.4,3,3,3,2,2,2,334563.59999999986,-101519.59999999986,-6583.0,8066.800000000003,1240131.1333333333,28972.86666666667,334563.59999999986,8066.800000000003,0.025044440166059487,3,0,3,2
1385492.2,1283972.6,1390261.8,24089.6,32156.4,36681.6,3,3,3,2,2,2,-101519.59999999986,106289.19999999995,8066.800000000003,4525.199999999997,1353242.2,30975.86666666667,106289.19999999995,12592.0,0.026384651880205667,3,0,3,2
1283972.6,1390261.8,1548854.8,32156.4,36681.6,35735.6,3,3,3,2,2,2,106289.19999999995,158593.0,4525.199999999997,-946.0,1407696.4000000001,34857.86666666667,264882.19999999995,4525.199999999997,0.023072257598157297,3,0,3,2
1390261.8,1548854.8,1379414.8,36681.6,35735.6,37100.4,3,3,3,2,2,2,158593.0,-169440.0,-946.0,1364.800000000003,1439510.4666666668,36505.86666666667,169440.0,1364.800000000003,0.026895733686680984,3,0,3,2
1548854.8,1379414.8,1159954.2,35735.6,37100.4,46610.4,3,3,3,2,2,2,-169440.0,-219460.6000000001,1364.800000000003,9510.0,1362741.2666666666,39815.46666666667,388900.6000000001,10874.800000000003,0.040182931202860254,3,0,3,2
1379414.8,1159954.2,1266430.2,37100.4,46610.4,45565.4,3,3,3,2,2,2,-219460.6000000001,106476.0,9510.0,-1045.0,1268599.7333333334,43092.06666666667,219460.6000000001,9510.0,0.03597937258652503,3,0,3,2
1159954.2,1266430.2,1255659.0,46610.4,45565.4,47016.2,3,3,3,2,2,2,106476.0,-10771.199999999953,-1045.0,1450.7999999999956,1227347.8,46397.333333333336,106476.0,1450.7999999999956,0.037443416211394805,3,0,3,2
1266430.2,1255659.0,1038996.6,45565.4,47016.2,29104.2,3,3,3,2,2,2,-10771.199999999953,-216662.40000000002,1450.7999999999956,-17911.999999999996,1187028.6,40561.933333333334,227433.59999999998,17911.999999999996,0.028011806764519958,3,0,3,2
1255659.0,1038996.6,1280973.6,47016.2,29104.2,34450.6,3,3,3,2,2,2,-216662.40000000002,241977.00000000012,-17911.999999999996,5346.399999999998,1191876.4000000001,36857.0,241977.00000000012,17911.999999999996,0.026894053949235212,3,0,3,2
1038996.6,1280973.6,1277558.4,29104.2,34450.6,37226.4,3,3,3,2,2,2,241977.00000000012,-3415.2000000001863,5346.399999999998,2775.800000000003,1199176.2,33593.73333333334,241977.00000000012,8122.200000000001,0.029138684275658733,3,0,3,2
1280973.6,1277558.4,1324731.2,34450.6,37226.4,43255.4,3,3,3,2,2,2,-3415.2000000001863,47172.80000000005,2775.800000000003,6029.0,1294421.0666666667,38310.799999999996,47172.80000000005,8804.800000000003,0.03265218434337144,3,0,3,2
1277558.4,1324731.2,1135033.4,37226.4,43255.4,46777.0,3,3,3,2,2,2,47172.80000000005,-189697.80000000005,6029.0,3521.5999999999985,1245774.3333333333,42419.6,189697.80000000005,9550.599999999999,0.041211966791491084,3,0,3,2
1324731.2,1135033.4,1230992.2,43255.4,46777.0,45372.4,3,3,3,2,2,2,-189697.80000000005,95958.80000000005,3521.5999999999985,-1404.5999999999985,1230252.2666666666,45134.93333333333,189697.80000000005,3521.5999999999985,0.036858367698538064,3,0,3,2
1135033.4,1230992.2,1158920.0,46777.0,45372.4,40622.2,3,3,3,2,2,2,95958.80000000005,-72072.19999999995,-1404.5999999999985,-4750.200000000004,1174981.8666666665,44257.19999999999,95958.80000000005,6154.800000000003,0.03505174209458625,3,0,3,2
1230992.2,1158920.0,1156299.6,45372.4,40622.2,36450.6,3,3,3,2,2,2,-72072.19999999995,-2620.399999999907,-4750.200000000004,-4171.5999999999985,1182070.6,40815.06666666667,74692.59999999986,8921.800000000003,0.03152346370831252,3,0,3,2
1158920.0,1156299.6,1639714.6,40622.2,36450.6,30143.4,3,3,3,2,2,2,-2620.399999999907,483415.0,-4171.5999999999985,-6307.199999999997,1318311.4000000001,35738.73333333333,483415.0,10478.799999999996,0.018383309886177823,3,0,3,2
1156299.6,1639714.6,1234695.0,36450.6,30143.4,42523.0,3,3,3,2,2,2,483415.0,-405019.6000000001,-6307.199999999997,12379.599999999999,1343569.7333333334,36372.333333333336,483415.0,12379.599999999999,0.03444005649973759,3,0,3,2
1639714.6,1234695.0,1414192.4,30143.4,42523.0,53127.8,3,3,3,2,2,2,-405019.6000000001,179497.3999999999,12379.599999999999,10604.800000000003,1429534.0,41931.4,405019.6000000001,22984.4,0.03756756324842133,3,0,3,2
1234695.0,1414192.4,1372092.8,42523.0,53127.8,41581.8,3,3,3,2,2,2,179497.3999999999,-42099.59999999986,10604.800000000003,-11546.0,1340326.7333333334,45744.200000000004,179497.3999999999,11546.0,0.03030536250509987,3,0,3,2
1414192.4,1372092.8,1331718.4,53127.8,41581.8,33855.4,3,3,3,2,2,2,-42099.59999999986,-40374.40000000014,-11546.0,-7726.4000000000015,1372667.8666666667,42855.0,82474.0,19272.4,0.02542232245020986,3,0,3,2
1372092.8,1331718.4,855830.0,41581.8,33855.4,20535.2,3,3,3,2,2,2,-40374.40000000014,-475888.3999999999,-7726.4000000000015,-13320.2,1186547.0666666667,31990.800000000003,516262.80000000005,21046.600000000002,0.023994456849541556,3,0,3,2
1331718.4,855830.0,1070725.4,33855.4,20535.2,23537.4,3,3,3,2,2,2,-475888.3999999999,214895.3999999999,-13320.2,3002.2000000000007,1086091.2666666666,25976.0,475888.3999999999,13320.2,0.021982646547241202,3,0,3,2
855830.0,1070725.4,1385549.0,20535.2,23537.4,37336.4,3,3,3,2,2,2,214895.3999999999,314823.6000000001,3002.2000000000007,13799.0,1104034.8,27136.333333333332,529719.0,16801.2,0.02694698856049944,3,0,3,2
1070725.4,1385549.0,1542877.4,23537.4,37336.4,38515.6,3,3,3,2,2,2,314823.6000000001,157328.3999999999,13799.0,1179.199999999997,1333050.5999999999,33129.799999999996,472152.0,14978.199999999997,0.024963470873660555,3,0,3,2
1385549.0,1542877.4,1454824.8,37336.4,38515.6,38808.4,3,3,3,2,2,2,157328.3999999999,-88052.59999999986,1179.199999999997,292.8000000000029,1461083.7333333334,38220.13333333333,157328.3999999999,1472.0,0.026675633605068045,3,0,3,2
1542877.4,1454824.8,1449586.6,38515.6,38808.4,38788.8,3,3,3,2,2,2,-88052.59999999986,-5238.199999999953,292.8000000000029,-19.599999999998545,1482429.6000000003,38704.26666666667,93290.79999999981,292.8000000000029,0.02675850704020923,3,0,3,2
1454824.8,1449586.6,926202.8,38808.4,38788.8,24378.0,3,3,3,2,2,2,-5238.199999999953,-523383.80000000005,-19.599999999998545,-14410.800000000003,1276871.4000000001,33991.73333333334,528622.0,14430.400000000001,0.02632034116033642,3,0,3,2
1449586.6,926202.8,1122928.4,38788.8,24378.0,39171.0,3,3,3,2,2,2,-523383.80000000005,196725.59999999986,-14410.800000000003,14793.0,1166239.2666666668,34112.6,523383.80000000005,14793.0,0.03488286975120609,3,0,3,2
926202.8,1122928.4,1161687.2,24378.0,39171.0,33544.0,3,3,3,2,2,2,196725.59999999986,38758.80000000005,14793.0,-5627.0,1070272.8,32364.333333333332,235484.3999999999,14793.0,0.028875217980177472,3,0,3,2
1122928.4,1161687.2,1351159.0,39171.0,33544.0,39945.6,3,3,3,2,2,2,38758.80000000005,189471.80000000005,-5627.0,6401.5999999999985,1211924.8666666665,37553.53333333333,228230.6000000001,6401.5999999999985,0.029563930252523758,3,0,3,2
1161687.2,1351159.0,1365384.2,33544.0,39945.6,40650.0,3,3,3,2,2,2,189471.80000000005,14225.199999999953,6401.5999999999985,704.4000000000015,1292743.4666666668,38046.53333333333,203697.0,7106.0,0.029771818238545432,3,0,3,2
1351159.0,1365384.2,1226798.0,39945.6,40650.0,30845.4,3,3,3,2,2,2,14225.199999999953,-138586.19999999995,704.4000000000015,-9804.599999999999,1314447.0666666667,37147.0,138586.19999999995,9804.599999999999,0.025142994084605547,3,0,3,2
1365384.2,1226798.0,1095018.2,40650.0,30845.4,33174.8,3,3,3,2,2,2,-138586.19999999995,-131779.80000000005,-9804.599999999999,2329.4000000000015,1229066.8,34890.066666666666,270366.0,9804.599999999999,0.03029608978545765,3,0,3,2
1226798.0,1095018.2,742340.0,30845.4,33174.8,25353.0,3,3,3,2,2,2,-131779.80000000005,-352678.19999999995,2329.4000000000015,-7821.800000000003,1021385.4,29791.06666666667,484458.0,7821.800000000003,0.03415276806750536,3,0,3,2
1095018.2,742340.0,942771.4,33174.8,25353.0,34518.8,3,3,3,2,2,2,-352678.19999999995,200431.40000000002,-7821.800000000003,9165.800000000003,926709.8666666667,31015.533333333336,352678.19999999995,9165.800000000003,0.03661413931930973,3,0,3,2
742340.0,942771.4,1053722.2,25353.0,34518.8,29719.8,3,3,3,2,2,2,200431.40000000002,110950.79999999993,9165.800000000003,-4799.000000000004,912944.5333333332,29863.86666666667,311382.19999999995,9165.800000000003,0.028204560742327776,3,0,3,2
942771.4,1053722.2,785954.0,34518.8,29719.8,22310.0,3,3,3,2,2,2,110950.79999999993,-267768.19999999995,-4799.000000000004,-7409.799999999999,927482.5333333333,28849.533333333336,267768.19999999995,12208.800000000003,0.028385849062605367,3,0,3,2
1053722.2,785954.0,738223.4,29719.8,22310.0,21290.0,3,3,3,2,2,2,-267768.19999999995,-47730.59999999998,-7409.799999999999,-1020.0,859299.8666666667,24439.933333333334,315498.79999999993,8429.8,0.02883946940794696,3,0,3,2
785954.0,738223.4,1044708.6,22310.0,21290.0,28631.2,3,3,3,2,2,2,-47730.59999999998,306485.19999999995,-1020.0,7341.200000000001,856295.3333333334,24077.066666666666,306485.19999999995,7341.200000000001,0.027405893465514246,3,0,3,2
738223.4,1044708.6,1280881.8,21290.0,28631.2,34383.0,3,3,3,2,2,2,306485.19999999995,236173.20000000007,7341.200000000001,5751.799999999999,1021271.2666666666,28101.399999999998,542658.4,13093.0,0.026843205326826155,3,0,3,2
1044708.6,1280881.8,1261354.6,28631.2,34383.0,35894.2,3,3,3,2,2,2,236173.20000000007,-19527.199999999953,5751.799999999999,1511.199999999997,1195648.3333333333,32969.46666666667,236173.20000000007,7262.999999999996,0.028456844366489507,3,0,3,2
1280881.8,1261354.6,1072448.8,34383.0,35894.2,34681.4,3,3,3,2,2,2,-19527.199999999953,-188905.80000000005,1511.199999999997,-1212.7999999999956,1204895.0666666667,34986.200000000004,208433.0,1511.199999999997,0.03233848334905746,3,0,3,2
1261354.6,1072448.8,1133320.4,35894.2,34681.4,33581.8,3,3,3,2,2,2,-188905.80000000005,60871.59999999986,-1212.7999999999956,-1099.5999999999985,1155707.9333333333,34719.13333333334,188905.80000000005,2312.399999999994,0.029631312000285185,3,0,3,2
1072448.8,1133320.4,958893.8,34681.4,33581.8,28034.6,3,3,3,2,2,2,60871.59999999986,-174426.59999999986,-1099.5999999999985,-5547.200000000004,1054887.6666666667,32099.266666666674,174426.59999999986,6646.800000000003,0.029236366700497278,3,0,3,2
1133320.4,958893.8,1180884.2,33581.8,28034.6,47715.0,3,3,3,2,2,2,-174426.59999999986,221990.3999999999,-5547.200000000004,19680.4,1091032.8,36443.799999999996,221990.3999999999,19680.4,0.04040612923254521,3,0,3,2
958893.8,1180884.2,1218844.2,28034.6,47715.0,40203.2,3,3,3,2,2,2,221990.3999999999,37960.0,19680.4,-7511.800000000003,1119540.7333333334,38650.933333333334,259950.3999999999,19680.4,0.03298466450046322,3,0,3,2
1180884.2,1218844.2,1066552.4,47715.0,40203.2,31767.2,3,3,3,2,2,2,37960.0,-152291.80000000005,-7511.800000000003,-8435.999999999996,1155426.9333333333,39895.13333333333,152291.80000000005,15947.8,0.029784912785426405,3,0,3,2
1218844.2,1066552.4,1047486.8,40203.2,31767.2,30438.0,3,3,3,2,2,2,-152291.80000000005,-19065.59999999986,-8435.999999999996,-1329.2000000000007,1110961.133333333,34136.13333333333,171357.3999999999,9765.199999999997,0.029058094996428595,3,0,3,2
1066552.4,1047486.8,1341918.0,31767.2,30438.0,37041.4,3,3,3,2,2,2,-19065.59999999986,294431.19999999995,-1329.2000000000007,6603.4000000000015,1151985.7333333334,33082.200000000004,294431.19999999995,6603.4000000000015,0.02760330541560258,3,0,3,2
1047486.8,1341918.0,1123157.4,30438.0,37041.4,32834.6,3,3,3,2,2,2,294431.19999999995,-218760.6000000001,6603.4000000000015,-4206.800000000003,1170854.0666666667,33438.0,294431.19999999995,6603.4000000000015,0.02923416679250229,3,0,3,2
1341918.0,1123157.4,776020.0,37041.4,32834.6,24690.2,3,3,3,2,2,2,-218760.6000000001,-347137.3999999999,-4206.800000000003,-8144.399999999998,1080365.1333333333,31522.066666666666,565898.0,12351.2,0.03181640703022212,3,0,3,2
1123157.4,776020.0,853133.6,32834.6,24690.2,29226.4,3,3,3,2,2,2,-347137.3999999999,77113.59999999998,-8144.399999999998,4536.200000000001,917437.0,28917.06666666667,347137.3999999999,8144.399999999998,0.03425766578919669,3,0,3,2
776020.0,853133.6,1169741.8,24690.2,29226.4,36790.0,3,3,3,2,2,2,77113.59999999998,316608.20000000007,4536.200000000001,7563.5999999999985,932965.1333333334,30235.533333333336,393721.80000000005,12099.8,0.0314513583669846,3,0,3,2
853133.6,1169741.8,1124545.6,29226.4,36790.0,43836.4,3,3,3,2,2,2,316608.20000000007,-45196.19999999995,7563.5999999999985,7046.4000000000015,1049140.3333333333,36617.6,316608.20000000007,14610.0,0.0389813992590436,3,0,3,2
1169741.8,1124545.6,1138256.6,36790.0,43836.4,35382.0,3,3,3,2,2,2,-45196.19999999995,13711.0,7046.4000000000015,-8454.400000000001,1144181.3333333335,38669.46666666667,45196.19999999995,8454.400000000001,0.03108435208339483,3,0,3,2
1124545.6,1138256.6,869163.4,43836.4,35382.0,28888.6,3,3,3,2,2,2,13711.0,-269093.20000000007,-8454.400000000001,-6493.4000000000015,1043988.5333333333,36035.666666666664,269093.20000000007,14947.800000000003,0.03323721035974322,3,0,3,2
1138256.6,869163.4,808477.6,35382.0,28888.6,26690.2,3,3,3,2,2,2,-269093.20000000007,-60685.80000000005,-6493.4000000000015,-2198.399999999998,938632.5333333333,30320.266666666666,329779.0000000001,8691.8,0.03301287133635943,3,0,3,2
869163.4,808477.6,1014755.0,28888.6,26690.2,33121.8,3,3,3,2,2,2,-60685.80000000005,206277.40000000002,-2198.399999999998,6431.600000000002,897465.3333333334,29566.86666666667,206277.40000000002,6431.600000000002,0.03264016177287939,3,0,3,2
808477.6,1014755.0,956208.4,26690.2,33121.8,28918.0,3,3,3,2,2,2,206277.40000000002,-58546.59999999998,6431.600000000002,-4203.800000000003,926480.3333333334,29576.666666666668,206277.40000000002,6431.600000000002,0.030242329765844175,3,0,3,2
1014755.0,956208.4,996156.2,33121.8,28918.0,36160.0,3,3,3,2,2,2,-58546.59999999998,39947.79999999993,-4203.800000000003,7242.0,989039.8666666666,32733.266666666666,58546.59999999998,7242.0,0.03629949168665347,3,0,3,2
956208.4,996156.2,1144015.2,28918.0,36160.0,37046.0,3,3,3,2,2,2,39947.79999999993,147859.0,7242.0,886.0,1032126.6,34041.333333333336,187806.79999999993,8128.0,0.032382408570787724,5,14,3,2
996156.2,1144015.2,846657.0,36160.0,37046.0,24595.8,3,3,3,2,2,2,147859.0,-297358.19999999995,886.0,-12450.2,995609.4666666667,32600.600000000002,297358.19999999995,12450.2,0.0290504548471756,3,0,3,2
1144015.2,846657.0,861406.8,37046.0,24595.8,27049.4,3,3,3,2,2,2,-297358.19999999995,14749.800000000047,-12450.2,2453.600000000002,950693.0,29563.733333333337,297358.19999999995,12450.2,0.0314013873568361,3,0,3,2
846657.0,861406.8,993218.6,24595.8,27049.4,37430.4,3,3,3,2,2,2,14749.800000000047,131811.79999999993,2453.600000000002,10381.0,900427.4666666667,29691.86666666667,146561.59999999998,12834.600000000002,0.03768592565027915,3,0,3,2
861406.8,993218.6,1170975.0,27049.4,37430.4,36964.6,3,3,3,2,2,2,131811.79999999993,177756.40000000002,10381.0,-465.8000000000029,1008533.4666666667,33814.799999999996,309568.19999999995,10381.0,0.03156734211461208,3,0,3,2
993218.6,1170975.0,1045519.2,37430.4,36964.6,34672.8,3,3,3,2,2,2,177756.40000000002,-125455.80000000005,-465.8000000000029,-2291.7999999999956,1069904.2666666666,36355.933333333334,177756.40000000002,2757.5999999999985,0.03316320430729124,3,0,3,2
1170975.0,1045519.2,983550.6,36964.6,34672.8,35513.8,3,3,3,2,2,2,-125455.80000000005,-61968.59999999998,-2291.7999999999956,841.0,1066681.6,35717.066666666666,187424.40000000002,2291.7999999999956,0.03610771412501388,5,14,3,2
1045519.2,983550.6,1047810.6,34672.8,35513.8,30336.8,3,3,3,2,2,2,-61968.59999999998,64260.0,841.0,-5177.000000000004,1025626.7999999999,33507.8,64260.0,5177.000000000004,0.0289525330698763,3,0,3,2
983550.6,1047810.6,828198.0,35513.8,30336.8,33894.8,3,3,3,2,2,2,64260.0,-219612.59999999998,-5177.000000000004,3558.0000000000036,953186.4,33248.46666666667,219612.59999999998,5177.000000000004,0.040925912733533854,3,0,3,2
1047810.6,828198.0,648557.2,30336.8,33894.8,26994.6,3,3,3,2,2,2,-219612.59999999998,-179640.80000000005,3558.0000000000036,-6900.200000000004,841521.9333333332,30408.733333333337,399253.4,6900.200000000004,0.041622478907829705,3,0,3,2
828198.0,648557.2,1000306.8,33894.8,26994.6,42569.0,3,3,3,2,2,2,-179640.80000000005,351749.6000000001,-6900.200000000004,15574.400000000001,825687.3333333334,34486.13333333333,351749.6000000001,15574.400000000001,0.04255590129358183,3,0,3,2
648557.2,1000306.8,952124.2,26994.6,42569.0,39758.2,3,3,3,2,2,2,351749.6000000001,-48182.60000000009,15574.400000000001,-2810.800000000003,866996.0666666668,36440.6,351749.6000000001,15574.400000000001,0.04175732351165582,3,0,3,2
1000306.8,952124.2,712121.4,42569.0,39758.2,30914.8,3,3,3,2,2,2,-48182.60000000009,-240002.79999999993,-2810.800000000003,-8843.399999999998,888184.1333333333,37747.333333333336,288185.4,11654.2,0.0434121999251814,3,0,3,2
952124.2,712121.4,467564.8,39758.2,30914.8,22687.6,3,3,3,2,2,2,-240002.79999999993,-244556.60000000003,-8843.399999999998,-8227.2,710603.4666666667,31120.2,484559.39999999997,17070.6,0.04852279614976117,3,0,3,2
712121.4,467564.8,807897.2,30914.8,22687.6,34485.8,3,3,3,2,2,2,-244556.60000000003,340332.39999999997,-8227.2,11798.200000000004,662527.7999999999,29362.733333333334,340332.39999999997,11798.200000000004,0.04268582353568804,3,0,3,2
467564.8,807897.2,704685.8,22687.6,34485.8,29902.0,3,3,3,2,2,2,340332.39999999997,-103211.3999999999,11798.200000000004,-4583.800000000003,660049.2666666667,29025.13333333333,340332.39999999997,11798.200000000004,0.04243303549889114,3,0,3,2
807897.2,704685.8,516698.2,34485.8,29902.0,22771.4,3,3,3,2,2,2,-103211.3999999999,-187987.60000000003,-4583.800000000003,-7130.5999999999985,676427.0666666667,29053.06666666667,291198.99999999994,11714.400000000001,0.044070902374147285,3,0,3,2
704685.8,516698.2,728801.2,29902.0,22771.4,31363.4,3,3,3,2,2,2,-187987.60000000003,212102.99999999994,-7130.5999999999985,8592.0,650061.7333333333,28012.266666666666,212102.99999999994,8592.0,0.04303417305820428,3,0,3,2
516698.2,728801.2,506757.6,22771.4,31363.4,23965.2,3,3,3,2,2,2,212102.99999999994,-222043.59999999998,8592.0,-7398.200000000001,584085.6666666666,26033.333333333332,222043.59999999998,8592.0,0.047291155986301965,3,0,3,2
728801.2,506757.6,690843.4,31363.4,23965.2,31801.6,3,3,3,2,2,2,-222043.59999999998,184085.80000000005,-7398.200000000001,7836.399999999998,642134.0666666665,29043.400000000005,222043.59999999998,7836.399999999998,0.046032941715963824,3,0,3,2
506757.6,690843.4,750146.6,23965.2,31801.6,34115.2,3,3,3,2,2,2,184085.80000000005,59303.19999999995,7836.399999999998,2313.5999999999985,649249.2000000001,29960.666666666668,243389.0,10149.999999999996,0.04547798326622654,3,0,3,2
690843.4,750146.6,557565.0,31801.6,34115.2,23047.8,3,3,3,2,2,2,59303.19999999995,-192581.59999999998,2313.5999999999985,-11067.399999999998,666185.0,29654.866666666665,192581.59999999998,11067.399999999998,0.04133645164877342,3,0,3,2
750146.6,557565.0,956936.8,34115.2,23047.8,42098.8,3,3,3,2,2,2,-192581.59999999998,399371.80000000005,-11067.399999999998,19051.000000000004,754882.8000000002,33087.26666666667,399371.80000000005,19051.000000000004,0.04399324595600675,3,0,3,2
557565.0,956936.8,490334.4,23047.8,42098.8,21717.6,3,3,3,2,2,2,399371.80000000005,-466602.4,19051.000000000004,-20381.200000000004,668278.7333333334,28954.733333333337,466602.4,20381.200000000004,0.04429131569941717,3,0,3,2
956936.8,490334.4,689853.8,42098.8,21717.6,32984.2,3,3,3,2,2,2,-466602.4,199519.40000000002,-20381.200000000004,11266.599999999999,712375.0,32266.86666666667,466602.4,20381.200000000004,0.04781324997666175,3,0,3,2
490334.4,689853.8,536758.6,21717.6,32984.2,25359.6,3,3,3,2,2,2,199519.40000000002,-153095.20000000007,11266.599999999999,-7624.5999999999985,572315.6000000001,26687.13333333333,199519.40000000002,11266.599999999999,0.047245731608712725,3,0,3,2
689853.8,536758.6,551553.6,32984.2,25359.6,25803.8,3,3,3,2,2,2,-153095.20000000007,14795.0,-7624.5999999999985,444.2000000000007,592722.0,28049.199999999997,153095.20000000007,7624.5999999999985,0.04678376356574671,3,0,3,2
536758.6,551553.6,678492.0,25359.6,25803.8,28374.0,3,3,3,2,2,2,14795.0,126938.40000000002,444.2000000000007,2570.2000000000007,588934.7333333333,26512.466666666664,141733.40000000002,3014.4000000000015,0.04181914920271838,3,0,3,2
551553.6,678492.0,1118099.2,25803.8,28374.0,46160.0,3,3,3,2,2,2,126938.40000000002,439607.19999999995,2570.2000000000007,17786.0,782714.9333333332,33445.933333333334,566545.6,20356.2,0.041284314232302256,3,0,3,2
678492.0,1118099.2,830368.6,28374.0,46160.0,33249.2,3,3,3,2,2,2,439607.19999999995,-287730.6,17786.0,-12910.800000000003,875653.2666666666,35927.73333333333,439607.19999999995,17786.0,0.04004144660401825,1,22,3,2
1118099.2,830368.6,732614.4,46160.0,33249.2,27961.6,3,3,3,2,2,2,-287730.6,-97754.19999999995,-12910.800000000003,-5287.5999999999985,893694.0666666665,35790.26666666666,385484.79999999993,18198.4,0.038166819862099535,3,0,3,2
830368.6,732614.4,837047.0,33249.2,27961.6,42036.0,3,3,3,2,2,2,-97754.19999999995,104432.59999999998,-5287.5999999999985,14074.400000000001,800010.0,34415.6,104432.59999999998,14074.400000000001,0.05021934225994208,3,0,3,2
732614.4,837047.0,750972.4,27961.6,42036.0,46010.2,3,3,3,2,2,2,104432.59999999998,-86074.59999999998,14074.400000000001,3974.199999999997,773544.6,38669.26666666667,104432.59999999998,18048.6,0.06126741639584038,3,0,3,2
837047.0,750972.4,662252.2,42036.0,46010.2,23673.6,3,3,3,2,2,2,-86074.59999999998,-88720.20000000007,3974.199999999997,-22336.6,750090.5333333332,37239.93333333333,174794.80000000005,22336.6,0.03574705263787325,3,0,3,2
750972.4,662252.2,1012389.0,46010.2,23673.6,45361.2,3,3,3,2,2,2,-88720.20000000007,350136.80000000005,-22336.6,21687.6,808537.8666666667,38348.33333333333,350136.80000000005,22336.6,0.04480605300328924,3,0,3,2
662252.2,1012389.0,1150531.0,23673.6,45361.2,43094.6,3,3,3,2,2,2,350136.80000000005,138142.0,21687.6,-2266.5999999999985,941724.0666666668,37376.46666666667,488278.80000000005,21687.6,0.0374562376361544,3,0,3,2
1012389.0,1150531.0,1460159.8,45361.2,43094.6,39134.0,3,3,3,2,2,2,138142.0,309628.80000000005,-2266.5999999999985,-3960.5999999999985,1207693.2666666666,42529.93333333333,447770.80000000005,6227.199999999997,0.026801157790292685,3,0,3,2
1150531.0,1460159.8,905959.8,43094.6,39134.0,34630.0,3,3,3,2,2,2,309628.80000000005,-554200.0,-3960.5999999999985,-4504.0,1172216.8666666665,38952.86666666667,554200.0,8464.599999999999,0.03822461192581401,3,0,3,2
1460159.8,905959.8,1268425.6,39134.0,34630.0,27985.4,3,3,3,2,2,2,-554200.0,362465.80000000005,-4504.0,-6644.5999999999985,1211515.0666666667,33916.46666666667,554200.0,11148.599999999999,0.022063081931583586,3,0,3,2
905959.8,1268425.6,1546580.0,34630.0,27985.4,38041.2,3,3,3,2,2,2,362465.80000000005,278154.3999999999,-6644.5999999999985,10055.799999999996,1240321.8,33552.200000000004,640620.2,10055.799999999996,0.02459696582332254,3,0,3,2
1268425.6,1546580.0,1708044.4,27985.4,38041.2,34532.2,3,3,3,2,2,2,278154.3999999999,161464.3999999999,10055.799999999996,-3509.0,1507683.3333333333,33519.6,439618.7999999998,10055.799999999996,0.020217378296853234,3,0,3,2
1546580.0,1708044.4,1398471.4,38041.2,34532.2,39131.6,3,3,3,2,2,2,161464.3999999999,-309573.0,-3509.0,4599.4000000000015,1551031.9333333333,37235.0,309573.0,4599.4000000000015,0.027981674861799203,3,0,3,2
1708044.4,1398471.4,888150.0,34532.2,39131.6,26404.0,3,3,3,2,2,2,-309573.0,-510321.3999999999,4599.4000000000015,-12727.599999999999,1331555.2666666666,33355.93333333333,819894.3999999999,12727.599999999999,0.029729178934663137,3,0,3,2
1398471.4,888150.0,1214755.2,39131.6,26404.0,38853.2,3,3,3,2,2,2,-510321.3999999999,326605.19999999995,-12727.599999999999,12449.199999999997,1167125.5333333332,34796.26666666666,510321.3999999999,12727.599999999999,0.0319843603185561,3,0,3,2
888150.0,1214755.2,944657.4,26404.0,38853.2,43551.6,3,3,3,2,2,2,326605.19999999995,-270097.79999999993,12449.199999999997,4698.4000000000015,1015854.2000000001,36269.6,326605.19999999995,17147.6,0.046103014592364815,1,22,3,2
1214755.2,944657.4,1117763.6,38853.2,43551.6,40316.8,3,3,3,2,2,2,-270097.79999999993,173106.20000000007,4698.4000000000015,-3234.7999999999956,1092392.0666666667,40907.2,270097.79999999993,4698.4000000000015,0.036069132982025014,3,0,3,2
944657.4,1117763.6,912399.8,43551.6,40316.8,27419.0,3,3,3,2,2,2,173106.20000000007,-205363.80000000005,-3234.7999999999956,-12897.800000000003,991606.9333333332,37095.799999999996,205363.80000000005,16132.599999999999,0.03005148614512394,3,0,3,2
1117763.6,912399.8,906927.0,40316.8,27419.0,29933.4,3,3,3,2,2,2,-205363.80000000005,-5472.800000000047,-12897.800000000003,2514.4000000000015,979030.1333333334,32556.400000000005,210836.6000000001,12897.800000000003,0.03300526612917453,3,0,3,2
912399.8,906927.0,1278550.4,27419.0,29933.4,41086.2,3,3,3,2,2,2,-5472.800000000047,371623.3999999999,2514.4000000000015,11152.799999999996,1032625.7333333334,32812.86666666667,371623.3999999999,13667.199999999997,0.032134961488447,3,0,3,2
906927.0,1278550.4,1024358.4,29933.4,41086.2,30704.4,3,3,3,2,2,2,371623.3999999999,-254191.99999999988,11152.799999999996,-10381.799999999996,1069945.2666666666,33908.0,371623.3999999999,11152.799999999996,0.02997424536739742,3,0,3,2
1278550.4,1024358.4,1264604.0,41086.2,30704.4,41764.8,3,3,3,2,2,2,-254191.99999999988,240245.59999999998,-10381.799999999996,11060.400000000001,1189170.9333333333,37851.8,254191.99999999988,11060.400000000001,0.03302596462927159,3,0,3,2
1024358.4,1264604.0,1067688.2,30704.4,41764.8,30992.8,3,3,3,2,2,2,240245.59999999998,-196915.80000000005,11060.400000000001,-10772.000000000004,1118883.5333333332,34487.333333333336,240245.59999999998,11060.400000000001,0.02902792310721135,3,0,3,2
1264604.0,1067688.2,1002394.8,41764.8,30992.8,28324.4,3,3,3,2,2,2,-196915.80000000005,-65293.39999999991,-10772.000000000004,-2668.399999999998,1111562.3333333333,33694.0,262209.19999999995,13440.400000000001,0.028256702591930253,3,0,3,2
1067688.2,1002394.8,1082243.6,30992.8,28324.4,40924.6,3,3,3,2,2,2,-65293.39999999991,79848.80000000005,-2668.399999999998,12600.199999999997,1050775.5333333334,33413.93333333333,79848.80000000005,12600.199999999997,0.03781455689406997,3,0,3,2
1002394.8,1082243.6,1071453.6,28324.4,40924.6,34381.8,3,3,3,2,2,2,79848.80000000005,-10790.0,12600.199999999997,-6542.799999999996,1052030.6666666667,34543.6,79848.80000000005,12600.199999999997,0.03208890045364498,3,0,3,2
1082243.6,1071453.6,914858.8,40924.6,34381.8,31091.6,3,3,3,2,2,2,-10790.0,-156594.80000000005,-6542.799999999996,-3290.2000000000044,1022852.0,35466.0,167384.80000000005,9833.0,0.033985098044530974,3,0,3,2
1071453.6,914858.8,1194775.6,34381.8,31091.6,34958.0,3,3,3,2,2,2,-156594.80000000005,279916.80000000005,-3290.2000000000044,3866.4000000000015,1060362.6666666667,33477.13333333333,279916.80000000005,3866.4000000000015,0.029259026331784534,3,0,3,2
914858.8,1194775.6,1182605.8,31091.6,34958.0,32321.0,3,3,3,2,2,2,279916.80000000005,-12169.800000000047,3866.4000000000015,-2637.0,1097413.4000000001,32790.200000000004,279916.80000000005,3866.4000000000015,0.027330301161806275,3,0,3,2
1194775.6,1182605.8,1140711.8,34958.0,32321.0,23697.4,3,3,3,2,2,2,-12169.800000000047,-41894.0,-2637.0,-8623.599999999999,1172697.7333333334,30325.466666666664,54063.80000000005,11260.599999999999,0.02077420363828652,3,0,3,2
1182605.8,1140711.8,1496078.0,32321.0,23697.4,33352.4,3,3,3,2,2,2,-41894.0,355366.19999999995,-8623.599999999999,9655.0,1273131.8666666667,29790.266666666666,355366.19999999995,9655.0,0.022293207778466245,3,0,3,2
1140711.8,1496078.0,1536337.0,23697.4,33352.4,31894.4,3,3,3,2,2,2,355366.19999999995,40259.0,9655.0,-1458.0,1391042.2666666666,29648.06666666667,395625.19999999995,9655.0,0.02076001504877182,3,0,3,2
1496078.0,1536337.0,1286532.2,33352.4,31894.4,57885.4,3,3,3,2,2,2,40259.0,-249804.80000000005,-1458.0,25991.0,1439649.0666666667,41044.06666666667,249804.80000000005,25991.0,0.044993320032471765,3,0,3,2
1536337.0,1286532.2,1239171.4,31894.4,57885.4,31077.0,3,3,3,2,2,2,-249804.80000000005,-47360.80000000005,25991.0,-26808.4,1354013.5333333334,40285.6,297165.6000000001,26808.4,0.025078834873985253,3,0,3,2
1286532.2,1239171.4,1040847.0,57885.4,31077.0,31763.2,3,3,3,2,2,2,-47360.80000000005,-198324.3999999999,-26808.4,686.2000000000007,1188850.2,40241.86666666666,245685.19999999995,26808.4,0.030516655650008457,3,0,3,2
1239171.4,1040847.0,996694.0,31077.0,31763.2,33193.4,3,3,3,2,2,2,-198324.3999999999,-44153.0,686.2000000000007,1430.2000000000007,1092237.4666666666,32011.2,242477.3999999999,2116.4000000000015,0.03330346796161313,3,0,3,2
1040847.0,996694.0,964781.4,31763.2,33193.4,31093.2,3,3,3,2,2,2,-44153.0,-31912.599999999977,1430.2000000000007,-2100.2000000000007,1000774.1333333333,32016.600000000002,76065.59999999998,2100.2000000000007,0.03222819985107523,3,0,3,2
996694.0,964781.4,1072359.4,33193.4,31093.2,32393.6,3,3,3,2,2,2,-31912.599999999977,107577.99999999988,-2100.2000000000007,1300.3999999999978,1011278.2666666666,32226.733333333337,107577.99999999988,2100.2000000000007,0.030207754780948646,3,0,3,2
964781.4,1072359.4,852612.0,31093.2,32393.6,26216.8,3,3,3,2,2,2,107577.99999999988,-219747.3999999999,1300.3999999999978,-6176.799999999999,963250.9333333332,29901.2,219747.3999999999,6176.799999999999,0.030748768784900064,3,0,3,2
1072359.4,852612.0,1113520.8,32393.6,26216.8,37615.8,3,3,3,2,2,2,-219747.3999999999,260908.80000000005,-6176.799999999999,11399.000000000004,1012830.7333333334,32075.399999999998,260908.80000000005,11399.000000000004,0.03378092822250988,3,0,3,2
852612.0,1113520.8,1353684.0,26216.8,37615.8,28779.4,3,3,3,2,2,2,260908.80000000005,240163.19999999995,11399.000000000004,-8836.400000000001,1106605.5999999999,30870.666666666668,501072.0,11399.000000000004,0.021260042033412502,3,0,3,2
1113520.8,1353684.0,695054.4,37615.8,28779.4,29567.6,3,3,3,2,2,2,240163.19999999995,-658629.6,-8836.400000000001,788.1999999999971,1054086.4,31987.600000000006,658629.6,8836.400000000001,0.04253991840074906,3,0,3,2
1353684.0,695054.4,1370289.8,28779.4,29567.6,36104.8,3,3,3,2,2,2,-658629.6,675235.4,788.1999999999971,6537.200000000004,1139676.0666666667,31483.933333333334,675235.4,7325.4000000000015,0.02634827585502289,3,0,3,2
695054.4,1370289.8,1125168.8,29567.6,36104.8,32538.0,3,3,3,2,2,2,675235.4,-245121.0,6537.200000000004,-3566.800000000003,1063504.3333333333,32736.8,675235.4,6537.200000000004,0.028918301930961884,3,0,3,2
1370289.8,1125168.8,1372636.2,36104.8,32538.0,42970.8,3,3,3,2,2,2,-245121.0,247467.3999999999,-3566.800000000003,10432.800000000003,1289364.9333333333,37204.53333333333,247467.3999999999,10432.800000000003,0.03130528591240279,3,0,3,2
1125168.8,1372636.2,1663456.8,32538.0,42970.8,41874.2,3,3,3,2,2,2,247467.3999999999,290820.6000000001,10432.800000000003,-1096.6000000000058,1387087.2666666666,39127.666666666664,538288.0,10432.800000000003,0.02517298605350854,3,0,3,2
1372636.2,1663456.8,1296861.4,42970.8,41874.2,32911.2,3,3,3,2,2,2,290820.6000000001,-366595.40000000014,-1096.6000000000058,-8963.0,1444318.1333333335,39252.066666666666,366595.40000000014,10059.600000000006,0.02537755740316012,3,0,3,2
1663456.8,1296861.4,1300984.2,41874.2,32911.2,28909.6,3,3,3,2,2,2,-366595.40000000014,4122.800000000047,-8963.0,-4001.5999999999985,1420434.1333333335,34565.0,366595.40000000014,12964.599999999999,0.022221313509177505,3,0,3,2
1296861.4,1300984.2,985003.0,32911.2,28909.6,37526.8,3,3,3,2,2,2,4122.800000000047,-315981.19999999995,-4001.5999999999985,8617.200000000004,1194282.8666666665,33115.86666666667,315981.19999999995,8617.200000000004,0.038098119398499906,3,0,3,2
1300984.2,985003.0,1243629.4,28909.6,37526.8,43976.6,3,3,3,2,2,2,-315981.19999999995,258626.3999999999,8617.200000000004,6449.799999999996,1176538.8666666667,36804.333333333336,315981.19999999995,15067.0,0.03536147073921641,3,0,3,2
985003.0,1243629.4,1196246.2,37526.8,43976.6,45636.2,3,3,3,2,2,2,258626.3999999999,-47383.19999999995,6449.799999999996,1659.5999999999985,1141626.2,42379.86666666666,258626.3999999999,8109.399999999994,0.0381494727845549,3,0,3,2
1243629.4,1196246.2,846299.2,43976.6,45636.2,29738.2,3,3,3,2,2,2,-47383.19999999995,-349947.0,1659.5999999999985,-15897.999999999996,1095391.5999999999,39783.666666666664,397330.19999999995,15897.999999999996,0.0351390676736222,3,0,3,2
1196246.2,846299.2,738933.0,45636.2,29738.2,27100.4,3,3,3,2,2,2,-349947.0,-107366.19999999995,-15897.999999999996,-2637.7999999999993,927159.4666666667,34158.26666666666,457313.19999999995,18535.799999999996,0.03667499397781128,3,0,3,2
846299.2,738933.0,457568.8,29738.2,27100.4,15568.2,3,3,3,2,2,2,-107366.19999999995,-281364.2,-2637.7999999999993,-11532.2,680933.6666666666,24135.600000000002,388730.39999999997,14170.0,0.03402366152661299,3,0,3,2
738933.0,457568.8,860083.2,27100.4,15568.2,26831.2,3,3,3,2,2,2,-281364.2,402514.39999999997,-11532.2,11263.0,685528.3333333334,23166.600000000002,402514.39999999997,11532.2,0.03119601545988172,3,0,3,2
457568.8,860083.2,1081217.0,15568.2,26831.2,30242.8,3,3,3,2,2,2,402514.39999999997,221133.80000000005,11263.0,3411.5999999999985,799623.0,24214.066666666666,623648.2,14674.599999999999,0.027971047466838324,3,0,3,2
860083.2,1081217.0,1274045.0,26831.2,30242.8,42522.2,3,3,3,2,2,2,221133.80000000005,192828.0,3411.5999999999985,12279.399999999998,1071781.7333333334,33198.73333333333,413961.80000000005,15690.999999999996,0.033375717988204504,3,0,3,2
1081217.0,1274045.0,1336240.2,30242.8,42522.2,36135.0,3,3,3,2,2,2,192828.0,62195.19999999995,12279.399999999998,-6387.199999999997,1230500.7333333334,36300.0,255023.19999999995,12279.399999999998,0.027042273505711395,3,0,3,2
1274045.0,1336240.2,1115875.8,42522.2,36135.0,32273.4,3,3,3,2,2,2,62195.19999999995,-220364.3999999999,-6387.199999999997,-3861.5999999999985,1242053.6666666667,36976.86666666667,220364.3999999999,10248.799999999996,0.028922010028347215,3,0,3,2
1336240.2,1115875.8,1650889.0,36135.0,32273.4,28299.8,3,3,3,2,2,2,-220364.3999999999,535013.2,-3861.5999999999985,-3973.600000000002,1367668.3333333333,32236.066666666666,535013.2,7835.200000000001,0.017142147568887083,3,0,3,2
1115875.8,1650889.0,1437895.6,32273.4,28299.8,42511.0,3,3,3,2,2,2,535013.2,-212993.3999999999,-3973.600000000002,14211.2,1401553.4666666668,34361.4,535013.2,14211.2,0.029564712789500996,3,0,3,2
1650889.0,1437895.6,1165136.8,28299.8,42511.0,49522.4,3,3,3,2,2,2,-212993.3999999999,-272758.80000000005,14211.2,7011.4000000000015,1417973.8,40111.06666666667,485752.19999999995,21222.600000000002,0.042503470404959824,3,0,3,2
1437895.6,1165136.8,1217954.4,42511.0,49522.4,40779.0,3,3,3,2,2,2,-272758.80000000005,52817.59999999986,7011.4000000000015,-8743.400000000001,1273662.2666666668,44270.799999999996,272758.80000000005,8743.400000000001,0.03348152157295744,3,0,3,2
1165136.8,1217954.4,1289082.6,49522.4,40779.0,31429.4,3,3,3,2,2,2,52817.59999999986,71128.20000000019,-8743.400000000001,-9349.599999999999,1224057.9333333333,40576.93333333333,123945.80000000005,18093.0,0.02438119606827672,3,0,1,2
