down_t1,down_t2,down_t3,up_t1,up_t2,up_t3,down_class_t1,down_class_t2,down_class_t3,up_class_t1,up_class_t2,up_class_t3,down_delta1,down_delta2,up_delta1,up_delta2,avg_down,avg_up,burst_down,burst_up,ratio,priority,protocol,next_down_class,next_up_class
102400.0,3521.2,1929.8,102400.0,22880.0,7910.6,2,1,1,2,2,2,-98878.8,-1591.3999999999999,-79520.0,-14969.4,35950.333333333336,44396.86666666667,100470.2,94489.4,4.097058214211726,3,0,1,2
3521.2,1929.8,1874.2,22880.0,7910.6,8292.2,1,1,1,2,2,2,-1591.3999999999999,-55.59999999999991,-14969.4,381.60000000000036,2441.733333333333,13027.6,1646.9999999999998,14969.4,4.422034982935154,3,0,1,1
1929.8,1874.2,1749.2,7910.6,8292.2,5260.4,1,1,1,2,2,1,-55.59999999999991,-125.0,381.60000000000036,-3031.800000000001,1851.0666666666666,7154.400000000001,180.5999999999999,3031.800000000001,3.005599360073134,3,0,1,1
1874.2,1749.2,1620.6,8292.2,5260.4,3559.6,1,1,1,2,1,1,-125.0,-128.60000000000014,-3031.800000000001,-1700.7999999999997,1748.0,5704.066666666667,253.60000000000014,4732.6,2.195115934879132,1,22,1,1
1749.2,1620.6,1496.6,5260.4,3559.6,3702.2,1,1,1,1,1,1,-128.60000000000014,-124.0,-1700.7999999999997,142.5999999999999,1622.1333333333332,4174.066666666667,252.60000000000014,1700.7999999999997,2.472088675213675,1,22,1,1
1620.6,1496.6,1186.4,3559.6,3702.2,1466.0,1,1,1,1,1,1,-124.0,-310.1999999999998,142.5999999999999,-2236.2,1434.5333333333335,2909.2666666666664,434.1999999999998,2236.2,1.23463028465555,1,22,1,1
1496.6,1186.4,1122.8,3702.2,1466.0,1849.2,1,1,1,1,1,1,-310.1999999999998,-63.600000000000136,-2236.2,383.20000000000005,1268.6000000000001,2339.133333333333,373.79999999999995,2236.2,1.6454885210891619,1,22,1,1
1186.4,1122.8,1012.4,1466.0,1849.2,1992.0,1,1,1,1,1,1,-63.600000000000136,-110.39999999999998,383.20000000000005,142.79999999999995,1107.2,1769.0666666666666,174.0000000000001,526.0,1.965660153937241,3,0,1,1
1122.8,1012.4,994.8,1849.2,1992.0,3601.2,1,1,1,1,1,1,-110.39999999999998,-17.600000000000023,142.79999999999995,1609.1999999999998,1043.3333333333333,2480.7999999999997,128.0,1751.9999999999998,3.6163888330990157,3,0,1,1
1012.4,994.8,906.6,1992.0,3601.2,3574.6,1,1,1,1,1,1,-17.600000000000023,-88.19999999999993,1609.1999999999998,-26.59999999999991,971.2666666666665,3055.933333333333,105.79999999999995,1609.1999999999998,3.9385191714411634,3,0,1,1
994.8,906.6,874.0,3601.2,3574.6,3145.6,1,1,1,1,1,1,-88.19999999999993,-32.60000000000002,-26.59999999999991,-429.0,925.1333333333333,3440.4666666666667,120.79999999999995,455.5999999999999,3.5949714285714283,3,0,1,1
906.6,874.0,528.0,3574.6,3145.6,1571.8,1,1,1,1,1,1,-32.60000000000002,-346.0,-429.0,-1573.8,769.5333333333333,2764.0,378.6,2002.8,2.971266540642722,3,0,1,1
874.0,528.0,488.4,3145.6,1571.8,4133.2,1,1,1,1,1,1,-346.0,-39.60000000000002,-1573.8,2561.3999999999996,630.1333333333333,2950.1999999999994,385.6,2561.3999999999996,8.445443400081732,1,22,1,1
528.0,488.4,376.8,1571.8,4133.2,1995.8,1,1,1,1,1,1,-39.60000000000002,-111.59999999999997,2561.3999999999996,-2137.3999999999996,464.40000000000003,2566.9333333333334,151.2,2561.3999999999996,5.282689253573319,3,0,1,1
488.4,376.8,386.4,4133.2,1995.8,1714.6,1,1,1,1,1,1,-111.59999999999997,9.599999999999966,-2137.3999999999996,-281.20000000000005,417.2,2614.5333333333333,111.59999999999997,2418.6,4.425916365513681,3,0,2,2
376.8,386.4,15676.0,1995.8,1714.6,11298.6,1,1,2,1,1,2,9.599999999999966,15289.6,-281.20000000000005,9584.0,5479.733333333334,5003.0,15299.2,9584.0,0.720711870893666,3,0,2,1
386.4,15676.0,8934.8,1714.6,11298.6,1964.8,1,2,2,1,2,1,15289.6,-6741.200000000001,9584.0,-9333.800000000001,8332.4,4992.666666666667,15289.6,9584.0,0.21987958548758926,3,0,2,2
15676.0,8934.8,30900.2,11298.6,1964.8,6770.2,2,2,2,2,1,2,-6741.200000000001,21965.4,-9333.800000000001,4805.4,18503.666666666668,6677.866666666666,21965.4,9333.800000000001,0.2190918152045875,3,0,2,2
8934.8,30900.2,89916.4,1964.8,6770.2,8017.4,2,2,2,1,2,2,21965.4,59016.2,4805.4,1247.1999999999998,43250.46666666667,5584.133333333334,80981.59999999999,6052.599999999999,0.08916405501048741,3,0,0,0
30900.2,89916.4,39.6,6770.2,8017.4,136.8,2,2,0,2,2,0,59016.2,-89876.79999999999,1247.1999999999998,-7880.599999999999,40285.4,4974.799999999999,89876.79999999999,7880.599999999999,3.369458128078818,3,0,1,1
89916.4,39.6,648.0,8017.4,136.8,587.6,2,0,1,2,0,1,-89876.79999999999,608.4,-7880.599999999999,450.8,30201.333333333332,2913.933333333333,89876.79999999999,7880.599999999999,0.9053929121725732,3,0,0,0
39.6,648.0,87.6,136.8,587.6,98.4,0,1,0,0,1,0,608.4,-560.4,450.8,-489.20000000000005,258.40000000000003,274.2666666666667,608.4,489.20000000000005,1.1106094808126412,3,0,2,1
648.0,87.6,10830.8,587.6,98.4,1004.6,1,0,2,1,0,1,-560.4,10743.199999999999,-489.20000000000005,906.2,3855.4666666666667,563.5333333333333,10743.199999999999,906.2,0.0927454347384553,3,0,2,2
87.6,10830.8,8564.2,98.4,1004.6,8420.2,0,2,2,0,1,2,10743.199999999999,-2266.5999999999985,906.2,7415.6,6494.2,3174.4,10743.199999999999,8321.800000000001,0.9830710316163078,3,0,1,1
10830.8,8564.2,5363.4,1004.6,8420.2,4828.2,2,2,1,1,2,1,-2266.5999999999985,-3200.800000000001,7415.6,-3592.000000000001,8252.800000000001,4751.0,5467.4,7415.6,0.9000447393930356,3,0,1,1
8564.2,5363.4,3328.6,8420.2,4828.2,1746.8,2,1,1,2,1,1,-3200.800000000001,-2034.7999999999997,-3592.000000000001,-3081.3999999999996,5752.066666666667,4998.400000000001,5235.6,6673.400000000001,0.52462758289284,1,22,1,1
5363.4,3328.6,334.6,4828.2,1746.8,261.2,1,1,1,1,1,1,-2034.7999999999997,-2994.0,-3081.3999999999996,-1485.6,3008.866666666667,2278.733333333333,5028.799999999999,4567.0,0.7783075089392133,1,22,2,2
3328.6,334.6,162300.4,1746.8,261.2,8389.6,1,1,2,1,1,2,-2994.0,161965.8,-1485.6,8128.400000000001,55321.200000000004,3465.866666666667,161965.8,8128.400000000001,0.051691482636625444,1,22,2,1
334.6,162300.4,37982.2,261.2,8389.6,3694.6,1,2,2,1,2,1,161965.8,-124318.2,8128.400000000001,-4695.0,66872.40000000001,4115.133333333334,161965.8,8128.400000000001,0.09726931906737717,1,22,1,1
162300.4,37982.2,2055.4,8389.6,3694.6,1570.8,2,2,1,2,1,1,-124318.2,-35926.799999999996,-4695.0,-2123.8,67445.99999999999,4551.666666666667,160245.0,6818.8,0.7638591713674382,3,0,1,1
37982.2,2055.4,803.8,3694.6,1570.8,936.4,2,1,1,1,1,1,-35926.799999999996,-1251.6000000000001,-2123.8,-634.4,13613.800000000001,2067.2666666666664,37178.399999999994,2758.2,1.1635188866799204,3,0,1,1
2055.4,803.8,1243.6,1570.8,936.4,1407.8,1,1,1,1,1,1,-1251.6000000000001,439.79999999999995,-634.4,471.4,1367.5999999999997,1305.0,1251.6000000000001,634.4,1.1311264663345653,3,0,1,1
803.8,1243.6,834.6,936.4,1407.8,979.2,1,1,1,1,1,1,439.79999999999995,-408.9999999999999,471.4,-428.5999999999999,960.6666666666666,1107.8,439.79999999999995,471.4,1.1718525610339876,3,0,1,1
1243.6,834.6,807.2,1407.8,979.2,894.0,1,1,1,1,1,1,-408.9999999999999,-27.399999999999977,-428.5999999999999,-85.20000000000005,961.7999999999998,1093.6666666666667,436.39999999999986,513.8,1.1061618411284335,3,0,1,1
834.6,807.2,862.4,979.2,894.0,915.2,1,1,1,1,1,1,-27.399999999999977,55.19999999999993,-85.20000000000005,21.200000000000045,834.7333333333335,929.4666666666667,55.19999999999993,85.20000000000005,1.0599953671531157,3,0,1,1
807.2,862.4,826.0,894.0,915.2,960.0,1,1,1,1,1,1,55.19999999999993,-36.39999999999998,21.200000000000045,44.799999999999955,831.8666666666667,923.0666666666666,55.19999999999993,66.0,1.1608222490931077,3,0,1,1
862.4,826.0,851.0,915.2,960.0,1162.4,1,1,1,1,1,1,-36.39999999999998,25.0,44.799999999999955,202.4000000000001,846.4666666666667,1012.5333333333334,36.39999999999998,247.20000000000005,1.3643192488262912,3,0,1,1
826.0,851.0,779.8,960.0,1162.4,838.8,1,1,1,1,1,1,25.0,-71.20000000000005,202.4000000000001,-323.60000000000014,818.9333333333334,987.0666666666666,71.20000000000005,323.60000000000014,1.0742827868852458,3,0,1,1
851.0,779.8,2370.2,1162.4,838.8,1378.2,1,1,1,1,1,1,-71.20000000000005,1590.3999999999999,-323.60000000000014,539.4000000000001,1333.6666666666667,1126.4666666666667,1590.3999999999999,539.4000000000001,0.5812246963562754,3,0,2,1
779.8,2370.2,6598.0,838.8,1378.2,5352.0,1,1,2,1,1,1,1590.3999999999999,4227.8,539.4000000000001,3973.8,3249.3333333333335,2523.0,5818.2,4513.2,0.8110319745415973,3,0,1,1
2370.2,6598.0,4668.0,1378.2,5352.0,4438.2,1,2,1,1,1,1,4227.8,-1930.0,3973.8,-913.8000000000002,4545.400000000001,3722.7999999999997,4227.8,3973.8,0.950567573356179,3,0,1,1
6598.0,4668.0,817.2,5352.0,4438.2,992.8,2,1,1,1,1,1,-1930.0,-3850.8,-913.8000000000002,-3445.3999999999996,4027.7333333333336,3594.3333333333335,5780.8,4359.2,1.213395257883158,3,0,1,1
4668.0,817.2,967.6,4438.2,992.8,1031.4,1,1,1,1,1,1,-3850.8,150.39999999999998,-3445.3999999999996,38.600000000000136,2150.9333333333334,2154.133333333333,3850.8,3445.3999999999996,1.0648358455502789,3,0,1,1
817.2,967.6,961.6,992.8,1031.4,952.2,1,1,1,1,1,1,150.39999999999998,-6.0,38.600000000000136,-79.20000000000005,915.4666666666667,992.1333333333333,150.39999999999998,79.20000000000005,0.9891959276958239,1,22,1,1
967.6,961.6,1883.4,1031.4,952.2,1209.6,1,1,1,1,1,1,-6.0,921.8000000000001,-79.20000000000005,257.39999999999986,1270.8666666666668,1064.3999999999999,921.8000000000001,257.39999999999986,0.6419019316493313,1,22,1,1
961.6,1883.4,1854.6,952.2,1209.6,2090.8,1,1,1,1,1,1,921.8000000000001,-28.800000000000182,257.39999999999986,881.2000000000003,1566.5333333333335,1417.5333333333335,921.8000000000001,1138.6000000000001,1.1267514550549689,1,22,1,1
1883.4,1854.6,814.0,1209.6,2090.8,888.8,1,1,1,1,1,1,-28.800000000000182,-1040.6,881.2000000000003,-1202.0000000000002,1517.3333333333333,1396.3999999999999,1069.4,1202.0000000000002,1.0905521472392639,1,22,1,1
1854.6,814.0,883.2,2090.8,888.8,997.2,1,1,1,1,1,1,-1040.6,69.20000000000005,-1202.0000000000002,108.40000000000009,1183.9333333333334,1325.6000000000001,1040.6,1202.0000000000002,1.127799140465958,1,22,1,1
814.0,883.2,747.6,888.8,997.2,853.6,1,1,1,1,1,1,69.20000000000005,-135.60000000000002,108.40000000000009,-143.60000000000002,814.9333333333334,913.1999999999999,135.60000000000002,143.60000000000002,1.14026182206786,1,22,1,1
883.2,747.6,791.8,997.2,853.6,866.8,1,1,1,1,1,1,-135.60000000000002,44.19999999999993,-143.60000000000002,13.199999999999932,807.5333333333334,905.8666666666668,135.60000000000002,143.60000000000002,1.0933400605449042,1,22,1,1
747.6,791.8,271.0,853.6,866.8,412.4,1,1,1,1,1,1,44.19999999999993,-520.8,13.199999999999932,-454.4,603.4666666666667,710.9333333333334,520.8,454.4,1.5161764705882352,1,22,0,0
791.8,271.0,88.8,866.8,412.4,88.8,1,1,0,1,1,0,-520.8,-182.2,-454.4,-323.59999999999997,383.8666666666666,455.99999999999994,703.0,778.0,0.9888641425389755,2,6,0,0
271.0,88.8,26.4,412.4,88.8,26.4,1,0,0,1,0,0,-182.2,-62.4,-323.59999999999997,-62.4,128.73333333333332,175.86666666666667,244.6,386.0,0.9635036496350365,2,6,0,1
88.8,26.4,113.2,88.8,26.4,174.8,0,0,0,0,0,1,-62.4,86.80000000000001,-62.4,148.4,76.13333333333333,96.66666666666667,86.80000000000001,148.4,1.5306479859894921,3,0,1,1
26.4,113.2,1215.4,26.4,174.8,817.6,0,0,1,0,1,1,86.80000000000001,1102.2,148.4,642.8,451.6666666666667,339.6,1189.0,791.2,0.6721473199605392,1,22,1,1
113.2,1215.4,1504.6,174.8,817.6,1172.2,0,1,1,1,1,1,1102.2,289.1999999999998,642.8,354.6,944.4,721.5333333333334,1391.3999999999999,997.4000000000001,0.7785600425079703,1,22,1,1
1215.4,1504.6,1392.4,817.6,1172.2,1976.2,1,1,1,1,1,1,289.1999999999998,-112.19999999999982,354.6,804.0,1370.8,1322.0,289.1999999999998,1158.6,1.4182574996411654,1,22,1,1
1504.6,1392.4,333.0,1172.2,1976.2,275.8,1,1,1,1,1,1,-112.19999999999982,-1059.4,804.0,-1700.4,1076.6666666666667,1141.4,1171.6,1700.4,0.825748502994012,1,22,1,1
1392.4,333.0,792.8,1976.2,275.8,839.4,1,1,1,1,1,1,-1059.4,459.79999999999995,-1700.4,563.5999999999999,839.4,1030.4666666666667,1059.4,1700.4,1.0574452003023431,1,22,2,2
333.0,792.8,142665.2,275.8,839.4,7823.2,1,1,2,1,1,2,459.79999999999995,141872.40000000002,563.5999999999999,6983.8,47930.333333333336,2979.4666666666667,142332.2,7547.4,0.0548356933877821,2,3,0,0
792.8,142665.2,13.2,839.4,7823.2,13.2,1,2,0,1,2,0,141872.40000000002,-142652.0,6983.8,-7810.0,47823.73333333334,2891.933333333334,142652.0,7810.0,0.9295774647887324,3,0,1,1
142665.2,13.2,1382.0,7823.2,13.2,1087.2,2,0,1,2,0,1,-142652.0,1368.8,-7810.0,1074.0,48020.13333333334,2974.5333333333333,142652.0,7810.0,0.786117136659436,5,14,2,1
13.2,1382.0,34216.6,13.2,1087.2,4740.6,0,1,2,0,1,1,1368.8,32834.6,1074.0,3653.4000000000005,11870.599999999999,1947.0,34203.4,4727.400000000001,0.1385427382399701,3,0,2,1
1382.0,34216.6,8170.0,1087.2,4740.6,2433.2,1,2,2,1,1,1,32834.6,-26046.6,3653.4000000000005,-2307.4000000000005,14589.533333333333,2753.6666666666665,32834.6,3653.4000000000005,0.2977848488557092,3,0,1,1
34216.6,8170.0,3511.6,4740.6,2433.2,618.2,2,2,1,1,1,1,-26046.6,-4658.4,-2307.4000000000005,-1814.9999999999998,15299.4,2597.3333333333335,30705.0,4122.400000000001,0.17599498946649209,3,0,0,0
8170.0,3511.6,13.2,2433.2,618.2,13.2,2,1,0,1,1,0,-4658.4,-3498.4,-1814.9999999999998,-605.0,3898.266666666667,1021.5333333333332,8156.8,2420.0,0.9295774647887324,3,0,0,0
3511.6,13.2,26.4,618.2,13.2,26.4,1,0,0,1,0,0,-3498.4,13.2,-605.0,13.2,1183.7333333333333,219.26666666666668,3498.4,605.0,0.9635036496350365,3,0,1,1
13.2,26.4,389.8,13.2,26.4,2084.2,0,0,1,0,0,1,13.2,363.40000000000003,13.2,2057.7999999999997,143.13333333333333,707.9333333333333,376.6,2071.0,5.333162743091094,3,0,1,1
26.4,389.8,332.8,26.4,2084.2,240.6,0,1,1,0,1,1,363.40000000000003,-57.0,2057.7999999999997,-1843.6,249.66666666666666,783.7333333333332,363.40000000000003,2057.7999999999997,0.7207908927501497,3,0,1,1
389.8,332.8,171.2,2084.2,240.6,333.8,1,1,1,1,1,1,-57.0,-161.60000000000002,-1843.6,93.20000000000002,297.93333333333334,886.1999999999999,218.60000000000002,1843.6,1.9384436701509875,3,0,1,1
332.8,171.2,258.4,240.6,333.8,151.2,1,1,1,1,1,1,-161.60000000000002,87.19999999999999,93.20000000000002,-182.60000000000002,254.13333333333333,241.86666666666665,161.60000000000002,182.60000000000002,0.5828835774865073,3,0,0,1
171.2,258.4,0.0,333.8,151.2,381.2,1,1,0,1,1,1,87.19999999999999,-258.4,-182.60000000000002,230.0,143.2,288.73333333333335,258.4,230.0,381.2,3,0,0,1
258.4,0.0,118.4,151.2,381.2,1706.2,1,0,0,1,1,1,-258.4,118.4,230.0,1325.0,125.59999999999998,746.1999999999999,258.4,1555.0,14.289782244556113,1,22,0,1
0.0,118.4,96.8,381.2,1706.2,477.6,0,0,0,1,1,1,118.4,-21.60000000000001,1325.0,-1228.6,71.73333333333333,855.0,118.4,1325.0,4.883435582822086,3,0,0,1
118.4,96.8,133.2,1706.2,477.6,152.4,0,0,0,1,1,1,-21.60000000000001,36.39999999999999,-1228.6,-325.20000000000005,116.13333333333333,778.7333333333335,36.39999999999999,1553.8,1.1356184798807751,3,0,0,1
96.8,133.2,116.0,477.6,152.4,1413.4,0,0,0,1,1,1,36.39999999999999,-17.19999999999999,-325.20000000000005,1261.0,115.33333333333333,681.1333333333333,36.39999999999999,1261.0,12.080341880341882,3,0,0,1
133.2,116.0,26.4,152.4,1413.4,854.0,0,0,0,1,1,1,-17.19999999999999,-89.6,1261.0,-559.4000000000001,91.86666666666666,806.6,106.79999999999998,1261.0,31.167883211678834,3,0,2,2
116.0,26.4,48980.6,1413.4,854.0,10594.4,0,0,2,1,1,2,-89.6,48954.2,-559.4000000000001,9740.4,16374.333333333334,4287.266666666666,48954.2,9740.4,0.21629346530125598,3,0,1,1
26.4,48980.6,2077.6,854.0,10594.4,1205.4,0,2,1,1,2,1,48954.2,-46903.0,9740.4,-9389.0,17028.2,4217.933333333333,48954.2,9740.4,0.5799095545078419,3,0,0,0
48980.6,2077.6,68.0,10594.4,1205.4,16.8,2,1,0,2,1,0,-46903.0,-2009.6,-9389.0,-1188.6000000000001,17042.066666666666,3938.8666666666663,48912.6,10577.6,0.24347826086956523,3,0,1,1
2077.6,68.0,1477.8,1205.4,16.8,4032.4,1,0,1,1,0,1,-2009.6,1409.8,-1188.6000000000001,4015.6,1207.8,1751.5333333333335,2009.6,4015.6,2.7268055179875574,3,0,1,1
68.0,1477.8,816.2,16.8,4032.4,297.6,0,1,1,0,1,1,1409.8,-661.5999999999999,4015.6,-3734.8,787.3333333333334,1448.9333333333334,1409.8,4015.6,0.3641703377386197,3,0,1,1
1477.8,816.2,286.0,4032.4,297.6,377.0,1,1,1,1,1,1,-661.5999999999999,-530.2,-3734.8,79.39999999999998,860.0,1569.0,1191.8,3734.8,1.3135888501742161,1,22,1,1
816.2,286.0,994.6,297.6,377.0,4218.2,1,1,1,1,1,1,-530.2,708.6,79.39999999999998,3841.2,698.9333333333334,1630.9333333333334,708.6,3920.6,4.2368421052631575,1,22,0,0
286.0,994.6,51.6,377.0,4218.2,51.6,1,1,0,1,1,0,708.6,-943.0,3841.2,-4166.599999999999,444.0666666666666,1548.9333333333334,943.0,4166.599999999999,0.9809885931558935,1,22,0,0
994.6,51.6,26.4,4218.2,51.6,26.4,1,0,0,1,0,0,-943.0,-25.200000000000003,-4166.599999999999,-25.200000000000003,357.53333333333336,1432.0666666666666,968.2,4191.8,0.9635036496350365,1,22,0,0
51.6,26.4,130.8,51.6,26.4,146.0,0,0,0,0,0,0,-25.200000000000003,104.4,-25.200000000000003,119.6,69.60000000000001,74.66666666666667,104.4,119.6,1.1077389984825492,1,22,2,1
26.4,130.8,36155.0,26.4,146.0,4915.2,0,0,2,0,0,1,104.4,36024.2,119.6,4769.2,12104.066666666666,1695.8666666666666,36128.6,4888.8,0.1359442416196482,3,0,1,1
130.8,36155.0,2334.2,146.0,4915.2,4473.4,0,2,1,0,1,1,36024.2,-33820.8,4769.2,-441.8000000000002,12873.333333333334,3178.1999999999994,36024.2,4769.2,1.9156389174374786,1,22,2,2
36155.0,2334.2,12781.6,4915.2,4473.4,7092.8,2,1,2,1,1,2,-33820.8,10447.400000000001,-441.8000000000002,2619.4000000000005,17090.266666666666,5493.799999999999,33820.8,2619.4000000000005,0.5548792890335299,3,0,1,1
2334.2,12781.6,3445.2,4473.4,7092.8,2730.0,1,2,1,1,2,1,10447.400000000001,-9336.400000000001,2619.4000000000005,-4362.8,6187.0,4765.400000000001,10447.400000000001,4362.8,0.7921768904880738,3,0,1,1
12781.6,3445.2,520.2,7092.8,2730.0,469.0,2,1,1,2,1,1,-9336.400000000001,-2925.0,-4362.8,-2261.0,5582.333333333333,3430.6,12261.4,6623.8,0.8998465080583269,3,0,0,0
3445.2,520.2,13.2,2730.0,469.0,0.0,1,1,0,1,1,0,-2925.0,-507.00000000000006,-2261.0,-469.0,1326.1999999999998,1066.3333333333333,3432.0,2730.0,0.0,3,0,0,0
520.2,13.2,13.2,469.0,0.0,0.0,1,0,0,1,0,0,-507.00000000000006,0.0,-469.0,0.0,182.20000000000005,156.33333333333334,507.00000000000006,469.0,0.0,3,0,0,0
13.2,13.2,24.0,0.0,0.0,0.0,0,0,0,0,0,0,0.0,10.8,0.0,0.0,16.8,0.0,10.8,0.0,0.0,3,0,1,1
13.2,24.0,1601.4,0.0,0.0,1758.0,0,0,1,0,0,1,10.8,1577.4,0.0,1758.0,546.2,586.0,1588.2,1758.0,1.0971043434847727,3,0,0,0
24.0,1601.4,52.8,0.0,1758.0,26.4,0,1,0,0,1,0,1577.4,-1548.6000000000001,1758.0,-1731.6,559.4,594.8000000000001,1577.4,1758.0,0.49070631970260226,3,0,0,0
1601.4,52.8,0.0,1758.0,26.4,0.0,1,0,0,1,0,0,-1548.6000000000001,-52.8,-1731.6,-26.4,551.4,594.8000000000001,1601.4,1758.0,0.0,3,0,0,0
52.8,0.0,25.2,26.4,0.0,25.2,0,0,0,0,0,0,-52.8,25.2,-26.4,25.2,26.0,17.2,52.8,26.4,0.9618320610687023,1,22,1,1
0.0,25.2,394.8,0.0,25.2,879.4,0,0,1,0,0,1,25.2,369.6,25.2,854.1999999999999,140.0,301.53333333333336,394.8,879.4,2.2218292066700354,1,22,3,2
25.2,394.8,411225.0,25.2,879.4,26614.0,0,1,3,0,1,2,369.6,410830.2,854.1999999999999,25734.6,137215.0,9172.866666666667,411199.8,26588.8,0.06471867051207851,1,22,2,2
394.8,411225.0,111591.0,879.4,26614.0,6983.8,1,3,2,1,2,2,410830.2,-299634.0,25734.6,-19630.2,174403.6,11492.400000000001,410830.2,25734.6,0.06258333930747724,3,0,2,2
411225.0,111591.0,32524.2,26614.0,6983.8,14652.0,3,2,2,2,2,2,-299634.0,-79066.8,-19630.2,7668.2,185113.4,16083.266666666668,378700.8,19630.2,0.4504814728272232,3,0,1,1
111591.0,32524.2,717.2,6983.8,14652.0,2979.8,2,2,1,2,2,1,-79066.8,-31807.0,7668.2,-11672.2,48277.466666666674,8205.199999999999,110873.8,11672.2,4.148983570036202,3,0,0,1
32524.2,717.2,10.8,14652.0,2979.8,208.8,2,1,0,2,1,1,-31807.0,-706.4000000000001,-11672.2,-2771.0,11084.066666666668,5946.866666666666,32513.4,14443.2,17.694915254237287,3,0,0,0
717.2,10.8,26.4,2979.8,208.8,26.4,1,0,0,1,1,0,-706.4000000000001,15.599999999999998,-2771.0,-182.4,251.46666666666667,1071.6666666666667,706.4000000000001,2953.4,0.9635036496350365,3,0,0,0
10.8,26.4,0.0,208.8,26.4,13.2,0,0,0,1,0,0,15.599999999999998,-26.4,-182.4,-13.2,12.4,82.8,26.4,195.60000000000002,13.2,3,0,0,0
26.4,0.0,8.4,26.4,13.2,8.4,0,0,0,0,0,0,-26.4,8.4,-13.2,-4.799999999999999,11.6,15.999999999999998,26.4,18.0,0.8936170212765957,1,22,1,1
0.0,8.4,494.4,13.2,8.4,914.0,0,0,1,0,0,1,8.4,486.0,-4.799999999999999,905.6,167.6,311.8666666666667,494.4,905.6,1.8449737585789263,3,0,0,0
8.4,494.4,44.0,8.4,914.0,116.6,0,1,0,0,1,0,486.0,-450.4,905.6,-797.4,182.26666666666665,346.3333333333333,486.0,905.6,2.591111111111111,3,0,1,2
494.4,44.0,509.6,914.0,116.6,6720.6,1,0,1,1,0,2,-450.4,465.6,-797.4,6604.0,349.3333333333333,2583.7333333333336,465.6,6604.0,13.162162162162163,3,2,0,1
44.0,509.6,0.0,116.6,6720.6,2352.8,0,1,0,0,2,1,465.6,-509.6,6604.0,-4367.8,184.53333333333333,3063.3333333333335,509.6,6604.0,2352.8,2,3,0,1
509.6,0.0,42.2,6720.6,2352.8,3861.0,1,0,0,2,1,1,-509.6,42.2,-4367.8,1508.1999999999998,183.93333333333337,4311.466666666667,509.6,4367.8,89.375,3,2,1,1
0.0,42.2,283.0,2352.8,3861.0,2137.8,0,0,1,1,1,1,42.2,240.8,1508.1999999999998,-1723.1999999999998,108.39999999999999,2783.866666666667,283.0,1723.1999999999998,7.527464788732395,3,2,0,1
42.2,283.0,0.0,3861.0,2137.8,2395.0,0,1,0,1,1,1,240.8,-283.0,-1723.1999999999998,257.1999999999998,108.39999999999999,2797.933333333333,283.0,1723.1999999999998,2395.0,3,2,3,2
283.0,0.0,630558.4,2137.8,2395.0,85353.8,1,0,3,1,1,2,-283.0,630558.4,257.1999999999998,82958.8,210280.46666666667,29962.2,630558.4,83216.0,0.13536202933458766,3,2,3,2
0.0,630558.4,864722.6,2395.0,85353.8,76009.0,0,3,3,1,2,2,630558.4,234164.19999999995,82958.8,-9344.800000000003,498427.0,54585.93333333333,864722.6,82958.8,0.08789976357763336,3,2,3,2
630558.4,864722.6,935472.6,85353.8,76009.0,52834.8,3,3,3,2,2,2,234164.19999999995,70750.0,-9344.800000000003,-23174.199999999997,810251.2000000001,71399.2,304914.19999999995,32519.0,0.056479199413003216,3,2,3,2
864722.6,935472.6,779352.6,76009.0,52834.8,60374.8,3,3,3,2,2,2,70750.0,-156120.0,-23174.199999999997,7540.0,859849.2666666666,63072.86666666667,156120.0,23174.199999999997,0.07746778869052508,3,2,3,2
935472.6,779352.6,484583.8,52834.8,60374.8,35427.6,3,3,3,2,2,2,-156120.0,-294768.8,7540.0,-24947.200000000004,733136.3333333334,49545.73333333334,450888.8,24947.200000000004,0.07310918543049637,3,2,3,2
779352.6,484583.8,582170.6,60374.8,35427.6,28536.0,3,3,3,2,2,2,-294768.8,97586.79999999999,-24947.200000000004,-6891.5999999999985,615369.0,41446.13333333333,294768.8,31838.800000000003,0.04901647555463028,3,2,2,2
484583.8,582170.6,261477.2,35427.6,28536.0,18684.6,3,3,2,2,2,2,97586.79999999999,-320693.39999999997,-6891.5999999999985,-9851.400000000001,442743.86666666664,27549.399999999998,320693.39999999997,16743.0,0.07145758231470156,2,6,1,1
582170.6,261477.2,1478.0,28536.0,18684.6,5306.8,3,2,1,2,2,1,-320693.39999999997,-259999.2,-9851.400000000001,-13377.8,281708.60000000003,17509.133333333335,580692.6,23229.2,3.588100067613252,2,6,1,2
261477.2,1478.0,1962.8,18684.6,5306.8,9866.4,2,1,1,2,1,2,-259999.2,484.79999999999995,-13377.8,4559.599999999999,88306.0,11285.933333333332,259999.2,13377.8,5.024136877482432,3,0,1,2
1478.0,1962.8,2168.8,5306.8,9866.4,13929.0,1,1,1,1,2,2,484.79999999999995,206.00000000000023,4559.599999999999,4062.6000000000004,1869.8666666666668,9700.733333333334,690.8000000000002,8622.2,6.41948566688174,3,0,3,2
1962.8,2168.8,503399.6,9866.4,13929.0,46113.0,1,1,3,2,2,2,206.00000000000023,501230.8,4062.6000000000004,32184.0,169177.06666666665,23302.8,501436.8,36246.6,0.09160298974613856,3,0,3,2
2168.8,503399.6,385851.0,13929.0,46113.0,44281.2,1,3,3,2,2,2,501230.8,-117548.59999999998,32184.0,-1831.800000000003,297139.8,34774.4,501230.8,32184.0,0.11476213677783191,3,0,1,1
503399.6,385851.0,4257.6,46113.0,44281.2,3679.8,3,3,1,2,2,1,-117548.59999999998,-381593.4,-1831.800000000003,-40601.399999999994,297836.06666666665,31358.0,499142.0,42433.2,0.864086789085615,3,0,1,0
385851.0,4257.6,562.4,44281.2,3679.8,145.6,3,1,1,2,1,0,-381593.4,-3695.2000000000003,-40601.399999999994,-3534.2000000000003,130223.66666666667,16035.533333333333,385288.6,44135.6,0.2584309549165779,1,22,1,1
4257.6,562.4,1614.0,3679.8,145.6,1774.8,1,1,1,1,0,1,-3695.2000000000003,1051.6,-3534.2000000000003,1629.2,2144.6666666666665,1866.7333333333333,3695.2000000000003,3534.2000000000003,1.0989473684210527,2,3,0,0
562.4,1614.0,0.0,145.6,1774.8,118.0,1,1,0,0,1,0,1051.6,-1614.0,1629.2,-1656.8,725.4666666666667,679.4666666666666,1614.0,1656.8,118.0,1,22,1,1
1614.0,0.0,208.4,1774.8,118.0,216.8,1,0,1,1,0,1,-1614.0,208.4,-1656.8,98.80000000000001,607.4666666666667,703.1999999999999,1614.0,1656.8,1.0353390639923592,1,22,0,0
0.0,208.4,66.0,118.0,216.8,79.2,0,1,0,0,1,0,208.4,-142.4,98.80000000000001,-137.60000000000002,91.46666666666665,138.0,208.4,137.60000000000002,1.182089552238806,1,22,1,1
208.4,66.0,509.6,216.8,79.2,236.0,1,0,1,1,0,1,-142.4,443.6,-137.60000000000002,156.8,261.3333333333333,177.33333333333334,443.6,156.8,0.46220133176654915,1,22,0,0
66.0,509.6,37.2,79.2,236.0,24.0,0,1,0,0,1,0,443.6,-472.40000000000003,156.8,-212.0,204.26666666666668,113.06666666666666,472.40000000000003,212.0,0.6282722513089005,3,0,1,1
509.6,37.2,175.2,236.0,24.0,168.8,1,0,1,1,0,1,-472.40000000000003,138.0,-212.0,144.8,240.66666666666666,142.93333333333334,472.40000000000003,212.0,0.9580022701475597,3,0,1,1
37.2,175.2,614.4,24.0,168.8,374.2,0,1,1,0,1,1,138.0,439.2,144.8,205.39999999999998,275.59999999999997,189.0,577.1999999999999,350.2,0.6080597985050373,3,0,0,1
175.2,614.4,0.0,168.8,374.2,1753.0,1,1,0,1,1,1,439.2,-614.4,205.39999999999998,1378.8,263.2,765.3333333333334,614.4,1584.2,1753.0,3,2,0,1
614.4,0.0,0.0,374.2,1753.0,577.2,1,0,0,1,1,1,-614.4,0.0,1378.8,-1175.8,204.79999999999998,901.4666666666666,614.4,1378.8,577.2,3,2,1,1
0.0,0.0,254.8,1753.0,577.2,596.4,0,0,1,1,1,1,0.0,254.8,-1175.8,19.199999999999932,84.93333333333334,975.5333333333333,254.8,1175.8,2.331508991399531,3,2,0,1
0.0,254.8,0.0,577.2,596.4,218.2,0,1,0,1,1,1,254.8,-254.8,19.199999999999932,-378.2,84.93333333333334,463.93333333333334,254.8,378.2,218.2,3,2,1,1
254.8,0.0,1253.2,596.4,218.2,3946.4,1,0,1,1,1,1,-254.8,1253.2,-378.2,3728.2000000000003,502.6666666666667,1587.0,1253.2,3728.2000000000003,3.1465476000637858,3,0,1,1
0.0,1253.2,3494.6,218.2,3946.4,3235.2,0,1,1,1,1,1,1253.2,2241.3999999999996,3728.2000000000003,-711.2000000000003,1582.6000000000001,2466.6,3494.6,3728.2000000000003,0.9255063508410573,3,0,1,0
1253.2,3494.6,1485.4,3946.4,3235.2,78.0,1,1,1,1,1,0,2241.3999999999996,-2009.1999999999998,-711.2000000000003,-3157.2,2077.7333333333336,2419.866666666667,2241.3999999999996,3868.4,0.05247578040904198,3,0,0,0
3494.6,1485.4,72.0,3235.2,78.0,59.6,1,1,0,1,0,0,-2009.1999999999998,-1413.4,-3157.2,-18.4,1684.0,1124.2666666666667,3422.6,3175.6,0.8164383561643835,3,0,1,1
1485.4,72.0,570.8,78.0,59.6,418.8,1,0,1,0,0,1,-1413.4,498.79999999999995,-18.4,359.2,709.4,185.46666666666667,1413.4,359.2,0.7324239244491082,2,3,0,0
72.0,570.8,10.8,59.6,418.8,10.8,0,1,0,0,1,0,498.79999999999995,-560.0,359.2,-408.0,217.86666666666665,163.0666666666667,560.0,408.0,0.9152542372881356,1,22,1,1
570.8,10.8,352.0,418.8,10.8,498.4,1,0,1,1,0,1,-560.0,341.2,-408.0,487.59999999999997,311.2,309.3333333333333,560.0,487.59999999999997,1.411898016997167,1,22,1,1
10.8,352.0,203.2,10.8,498.4,244.4,0,1,1,0,1,1,341.2,-148.8,487.59999999999997,-253.99999999999997,188.66666666666666,251.20000000000002,341.2,487.59999999999997,1.1968658178256613,1,22,1,1
352.0,203.2,635.6,498.4,244.4,539.6,1,1,1,1,1,1,-148.8,432.40000000000003,-253.99999999999997,295.20000000000005,396.9333333333334,427.4666666666667,432.40000000000003,295.20000000000005,0.8476280238768458,1,22,0,0
203.2,635.6,10.8,244.4,539.6,24.0,1,1,0,1,1,0,432.40000000000003,-624.8000000000001,295.20000000000005,-515.6,283.2,269.3333333333333,624.8000000000001,515.6,2.0338983050847457,1,22,0,0
635.6,10.8,90.0,539.6,24.0,59.6,1,0,0,1,0,0,-624.8000000000001,79.2,-515.6,35.6,245.46666666666667,207.73333333333335,624.8000000000001,515.6,0.654945054945055,2,6,0,0
10.8,90.0,72.0,24.0,59.6,62.4,0,0,0,0,0,0,79.2,-18.0,35.6,2.799999999999997,57.6,48.666666666666664,79.2,38.4,0.8547945205479451,2,6,0,0
90.0,72.0,52.8,59.6,62.4,0.0,0,0,0,0,0,0,-18.0,-19.200000000000003,2.799999999999997,-62.4,71.60000000000001,40.666666666666664,37.2,62.4,0.0,2,6,1,1
72.0,52.8,355.6,62.4,0.0,1024.4,0,0,1,0,0,1,-19.200000000000003,302.8,-62.4,1024.4,160.13333333333335,362.2666666666667,302.8,1024.4,2.8726864834548516,2,6,0,0
52.8,355.6,10.8,0.0,1024.4,37.2,0,1,0,0,1,0,302.8,-344.8,1024.4,-987.2,139.73333333333335,353.86666666666673,344.8,1024.4,3.152542372881356,2,6,0,1
355.6,10.8,92.4,1024.4,37.2,3274.0,1,0,0,1,0,1,-344.8,81.60000000000001,-987.2,3236.8,152.93333333333337,1445.2,344.8,3236.8,35.05353319057816,3,0,1,1
10.8,92.4,358.8,37.2,3274.0,2356.0,0,0,1,0,1,1,81.60000000000001,266.4,3236.8,-918.0,154.0,1889.0666666666666,348.0,3236.8,6.548082267926626,3,0,1,1
92.4,358.8,254.8,3274.0,2356.0,709.2,0,1,1,1,1,1,266.4,-104.0,-918.0,-1646.8,235.33333333333334,2113.0666666666666,266.4,2564.8,2.772478498827209,3,0,1,0
358.8,254.8,381.8,2356.0,709.2,44.4,1,1,1,1,1,0,-104.0,127.0,-1646.8,-664.8000000000001,331.8,1036.5333333333333,127.0,2311.6,0.11598746081504702,3,0,1,0
254.8,381.8,258.4,709.2,44.4,118.0,1,1,1,1,0,0,127.0,-123.40000000000003,-664.8000000000001,73.6,298.3333333333333,290.53333333333336,127.0,664.8000000000001,0.4548959136468774,1,22,1,1
381.8,258.4,2465.6,44.4,118.0,1280.0,1,1,1,0,0,1,-123.40000000000003,2207.2,73.6,1162.0,1035.2666666666667,480.8,2207.2,1235.6,0.5189329441336252,1,22,1,0
258.4,2465.6,317.2,118.0,1280.0,32.4,1,1,1,0,1,0,2207.2,-2148.4,1162.0,-1247.6,1013.7333333333332,476.8,2207.2,1247.6,0.10182275298554368,1,22,0,0
2465.6,317.2,43.0,1280.0,32.4,65.0,1,1,0,1,0,0,-2148.4,-274.2,-1247.6,32.6,941.9333333333333,459.1333333333334,2422.6,1247.6,1.4772727272727273,1,22,1,1
317.2,43.0,535.0,32.4,65.0,1758.0,1,0,1,0,0,1,-274.2,492.0,32.6,1693.0,298.40000000000003,618.4666666666667,492.0,1725.6,3.279850746268657,2,6,1,1
43.0,535.0,160.6,65.0,1758.0,181.8,0,1,1,0,1,1,492.0,-374.4,1693.0,-1576.2,246.20000000000002,668.2666666666667,492.0,1693.0,1.125,2,6,0,1
535.0,160.6,123.4,1758.0,181.8,461.6,1,1,0,1,1,1,-374.4,-37.19999999999999,-1576.2,279.8,273.0,800.4666666666667,411.6,1576.2,3.7106109324758845,2,6,0,1
160.6,123.4,42.8,181.8,461.6,578.8,1,0,0,1,1,1,-37.19999999999999,-80.60000000000001,279.8,117.19999999999993,108.93333333333334,407.40000000000003,117.8,396.99999999999994,13.214611872146119,3,0,0,1
123.4,42.8,104.4,461.6,578.8,513.2,0,0,0,1,1,1,-80.60000000000001,61.60000000000001,117.19999999999993,-65.59999999999991,90.2,517.8666666666667,80.60000000000001,117.19999999999993,4.869070208728653,3,0,1,1
42.8,104.4,354.8,578.8,513.2,282.2,0,0,1,1,1,1,61.60000000000001,250.4,-65.59999999999991,-231.00000000000006,167.33333333333334,458.06666666666666,312.0,296.59999999999997,0.7931422147273749,3,0,0,1
104.4,354.8,0.0,513.2,282.2,324.8,0,1,0,1,1,1,250.4,-354.8,-231.00000000000006,42.60000000000002,153.0666666666667,373.40000000000003,354.8,231.00000000000006,324.8,3,0,0,0
354.8,0.0,0.0,282.2,324.8,38.0,1,0,0,1,1,0,-354.8,0.0,42.60000000000002,-286.8,118.26666666666667,215.0,354.8,286.8,38.0,3,0,0,1
0.0,0.0,117.2,324.8,38.0,707.2,0,0,0,1,0,1,0.0,117.2,-286.8,669.2,39.06666666666667,356.6666666666667,117.2,669.2,5.983079526226734,3,0,1,0
0.0,117.2,293.2,38.0,707.2,130.2,0,0,1,0,1,0,117.2,176.0,669.2,-577.0,136.79999999999998,291.8,293.2,669.2,0.442556084296397,3,0,0,0
117.2,293.2,28.8,707.2,130.2,13.2,0,1,0,1,0,0,176.0,-264.4,-577.0,-116.99999999999999,146.4,283.53333333333336,264.4,694.0,0.44295302013422816,3,0,1,1
293.2,28.8,1600.2,130.2,13.2,181.2,1,0,1,0,0,1,-264.4,1571.4,-116.99999999999999,168.0,640.7333333333333,108.19999999999999,1571.4,168.0,0.11316512615538345,3,0,1,1
28.8,1600.2,3516.8,13.2,181.2,2659.0,0,1,1,0,1,1,1571.4,1916.6000000000001,168.0,2477.8,1715.2666666666667,951.1333333333333,3488.0,2645.8,0.7558701461140486,3,0,0,0
1600.2,3516.8,0.0,181.2,2659.0,18.4,1,1,0,1,1,0,1916.6000000000001,-3516.8,2477.8,-2640.6,1705.6666666666667,952.8666666666667,3516.8,2640.6,18.4,2,6,0,0
3516.8,0.0,13.2,2659.0,18.4,31.6,1,0,0,1,0,0,-3516.8,13.2,-2640.6,13.200000000000003,1176.6666666666667,903.0,3516.8,2640.6,2.2253521126760565,2,6,0,0
0.0,13.2,25.2,18.4,31.6,25.2,0,0,0,0,0,0,13.2,12.0,13.200000000000003,-6.400000000000002,12.799999999999999,25.066666666666666,25.2,13.200000000000003,0.9618320610687023,1,22,1,1
13.2,25.2,385.6,31.6,25.2,856.6,0,0,1,0,0,1,12.0,360.40000000000003,-6.400000000000002,831.4,141.33333333333334,304.46666666666664,372.40000000000003,831.4,2.2157268494568028,1,22,2,2
25.2,385.6,43553.8,25.2,856.6,49189.0,0,1,2,0,1,2,360.40000000000003,43168.200000000004,831.4,48332.4,14654.866666666669,16690.266666666666,43528.600000000006,49163.8,1.1293588766335743,3,0,2,1
385.6,43553.8,6476.8,856.6,49189.0,2848.6,1,2,2,1,2,1,43168.200000000004,-37077.0,48332.4,-46340.4,16805.4,17631.399999999998,43168.200000000004,48332.4,0.43974806261385035,1,22,1,1
43553.8,6476.8,3531.4,49189.0,2848.6,1769.8,2,2,1,2,1,1,-37077.0,-2945.4,-46340.4,-1078.8,17854.000000000004,17935.8,40022.4,47419.2,0.5010191371305628,1,22,0,1
6476.8,3531.4,13.2,2848.6,1769.8,184.8,2,1,0,1,1,1,-2945.4,-3518.2000000000003,-1078.8,-1585.0,3340.466666666667,1601.0666666666666,6463.6,2663.7999999999997,13.014084507042256,1,22,0,0
3531.4,13.2,0.0,1769.8,184.8,92.4,1,0,0,1,1,0,-3518.2000000000003,-13.2,-1585.0,-92.4,1181.5333333333333,682.3333333333334,3531.4,1677.3999999999999,92.4,1,22,0,0
13.2,0.0,24.2,184.8,92.4,30.0,0,0,0,1,0,0,-13.2,24.2,-92.4,-62.400000000000006,12.466666666666667,102.40000000000002,24.2,154.8,1.1904761904761905,1,22,2,1
0.0,24.2,15306.0,92.4,30.0,6115.4,0,0,2,0,0,1,24.2,15281.8,-62.400000000000006,6085.4,5110.066666666667,2079.2666666666664,15306.0,6085.4,0.39951656105049976,2,3,0,0
24.2,15306.0,50.4,30.0,6115.4,0.0,0,2,0,0,1,0,15281.8,-15255.6,6085.4,-6115.4,5126.866666666667,2048.4666666666667,15281.8,6115.4,0.0,1,22,0,0
15306.0,50.4,13.2,6115.4,0.0,90.0,2,0,0,1,0,0,-15255.6,-37.2,-6115.4,90.0,5123.2,2068.4666666666667,15292.8,6115.4,6.338028169014085,3,0,0,0
50.4,13.2,38.4,0.0,90.0,60.0,0,0,0,0,0,0,-37.2,25.2,90.0,-30.0,34.0,50.0,37.2,90.0,1.5228426395939088,1,22,0,0
13.2,38.4,13.2,90.0,60.0,13.2,0,0,0,0,0,0,25.2,-25.2,-30.0,-46.8,21.599999999999998,54.4,25.2,76.8,0.9295774647887324,1,22,1,2
38.4,13.2,6376.0,60.0,13.2,14255.0,0,0,1,0,0,2,-25.2,6362.8,-46.8,14241.8,2142.5333333333333,4776.066666666667,6362.8,14241.8,2.2353771365846007,3,0,1,1
13.2,6376.0,685.6,13.2,14255.0,489.8,0,1,1,0,2,1,6362.8,-5690.4,14241.8,-13765.2,2358.266666666667,4919.333333333333,6362.8,14241.8,0.713370230119429,3,0,1,2
6376.0,685.6,3196.2,14255.0,489.8,8735.6,1,1,1,2,1,2,-5690.4,2510.6,-13765.2,8245.800000000001,3419.2666666666664,7826.8,5690.4,13765.2,2.732265732515952,3,0,2,2
685.6,3196.2,7754.6,489.8,8735.6,13752.6,1,1,2,1,2,2,2510.6,4558.400000000001,8245.800000000001,5017.0,3878.7999999999997,7659.333333333333,7069.0,13262.800000000001,1.7732477177781216,3,0,0,1
3196.2,7754.6,119.2,8735.6,13752.6,203.8,1,2,0,2,2,1,4558.400000000001,-7635.400000000001,5017.0,-13548.800000000001,3690.0,7564.0,7635.400000000001,13548.800000000001,1.6955074875207987,3,0,2,2
7754.6,119.2,12754.0,13752.6,203.8,19158.4,2,0,2,2,1,2,-7635.400000000001,12634.8,-13548.800000000001,18954.600000000002,6875.933333333333,11038.266666666668,12634.8,18954.600000000002,1.50203057624461,3,0,2,2
119.2,12754.0,82206.6,203.8,19158.4,14215.4,0,2,2,1,2,2,12634.8,69452.6,18954.600000000002,-4943.000000000002,31693.266666666666,11192.533333333333,82087.40000000001,18954.600000000002,0.17292075185262676,3,0,1,1
12754.0,82206.6,1744.8,19158.4,14215.4,1038.4,2,2,1,2,2,1,69452.6,-80461.8,-4943.000000000002,-13177.0,32235.133333333335,11470.733333333335,80461.8,18120.0,0.5947989460419293,3,0,1,1
82206.6,1744.8,430.2,14215.4,1038.4,277.0,2,1,1,2,1,1,-80461.8,-1314.6,-13177.0,-761.4000000000001,28127.2,5176.933333333333,81776.40000000001,13938.4,0.6423933209647495,3,0,1,1
1744.8,430.2,200.4,1038.4,277.0,254.0,1,1,1,1,1,1,-1314.6,-229.79999999999998,-761.4000000000001,-23.0,791.8000000000001,523.1333333333333,1544.3999999999999,784.4000000000001,1.2611717974180734,3,0,0,0
430.2,200.4,59.4,277.0,254.0,72.6,1,1,0,1,1,0,-229.79999999999998,-141.0,-23.0,-181.4,230.0,201.20000000000002,370.8,204.4,1.2019867549668874,3,0,1,1
200.4,59.4,698.0,254.0,72.6,2280.0,1,0,1,1,0,1,-141.0,638.6,-181.4,2207.4,319.26666666666665,868.8666666666667,638.6,2207.4,3.2618025751072963,3,0,2,2
59.4,698.0,83166.2,72.6,2280.0,39223.2,0,1,2,0,1,2,638.6,82468.2,2207.4,36943.2,27974.53333333333,13858.599999999999,83106.8,39150.6,0.47161861887859635,3,0,3,2
698.0,83166.2,481323.0,2280.0,39223.2,69371.8,1,2,3,1,2,2,82468.2,398156.8,36943.2,30148.600000000006,188395.7333333333,36958.333333333336,480625.0,67091.8,0.14412703293415663,3,0,2,2
83166.2,481323.0,106443.8,39223.2,69371.8,27639.8,2,3,2,2,2,2,398156.8,-374879.2,30148.600000000006,-41732.0,223644.33333333334,45411.6,398156.8,41732.0,0.2596632245069745,3,0,2,2
481323.0,106443.8,290190.2,69371.8,27639.8,72061.4,3,2,2,2,2,2,-374879.2,183746.40000000002,-41732.0,44421.59999999999,292652.3333333333,56357.666666666664,374879.2,44421.59999999999,0.24832386371468188,3,0,2,2
106443.8,290190.2,151149.6,27639.8,72061.4,14417.8,2,2,2,2,2,2,183746.40000000002,-139040.6,44421.59999999999,-57643.59999999999,182594.53333333333,38039.666666666664,183746.40000000002,57643.59999999999,0.09538698490115156,3,0,1,1
290190.2,151149.6,979.4,72061.4,14417.8,1228.2,2,2,1,2,2,1,-139040.6,-150170.2,-57643.59999999999,-13189.599999999999,147439.73333333337,29235.8,289210.8,70833.2,1.2527539779681762,3,0,2,2
151149.6,979.4,8035.0,14417.8,1228.2,7645.4,2,1,2,2,1,2,-150170.2,7055.6,-13189.599999999999,6417.2,53388.0,7763.8,150170.2,13189.599999999999,0.9513937282229965,3,0,1,1
979.4,8035.0,260.8,1228.2,7645.4,293.8,1,2,1,1,2,1,7055.6,-7774.2,6417.2,-7351.599999999999,3091.733333333333,3055.7999999999997,7774.2,7351.599999999999,1.1222307104660045,1,22,2,2
8035.0,260.8,45881.6,7645.4,293.8,11378.2,2,1,2,2,1,2,-7774.2,45620.799999999996,-7351.599999999999,11084.400000000001,18059.13333333333,6439.133333333334,45620.799999999996,11084.400000000001,0.24798507495216054,3,0,2,2
260.8,45881.6,62897.8,293.8,11378.2,9198.2,1,2,2,1,2,2,45620.799999999996,17016.200000000004,11084.400000000001,-2180.0,36346.73333333334,6956.733333333334,62637.0,11084.400000000001,0.1462380840333997,3,0,1,1
45881.6,62897.8,1329.4,11378.2,9198.2,538.0,2,2,1,2,2,1,17016.200000000004,-61568.4,-2180.0,-8660.2,36702.93333333333,7038.133333333334,61568.4,10840.2,0.40438965724594106,3,0,2,2
62897.8,1329.4,26363.2,9198.2,538.0,12409.6,2,1,2,2,1,2,-61568.4,25033.8,-8660.2,11871.6,30196.800000000003,7381.933333333334,61568.4,11871.6,0.47069890229933015,3,0,2,2
1329.4,26363.2,188936.2,538.0,12409.6,13906.0,1,2,2,1,2,2,25033.8,162573.0,11871.6,1496.3999999999996,72209.6,8951.199999999999,187606.80000000002,13368.0,0.07360117541701687,1,22,0,0
26363.2,188936.2,0.0,12409.6,13906.0,32.4,2,2,0,2,2,0,162573.0,-188936.2,1496.3999999999996,-13873.6,71766.46666666667,8782.666666666666,188936.2,13873.6,32.4,1,22,0,0
188936.2,0.0,50.4,13906.0,32.4,50.4,2,0,0,2,0,0,-188936.2,50.4,-13873.6,18.0,62995.53333333333,4662.933333333333,188936.2,13873.6,0.980544747081712,3,0,0,0
0.0,50.4,13.2,32.4,50.4,13.2,0,0,0,0,0,0,50.4,-37.2,18.0,-37.2,21.2,32.0,50.4,37.2,0.9295774647887324,3,0,0,0
50.4,13.2,132.0,50.4,13.2,134.4,0,0,0,0,0,0,-37.2,118.8,-37.2,121.2,65.2,66.0,118.8,121.2,1.0105263157894737,3,0,0,0
13.2,132.0,39.6,13.2,134.4,39.6,0,0,0,0,0,0,118.8,-92.4,121.2,-94.80000000000001,61.599999999999994,62.4,118.8,121.2,0.9753694581280788,3,0,2,2
132.0,39.6,102152.4,134.4,39.6,9281.0,0,0,2,0,0,2,-92.4,102112.79999999999,-94.80000000000001,9241.4,34108.0,3151.6666666666665,102112.79999999999,9241.4,0.09085355945078677,3,0,0,0
39.6,102152.4,25.2,39.6,9281.0,51.6,0,2,0,0,2,0,102112.79999999999,-102127.2,9241.4,-9229.4,34072.4,3124.066666666667,102127.2,9241.4,1.969465648854962,3,0,0,0
102152.4,25.2,13.2,9281.0,51.6,26.4,2,0,0,2,0,0,-102127.2,-12.0,-9229.4,-25.200000000000003,34063.6,3119.6666666666665,102139.2,9254.6,1.8591549295774648,3,0,1,1
25.2,13.2,155.4,51.6,26.4,161.8,0,0,1,0,0,1,-12.0,142.20000000000002,-25.200000000000003,135.4,64.60000000000001,79.93333333333334,142.20000000000002,135.4,1.0345268542199488,3,0,0,0
13.2,155.4,82.0,26.4,161.8,37.2,0,1,0,0,1,0,142.20000000000002,-73.4,135.4,-124.60000000000001,83.53333333333333,75.13333333333334,142.20000000000002,135.4,0.44819277108433736,3,0,0,0
155.4,82.0,82.0,161.8,37.2,102.0,1,0,0,1,0,0,-73.4,0.0,-124.60000000000001,64.8,106.46666666666665,100.33333333333333,73.4,124.60000000000001,1.2289156626506024,3,0,0,0
82.0,82.0,10.8,37.2,102.0,10.8,0,0,0,0,0,0,0.0,-71.2,64.8,-91.2,58.26666666666667,50.0,71.2,91.2,0.9152542372881356,1,22,1,1
82.0,10.8,1477.4,102.0,10.8,495.6,0,0,1,0,0,1,-71.2,1466.6000000000001,-91.2,484.8,523.4,202.79999999999998,1466.6000000000001,484.8,0.3352272727272727,3,0,0,0
10.8,1477.4,10.8,10.8,495.6,31.2,0,1,0,0,1,0,1466.6000000000001,-1466.6000000000001,484.8,-464.40000000000003,499.6666666666667,179.20000000000002,1466.6000000000001,484.8,2.644067796610169,3,0,0,0
1477.4,10.8,118.8,495.6,31.2,118.8,1,0,0,1,0,0,-1466.6000000000001,108.0,-464.40000000000003,87.6,535.6666666666666,215.20000000000002,1466.6000000000001,464.40000000000003,0.991652754590985,3,0,0,0
10.8,118.8,26.4,31.2,118.8,26.4,0,0,0,0,0,0,108.0,-92.4,87.6,-92.4,52.0,58.800000000000004,108.0,92.4,0.9635036496350365,3,0,0,0
118.8,26.4,13.2,118.8,26.4,13.2,0,0,0,0,0,0,-92.4,-13.2,-92.4,-13.2,52.79999999999999,52.79999999999999,105.6,105.6,0.9295774647887324,3,0,0,0
26.4,13.2,25.2,26.4,13.2,25.2,0,0,0,0,0,0,-13.2,12.0,-13.2,12.0,21.599999999999998,21.599999999999998,13.2,13.2,0.9618320610687023,1,22,0,0
13.2,25.2,37.2,13.2,25.2,37.2,0,0,0,0,0,0,12.0,12.000000000000004,12.0,12.000000000000004,25.2,25.2,24.000000000000004,24.000000000000004,0.9738219895287958,3,0,1,1
25.2,37.2,1515.8,25.2,37.2,732.6,0,0,1,0,0,1,12.000000000000004,1478.6,12.000000000000004,695.4,526.0666666666667,265.0,1490.6,707.4,0.48299050632911394,3,0,1,1
37.2,1515.8,1444.2,37.2,732.6,2923.8,0,1,1,0,1,1,1478.6,-71.59999999999991,695.4,2191.2000000000003,999.0666666666666,1231.2,1478.6,2886.6000000000004,2.023110988098533,1,22,1,1
1515.8,1444.2,1421.8,732.6,2923.8,1305.0,1,1,1,1,1,1,-71.59999999999991,-22.40000000000009,2191.2000000000003,-1618.8000000000002,1460.6000000000001,1653.8,94.0,2191.2000000000003,0.9172055102614564,3,0,1,1
1444.2,1421.8,1342.2,2923.8,1305.0,3759.0,1,1,1,1,1,1,-22.40000000000009,-79.59999999999991,-1618.8000000000002,2454.0,1402.7333333333333,2662.6,102.0,2454.0,2.7985407980941037,1,22,1,1
1421.8,1342.2,1274.6,1305.0,3759.0,1241.6,1,1,1,1,1,1,-79.59999999999991,-67.60000000000014,2454.0,-2517.4,1346.2,2101.866666666667,147.20000000000005,2517.4,0.9733458764502979,3,0,1,1
1342.2,1274.6,1216.8,3759.0,1241.6,1097.6,1,1,1,1,1,1,-67.60000000000014,-57.799999999999955,-2517.4,-144.0,1277.8666666666668,2032.7333333333336,125.40000000000009,2661.4,0.9012974215798981,3,0,1,1
1274.6,1216.8,1245.4,1241.6,1097.6,665.0,1,1,1,1,1,1,-57.799999999999955,28.600000000000136,-144.0,-432.5999999999999,1245.6,1001.4,57.799999999999955,576.5999999999999,0.5335365853658536,3,0,1,1
1216.8,1245.4,1447.4,1097.6,665.0,614.0,1,1,1,1,1,1,28.600000000000136,202.0,-432.5999999999999,-51.0,1303.2,792.1999999999999,230.60000000000014,483.5999999999999,0.42391604529135596,3,0,1,1
1245.4,1447.4,4603.2,665.0,614.0,1588.6,1,1,1,1,1,1,202.0,3155.7999999999997,-51.0,974.5999999999999,2432.0,955.8666666666667,3357.7999999999997,974.5999999999999,0.34503279614265236,3,0,0,0
1447.4,4603.2,54.0,614.0,1588.6,59.4,1,1,0,1,1,0,3155.7999999999997,-4549.2,974.5999999999999,-1529.1999999999998,2034.8666666666668,754.0,4549.2,1529.1999999999998,1.08,1,22,2,1
4603.2,54.0,7560.0,1588.6,59.4,2821.4,1,0,2,1,0,1,-4549.2,7506.0,-1529.1999999999998,2762.0,4072.4,1489.8,7506.0,2762.0,0.37315169951064675,3,0,0,0
54.0,7560.0,146.0,59.4,2821.4,134.4,0,2,0,0,1,0,7506.0,-7414.0,2762.0,-2687.0,2586.6666666666665,1005.0666666666667,7506.0,2762.0,0.9142857142857144,3,0,1,1
7560.0,146.0,2482.2,2821.4,134.4,1780.2,2,0,1,1,0,1,-7414.0,2336.2,-2687.0,1645.8,3396.066666666667,1578.6666666666667,7414.0,2687.0,0.7168975515463918,3,0,0,0
146.0,2482.2,39.6,134.4,1780.2,39.6,0,1,0,0,1,0,2336.2,-2442.6,1645.8,-1740.6000000000001,889.2666666666665,651.4,2442.6,1740.6000000000001,0.9753694581280788,3,0,0,0
2482.2,39.6,13.2,1780.2,39.6,13.2,1,0,0,1,0,0,-2442.6,-26.400000000000002,-1740.6000000000001,-26.400000000000002,844.9999999999999,611.0,2469.0,1767.0,0.9295774647887324,3,0,0,0
39.6,13.2,90.0,39.6,13.2,0.0,0,0,0,0,0,0,-26.400000000000002,76.8,-26.400000000000002,-13.2,47.6,17.599999999999998,76.8,39.6,0.0,3,0,0,0
13.2,90.0,90.0,13.2,0.0,116.4,0,0,0,0,0,0,76.8,0.0,-13.2,116.4,64.39999999999999,43.199999999999996,76.8,116.4,1.2791208791208792,3,0,0,0
90.0,90.0,105.6,0.0,116.4,66.0,0,0,0,0,0,0,0.0,15.599999999999994,116.4,-50.400000000000006,95.2,60.800000000000004,15.599999999999994,116.4,0.6191369606003753,3,0,0,0
90.0,105.6,26.4,116.4,66.0,39.6,0,0,0,0,0,0,15.599999999999994,-79.19999999999999,-50.400000000000006,-26.4,74.0,74.0,79.19999999999999,76.80000000000001,1.445255474452555,3,0,0,0
105.6,26.4,25.2,66.0,39.6,25.2,0,0,0,0,0,0,-79.19999999999999,-1.1999999999999993,-26.4,-14.400000000000002,52.4,43.599999999999994,80.39999999999999,40.8,0.9618320610687023,1,22,0,0
26.4,25.2,13.2,39.6,25.2,13.2,0,0,0,0,0,0,-1.1999999999999993,-12.0,-14.400000000000002,-12.0,21.599999999999998,26.0,13.2,26.400000000000002,0.9295774647887324,1,22,0,0
25.2,13.2,137.6,25.2,13.2,79.2,0,0,0,0,0,0,-12.0,124.39999999999999,-12.0,66.0,58.666666666666664,39.199999999999996,124.39999999999999,66.0,0.5714285714285715,3,0,1,0
13.2,137.6,178.8,13.2,79.2,116.4,0,0,1,0,0,0,124.39999999999999,41.20000000000002,66.0,37.2,109.86666666666667,69.60000000000001,165.60000000000002,103.2,0.6473859844271412,3,0,1,1
137.6,178.8,878.2,79.2,116.4,265.8,0,1,1,0,0,1,41.20000000000002,699.4000000000001,37.2,149.4,398.2,153.8,740.6,186.60000000000002,0.30232029117379433,3,0,2,1
178.8,878.2,15067.0,116.4,265.8,3683.4,1,1,2,0,1,1,699.4000000000001,14188.8,149.4,3417.6,5374.666666666667,1355.2,14888.2,3567.0,0.2444518184231484,3,0,0,0
878.2,15067.0,49.2,265.8,3683.4,15.6,1,2,0,1,1,0,14188.8,-15017.8,3417.6,-3667.8,5331.466666666667,1321.6000000000001,15017.8,3667.8,0.3107569721115538,3,0,1,1
15067.0,49.2,439.2,3683.4,15.6,318.0,2,0,1,1,0,1,-15017.8,390.0,-3667.8,302.4,5185.133333333334,1339.0,15017.8,3667.8,0.7223989095865516,3,0,1,1
49.2,439.2,695.2,15.6,318.0,242.4,0,1,1,0,1,1,390.0,256.00000000000006,302.4,-75.6,394.5333333333333,192.0,646.0,302.4,0.3481758115484056,3,0,2,2
439.2,695.2,235259.4,318.0,242.4,11570.2,1,1,2,1,1,2,256.00000000000006,234564.19999999998,-75.6,11327.800000000001,78797.93333333333,4043.5333333333333,234820.19999999998,11327.800000000001,0.049180397550969056,1,22,1,1
695.2,235259.4,889.0,242.4,11570.2,821.4,1,2,1,1,2,1,234564.19999999998,-234370.4,11327.800000000001,-10748.800000000001,78947.86666666667,4211.333333333333,234564.19999999998,11327.800000000001,0.9229213483146067,1,22,1,1
235259.4,889.0,353.4,11570.2,821.4,347.2,2,1,1,2,1,1,-234370.4,-535.6,-10748.800000000001,-474.2,78833.93333333333,4246.266666666667,234906.0,11223.0,0.979683972911964,3,0,1,1
889.0,353.4,1985.6,821.4,347.2,1456.2,1,1,1,1,1,1,-535.6,1632.1999999999998,-474.2,1109.0,1076.0,874.9333333333334,1632.1999999999998,1109.0,0.73301117487164,3,0,1,1
353.4,1985.6,2397.4,347.2,1456.2,2133.0,1,1,1,1,1,1,1632.1999999999998,411.8000000000002,1109.0,676.8,1578.8,1312.1333333333334,2044.0,1785.8,0.889342895263509,3,0,1,1
1985.6,2397.4,2226.0,1456.2,2133.0,2294.2,1,1,1,1,1,1,411.8000000000002,-171.4000000000001,676.8,161.19999999999982,2203.0,1961.1333333333332,411.8000000000002,837.9999999999998,1.0301751234845082,5,14,1,1
2397.4,2226.0,943.4,2133.0,2294.2,988.6,1,1,1,1,1,1,-171.4000000000001,-1282.6,161.19999999999982,-1305.6,1855.5999999999997,1805.2666666666667,1454.0,1305.6,1.0468022024565862,5,14,1,1
2226.0,943.4,768.8,2294.2,988.6,890.2,1,1,1,1,1,1,-1282.6,-174.60000000000002,-1305.6,-98.39999999999998,1312.7333333333333,1391.0,1457.2,1403.9999999999998,1.1564042608469733,5,14,1,1
943.4,768.8,870.6,988.6,890.2,1210.8,1,1,1,1,1,1,-174.60000000000002,101.80000000000007,-98.39999999999998,320.5999999999999,860.9333333333333,1029.8666666666668,174.60000000000002,320.5999999999999,1.3891693437356585,5,14,1,1
768.8,870.6,655.2,890.2,1210.8,734.8,1,1,1,1,1,1,101.80000000000007,-215.39999999999998,320.5999999999999,-476.0,764.8666666666668,945.2666666666668,215.39999999999998,476.0,1.1197805547089301,5,14,1,1
870.6,655.2,734.8,1210.8,734.8,858.0,1,1,1,1,1,1,-215.39999999999998,79.59999999999991,-476.0,123.20000000000005,753.5333333333334,934.5333333333333,215.39999999999998,476.0,1.1660777385159011,5,14,1,1
655.2,734.8,1049.6,734.8,858.0,2123.8,1,1,1,1,1,1,79.59999999999991,314.79999999999995,123.20000000000005,1265.8000000000002,813.1999999999999,1238.8666666666668,394.39999999999986,1389.0000000000002,2.0215115172282507,2,6,1,1
734.8,1049.6,260.0,858.0,2123.8,341.8,1,1,1,1,1,1,314.79999999999995,-789.5999999999999,1265.8000000000002,-1782.0000000000002,681.4666666666666,1107.8666666666668,789.5999999999999,1782.0000000000002,1.3095785440613028,3,0,1,1
1049.6,260.0,1865.0,2123.8,341.8,1267.4,1,1,1,1,1,1,-789.5999999999999,1605.0,-1782.0000000000002,925.6000000000001,1058.2,1244.3333333333335,1605.0,1782.0000000000002,0.6792068595927118,1,22,1,1
260.0,1865.0,820.2,341.8,1267.4,994.0,1,1,1,1,1,1,1605.0,-1044.8,925.6000000000001,-273.4000000000001,981.7333333333332,867.7333333333332,1605.0,925.6000000000001,1.2104237700925475,1,22,1,1
1865.0,820.2,774.4,1267.4,994.0,836.0,1,1,1,1,1,1,-1044.8,-45.80000000000007,-273.4000000000001,-158.0,1153.2,1032.4666666666667,1090.6,431.4000000000001,1.0781532112458085,1,22,1,1
820.2,774.4,865.6,994.0,836.0,979.6,1,1,1,1,1,1,-45.80000000000007,91.20000000000005,-158.0,143.60000000000002,820.0666666666666,936.5333333333333,91.20000000000005,158.0,1.1303946457419802,1,22,1,1
774.4,865.6,1750.4,836.0,979.6,2109.8,1,1,1,1,1,1,91.20000000000005,884.8000000000001,143.60000000000002,1130.2000000000003,1130.1333333333334,1308.4666666666667,976.0000000000001,1273.8000000000002,1.2046362909672264,1,22,1,1
865.6,1750.4,809.6,979.6,2109.8,871.2,1,1,1,1,1,1,884.8000000000001,-940.8000000000001,1130.2000000000003,-1238.6000000000001,1141.8666666666666,1320.2,940.8000000000001,1238.6000000000001,1.074759437453738,1,22,1,1
1750.4,809.6,973.2,2109.8,871.2,1087.6,1,1,1,1,1,1,-940.8000000000001,163.60000000000002,-1238.6000000000001,216.39999999999986,1177.7333333333333,1356.2,940.8000000000001,1238.6000000000001,1.116403202627797,1,22,1,1
809.6,973.2,773.2,871.2,1087.6,950.2,1,1,1,1,1,1,163.60000000000002,-200.0,216.39999999999986,-137.39999999999986,852.0,969.6666666666666,200.0,216.39999999999986,1.2273314389046759,3,0,1,1
973.2,773.2,778.8,1087.6,950.2,953.0,1,1,1,1,1,1,-200.0,5.599999999999909,-137.39999999999986,2.7999999999999545,841.7333333333332,996.9333333333334,200.0,137.39999999999986,1.2221082328802257,3,0,1,1
773.2,778.8,892.0,950.2,953.0,979.6,1,1,1,1,1,1,5.599999999999909,113.20000000000005,2.7999999999999545,26.600000000000023,814.6666666666666,960.9333333333334,118.79999999999995,29.399999999999977,1.096976483762598,3,0,1,1
778.8,892.0,776.2,953.0,979.6,1047.6,1,1,1,1,1,1,113.20000000000005,-115.79999999999995,26.600000000000023,67.99999999999989,815.6666666666666,993.4,115.79999999999995,94.59999999999991,1.347915594441585,3,0,1,1
892.0,776.2,730.4,979.6,1047.6,844.8,1,1,1,1,1,1,-115.79999999999995,-45.80000000000007,67.99999999999989,-202.79999999999995,799.5333333333333,957.3333333333334,161.60000000000002,202.79999999999995,1.1550451189499589,3,0,1,1
776.2,730.4,599.4,1047.6,844.8,835.6,1,1,1,1,1,1,-45.80000000000007,-131.0,-202.79999999999995,-9.199999999999932,702.0,909.3333333333334,176.80000000000007,211.9999999999999,1.3917388407728182,3,0,1,1
730.4,599.4,818.0,844.8,835.6,594.6,1,1,1,1,1,1,-131.0,218.60000000000002,-9.199999999999932,-241.0,715.9333333333334,758.3333333333334,218.60000000000002,250.19999999999993,0.726007326007326,3,0,0,0
599.4,818.0,13.2,835.6,594.6,13.2,1,1,0,1,1,0,218.60000000000002,-804.8,-241.0,-581.4,476.86666666666673,481.1333333333334,804.8,822.4,0.9295774647887324,3,0,0,1
818.0,13.2,134.2,594.6,13.2,164.0,1,0,0,1,0,1,-804.8,120.99999999999999,-581.4,150.8,321.8,257.2666666666667,804.8,581.4,1.2130177514792901,3,0,1,1
13.2,134.2,2227.2,13.2,164.0,2067.0,0,0,1,0,1,1,120.99999999999999,2093.0,150.8,1903.0,791.5333333333333,748.0666666666666,2214.0,2053.8,0.927654609101517,1,22,2,2
134.2,2227.2,6860.4,164.0,2067.0,16157.2,0,1,2,1,1,2,2093.0,4633.2,1903.0,14090.2,3073.933333333333,6129.400000000001,6726.2,15993.2,2.354796397236716,3,0,1,2
2227.2,6860.4,2420.8,2067.0,16157.2,7659.8,1,2,1,1,2,2,4633.2,-4439.599999999999,14090.2,-8497.400000000001,3836.1333333333328,8628.0,4633.2,14090.2,3.162854075481047,3,0,1,1
6860.4,2420.8,719.4,16157.2,7659.8,2454.8,2,1,1,2,2,1,-4439.599999999999,-1701.4,-8497.400000000001,-5205.0,3333.5333333333333,8757.266666666666,6141.0,13702.400000000001,3.4075513603553587,3,0,0,0
2420.8,719.4,98.2,7659.8,2454.8,65.8,1,1,0,2,1,0,-1701.4,-621.1999999999999,-5205.0,-2389.0,1079.4666666666667,3393.4666666666667,2322.6000000000004,7594.0,0.6633064516129031,1,22,1,0
719.4,98.2,276.0,2454.8,65.8,121.2,1,0,1,1,0,0,-621.1999999999999,177.8,-2389.0,55.400000000000006,364.5333333333333,880.6,621.1999999999999,2389.0,0.4375451263537906,1,22,1,0
98.2,276.0,190.4,65.8,121.2,91.2,0,1,1,0,0,0,177.8,-85.6,55.400000000000006,-30.0,188.20000000000002,92.73333333333333,177.8,55.400000000000006,0.47648902821316613,1,22,1,1
276.0,190.4,2379.4,121.2,91.2,2448.8,1,1,1,0,0,1,-85.6,2189.0,-30.0,2357.6000000000004,948.6,887.0666666666667,2189.0,2357.6000000000004,1.0287346664426147,1,22,1,1
190.4,2379.4,589.6,91.2,2448.8,563.4,1,1,1,0,1,1,2189.0,-1789.8000000000002,2357.6000000000004,-1885.4,1053.1333333333334,1034.4666666666667,2189.0,2357.6000000000004,0.953945140535049,1,22,1,1
2379.4,589.6,158.4,2448.8,563.4,184.8,1,1,1,1,1,1,-1789.8000000000002,-431.20000000000005,-1885.4,-378.59999999999997,1042.4666666666667,1065.6666666666667,2221.0,2264.0,1.1593475533249686,1,22,0,0
589.6,158.4,100.0,563.4,184.8,132.8,1,1,0,1,1,0,-431.20000000000005,-58.400000000000006,-378.59999999999997,-52.0,282.6666666666667,293.6666666666667,489.6,430.59999999999997,1.314851485148515,1,22,1,1
158.4,100.0,1311.2,184.8,132.8,1587.2,1,0,1,1,0,1,-58.400000000000006,1211.2,-52.0,1454.4,523.1999999999999,634.9333333333334,1211.2,1454.4,1.2095717116293248,1,22,0,0
100.0,1311.2,70.6,132.8,1587.2,59.2,0,1,0,0,1,0,1211.2,-1240.6000000000001,1454.4,-1528.0,493.93333333333334,593.0666666666667,1240.6000000000001,1528.0,0.8268156424581007,3,0,1,1
1311.2,70.6,222.2,1587.2,59.2,238.8,1,0,1,1,0,1,-1240.6000000000001,151.6,-1528.0,179.60000000000002,534.6666666666666,628.4,1240.6000000000001,1528.0,1.0698924731182797,3,0,1,1
70.6,222.2,4565.4,59.2,238.8,2090.4,0,1,1,0,1,1,151.6,4343.2,179.60000000000002,1851.6000000000001,1619.3999999999999,796.1333333333333,4494.799999999999,2031.2,0.45777855641205334,1,22,1,1
222.2,4565.4,1146.6,238.8,2090.4,1907.4,1,1,1,1,1,1,4343.2,-3418.7999999999997,1851.6000000000001,-183.0,1978.0666666666664,1412.2,4343.2,1851.6000000000001,1.662077378877658,1,22,1,1
4565.4,1146.6,1000.2,2090.4,1907.4,954.2,1,1,1,1,1,1,-3418.7999999999997,-146.39999999999986,-183.0,-953.2,2237.4,1650.6666666666667,3565.2,1136.2,0.9530563324011186,1,22,0,0
1146.6,1000.2,75.4,1907.4,954.2,59.2,1,1,0,1,1,0,-146.39999999999986,-924.8000000000001,-953.2,-895.0,740.7333333333335,973.6,1071.1999999999998,1848.2,0.7748691099476439,1,22,1,1
1000.2,75.4,1619.4,954.2,59.2,671.8,1,0,1,1,0,1,-924.8000000000001,1544.0,-895.0,612.5999999999999,898.3333333333334,561.7333333333333,1544.0,895.0,0.41458899037274743,1,22,0,0
75.4,1619.4,10.8,59.2,671.8,10.8,0,1,0,0,1,0,1544.0,-1608.6000000000001,612.5999999999999,-661.0,568.5333333333334,247.26666666666665,1608.6000000000001,661.0,0.9152542372881356,1,22,0,0
1619.4,10.8,26.4,671.8,10.8,103.2,1,0,0,1,0,0,-1608.6000000000001,15.599999999999998,-661.0,92.4,552.2,261.93333333333334,1608.6000000000001,661.0,3.766423357664234,3,0,1,0
10.8,26.4,152.2,10.8,103.2,13.2,0,0,1,0,0,0,15.599999999999998,125.79999999999998,92.4,-90.0,63.133333333333326,42.4,141.39999999999998,92.4,0.08616187989556136,3,0,0,0
26.4,152.2,50.4,103.2,13.2,34.8,0,1,0,0,0,0,125.79999999999998,-101.79999999999998,-90.0,21.599999999999998,76.33333333333333,50.4,125.79999999999998,90.0,0.6770428015564202,3,0,0,0
152.2,50.4,0.0,13.2,34.8,26.4,1,0,0,0,0,0,-101.79999999999998,-50.4,21.599999999999998,-8.399999999999999,67.53333333333333,24.8,152.2,21.599999999999998,26.4,3,0,0,0
50.4,0.0,32.6,34.8,26.4,28.8,0,0,0,0,0,0,-50.4,32.6,-8.399999999999999,2.400000000000002,27.666666666666668,30.0,50.4,8.399999999999999,0.8571428571428571,3,0,0,0
0.0,32.6,0.0,26.4,28.8,0.0,0,0,0,0,0,0,32.6,-32.6,2.400000000000002,-28.8,10.866666666666667,18.400000000000002,32.6,28.8,0.0,1,22,0,0
32.6,0.0,26.4,28.8,0.0,37.2,0,0,0,0,0,0,-32.6,26.4,-28.8,37.2,19.666666666666668,22.0,32.6,37.2,1.3576642335766425,3,0,0,0
0.0,26.4,26.4,0.0,37.2,26.4,0,0,0,0,0,0,26.4,0.0,37.2,-10.800000000000004,17.599999999999998,21.2,26.4,37.2,0.9635036496350365,3,0,0,0
26.4,26.4,10.8,37.2,26.4,0.0,0,0,0,0,0,0,0.0,-15.599999999999998,-10.800000000000004,-26.4,21.2,21.2,15.599999999999998,37.2,0.0,1,22,0,0
26.4,10.8,26.4,26.4,0.0,24.0,0,0,0,0,0,0,-15.599999999999998,15.599999999999998,-26.4,24.0,21.2,16.8,15.599999999999998,26.4,0.8759124087591241,3,0,0,0
10.8,26.4,37.2,0.0,24.0,37.2,0,0,0,0,0,0,15.599999999999998,10.800000000000004,24.0,13.200000000000003,24.8,20.400000000000002,26.400000000000002,37.2,0.9738219895287958,3,0,1,1
26.4,37.2,396.2,24.0,37.2,387.2,0,0,1,0,0,1,10.800000000000004,359.0,13.200000000000003,350.0,153.26666666666668,149.46666666666667,369.8,363.2,0.9748237663645518,3,0,0,0
37.2,396.2,26.4,37.2,387.2,0.0,0,1,0,0,1,0,359.0,-369.8,350.0,-387.2,153.26666666666665,141.46666666666667,369.8,387.2,0.0,3,0,0,0
396.2,26.4,24.0,387.2,0.0,10.8,1,0,0,1,0,0,-369.8,-2.3999999999999986,-387.2,10.8,148.86666666666665,132.66666666666666,372.2,387.2,0.43200000000000005,1,22,0,0
26.4,24.0,83.4,0.0,10.8,28.8,0,0,0,0,0,0,-2.3999999999999986,59.400000000000006,10.8,18.0,44.6,13.200000000000001,59.400000000000006,28.8,0.34123222748815163,3,0,0,0
24.0,83.4,75.2,10.8,28.8,0.0,0,0,0,0,0,0,59.400000000000006,-8.200000000000003,18.0,-28.8,60.866666666666674,13.200000000000001,59.400000000000006,28.8,0.0,3,0,0,0
83.4,75.2,37.6,28.8,0.0,57.6,0,0,0,0,0,0,-8.200000000000003,-37.6,-28.8,57.6,65.4,28.8,45.800000000000004,57.6,1.4922279792746114,3,0,0,0
75.2,37.6,24.0,0.0,57.6,0.0,0,0,0,0,0,0,-37.6,-13.600000000000001,57.6,-57.6,45.6,19.2,51.2,57.6,0.0,1,22,0,0
37.6,24.0,10.8,57.6,0.0,24.0,0,0,0,0,0,0,-13.600000000000001,-13.2,-57.6,24.0,24.133333333333336,27.2,26.8,57.6,2.0338983050847457,1,22,1,1
24.0,10.8,1278.8,0.0,24.0,1708.8,0,0,1,0,0,1,-13.2,1268.0,24.0,1684.8,437.8666666666666,577.6,1268.0,1708.8,1.3352086263478669,3,0,0,0
10.8,1278.8,0.0,24.0,1708.8,31.6,0,1,0,0,1,0,1268.0,-1278.8,1684.8,-1677.2,429.8666666666666,588.1333333333333,1278.8,1684.8,31.6,3,0,0,0
1278.8,0.0,10.8,1708.8,31.6,24.0,1,0,0,1,0,0,-1278.8,10.8,-1677.2,-7.600000000000001,429.8666666666666,588.1333333333333,1278.8,1684.8,2.0338983050847457,3,0,1,1
0.0,10.8,453.8,31.6,24.0,430.6,0,0,1,0,0,1,10.8,443.0,-7.600000000000001,406.6,154.86666666666667,162.0666666666667,453.8,406.6,0.9467897977132805,3,0,1,1
10.8,453.8,566.0,24.0,430.6,4761.6,0,1,1,0,1,1,443.0,112.19999999999999,406.6,4331.0,343.5333333333333,1738.7333333333336,555.2,4737.6,8.397883597883599,2,3,1,2
453.8,566.0,607.6,430.6,4761.6,14038.4,1,1,1,1,1,2,112.19999999999999,41.60000000000002,4331.0,9276.8,542.4666666666667,6410.2,153.8,13607.8,23.066710483075912,2,3,3,2
566.0,607.6,356285.8,4761.6,14038.4,37293.4,1,1,3,1,2,2,41.60000000000002,355678.2,9276.8,23255.0,119153.13333333332,18697.8,355719.8,32531.800000000003,0.10467241559328047,2,3,3,2
607.6,356285.8,391903.0,14038.4,37293.4,62885.2,1,3,3,2,2,2,355678.2,35617.20000000001,23255.0,25591.799999999996,249598.79999999996,38072.333333333336,391295.4,48846.799999999996,0.1604607250755287,2,3,3,2
356285.8,391903.0,349798.8,37293.4,62885.2,20852.4,3,3,3,2,2,2,35617.20000000001,-42104.20000000001,25591.799999999996,-42032.799999999996,365995.8666666667,40343.666666666664,42104.20000000001,42032.799999999996,0.05961238399793254,2,3,2,2
391903.0,349798.8,211658.0,62885.2,20852.4,13599.2,3,3,2,2,2,2,-42104.20000000001,-138140.8,-42032.799999999996,-7253.200000000001,317786.60000000003,32445.600000000002,180245.0,49286.0,0.06425051616042786,2,3,2,2
349798.8,211658.0,82415.8,20852.4,13599.2,11814.8,3,2,2,2,2,2,-138140.8,-129242.2,-7253.200000000001,-1784.4000000000015,214624.20000000004,15422.133333333337,267383.0,9037.600000000002,0.1433542675765135,3,0,2,2
211658.0,82415.8,257941.0,13599.2,11814.8,13168.6,2,2,2,2,2,2,-129242.2,175525.2,-1784.4000000000015,1353.800000000001,184004.93333333335,12860.866666666667,175525.2,1784.4000000000015,0.051052562203906304,3,0,1,1
82415.8,257941.0,306.4,11814.8,13168.6,304.0,2,2,1,2,2,1,175525.2,-257634.6,1353.800000000001,-12864.6,113554.40000000001,8429.133333333333,257634.6,12864.6,0.988939492517892,3,0,2,2
257941.0,306.4,101948.8,13168.6,304.0,12126.8,2,1,2,2,1,2,-257634.6,101642.40000000001,-12864.6,11822.8,120065.40000000001,8533.133333333333,257634.6,12864.6,0.11894873751591468,3,0,3,2
306.4,101948.8,432751.6,304.0,12126.8,20716.4,1,2,3,1,2,2,101642.40000000001,330802.8,11822.8,8589.600000000002,178335.59999999998,11049.066666666666,432445.19999999995,20412.4,0.047871231738411284,3,0,3,2
101948.8,432751.6,472607.8,12126.8,20716.4,24490.6,2,3,3,2,2,2,330802.8,39856.20000000001,8589.600000000002,3774.199999999997,335769.39999999997,19111.266666666666,370659.0,12363.8,0.051820025357124114,3,0,2,2
432751.6,472607.8,164984.8,20716.4,24490.6,9462.2,3,3,2,2,2,2,39856.20000000001,-307623.0,3774.199999999997,-15028.399999999998,356781.39999999997,18223.066666666666,307623.0,15028.399999999998,0.05735160238032607,3,0,1,1
472607.8,164984.8,2178.8,24490.6,9462.2,566.2,3,2,1,2,2,1,-307623.0,-162806.0,-15028.399999999998,-8896.0,213257.13333333333,11506.333333333334,470429.0,23924.399999999998,0.2597486007890632,1,22,1,1
164984.8,2178.8,367.6,9462.2,566.2,411.2,2,1,1,2,1,1,-162806.0,-1811.2000000000003,-8896.0,-155.00000000000006,55843.73333333333,3479.8666666666672,164617.19999999998,9051.0,1.1155724362452522,1,22,1,1
2178.8,367.6,817.4,566.2,411.2,925.2,1,1,1,1,1,1,-1811.2000000000003,449.79999999999995,-155.00000000000006,514.0,1121.2666666666667,634.2,1811.2000000000003,514.0,1.1304985337243403,1,22,2,2
367.6,817.4,21319.8,411.2,925.2,8189.0,1,1,2,1,1,2,449.79999999999995,20502.399999999998,514.0,7263.8,7501.599999999999,3175.133333333333,20952.2,7777.8,0.3840850249521594,1,22,1,1
817.4,21319.8,3856.4,925.2,8189.0,1268.0,1,2,1,1,2,1,20502.399999999998,-17463.399999999998,7263.8,-6921.0,8664.533333333335,3460.7333333333336,20502.399999999998,7263.8,0.32871882615233056,3,0,1,1
21319.8,3856.4,179.2,8189.0,1268.0,1916.8,2,1,1,2,1,1,-17463.399999999998,-3677.2000000000003,-6921.0,648.8,8451.800000000001,3791.2666666666664,21140.6,6921.0,10.637069922308546,3,0,2,1
3856.4,179.2,69700.4,1268.0,1916.8,5771.0,1,1,2,1,1,1,-3677.2000000000003,69521.2,648.8,3854.2,24578.666666666668,2985.2666666666664,69521.2,4503.0,0.0827960413994554,3,0,0,0
179.2,69700.4,37.2,1916.8,5771.0,48.0,1,2,0,1,1,0,69521.2,-69663.2,3854.2,-5723.0,23305.599999999995,2578.6,69663.2,5723.0,1.256544502617801,3,0,0,0
69700.4,37.2,13.2,5771.0,48.0,13.2,2,0,0,1,0,0,-69663.2,-24.000000000000004,-5723.0,-34.8,23250.266666666663,1944.0666666666666,69687.2,5757.8,0.9295774647887324,3,0,2,2
37.2,13.2,119473.2,48.0,13.2,28752.8,0,0,2,0,0,2,-24.000000000000004,119460.0,-34.8,28739.6,39841.2,9604.666666666666,119460.0,28739.6,0.24066116366546084,3,0,2,1
13.2,119473.2,30964.0,13.2,28752.8,814.0,0,2,2,0,2,1,119460.0,-88509.2,28739.6,-27938.8,50150.13333333333,9860.0,119460.0,28739.6,0.026287744227353464,3,0,2,2
119473.2,30964.0,164105.0,28752.8,814.0,11977.2,2,2,2,2,1,2,-88509.2,133141.0,-27938.8,11163.2,104847.40000000001,13848.0,133141.0,27938.8,0.07298453438631129,3,0,2,2
30964.0,164105.0,289167.2,814.0,11977.2,18241.2,2,2,2,1,2,2,133141.0,125062.20000000001,11163.2,6264.0,161412.06666666668,10344.133333333333,258203.2,17427.2,0.06308162515795306,3,0,2,2
164105.0,289167.2,128846.8,11977.2,18241.2,10157.6,2,2,2,2,2,2,125062.20000000001,-160320.40000000002,6264.0,-8083.6,194039.66666666666,13458.666666666666,160320.40000000002,8083.6,0.07883409728377201,3,0,2,1
289167.2,128846.8,16602.8,18241.2,10157.6,1930.0,2,2,2,2,2,1,-160320.40000000002,-112244.0,-8083.6,-8227.6,144872.26666666666,10109.6,272564.4,16311.2,0.11623845143882726,3,0,2,1
128846.8,16602.8,24143.0,10157.6,1930.0,2136.8,2,2,2,2,1,1,-112244.0,7540.200000000001,-8227.6,206.80000000000018,56530.86666666667,4741.466666666667,112244.0,8227.6,0.08850231941683234,3,0,2,1
16602.8,24143.0,19644.4,1930.0,2136.8,1576.8,2,2,2,1,1,1,7540.200000000001,-4498.5999999999985,206.80000000000018,-560.0000000000002,20130.06666666667,1881.2,7540.200000000001,560.0000000000002,0.08026306412697119,3,0,2,1
24143.0,19644.4,55348.8,2136.8,1576.8,3463.2,2,2,2,1,1,1,-4498.5999999999985,35704.4,-560.0000000000002,1886.3999999999999,33045.4,2392.266666666667,35704.4,1886.3999999999999,0.06256933177716992,3,0,2,1
19644.4,55348.8,66628.4,1576.8,3463.2,3517.6,2,2,2,1,1,1,35704.4,11279.599999999991,1886.3999999999999,54.40000000000009,47207.200000000004,2852.5333333333333,46983.99999999999,1940.8,0.05279351157296929,3,0,2,1
55348.8,66628.4,22292.0,3463.2,3517.6,2115.2,2,2,2,1,1,1,11279.599999999991,-44336.399999999994,54.40000000000009,-1402.4,48089.73333333334,3032.0,44336.399999999994,1402.4,0.09488180146234243,3,0,2,2
66628.4,22292.0,68723.4,3517.6,2115.2,6567.2,2,2,2,1,1,2,-44336.399999999994,46431.399999999994,-1402.4,4452.0,52547.93333333333,4066.6666666666665,46431.399999999994,4452.0,0.09555849159832608,3,0,2,1
22292.0,68723.4,54338.0,2115.2,6567.2,2656.8,2,2,2,1,2,1,46431.399999999994,-14385.399999999994,4452.0,-3910.3999999999996,48451.13333333333,3779.7333333333336,46431.399999999994,4452.0,0.04889306023298184,3,0,2,1
68723.4,54338.0,55227.0,6567.2,2656.8,3476.8,2,2,2,2,1,1,-14385.399999999994,889.0,-3910.3999999999996,820.0,59429.46666666667,4233.599999999999,14385.399999999994,3910.3999999999996,0.06295357427391902,3,0,2,2
54338.0,55227.0,148078.2,2656.8,3476.8,7181.8,2,2,2,1,1,2,889.0,92851.20000000001,820.0,3705.0,85881.06666666667,4438.466666666667,93740.20000000001,4525.0,0.048499721770512,3,0,2,1
55227.0,148078.2,68230.0,3476.8,7181.8,4339.2,2,2,2,1,2,1,92851.20000000001,-79848.20000000001,3705.0,-2842.6000000000004,90511.73333333334,4999.266666666666,92851.20000000001,3705.0,0.06359572628277468,3,0,2,1
148078.2,68230.0,47967.2,7181.8,4339.2,1995.2,2,2,2,2,1,1,-79848.20000000001,-20262.800000000003,-2842.6000000000004,-2344.0,88091.8,4505.400000000001,100111.00000000001,5186.6,0.04159422283929771,3,0,2,1
68230.0,47967.2,98486.8,4339.2,1995.2,5988.4,2,2,2,1,1,1,-20262.800000000003,50519.600000000006,-2344.0,3993.2,71561.33333333333,4107.599999999999,50519.600000000006,3993.2,0.06080347007446607,3,0,2,1
47967.2,98486.8,79083.2,1995.2,5988.4,4038.0,2,2,2,1,1,1,50519.600000000006,-19403.600000000006,3993.2,-1950.3999999999996,75179.06666666667,4007.1999999999994,50519.600000000006,3993.2,0.051059503668242204,3,0,1,1
98486.8,79083.2,225.4,5988.4,4038.0,1424.8,2,2,1,1,1,1,-19403.600000000006,-78857.8,-1950.3999999999996,-2613.2,59265.13333333333,3817.066666666666,98261.40000000001,4563.599999999999,6.2932862190812715,3,0,1,1
79083.2,225.4,233.4,4038.0,1424.8,1048.0,2,1,1,1,1,1,-78857.8,8.0,-2613.2,-376.79999999999995,26513.999999999996,2170.266666666667,78857.8,2990.0,4.47098976109215,3,0,0,0
225.4,233.4,72.8,1424.8,1048.0,72.8,1,1,0,1,1,0,8.0,-160.60000000000002,-376.79999999999995,-975.2,177.20000000000002,848.5333333333334,160.60000000000002,1352.0,0.986449864498645,3,0,1,1
233.4,72.8,376.4,1048.0,72.8,5942.0,1,0,1,1,0,1,-160.60000000000002,303.59999999999997,-975.2,5869.2,227.5333333333333,2354.266666666667,303.59999999999997,5869.2,15.744568097509275,3,0,2,2
72.8,376.4,111900.6,72.8,5942.0,18509.8,0,1,2,0,1,2,303.59999999999997,111524.20000000001,5869.2,12567.8,37449.933333333334,8174.866666666666,111827.8,18437.0,0.1654113971560728,3,0,2,2
376.4,111900.6,176535.4,5942.0,18509.8,9994.0,1,2,2,1,2,2,111524.20000000001,64634.79999999999,12567.8,-8515.8,96270.8,11481.933333333334,176159.0,12567.8,0.05661155433100483,3,0,2,2
111900.6,176535.4,177760.8,18509.8,9994.0,20570.8,2,2,2,2,2,2,64634.79999999999,1225.3999999999942,-8515.8,10576.8,155398.93333333332,16358.199999999999,65860.19999999998,10576.8,0.11572115043839565,3,0,2,1
176535.4,177760.8,26074.4,9994.0,20570.8,4503.2,2,2,2,2,2,1,1225.3999999999942,-151686.4,10576.8,-16067.599999999999,126790.2,11689.333333333334,151686.4,16067.599999999999,0.17269917240003987,3,0,2,1
177760.8,26074.4,28679.2,20570.8,4503.2,1451.2,2,2,2,2,1,1,-151686.4,2604.7999999999993,-16067.599999999999,-3052.0,77504.8,8841.733333333334,151686.4,19119.6,0.05059936820524264,3,0,2,2
26074.4,28679.2,63216.8,4503.2,1451.2,6458.2,2,2,2,1,1,2,2604.7999999999993,34537.600000000006,-3052.0,5007.0,39323.46666666667,4137.533333333333,37142.4,5007.0,0.10215793653053411,3,0,3,2
28679.2,63216.8,357938.0,1451.2,6458.2,31615.0,2,2,3,1,2,2,34537.600000000006,294721.2,5007.0,25156.8,149944.66666666666,13174.800000000001,329258.8,30163.8,0.08832510567443055,3,0,2,2
63216.8,357938.0,122748.6,6458.2,31615.0,9859.2,2,3,2,2,2,2,294721.2,-235189.4,25156.8,-21755.8,181301.13333333333,15977.466666666665,294721.2,25156.8,0.08031961000280245,3,0,2,2
357938.0,122748.6,35506.0,31615.0,9859.2,10130.6,3,2,2,2,2,2,-235189.4,-87242.6,-21755.8,271.39999999999964,172064.19999999998,17201.6,322432.0,21755.8,0.28531275523136285,3,0,3,2
122748.6,35506.0,303619.6,9859.2,10130.6,29004.8,2,2,3,2,2,2,-87242.6,268113.6,271.39999999999964,18874.199999999997,153958.06666666665,16331.533333333335,268113.6,19145.6,0.09552974995767745,3,0,3,2
35506.0,303619.6,836905.2,10130.6,29004.8,39517.2,2,3,3,2,2,2,268113.6,533285.6,18874.199999999997,10512.399999999998,392010.2666666666,26217.533333333336,801399.2,29386.6,0.04721819482278898,3,0,3,2
303619.6,836905.2,378167.4,29004.8,39517.2,29898.0,3,3,3,2,2,2,533285.6,-458737.79999999993,10512.399999999998,-9619.199999999997,506230.7333333332,32806.666666666664,533285.6,10512.399999999998,0.07906001664866763,3,0,3,2
836905.2,378167.4,364263.4,39517.2,29898.0,48465.6,3,3,3,2,2,2,-458737.79999999993,-13904.0,-9619.199999999997,18567.6,526445.3333333334,39293.6,472641.79999999993,18567.6,0.1330506082944147,3,0,3,2
378167.4,364263.4,462305.6,29898.0,48465.6,20544.0,3,3,3,2,2,2,-13904.0,98042.19999999995,18567.6,-27921.6,401578.8,32969.200000000004,98042.19999999995,27921.6,0.04443804176708704,3,0,3,2
364263.4,462305.6,471598.0,48465.6,20544.0,23313.8,3,3,3,2,2,2,98042.19999999995,9292.400000000023,-27921.6,2769.7999999999993,432722.3333333333,30774.46666666667,107334.59999999998,27921.6,0.04943564341739486,3,0,3,2
462305.6,471598.0,316251.2,20544.0,23313.8,15984.8,3,3,3,2,2,2,9292.400000000023,-155346.8,2769.7999999999993,-7329.0,416718.26666666666,19947.533333333336,155346.8,7329.0,0.050544470520679376,3,0,0,0
471598.0,316251.2,50.4,23313.8,15984.8,50.4,3,3,0,2,2,0,-155346.8,-316200.8,-7329.0,-15934.4,262633.2,13116.333333333334,471547.6,23263.399999999998,0.980544747081712,3,0,0,0
316251.2,50.4,52.8,15984.8,50.4,48.0,3,0,0,2,0,0,-316200.8,2.3999999999999986,-15934.4,-2.3999999999999986,105451.46666666667,5361.066666666667,316200.8,15936.8,0.892193308550186,3,0,0,0
50.4,52.8,26.4,50.4,48.0,26.4,0,0,0,0,0,0,2.3999999999999986,-26.4,-2.3999999999999986,-21.6,43.199999999999996,41.6,26.4,24.0,0.9635036496350365,3,0,0,1
52.8,26.4,46.6,48.0,26.4,1040.4,0,0,0,0,0,1,-26.4,20.200000000000003,-21.6,1014.0000000000001,41.93333333333333,371.6000000000001,26.4,1014.0000000000001,21.857142857142858,3,0,0,0
26.4,46.6,39.6,26.4,1040.4,39.6,0,0,0,0,1,0,20.200000000000003,-7.0,1014.0000000000001,-1000.8000000000001,37.53333333333333,368.8,20.200000000000003,1014.0000000000001,0.9753694581280788,3,0,0,0
46.6,39.6,0.0,1040.4,39.6,13.2,0,0,0,1,0,0,-7.0,-39.6,-1000.8000000000001,-26.400000000000002,28.733333333333334,364.40000000000003,46.6,1027.2,13.2,3,0,1,1
39.6,0.0,188.2,39.6,13.2,341.4,0,0,1,0,0,1,-39.6,188.2,-26.400000000000002,328.2,75.93333333333332,131.4,188.2,328.2,1.8044397463002113,3,0,0,0
0.0,188.2,73.2,13.2,341.4,114.0,0,1,0,0,1,0,188.2,-114.99999999999999,328.2,-227.39999999999998,87.13333333333333,156.2,188.2,328.2,1.536388140161725,3,0,0,0
188.2,73.2,44.4,341.4,114.0,44.4,1,0,0,1,0,0,-114.99999999999999,-28.800000000000004,-227.39999999999998,-69.6,101.93333333333332,166.6,143.79999999999998,297.0,0.9779735682819384,3,0,0,0
73.2,44.4,10.8,114.0,44.4,10.8,0,0,0,0,0,0,-28.800000000000004,-33.599999999999994,-69.6,-33.599999999999994,42.800000000000004,56.400000000000006,62.400000000000006,103.2,0.9152542372881356,3,0,0,0
44.4,10.8,39.6,44.4,10.8,72.2,0,0,0,0,0,0,-33.599999999999994,28.8,-33.599999999999994,61.400000000000006,31.600000000000005,42.46666666666667,33.599999999999994,61.400000000000006,1.7783251231527093,3,0,0,0
10.8,39.6,49.8,10.8,72.2,45.4,0,0,0,0,0,0,28.8,10.199999999999996,61.400000000000006,-26.800000000000004,33.4,42.800000000000004,39.0,61.400000000000006,0.8937007874015748,3,0,1,1
39.6,49.8,431.8,72.2,45.4,755.0,0,0,1,0,0,1,10.199999999999996,382.0,-26.800000000000004,709.6,173.73333333333335,290.8666666666667,392.2,709.6,1.7444547134935304,3,0,0,0
49.8,431.8,71.6,45.4,755.0,52.8,0,1,0,0,1,0,382.0,-360.20000000000005,709.6,-702.2,184.4,284.4,382.0,709.6,0.7272727272727273,3,0,0,0
431.8,71.6,37.2,755.0,52.8,26.4,1,0,0,1,0,0,-360.20000000000005,-34.39999999999999,-702.2,-26.4,180.20000000000002,278.06666666666666,394.6,728.6,0.6910994764397905,3,0,0,0
71.6,37.2,94.8,52.8,26.4,0.0,0,0,0,0,0,0,-34.39999999999999,57.599999999999994,-26.4,-26.4,67.86666666666666,26.399999999999995,57.599999999999994,52.8,0.0,3,0,0,1
37.2,94.8,132.6,26.4,0.0,171.6,0,0,0,0,0,1,57.599999999999994,37.8,-26.4,171.6,88.2,66.0,95.39999999999999,171.6,1.284431137724551,3,0,0,0
94.8,132.6,0.0,0.0,171.6,13.2,0,0,0,0,1,0,37.8,-132.6,171.6,-158.4,75.8,61.599999999999994,132.6,171.6,13.2,3,0,0,0
132.6,0.0,69.6,171.6,13.2,69.6,0,0,0,1,0,0,-132.6,69.6,-158.4,56.39999999999999,67.39999999999999,84.8,132.6,158.4,0.9858356940509915,3,0,0,0
0.0,69.6,13.2,13.2,69.6,13.2,0,0,0,0,0,0,69.6,-56.39999999999999,56.39999999999999,-56.39999999999999,27.599999999999998,32.0,69.6,56.39999999999999,0.9295774647887324,3,0,0,0
69.6,13.2,0.0,69.6,13.2,39.0,0,0,0,0,0,0,-56.39999999999999,-13.2,-56.39999999999999,25.8,27.599999999999998,40.6,69.6,56.39999999999999,39.0,3,0,0,0
13.2,0.0,100.8,13.2,39.0,145.8,0,0,0,0,0,0,-13.2,100.8,25.8,106.80000000000001,38.0,66.0,100.8,132.60000000000002,1.432220039292731,3,0,0,0
0.0,100.8,13.2,39.0,145.8,13.2,0,0,0,0,0,0,100.8,-87.6,106.80000000000001,-132.60000000000002,38.0,66.0,100.8,132.60000000000002,0.9295774647887324,3,0,0,0
100.8,13.2,39.6,145.8,13.2,39.6,0,0,0,0,0,0,-87.6,26.400000000000002,-132.60000000000002,26.400000000000002,51.199999999999996,66.2,87.6,132.60000000000002,0.9753694581280788,3,0,0,0
13.2,39.6,13.2,13.2,39.6,13.2,0,0,0,0,0,0,26.400000000000002,-26.400000000000002,26.400000000000002,-26.400000000000002,22.0,22.0,26.400000000000002,26.400000000000002,0.9295774647887324,3,0,1,0
39.6,13.2,197.6,39.6,13.2,39.6,0,0,1,0,0,0,-26.400000000000002,184.4,-26.400000000000002,26.400000000000002,83.46666666666665,30.8,184.4,26.400000000000002,0.19939577039274925,3,0,1,1
13.2,197.6,400.8,13.2,39.6,265.2,0,1,1,0,0,1,184.4,203.20000000000002,26.400000000000002,225.6,203.86666666666667,106.0,387.6,252.0,0.6600298656047785,3,0,0,0
197.6,400.8,97.0,39.6,265.2,32.6,1,1,0,0,1,0,203.20000000000002,-303.8,225.6,-232.6,231.79999999999998,112.46666666666668,303.8,232.6,0.3326530612244898,3,0,0,1
400.8,97.0,147.4,265.2,32.6,2501.2,1,0,0,1,0,1,-303.8,50.400000000000006,-232.6,2468.6,215.0666666666667,933.0,303.8,2468.6,16.8544474393531,2,6,1,1
97.0,147.4,325.4,32.6,2501.2,894.6,0,0,1,0,1,1,50.400000000000006,177.99999999999997,2468.6,-1606.6,189.9333333333333,1142.8,228.39999999999998,2468.6,2.740808823529412,2,6,0,0
147.4,325.4,0.0,2501.2,894.6,69.6,0,1,0,1,1,0,177.99999999999997,-325.4,-1606.6,-825.0,157.6,1155.1333333333332,325.4,2431.6,69.6,1,22,0,1
325.4,0.0,39.6,894.6,69.6,379.8,1,0,0,1,0,1,-325.4,39.6,-825.0,310.20000000000005,121.66666666666667,448.0,325.4,825.0,9.354679802955665,1,22,0,1
0.0,39.6,131.6,69.6,379.8,694.8,0,0,0,0,1,1,39.6,92.0,310.20000000000005,314.99999999999994,57.06666666666666,381.3999999999999,131.6,625.1999999999999,5.239819004524887,1,22,0,1
39.6,131.6,121.0,379.8,694.8,277.0,0,0,0,1,1,1,92.0,-10.599999999999994,314.99999999999994,-417.79999999999995,97.39999999999999,450.5333333333333,92.0,417.79999999999995,2.2704918032786887,1,22,0,1
131.6,121.0,134.4,694.8,277.0,993.6,0,0,0,1,1,1,-10.599999999999994,13.400000000000006,-417.79999999999995,716.6,129.0,655.1333333333333,13.400000000000006,716.6,7.3382570162481535,1,22,1,1
121.0,134.4,879.6,277.0,993.6,242.8,0,0,1,1,1,1,13.400000000000006,745.2,716.6,-750.8,378.3333333333333,504.46666666666664,758.6,750.8,0.275721099250511,1,22,0,1
134.4,879.6,0.0,993.6,242.8,210.4,0,1,0,1,1,1,745.2,-879.6,-750.8,-32.400000000000006,338.0,482.2666666666667,879.6,783.2,210.4,1,22,0,1
879.6,0.0,0.0,242.8,210.4,410.2,1,0,0,1,1,1,-879.6,0.0,-32.400000000000006,199.79999999999998,293.2,287.8,879.6,199.79999999999998,410.2,1,22,0,1
0.0,0.0,0.0,210.4,410.2,152.6,0,0,0,1,1,1,0.0,0.0,199.79999999999998,-257.6,0.0,257.73333333333335,0.0,257.6,152.6,1,22,0,0
0.0,0.0,0.0,410.2,152.6,100.4,0,0,0,1,1,0,0.0,0.0,-257.6,-52.19999999999999,0.0,221.06666666666663,0.0,309.79999999999995,100.4,1,22,0,0
0.0,0.0,0.0,152.6,100.4,44.4,0,0,0,1,0,0,0.0,0.0,-52.19999999999999,-56.00000000000001,0.0,99.13333333333333,0.0,108.19999999999999,44.4,1,22,1,1
0.0,0.0,2782.4,100.4,44.4,1949.4,0,0,1,0,0,1,0.0,2782.4,-56.00000000000001,1905.0,927.4666666666667,698.0666666666667,2782.4,1905.0,0.7003664582884243,1,22,1,1
0.0,2782.4,1945.8,44.4,1949.4,763.8,0,1,1,0,1,1,2782.4,-836.6000000000001,1905.0,-1185.6000000000001,1576.0666666666666,919.2000000000002,2782.4,1905.0,0.3923361413601808,2,6,0,1
2782.4,1945.8,24.0,1949.4,763.8,306.4,1,1,0,1,1,1,-836.6000000000001,-1921.8,-1185.6000000000001,-457.4,1584.0666666666666,1006.5333333333333,2758.4,1643.0,12.255999999999998,2,6,0,0
1945.8,24.0,0.0,763.8,306.4,26.4,1,0,0,1,1,0,-1921.8,-24.0,-457.4,-280.0,656.6,365.5333333333333,1945.8,737.4,26.4,2,6,0,0
24.0,0.0,0.0,306.4,26.4,26.4,0,0,0,1,0,0,-24.0,0.0,-280.0,0.0,8.0,119.7333333333333,24.0,280.0,26.4,2,6,0,0
0.0,0.0,37.2,26.4,26.4,39.6,0,0,0,0,0,0,0.0,37.2,0.0,13.200000000000003,12.4,30.8,37.2,13.200000000000003,1.0366492146596857,2,6,0,0
0.0,37.2,26.4,26.4,39.6,26.4,0,0,0,0,0,0,37.2,-10.800000000000004,13.200000000000003,-13.200000000000003,21.2,30.8,37.2,13.200000000000003,0.9635036496350365,2,7,0,0
37.2,26.4,26.4,39.6,26.4,26.4,0,0,0,0,0,0,-10.800000000000004,0.0,-13.200000000000003,0.0,30.0,30.8,10.800000000000004,13.200000000000003,0.9635036496350365,1,22,0,0
26.4,26.4,13.2,26.4,26.4,13.2,0,0,0,0,0,0,0.0,-13.2,0.0,-13.2,22.0,22.0,13.2,13.2,0.9295774647887324,1,22,0,0
26.4,13.2,19.4,26.4,13.2,13.2,0,0,0,0,0,0,-13.2,6.199999999999999,-13.2,0.0,19.666666666666664,17.599999999999998,13.2,13.2,0.6470588235294118,2,6,0,0
13.2,19.4,13.2,13.2,13.2,13.2,0,0,0,0,0,0,6.199999999999999,-6.199999999999999,0.0,0.0,15.266666666666666,13.199999999999998,6.199999999999999,0.0,0.9295774647887324,2,6,0,0
19.4,13.2,26.4,13.2,13.2,26.4,0,0,0,0,0,0,-6.199999999999999,13.2,0.0,13.2,19.666666666666664,17.599999999999998,13.2,13.2,0.9635036496350365,2,7,0,0
13.2,26.4,13.2,13.2,26.4,13.2,0,0,0,0,0,0,13.2,-13.2,13.2,-13.2,17.599999999999998,17.599999999999998,13.2,13.2,0.9295774647887324,1,22,0,0
26.4,13.2,13.2,26.4,13.2,13.2,0,0,0,0,0,0,-13.2,0.0,-13.2,0.0,17.599999999999998,17.599999999999998,13.2,13.2,0.9295774647887324,1,22,0,0
13.2,13.2,88.8,13.2,13.2,45.8,0,0,0,0,0,0,0.0,75.6,0.0,32.599999999999994,38.4,24.066666666666663,75.6,32.599999999999994,0.510022271714922,2,7,0,0
13.2,88.8,26.4,13.2,45.8,0.0,0,0,0,0,0,0,75.6,-62.4,32.599999999999994,-45.8,42.800000000000004,19.666666666666668,75.6,45.8,0.0,2,6,0,0
88.8,26.4,97.4,45.8,0.0,87.6,0,0,0,0,0,0,-62.4,71.0,-45.8,87.6,70.86666666666666,44.46666666666666,71.0,87.6,0.8902439024390243,1,22,1,1
26.4,97.4,190.2,0.0,87.6,628.2,0,0,1,0,0,1,71.0,92.79999999999998,87.6,540.6,104.66666666666667,238.60000000000002,163.79999999999998,628.2,3.285564853556486,1,22,1,1
97.4,190.2,2395.8,87.6,628.2,2174.2,0,1,1,0,1,1,92.79999999999998,2205.6000000000004,540.6,1545.9999999999998,894.4666666666667,963.3333333333334,2298.4,2086.6,0.9071261682242989,2,6,0,0
190.2,2395.8,13.2,628.2,2174.2,13.2,1,1,0,1,1,0,2205.6000000000004,-2382.6000000000004,1545.9999999999998,-2161.0,866.4,938.5333333333332,2382.6000000000004,2161.0,0.9295774647887324,2,6,0,0
2395.8,13.2,52.8,2174.2,13.2,46.4,1,0,0,1,0,0,-2382.6000000000004,39.599999999999994,-2161.0,33.2,820.6,744.5999999999999,2382.6000000000004,2161.0,0.862453531598513,2,6,0,0
13.2,52.8,13.2,13.2,46.4,50.8,0,0,0,0,0,0,39.599999999999994,-39.599999999999994,33.2,4.399999999999999,26.400000000000002,36.8,39.599999999999994,37.599999999999994,3.5774647887323945,3,0,0,0
52.8,13.2,39.6,46.4,50.8,45.2,0,0,0,0,0,0,-39.599999999999994,26.400000000000002,4.399999999999999,-5.599999999999994,35.199999999999996,47.46666666666666,39.599999999999994,5.599999999999994,1.1133004926108374,3,0,0,0
13.2,39.6,13.2,50.8,45.2,32.0,0,0,0,0,0,0,26.400000000000002,-26.400000000000002,-5.599999999999994,-13.200000000000003,22.0,42.666666666666664,26.400000000000002,18.799999999999997,2.2535211267605635,3,0,0,0
39.6,13.2,13.2,45.2,32.0,13.2,0,0,0,0,0,0,-26.400000000000002,0.0,-13.200000000000003,-18.8,22.0,30.133333333333336,26.400000000000002,32.0,0.9295774647887324,3,0,0,0
13.2,13.2,26.4,32.0,13.2,26.4,0,0,0,0,0,0,0.0,13.2,-18.8,13.2,17.599999999999998,23.866666666666664,13.2,18.8,0.9635036496350365,3,0,0,0
13.2,26.4,0.0,13.2,26.4,18.8,0,0,0,0,0,0,13.2,-26.4,13.2,-7.599999999999998,13.199999999999998,19.466666666666665,26.4,13.2,18.8,3,0,0,0
26.4,0.0,13.2,26.4,18.8,13.2,0,0,0,0,0,0,-26.4,13.2,-7.599999999999998,-5.600000000000001,13.199999999999998,19.46666666666667,26.4,13.2,0.9295774647887324,3,0,0,0
0.0,13.2,26.4,18.8,13.2,26.4,0,0,0,0,0,0,13.2,13.2,-5.600000000000001,13.2,13.199999999999998,19.466666666666665,26.4,13.2,0.9635036496350365,3,0,0,0
13.2,26.4,34.2,13.2,26.4,32.2,0,0,0,0,0,0,13.2,7.800000000000004,13.2,5.800000000000004,24.599999999999998,23.933333333333334,21.000000000000004,19.000000000000004,0.9147727272727273,3,0,1,1
26.4,34.2,395.8,26.4,32.2,429.4,0,0,1,0,0,1,7.800000000000004,361.6,5.800000000000004,397.2,152.13333333333335,162.66666666666666,369.40000000000003,403.0,1.082157258064516,3,0,0,0
34.2,395.8,13.2,32.2,429.4,13.2,0,1,0,0,1,0,361.6,-382.6,397.2,-416.2,147.73333333333332,158.26666666666665,382.6,416.2,0.9295774647887324,3,0,1,1
395.8,13.2,562.6,429.4,13.2,879.4,1,0,1,1,0,1,-382.6,549.4,-416.2,866.1999999999999,323.8666666666667,440.6666666666667,549.4,866.1999999999999,1.5603264726756565,3,0,0,1
13.2,562.6,0.0,13.2,879.4,1221.6,0,1,0,0,1,1,549.4,-562.6,866.1999999999999,342.19999999999993,191.93333333333337,704.7333333333332,562.6,1208.3999999999999,1221.6,3,0,1,1
562.6,0.0,1782.8,879.4,1221.6,3159.2,1,0,1,1,1,1,-562.6,1782.8,342.19999999999993,1937.6,781.8000000000001,1753.3999999999999,1782.8,2279.7999999999997,1.7710505662069738,3,0,1,1
0.0,1782.8,1317.4,1221.6,3159.2,784.6,0,1,1,1,1,1,1782.8,-465.39999999999986,1937.6,-2374.6,1033.3999999999999,1721.8,1782.8,2374.6,0.5951152912621359,1,22,0,0
1782.8,1317.4,26.4,3159.2,784.6,66.0,1,1,0,1,1,0,-465.39999999999986,-1291.0,-2374.6,-718.6,1042.2,1336.6,1756.3999999999999,3093.2,2.408759124087591,3,0,0,0
1317.4,26.4,0.0,784.6,66.0,13.2,1,0,0,1,0,0,-1291.0,-26.4,-718.6,-52.8,447.9333333333334,287.93333333333334,1317.4,771.4,13.2,3,0,1,1
26.4,0.0,840.4,66.0,13.2,1254.2,0,0,1,0,0,1,-26.4,840.4,-52.8,1241.0,288.93333333333334,444.4666666666667,840.4,1241.0,1.4906108866175423,3,0,0,0
0.0,840.4,21.6,13.2,1254.2,26.4,0,1,0,0,1,0,840.4,-818.8,1241.0,-1227.8,287.3333333333333,431.2666666666667,840.4,1241.0,1.1681415929203538,3,0,0,0
840.4,21.6,39.6,1254.2,26.4,39.6,1,0,0,1,0,0,-818.8,18.0,-1227.8,13.200000000000003,300.53333333333336,440.06666666666666,818.8,1227.8,0.9753694581280788,3,0,0,0
21.6,39.6,37.2,26.4,39.6,37.2,0,0,0,0,0,0,18.0,-2.3999999999999986,13.200000000000003,-2.3999999999999986,32.800000000000004,34.4,18.0,13.200000000000003,0.9738219895287958,3,0,0,0
39.6,37.2,13.2,39.6,37.2,26.4,0,0,0,0,0,0,-2.3999999999999986,-24.000000000000004,-2.3999999999999986,-10.800000000000004,30.000000000000004,34.400000000000006,26.400000000000002,13.200000000000003,1.8591549295774648,3,0,0,0
37.2,13.2,60.6,37.2,26.4,58.6,0,0,0,0,0,0,-24.000000000000004,47.400000000000006,-10.800000000000004,32.2,37.0,40.733333333333334,47.400000000000006,32.2,0.9512987012987013,3,0,0,0
13.2,60.6,0.0,26.4,58.6,32.6,0,0,0,0,0,0,47.400000000000006,-60.6,32.2,-26.0,24.599999999999998,39.199999999999996,60.6,32.2,32.6,3,0,0,0
60.6,0.0,13.2,58.6,32.6,13.2,0,0,0,0,0,0,-60.6,13.2,-26.0,-19.400000000000002,24.599999999999998,34.800000000000004,60.6,45.400000000000006,0.9295774647887324,3,0,0,0
0.0,13.2,50.4,32.6,13.2,50.4,0,0,0,0,0,0,13.2,37.2,-19.400000000000002,37.2,21.2,32.06666666666666,50.4,37.2,0.980544747081712,3,0,0,0
13.2,50.4,13.2,13.2,50.4,13.2,0,0,0,0,0,0,37.2,-37.2,37.2,-37.2,25.599999999999998,25.599999999999998,37.2,37.2,0.9295774647887324,3,0,0,0
50.4,13.2,13.2,50.4,13.2,13.2,0,0,0,0,0,0,-37.2,0.0,-37.2,0.0,25.599999999999998,25.599999999999998,37.2,37.2,0.9295774647887324,3,0,0,0
13.2,13.2,13.2,13.2,13.2,13.2,0,0,0,0,0,0,0.0,0.0,0.0,0.0,13.199999999999998,13.199999999999998,0.0,0.0,0.9295774647887324,3,0,0,0
13.2,13.2,50.4,13.2,13.2,50.4,0,0,0,0,0,0,0.0,37.2,0.0,37.2,25.599999999999998,25.599999999999998,37.2,37.2,0.980544747081712,3,0,0,0
13.2,50.4,13.2,13.2,50.4,13.2,0,0,0,0,0,0,37.2,-37.2,37.2,-37.2,25.599999999999998,25.599999999999998,37.2,37.2,0.9295774647887324,3,0,0,0
50.4,13.2,13.2,50.4,13.2,13.2,0,0,0,0,0,0,-37.2,0.0,-37.2,0.0,25.599999999999998,25.599999999999998,37.2,37.2,0.9295774647887324,3,0,1,1
13.2,13.2,1279.8,13.2,13.2,1976.6,0,0,1,0,0,1,0.0,1266.6,0.0,1963.3999999999999,435.40000000000003,667.6666666666666,1266.6,1963.3999999999999,1.543254216114928,3,0,0,0
13.2,1279.8,37.2,13.2,1976.6,26.4,0,1,0,0,1,0,1266.6,-1242.6,1963.3999999999999,-1950.1999999999998,443.40000000000003,672.0666666666667,1266.6,1963.3999999999999,0.6910994764397905,3,0,0,0
1279.8,37.2,13.2,1976.6,26.4,13.2,1,0,0,1,0,0,-1242.6,-24.000000000000004,-1950.1999999999998,-13.2,443.40000000000003,672.0666666666667,1266.6,1963.3999999999999,0.9295774647887324,3,0,0,0
37.2,13.2,13.2,26.4,13.2,13.2,0,0,0,0,0,0,-24.000000000000004,0.0,-13.2,0.0,21.200000000000003,17.599999999999998,24.000000000000004,13.2,0.9295774647887324,3,0,0,0
13.2,13.2,39.6,13.2,13.2,39.6,0,0,0,0,0,0,0.0,26.400000000000002,0.0,26.400000000000002,22.0,22.0,26.400000000000002,26.400000000000002,0.9753694581280788,3,0,0,0
13.2,39.6,10.8,13.2,39.6,10.8,0,0,0,0,0,0,26.400000000000002,-28.8,26.400000000000002,-28.8,21.2,21.2,28.8,28.8,0.9152542372881356,1,22,0,0
39.6,10.8,26.4,39.6,10.8,26.4,0,0,0,0,0,0,-28.8,15.599999999999998,-28.8,15.599999999999998,25.600000000000005,25.600000000000005,28.8,28.8,0.9635036496350365,3,0,0,0
10.8,26.4,13.2,10.8,26.4,0.0,0,0,0,0,0,0,15.599999999999998,-13.2,15.599999999999998,-26.4,16.8,12.4,15.599999999999998,26.4,0.0,3,0,1,1
26.4,13.2,409.0,26.4,0.0,167.8,0,0,1,0,0,1,-13.2,395.8,-26.4,167.8,149.53333333333333,64.73333333333333,395.8,167.8,0.40926829268292686,3,0,1,0
13.2,409.0,346.0,0.0,167.8,13.2,0,1,1,0,1,0,395.8,-63.0,167.8,-154.60000000000002,256.06666666666666,60.333333333333336,395.8,167.8,0.03804034582132565,1,22,1,1
409.0,346.0,430.0,167.8,13.2,2130.4,1,1,1,1,0,1,-63.0,84.0,-154.60000000000002,2117.2000000000003,395.0,770.4666666666667,84.0,2117.2000000000003,4.94292343387471,2,3,1,1
346.0,430.0,167.2,13.2,2130.4,1904.4,1,1,1,0,1,1,84.0,-262.8,2117.2000000000003,-226.0,314.40000000000003,1349.3333333333333,262.8,2117.2000000000003,11.322235434007135,2,3,1,1
430.0,167.2,315.2,2130.4,1904.4,556.2,1,1,1,1,1,1,-262.8,148.0,-226.0,-1348.2,304.1333333333334,1530.3333333333333,262.8,1574.2,1.759013282732448,3,0,2,2
167.2,315.2,23235.0,1904.4,556.2,33268.8,1,1,2,1,1,2,148.0,22919.8,-1348.2,32712.600000000002,7905.8,11909.800000000001,23067.8,32712.600000000002,1.4317782750903771,2,3,2,1
315.2,23235.0,9693.8,556.2,33268.8,5805.6,1,2,2,1,2,1,22919.8,-13541.2,32712.600000000002,-27463.200000000004,11081.333333333334,13210.199999999999,22919.8,32712.600000000002,0.5988364896645625,3,0,2,2
23235.0,9693.8,47877.4,33268.8,5805.6,48496.4,2,2,2,2,1,2,-13541.2,38183.600000000006,-27463.200000000004,42690.8,26935.400000000005,29190.266666666666,38183.600000000006,42690.8,1.0129076995054138,3,0,1,1
9693.8,47877.4,2817.4,5805.6,48496.4,3207.2,2,2,1,1,2,1,38183.600000000006,-45060.0,42690.8,-45289.200000000004,20129.533333333333,19169.733333333334,45060.0,45289.200000000004,1.1379506102753334,3,0,1,1
47877.4,2817.4,827.2,48496.4,3207.2,1272.2,2,1,1,2,1,1,-45060.0,-1990.2,-45289.200000000004,-1934.9999999999998,17174.0,17658.6,47050.200000000004,47224.200000000004,1.5361023907268776,3,0,1,0
2817.4,827.2,371.8,3207.2,1272.2,0.0,1,1,1,1,1,0,-1990.2,-455.40000000000003,-1934.9999999999998,-1272.2,1338.8000000000002,1493.1333333333332,2445.6,3207.2,0.0,3,0,1,1
827.2,371.8,276.0,1272.2,0.0,438.0,1,1,1,1,0,1,-455.40000000000003,-95.80000000000001,-1272.2,438.0,491.6666666666667,570.0666666666667,551.2,1272.2,1.5812274368231047,3,0,0,0
371.8,276.0,10.8,0.0,438.0,0.0,1,1,0,0,1,0,-95.80000000000001,-265.2,438.0,-438.0,219.5333333333333,146.0,361.0,438.0,0.0,1,22,0,0
276.0,10.8,37.2,438.0,0.0,24.0,1,0,0,1,0,0,-265.2,26.400000000000002,-438.0,24.0,108.0,154.0,265.2,438.0,0.6282722513089005,1,22,0,0
10.8,37.2,0.0,0.0,24.0,13.2,0,0,0,0,0,0,26.400000000000002,-37.2,24.0,-10.8,16.0,12.4,37.2,24.0,13.2,1,22,0,0
37.2,0.0,13.2,24.0,13.2,13.2,0,0,0,0,0,0,-37.2,13.2,-10.8,0.0,16.8,16.8,37.2,10.8,0.9295774647887324,1,22,1,0
0.0,13.2,294.0,13.2,13.2,0.0,0,0,1,0,0,0,13.2,280.8,0.0,-13.2,102.39999999999999,8.799999999999999,294.0,13.2,0.0,1,22,1,1
13.2,294.0,262.2,13.2,0.0,515.2,0,1,1,0,0,1,280.8,-31.80000000000001,-13.2,515.2,189.79999999999998,176.13333333333335,280.8,515.2,1.9574468085106385,1,22,1,1
294.0,262.2,232.8,0.0,515.2,295.6,1,1,1,0,1,1,-31.80000000000001,-29.399999999999977,515.2,-219.60000000000002,263.0,270.2666666666667,61.19999999999999,515.2,1.264328485885372,2,6,0,0
262.2,232.8,99.6,515.2,295.6,126.4,1,1,0,1,1,0,-29.399999999999977,-133.20000000000002,-219.60000000000002,-169.20000000000002,198.20000000000002,312.40000000000003,162.6,388.80000000000007,1.2564612326043738,2,6,0,0
232.8,99.6,109.2,295.6,126.4,79.2,1,0,0,1,0,0,-133.20000000000002,9.600000000000009,-169.20000000000002,-47.2,147.2,167.06666666666666,133.20000000000002,216.40000000000003,0.7186932849364791,3,0,0,0
99.6,109.2,130.8,126.4,79.2,28.8,0,0,0,0,0,0,9.600000000000009,21.60000000000001,-47.2,-50.400000000000006,113.2,78.13333333333334,31.200000000000017,97.60000000000001,0.21851289833080423,3,0,0,1
109.2,130.8,129.6,79.2,28.8,180.2,0,0,0,0,0,1,21.60000000000001,-1.200000000000017,-50.400000000000006,151.39999999999998,123.2,96.06666666666666,21.60000000000001,151.39999999999998,1.3797856049004593,1,22,0,0
130.8,129.6,125.6,28.8,180.2,130.2,0,0,0,0,1,0,-1.200000000000017,-4.0,151.39999999999998,-50.0,128.66666666666666,113.06666666666666,5.200000000000017,151.39999999999998,1.0284360189573458,1,22,0,1
129.6,125.6,122.2,180.2,130.2,282.4,0,0,0,1,0,1,-4.0,-3.3999999999999915,-50.0,152.2,125.8,197.6,7.3999999999999915,152.2,2.292207792207792,1,22,1,1
125.6,122.2,250.0,130.2,282.4,221.6,0,0,1,0,1,1,-3.3999999999999915,127.8,152.2,-60.79999999999998,165.93333333333334,211.39999999999998,127.8,152.2,0.8828685258964143,1,22,0,0
122.2,250.0,19.4,282.4,221.6,32.6,0,1,0,1,1,0,127.8,-230.6,-60.79999999999998,-189.0,130.53333333333333,178.86666666666667,230.6,249.79999999999998,1.5980392156862746,1,22,0,0
250.0,19.4,129.0,221.6,32.6,28.8,1,0,0,1,0,0,-230.6,109.6,-189.0,-3.8000000000000007,132.79999999999998,94.33333333333333,230.6,192.79999999999998,0.22153846153846155,1,22,0,0
19.4,129.0,118.8,32.6,28.8,116.8,0,0,0,0,0,0,109.6,-10.200000000000003,-3.8000000000000007,88.0,89.06666666666666,59.4,109.6,88.0,0.9749582637729549,3,0,1,1
129.0,118.8,156.2,28.8,116.8,523.4,0,0,1,0,0,1,-10.200000000000003,37.39999999999999,88.0,406.59999999999997,134.66666666666666,223.0,37.39999999999999,494.59999999999997,3.3295165394402035,3,0,0,1
118.8,156.2,114.0,116.8,523.4,183.8,0,1,0,0,1,1,37.39999999999999,-42.19999999999999,406.59999999999997,-339.59999999999997,129.66666666666666,274.6666666666667,42.19999999999999,406.59999999999997,1.5982608695652174,3,0,0,0
156.2,114.0,121.8,523.4,183.8,65.8,1,0,0,1,1,0,-42.19999999999999,7.799999999999997,-339.59999999999997,-118.00000000000001,130.66666666666666,257.6666666666667,42.19999999999999,457.59999999999997,0.5358306188925082,3,0,1,0
114.0,121.8,389.6,183.8,65.8,28.8,0,0,1,1,0,0,7.799999999999997,267.8,-118.00000000000001,-37.0,208.4666666666667,92.80000000000001,275.6,155.0,0.07373271889400922,3,0,1,2
121.8,389.6,825.8,65.8,28.8,35597.4,0,1,1,0,0,2,267.8,436.19999999999993,-37.0,35568.6,445.73333333333335,11897.333333333334,704.0,35568.6,43.054426705370105,3,0,1,1
389.6,825.8,595.4,28.8,35597.4,240.8,1,1,1,0,2,1,436.19999999999993,-230.39999999999998,35568.6,-35356.6,603.6,11955.66666666667,436.19999999999993,35568.6,0.403755868544601,3,0,0,0
825.8,595.4,13.2,35597.4,240.8,13.2,1,1,0,2,1,0,-230.39999999999998,-582.1999999999999,-35356.6,-227.60000000000002,478.13333333333327,11950.466666666667,812.5999999999999,35584.200000000004,0.9295774647887324,3,0,0,0
595.4,13.2,13.2,240.8,13.2,13.2,1,0,0,1,0,0,-582.1999999999999,0.0,-227.60000000000002,0.0,207.26666666666668,89.06666666666666,582.1999999999999,227.60000000000002,0.9295774647887324,3,0,1,1
13.2,13.2,1610.6,13.2,13.2,689.8,0,0,1,0,0,1,0.0,1597.3999999999999,0.0,676.5999999999999,545.6666666666666,238.73333333333332,1597.3999999999999,676.5999999999999,0.4280218416480516,1,22,0,0
13.2,1610.6,13.2,13.2,689.8,13.2,0,1,0,0,1,0,1597.3999999999999,-1597.3999999999999,676.5999999999999,-676.5999999999999,545.6666666666666,238.73333333333335,1597.3999999999999,676.5999999999999,0.9295774647887324,1,22,0,0
1610.6,13.2,79.2,689.8,13.2,79.2,1,0,0,1,0,0,-1597.3999999999999,66.0,-676.5999999999999,66.0,567.6666666666666,260.73333333333335,1597.3999999999999,676.5999999999999,0.9875311720698254,3,0,0,0
13.2,79.2,13.2,13.2,79.2,13.2,0,0,0,0,0,0,66.0,-66.0,66.0,-66.0,35.2,35.2,66.0,66.0,0.9295774647887324,3,0,0,0
79.2,13.2,13.2,79.2,13.2,13.2,0,0,0,0,0,0,-66.0,0.0,-66.0,0.0,35.2,35.2,66.0,66.0,0.9295774647887324,3,0,0,0
13.2,13.2,26.4,13.2,13.2,26.4,0,0,0,0,0,0,0.0,13.2,0.0,13.2,17.599999999999998,17.599999999999998,13.2,13.2,0.9635036496350365,3,0,0,0
13.2,26.4,39.6,13.2,26.4,39.6,0,0,0,0,0,0,13.2,13.200000000000003,13.2,13.200000000000003,26.399999999999995,26.399999999999995,26.400000000000002,26.400000000000002,0.9753694581280788,3,0,0,0
26.4,39.6,52.8,26.4,39.6,52.8,0,0,0,0,0,0,13.200000000000003,13.199999999999996,13.200000000000003,13.199999999999996,39.6,39.6,26.4,26.4,0.9814126394052045,3,0,1,1
39.6,52.8,1366.6,39.6,52.8,2506.0,0,0,1,0,0,1,13.199999999999996,1313.8,13.199999999999996,2453.2,486.3333333333333,866.1333333333333,1327.0,2466.4,1.8324071365896462,3,0,0,0
52.8,1366.6,92.4,52.8,2506.0,92.4,0,1,0,0,1,0,1313.8,-1274.1999999999998,2453.2,-2413.6,503.93333333333334,883.7333333333335,1313.8,2453.2,0.9892933618843683,3,0,0,0
1366.6,92.4,13.2,2506.0,92.4,13.2,1,0,0,1,0,0,-1274.1999999999998,-79.2,-2413.6,-79.2,490.73333333333335,870.5333333333333,1353.3999999999999,2492.8,0.9295774647887324,3,0,0,0
92.4,13.2,26.4,92.4,13.2,26.4,0,0,0,0,0,0,-79.2,13.2,-79.2,13.2,44.0,44.0,79.2,79.2,0.9635036496350365,3,0,0,0
13.2,26.4,13.2,13.2,26.4,13.2,0,0,0,0,0,0,13.2,-13.2,13.2,-13.2,17.599999999999998,17.599999999999998,13.2,13.2,0.9295774647887324,3,0,0,0
26.4,13.2,72.0,26.4,13.2,55.2,0,0,0,0,0,0,-13.2,58.8,-13.2,42.0,37.199999999999996,31.599999999999998,58.8,42.0,0.7561643835616438,3,0,0,0
13.2,72.0,44.4,13.2,55.2,44.8,0,0,0,0,0,0,58.8,-27.6,42.0,-10.400000000000006,43.199999999999996,37.733333333333334,58.8,42.0,0.986784140969163,3,0,0,0
72.0,44.4,13.2,55.2,44.8,13.2,0,0,0,0,0,0,-27.6,-31.2,-10.400000000000006,-31.599999999999998,43.199999999999996,37.733333333333334,58.8,42.0,0.9295774647887324,3,0,1,1
44.4,13.2,157.4,44.8,13.2,354.0,0,0,1,0,0,1,-31.2,144.20000000000002,-31.599999999999998,340.8,71.66666666666667,137.33333333333334,144.20000000000002,340.8,2.234848484848485,3,0,0,0
13.2,157.4,21.6,13.2,354.0,62.4,0,1,0,0,1,0,144.20000000000002,-135.8,340.8,-291.6,64.06666666666666,143.2,144.20000000000002,340.8,2.7610619469026547,3,0,0,1
157.4,21.6,45.6,354.0,62.4,1018.2,1,0,0,1,0,1,-135.8,24.0,-291.6,955.8000000000001,74.86666666666666,478.2,135.8,955.8000000000001,21.84978540772532,3,0,1,1
21.6,45.6,465.4,62.4,1018.2,493.4,0,0,1,0,1,1,24.0,419.79999999999995,955.8000000000001,-524.8000000000001,177.53333333333333,524.6666666666666,443.79999999999995,955.8000000000001,1.0578902229845626,3,0,1,0
45.6,465.4,377.0,1018.2,493.4,76.6,0,1,1,1,1,0,419.79999999999995,-88.39999999999998,-524.8000000000001,-416.79999999999995,296.0,529.4,419.79999999999995,941.6,0.20264550264550263,3,0,1,1
465.4,377.0,310.2,493.4,76.6,3431.8,1,1,1,1,0,1,-88.39999999999998,-66.80000000000001,-416.79999999999995,3355.2000000000003,384.2,1333.9333333333334,155.2,3355.2000000000003,11.02763496143959,2,3,2,1
377.0,310.2,9972.4,76.6,3431.8,4623.2,1,1,2,0,1,1,-66.80000000000001,9662.199999999999,3355.2000000000003,1191.3999999999996,3553.2000000000003,2710.5333333333333,9662.199999999999,4546.599999999999,0.46355305111596845,2,3,2,1
310.2,9972.4,10106.6,3431.8,4623.2,2014.8,1,2,2,1,1,1,9662.199999999999,134.20000000000073,1191.3999999999996,-2608.3999999999996,6796.400000000001,3356.6,9796.4,2608.3999999999996,0.1993351537456963,2,3,1,0
9972.4,10106.6,341.8,4623.2,2014.8,0.0,2,2,1,1,1,0,134.20000000000073,-9764.800000000001,-2608.3999999999996,-2014.8,6806.933333333333,2212.6666666666665,9764.800000000001,4623.2,0.0,2,3,1,0
10106.6,341.8,341.8,2014.8,0.0,0.0,2,1,1,1,0,0,-9764.800000000001,0.0,-2014.8,0.0,3596.733333333333,671.6,9764.800000000001,2014.8,0.0,2,3,1,2
341.8,341.8,3853.2,0.0,0.0,7659.2,1,1,1,0,0,2,0.0,3511.3999999999996,0.0,7659.2,1512.2666666666667,2553.0666666666666,3511.3999999999996,7659.2,1.987234704997146,2,3,1,0
341.8,3853.2,442.0,0.0,7659.2,78.0,1,1,1,0,2,0,3511.3999999999996,-3411.2,7659.2,-7581.2,1545.6666666666667,2579.0666666666666,3511.3999999999996,7659.2,0.17607223476297967,2,3,0,0
3853.2,442.0,12.6,7659.2,78.0,0.0,1,1,0,2,0,0,-3411.2,-429.4,-7581.2,-78.0,1435.9333333333334,2579.0666666666666,3840.6,7659.2,0.0,2,3,1,1
442.0,12.6,1091.8,78.0,0.0,240.0,1,0,1,0,0,1,-429.4,1079.2,-78.0,240.0,515.4666666666667,106.0,1079.2,240.0,0.21961932650073207,3,0,1,1
12.6,1091.8,1228.4,0.0,240.0,268.4,0,1,1,0,1,1,1079.2,136.60000000000014,240.0,28.399999999999977,777.6,169.46666666666667,1215.8000000000002,268.4,0.21831787863998695,3,0,1,0
1091.8,1228.4,922.0,240.0,268.4,13.2,1,1,1,1,1,0,136.60000000000014,-306.4000000000001,28.399999999999977,-255.2,1080.7333333333333,173.86666666666667,306.4000000000001,255.2,0.014301191765980497,3,0,1,0
1228.4,922.0,385.6,268.4,13.2,13.2,1,1,1,1,0,0,-306.4000000000001,-536.4,-255.2,0.0,845.3333333333334,98.26666666666665,842.8000000000001,255.2,0.034143817899637864,3,0,0,0
922.0,385.6,49.2,13.2,13.2,13.2,1,1,0,0,0,0,-536.4,-336.40000000000003,0.0,0.0,452.26666666666665,13.199999999999998,872.8,0.0,0.26294820717131473,3,0,0,1
385.6,49.2,82.0,13.2,13.2,235.4,1,0,0,0,0,1,-336.40000000000003,32.8,0.0,222.20000000000002,172.26666666666665,87.26666666666667,336.40000000000003,222.20000000000002,2.8361445783132533,1,22,2,2
49.2,82.0,16667.0,13.2,235.4,7150.4,0,0,2,0,1,2,32.8,16585.0,222.20000000000002,6915.0,5599.400000000001,2466.3333333333335,16617.8,7137.2,0.42898968082553396,3,0,1,1
82.0,16667.0,1881.0,235.4,7150.4,718.6,0,2,1,1,2,1,16585.0,-14786.0,6915.0,-6431.799999999999,6210.0,2701.4666666666667,16585.0,6915.0,0.3818278427205101,3,0,2,2
16667.0,1881.0,15145.0,7150.4,718.6,16373.8,2,1,2,2,1,2,-14786.0,13264.0,-6431.799999999999,15655.199999999999,11231.0,8080.933333333333,14786.0,15655.199999999999,1.0810643074078965,3,0,1,1
1881.0,15145.0,2367.2,718.6,16373.8,887.8,1,2,1,1,2,1,13264.0,-12777.8,15655.199999999999,-15486.0,6464.400000000001,5993.399999999999,13264.0,15655.199999999999,0.37488387805084034,3,0,1,1
15145.0,2367.2,688.6,16373.8,887.8,846.0,2,1,1,2,1,1,-12777.8,-1678.6,-15486.0,-41.799999999999955,6066.933333333333,6035.866666666666,14456.4,15527.8,1.226798143851508,3,0,0,0
2367.2,688.6,49.2,887.8,846.0,49.2,1,1,0,1,1,0,-1678.6,-639.4,-41.799999999999955,-796.8,1034.9999999999998,594.3333333333334,2318.0,838.5999999999999,0.9800796812749004,1,22,0,1
688.6,49.2,120.6,846.0,49.2,799.8,1,0,0,1,0,1,-639.4,71.39999999999999,-796.8,750.5999999999999,286.1333333333334,565.0,639.4,796.8,6.577302631578947,1,22,0,0
49.2,120.6,58.8,49.2,799.8,94.8,0,0,0,0,1,0,71.39999999999999,-61.8,750.5999999999999,-705.0,76.2,314.59999999999997,71.39999999999999,750.5999999999999,1.585284280936455,1,22,0,0
120.6,58.8,13.2,799.8,94.8,13.2,0,0,0,1,0,0,-61.8,-45.599999999999994,-705.0,-81.6,64.19999999999999,302.59999999999997,107.39999999999999,786.5999999999999,0.9295774647887324,1,22,0,0
58.8,13.2,24.0,94.8,13.2,24.0,0,0,0,0,0,0,-45.599999999999994,10.8,-81.6,10.8,32.0,44.0,45.599999999999994,81.6,0.96,2,6,1,1
13.2,24.0,665.6,13.2,24.0,3673.6,0,0,1,0,0,1,10.8,641.6,10.8,3649.6,234.26666666666668,1236.9333333333332,652.4,3660.4,5.510951095109511,3,0,0,1
24.0,665.6,0.0,24.0,3673.6,3027.8,0,1,0,0,1,1,641.6,-665.6,3649.6,-645.7999999999997,229.86666666666667,2241.7999999999997,665.6,3649.6,3027.8,3,0,0,1
665.6,0.0,14.8,3673.6,3027.8,358.0,1,0,0,1,1,1,-665.6,14.8,-645.7999999999997,-2669.8,226.79999999999998,2353.133333333333,665.6,3315.6,22.658227848101266,3,0,0,1
0.0,14.8,128.0,3027.8,358.0,1960.0,0,0,0,1,1,1,14.8,113.2,-2669.8,1602.0,47.6,1781.9333333333334,128.0,2669.8,15.193798449612403,2,3,0,1
14.8,128.0,132.8,358.0,1960.0,1081.2,0,0,0,1,1,1,113.2,4.800000000000011,1602.0,-878.8,91.86666666666667,1133.0666666666666,118.00000000000001,1602.0,8.080717488789237,2,3,0,1
128.0,132.8,59.2,1960.0,1081.2,719.6,0,0,0,1,1,1,4.800000000000011,-73.60000000000001,-878.8,-361.6,106.66666666666667,1253.6,73.60000000000001,1240.4,11.953488372093023,3,0,0,1
132.8,59.2,133.2,1081.2,719.6,1185.0,0,0,0,1,1,1,-73.60000000000001,73.99999999999999,-361.6,465.4,108.39999999999999,995.2666666666668,73.99999999999999,465.4,8.830104321907601,3,0,0,1
59.2,133.2,133.2,719.6,1185.0,2440.0,0,0,0,1,1,1,73.99999999999999,0.0,465.4,1255.0,108.53333333333332,1448.2,73.99999999999999,1720.4,18.181818181818183,3,0,0,1
133.2,133.2,118.4,1185.0,2440.0,886.2,0,0,0,1,1,1,0.0,-14.799999999999983,1255.0,-1553.8,128.26666666666665,1503.7333333333333,14.799999999999983,1553.8,7.422110552763819,3,0,0,1
133.2,118.4,144.0,2440.0,886.2,589.6,0,0,0,1,1,1,-14.799999999999983,25.599999999999994,-1553.8,-296.6,131.86666666666667,1305.2666666666667,25.599999999999994,1850.4,4.066206896551725,3,0,2,2
118.4,144.0,62039.8,886.2,589.6,46993.2,0,0,2,1,1,2,25.599999999999994,61895.8,-296.6,46403.6,20767.4,16156.333333333334,61921.4,46403.6,0.7574563835411535,3,0,2,2
144.0,62039.8,163039.2,589.6,46993.2,52544.8,0,2,2,1,2,2,61895.8,100999.40000000001,46403.6,5551.600000000006,75074.33333333333,33375.86666666667,162895.2,51955.200000000004,0.3222812533350671,3,0,2,2
62039.8,163039.2,54014.2,46993.2,52544.8,18072.8,2,2,2,2,2,2,100999.40000000001,-109025.00000000001,5551.600000000006,-34472.0,93031.06666666667,39203.6,109025.00000000001,34472.0,0.334587301352212,3,0,2,2
163039.2,54014.2,202393.0,52544.8,18072.8,18207.2,2,2,2,2,2,2,-109025.00000000001,148378.8,-34472.0,134.40000000000146,139815.46666666667,29608.266666666666,148378.8,34472.0,0.0899591885134935,3,0,3,2
54014.2,202393.0,376879.0,18072.8,18207.2,15500.8,2,2,3,2,2,2,148378.8,174486.0,134.40000000000146,-2706.4000000000015,211095.4,17260.266666666666,322864.8,2706.4000000000015,0.041129271916790486,3,0,3,2
202393.0,376879.0,463662.8,18207.2,15500.8,14663.2,2,3,3,2,2,2,174486.0,86783.79999999999,-2706.4000000000015,-837.5999999999985,347644.93333333335,16123.733333333332,261269.8,3544.0,0.03162463836943924,3,0,3,2
376879.0,463662.8,636051.4,15500.8,14663.2,18998.2,3,3,3,2,2,2,86783.79999999999,172388.60000000003,-837.5999999999985,4335.0,492197.7333333334,16387.399999999998,259172.40000000002,4335.0,0.029868922749131988,3,0,3,2
463662.8,636051.4,738632.0,14663.2,18998.2,20269.0,3,3,3,2,2,2,172388.60000000003,102580.59999999998,4335.0,1270.7999999999993,612782.0666666667,17976.8,274969.2,5605.799999999999,0.027441232655459478,3,0,3,2
636051.4,738632.0,762205.2,18998.2,20269.0,21784.0,3,3,3,2,2,2,102580.59999999998,23573.199999999953,1270.7999999999993,1515.0,712296.1999999998,20350.399999999998,126153.79999999993,2785.7999999999993,0.028580192604048617,3,0,3,2
738632.0,762205.2,825994.6,20269.0,21784.0,23043.8,3,3,3,2,2,2,23573.199999999953,63789.40000000002,1515.0,1259.7999999999993,775610.6,21698.933333333334,87362.59999999998,2774.7999999999993,0.0278982115643231,3,0,3,2
762205.2,825994.6,772474.8,21784.0,23043.8,21058.2,3,3,3,2,2,2,63789.40000000002,-53519.79999999993,1259.7999999999993,-1985.5999999999985,786891.5333333332,21962.0,63789.40000000002,1985.5999999999985,0.027260659816139222,3,0,2,1
825994.6,772474.8,226565.0,23043.8,21058.2,6342.2,3,3,2,2,2,1,-53519.79999999993,-545909.8,-1985.5999999999985,-14716.0,608344.7999999999,16814.733333333334,599429.6,16701.6,0.027992726181333475,3,0,1,1
772474.8,226565.0,3320.4,21058.2,6342.2,6269.6,3,2,1,2,1,1,-545909.8,-223244.6,-14716.0,-72.59999999999945,334120.0666666667,11223.333333333334,769154.4,14788.6,1.887637743120371,3,0,2,1
226565.0,3320.4,50285.6,6342.2,6269.6,4434.4,2,1,2,1,1,1,-223244.6,46965.2,-72.59999999999945,-1835.2000000000007,93390.33333333333,5682.066666666666,223244.6,1907.8000000000002,0.08818253769393834,1,22,2,1
3320.4,50285.6,21878.4,6269.6,4434.4,894.8,1,2,2,1,1,1,46965.2,-28407.199999999997,-1835.2000000000007,-3539.5999999999995,25161.466666666664,3866.2666666666664,46965.2,5374.8,0.04089691673446255,3,0,1,1
50285.6,21878.4,2059.6,4434.4,894.8,1373.0,2,2,1,1,1,1,-28407.199999999997,-19818.800000000003,-3539.5999999999995,478.20000000000005,24741.2,2234.0666666666666,48226.0,3539.5999999999995,0.6663107832670097,3,0,0,0
21878.4,2059.6,13.2,894.8,1373.0,13.2,2,1,0,1,1,0,-19818.800000000003,-2046.3999999999999,478.20000000000005,-1359.8,7983.733333333334,760.3333333333334,21865.2,1359.8,0.9295774647887324,3,0,1,2
2059.6,13.2,3005.6,1373.0,13.2,7286.2,1,0,1,1,0,2,-2046.3999999999999,2992.4,-1359.8,7273.0,1692.8,2890.7999999999997,2992.4,7273.0,2.4234018492649505,3,0,1,2
13.2,3005.6,1795.6,13.2,7286.2,6827.2,0,1,1,0,2,2,2992.4,-1210.0,7273.0,-459.0,1604.8,4708.866666666666,2992.4,7273.0,3.800066792830903,3,0,1,1
3005.6,1795.6,2174.4,7286.2,6827.2,1203.0,1,1,1,2,2,1,-1210.0,378.8000000000002,-459.0,-5624.2,2325.2000000000003,5105.466666666666,1210.0,6083.2,0.5530017468051852,3,0,1,2
1795.6,2174.4,1053.6,6827.2,1203.0,38990.8,1,1,1,2,1,2,378.8000000000002,-1120.8000000000002,-5624.2,37787.8,1674.5333333333335,15673.666666666666,1120.8000000000002,37787.8,36.97212213161389,3,0,0,0
2174.4,1053.6,96.4,1203.0,38990.8,86.0,1,1,0,1,2,0,-1120.8000000000002,-957.1999999999999,37787.8,-38904.8,1108.1333333333334,13426.6,2078.0,38904.8,0.8829568788501027,3,0,0,0
1053.6,96.4,32.6,38990.8,86.0,54.2,1,0,0,2,0,0,-957.1999999999999,-63.800000000000004,-38904.8,-31.799999999999997,394.2,13043.666666666666,1020.9999999999999,38936.600000000006,1.6130952380952381,3,0,1,1
96.4,32.6,170.4,86.0,54.2,358.2,0,0,1,0,0,1,-63.800000000000004,137.8,-31.799999999999997,304.0,99.8,166.13333333333333,137.8,304.0,2.0898483080513417,3,0,0,0
32.6,170.4,66.0,54.2,358.2,52.8,0,1,0,0,1,0,137.8,-104.4,304.0,-305.4,89.66666666666667,155.06666666666666,137.8,305.4,0.7880597014925372,3,0,0,0
170.4,66.0,66.0,358.2,52.8,66.0,1,0,0,1,0,0,-104.4,0.0,-305.4,13.200000000000003,100.8,159.0,104.4,305.4,0.9850746268656716,3,0,0,0
66.0,66.0,26.4,52.8,66.0,39.6,0,0,0,0,0,0,0.0,-39.6,13.200000000000003,-26.4,52.800000000000004,52.800000000000004,39.6,26.4,1.445255474452555,3,0,0,0
66.0,26.4,26.4,66.0,39.6,26.4,0,0,0,0,0,0,-39.6,0.0,-26.4,-13.200000000000003,39.6,44.0,39.6,39.6,0.9635036496350365,3,0,0,0
26.4,26.4,26.4,39.6,26.4,26.4,0,0,0,0,0,0,0.0,0.0,-13.200000000000003,0.0,26.399999999999995,30.8,0.0,13.200000000000003,0.9635036496350365,3,0,0,0
26.4,26.4,39.6,26.4,26.4,26.4,0,0,0,0,0,0,0.0,13.200000000000003,0.0,0.0,30.8,26.399999999999995,13.200000000000003,0.0,0.6502463054187192,3,0,0,0
26.4,39.6,98.6,26.4,26.4,92.4,0,0,0,0,0,0,13.200000000000003,58.99999999999999,0.0,66.0,54.86666666666667,48.4,72.19999999999999,66.0,0.9277108433734941,3,0,0,0
39.6,98.6,66.0,26.4,92.4,66.0,0,0,0,0,0,0,58.99999999999999,-32.599999999999994,66.0,-26.400000000000006,68.06666666666666,61.6,58.99999999999999,66.0,0.9850746268656716,3,0,0,0
98.6,66.0,39.6,92.4,66.0,39.6,0,0,0,0,0,0,-32.599999999999994,-26.4,-26.400000000000006,-26.4,68.06666666666666,66.0,58.99999999999999,52.800000000000004,0.9753694581280788,3,0,1,1
66.0,39.6,2997.0,66.0,39.6,3342.8,0,0,1,0,0,1,-26.4,2957.4,-26.4,3303.2000000000003,1034.2,1149.4666666666667,2957.4,3303.2000000000003,1.1150100066711142,3,0,0,0
39.6,2997.0,39.6,39.6,3342.8,102.8,0,1,0,0,1,0,2957.4,-2957.4,3303.2000000000003,-3240.0,1025.3999999999999,1161.7333333333333,2957.4,3303.2000000000003,2.5320197044334973,3,0,0,0
2997.0,39.6,79.2,3342.8,102.8,79.2,1,0,0,1,0,0,-2957.4,39.6,-3240.0,-23.599999999999994,1038.6,1174.9333333333334,2957.4,3263.6000000000004,0.9875311720698254,3,0,0,0
39.6,79.2,26.4,102.8,79.2,71.2,0,0,0,0,0,0,39.6,-52.800000000000004,-23.599999999999994,-8.0,48.400000000000006,84.39999999999999,52.800000000000004,31.599999999999994,2.598540145985402,3,0,0,0
79.2,26.4,52.8,79.2,71.2,52.8,0,0,0,0,0,0,-52.800000000000004,26.4,-8.0,-18.400000000000006,52.79999999999999,67.73333333333333,52.800000000000004,26.400000000000006,0.9814126394052045,3,0,0,1
26.4,52.8,101.2,71.2,52.8,1976.6,0,0,0,0,0,1,26.4,48.400000000000006,-18.400000000000006,1923.8,60.133333333333326,700.1999999999999,74.80000000000001,1923.8,19.34050880626223,3,0,0,1
52.8,101.2,37.2,52.8,1976.6,268.4,0,0,0,0,1,1,48.400000000000006,-64.0,1923.8,-1708.1999999999998,63.73333333333333,765.9333333333333,64.0,1923.8,7.026178010471203,3,0,0,0
101.2,37.2,66.0,1976.6,268.4,142.0,0,0,0,1,1,0,-64.0,28.799999999999997,-1708.1999999999998,-126.39999999999998,68.13333333333334,795.6666666666666,64.0,1834.6,2.1194029850746268,3,0,0,0
37.2,66.0,92.4,268.4,142.0,92.4,0,0,0,1,0,0,28.799999999999997,26.400000000000006,-126.39999999999998,-49.599999999999994,65.2,167.6,55.2,175.99999999999997,0.9892933618843683,3,0,1,0
66.0,92.4,466.4,142.0,92.4,144.0,0,0,1,0,0,0,26.400000000000006,374.0,-49.599999999999994,51.599999999999994,208.26666666666665,126.13333333333333,400.4,51.599999999999994,0.3080872913992298,3,0,0,0
92.4,466.4,39.6,92.4,144.0,39.6,0,1,0,0,0,0,374.0,-426.79999999999995,51.599999999999994,-104.4,199.46666666666667,92.0,426.79999999999995,104.4,0.9753694581280788,3,0,0,0
466.4,39.6,0.0,144.0,39.6,31.6,1,0,0,0,0,0,-426.79999999999995,-39.6,-104.4,-8.0,168.66666666666666,71.73333333333333,466.4,112.4,31.6,3,0,2,2
39.6,0.0,21538.2,39.6,31.6,10771.6,0,0,2,0,0,2,-39.6,21538.2,-8.0,10740.0,7192.599999999999,3614.266666666667,21538.2,10740.0,0.5000928539592928,1,22,1,1
0.0,21538.2,431.6,31.6,10771.6,636.8,0,2,1,0,2,1,21538.2,-21106.600000000002,10740.0,-10134.800000000001,7323.266666666666,3813.3333333333335,21538.2,10740.0,1.4720295885344428,3,0,0,0
21538.2,431.6,27.8,10771.6,636.8,13.2,2,1,0,2,1,0,-21106.600000000002,-403.8,-10134.800000000001,-623.5999999999999,7332.533333333333,3807.2000000000003,21510.4,10758.4,0.4583333333333333,3,0,0,0
431.6,27.8,111.4,636.8,13.2,116.2,1,0,0,1,0,0,-403.8,83.60000000000001,-623.5999999999999,103.0,190.26666666666668,255.4,403.8,623.5999999999999,1.0338078291814947,3,0,0,0
27.8,111.4,117.4,13.2,116.2,26.4,0,0,0,0,0,0,83.60000000000001,6.0,103.0,-89.80000000000001,85.53333333333335,51.93333333333334,89.60000000000001,103.0,0.22297297297297294,3,0,0,0
111.4,117.4,13.2,116.2,26.4,0.0,0,0,0,0,0,0,6.0,-104.2,-89.80000000000001,-26.4,80.66666666666667,47.53333333333333,104.2,116.2,0.0,3,0,1,1
117.4,13.2,882.2,26.4,0.0,1392.8,0,0,1,0,0,1,-104.2,869.0,-26.4,1392.8,337.6,473.06666666666666,869.0,1392.8,1.5769927536231882,2,3,0,0
13.2,882.2,26.4,0.0,1392.8,26.4,0,1,0,0,1,0,869.0,-855.8000000000001,1392.8,-1366.3999999999999,307.2666666666667,473.06666666666666,869.0,1392.8,0.9635036496350365,2,3,0,0
882.2,26.4,13.2,1392.8,26.4,13.2,1,0,0,1,0,0,-855.8000000000001,-13.2,-1366.3999999999999,-13.2,307.2666666666667,477.4666666666667,869.0,1379.6,0.9295774647887324,3,0,0,0
26.4,13.2,104.4,26.4,13.2,26.4,0,0,0,0,0,0,-13.2,91.2,-13.2,13.2,48.0,22.0,91.2,13.2,0.25047438330170774,3,0,0,1
13.2,104.4,101.2,13.2,26.4,1698.6,0,0,0,0,0,1,91.2,-3.200000000000003,13.2,1672.1999999999998,72.93333333333334,579.4,91.2,1685.3999999999999,16.620352250489237,3,0,1,1
104.4,101.2,200.4,26.4,1698.6,2620.8,0,0,1,0,1,1,-3.200000000000003,99.2,1672.1999999999998,922.2000000000003,135.33333333333334,1448.6000000000001,99.2,2594.4,13.012909632571997,3,0,1,1
101.2,200.4,229.8,1698.6,2620.8,852.2,0,1,1,1,1,1,99.2,29.400000000000006,922.2000000000003,-1768.6000000000001,177.13333333333335,1723.8666666666666,128.60000000000002,1768.6000000000001,3.6923743500866553,3,0,0,1
200.4,229.8,128.2,2620.8,852.2,1076.2,1,1,0,1,1,1,29.400000000000006,-101.60000000000002,-1768.6000000000001,224.0,186.13333333333335,1516.3999999999999,101.60000000000002,1768.6000000000001,8.329721362229103,2,3,0,1
229.8,128.2,127.6,852.2,1076.2,2165.6,1,0,0,1,1,1,-101.60000000000002,-0.5999999999999943,224.0,1089.3999999999999,161.86666666666667,1364.6666666666667,102.20000000000002,1313.3999999999999,16.839813374805598,3,0,0,1
128.2,127.6,125.8,1076.2,2165.6,881.8,0,0,0,1,1,1,-0.5999999999999943,-1.7999999999999972,1089.3999999999999,-1283.8,127.19999999999999,1374.5333333333335,2.3999999999999915,1283.8,6.954258675078864,3,0,0,1
127.6,125.8,100.2,2165.6,881.8,315.4,0,0,0,1,1,1,-1.7999999999999972,-25.599999999999994,-1283.8,-566.4,117.86666666666666,1120.9333333333332,27.39999999999999,1850.1999999999998,3.1166007905138335,3,0,0,1
125.8,100.2,89.2,881.8,315.4,170.0,0,0,0,1,1,1,-25.599999999999994,-11.0,-566.4,-145.39999999999998,105.06666666666666,455.7333333333333,36.599999999999994,711.8,1.88470066518847,3,0,0,1
100.2,89.2,127.4,315.4,170.0,152.6,0,0,0,1,1,1,-11.0,38.2,-145.39999999999998,-17.400000000000006,105.60000000000001,212.66666666666666,38.2,162.79999999999998,1.1884735202492211,1,22,0,1
89.2,127.4,129.8,170.0,152.6,201.0,0,0,0,1,1,1,38.2,2.4000000000000057,-17.400000000000006,48.400000000000006,115.46666666666668,174.53333333333333,40.60000000000001,48.400000000000006,1.5366972477064218,1,22,1,0
127.4,129.8,293.2,152.6,201.0,136.8,0,0,1,1,1,0,2.4000000000000057,163.39999999999998,48.400000000000006,-64.19999999999999,183.4666666666667,163.46666666666667,165.79999999999998,64.19999999999999,0.4649898028552006,1,22,0,0
129.8,293.2,0.0,201.0,136.8,44.4,0,1,0,1,0,0,163.39999999999998,-293.2,-64.19999999999999,-92.4,141.0,127.39999999999999,293.2,156.6,44.4,1,22,1,1
293.2,0.0,1130.0,136.8,44.4,2358.8,1,0,1,0,0,1,-293.2,1130.0,-92.4,2314.4,474.40000000000003,846.6666666666666,1130.0,2314.4,2.085587975243148,1,22,1,1
0.0,1130.0,738.4,44.4,2358.8,177.0,0,1,1,0,1,1,1130.0,-391.6,2314.4,-2181.8,622.8000000000001,860.0666666666667,1130.0,2314.4,0.23938328374357587,3,0,1,1
1130.0,738.4,1667.4,2358.8,177.0,954.0,1,1,1,1,1,1,-391.6,929.0000000000001,-2181.8,777.0,1178.6000000000001,1163.2666666666667,929.0000000000001,2181.8,0.5718053224646368,2,18,1,1
738.4,1667.4,2060.4,177.0,954.0,812.4,1,1,1,1,1,1,929.0000000000001,393.0,777.0,-141.60000000000002,1488.7333333333336,647.8000000000001,1322.0,777.0,0.3941010963422916,3,0,0,0
1667.4,2060.4,13.2,954.0,812.4,124.8,1,1,0,1,1,0,393.0,-2047.2,-141.60000000000002,-687.6,1247.0,630.4,2047.2,829.2,8.788732394366198,3,0,0,0
2060.4,13.2,109.6,812.4,124.8,134.2,1,0,0,1,0,0,-2047.2,96.39999999999999,-687.6,9.399999999999991,727.7333333333332,357.13333333333327,2047.2,687.6,1.213381555153707,3,0,0,0
13.2,109.6,26.4,124.8,134.2,26.4,0,0,0,0,0,0,96.39999999999999,-83.19999999999999,9.399999999999991,-107.79999999999998,49.73333333333333,95.13333333333333,96.39999999999999,107.79999999999998,0.9635036496350365,3,0,1,1
109.6,26.4,157.8,134.2,26.4,685.4,0,0,1,0,0,1,-83.19999999999999,131.4,-107.79999999999998,659.0,97.93333333333334,282.0,131.4,659.0,4.316120906801007,3,0,0,1
26.4,157.8,58.2,26.4,685.4,625.6,0,1,0,0,1,1,131.4,-99.60000000000001,659.0,-59.799999999999955,80.80000000000001,445.8,131.4,659.0,10.567567567567567,3,0,1,1
157.8,58.2,432.4,685.4,625.6,793.8,1,0,1,1,1,1,-99.60000000000001,374.2,-59.799999999999955,168.19999999999993,216.13333333333333,701.6,374.2,168.19999999999993,1.8315643747115828,3,0,0,0
58.2,432.4,0.0,625.6,793.8,125.8,0,1,0,1,1,0,374.2,-432.4,168.19999999999993,-668.0,163.53333333333333,515.0666666666667,432.4,668.0,125.8,2,6,1,1
432.4,0.0,369.2,793.8,125.8,306.0,1,0,1,1,0,1,-432.4,369.2,-668.0,180.2,267.2,408.5333333333333,432.4,668.0,0.826580226904376,3,0,0,0
0.0,369.2,0.0,125.8,306.0,112.8,0,1,0,0,1,0,369.2,-369.2,180.2,-193.2,123.06666666666666,181.53333333333333,369.2,193.2,112.8,3,0,0,0
369.2,0.0,18.0,306.0,112.8,28.8,1,0,0,1,0,0,-369.2,18.0,-193.2,-84.0,129.06666666666666,149.20000000000002,369.2,277.2,1.5157894736842106,3,0,1,0
0.0,18.0,199.4,112.8,28.8,66.4,0,0,1,0,0,0,18.0,181.4,-84.0,37.60000000000001,72.46666666666667,69.33333333333333,199.4,84.0,0.33133732534930144,3,0,0,0
18.0,199.4,37.2,28.8,66.4,34.8,0,1,0,0,0,0,181.4,-162.2,37.60000000000001,-31.60000000000001,84.86666666666667,43.333333333333336,181.4,37.60000000000001,0.9109947643979056,3,0,0,0
199.4,37.2,102.4,66.4,34.8,73.2,1,0,0,0,0,0,-162.2,65.2,-31.60000000000001,38.400000000000006,113.0,58.13333333333333,162.2,38.400000000000006,0.7079303675048356,3,0,0,0
37.2,102.4,21.6,34.8,73.2,0.0,0,0,0,0,0,0,65.2,-80.80000000000001,38.400000000000006,-73.2,53.73333333333334,36.0,80.80000000000001,73.2,0.0,3,0,0,1
102.4,21.6,75.2,73.2,0.0,1907.8,0,0,0,0,0,1,-80.80000000000001,53.6,-73.2,1907.8,66.39999999999999,660.3333333333334,80.80000000000001,1907.8,25.036745406824146,3,0,0,1
21.6,75.2,0.0,0.0,1907.8,583.2,0,0,0,0,1,1,53.6,-75.2,1907.8,-1324.6,32.26666666666667,830.3333333333334,75.2,1907.8,583.2,3,0,0,1
75.2,0.0,82.4,1907.8,583.2,241.4,0,0,0,1,1,1,-75.2,82.4,-1324.6,-341.80000000000007,52.53333333333334,910.8000000000001,82.4,1666.3999999999999,2.8944844124700237,1,22,0,0
0.0,82.4,36.0,583.2,241.4,28.4,0,0,0,1,1,0,82.4,-46.400000000000006,-341.80000000000007,-213.0,39.46666666666667,284.3333333333333,82.4,554.8000000000001,0.7675675675675675,1,22,0,0
82.4,36.0,0.0,241.4,28.4,13.2,0,0,0,1,0,0,-46.400000000000006,-36.0,-213.0,-15.2,39.46666666666667,94.33333333333333,82.4,228.20000000000002,13.2,1,22,0,0
36.0,0.0,13.2,28.4,13.2,13.2,0,0,0,0,0,0,-36.0,13.2,-15.2,0.0,16.400000000000002,18.266666666666666,36.0,15.2,0.9295774647887324,1,22,0,0
0.0,13.2,40.4,13.2,13.2,24.0,0,0,0,0,0,0,13.2,27.2,0.0,10.8,17.866666666666664,16.8,40.4,10.8,0.5797101449275363,1,22,0,0
13.2,40.4,40.4,13.2,24.0,24.0,0,0,0,0,0,0,27.2,0.0,10.8,0.0,31.333333333333332,20.400000000000002,27.2,10.8,0.5797101449275363,3,0,0,0
40.4,40.4,56.8,24.0,24.0,34.8,0,0,0,0,0,0,0.0,16.4,0.0,10.799999999999997,45.86666666666667,27.599999999999998,16.4,10.799999999999997,0.6020761245674741,1,22,0,0
40.4,56.8,13.2,24.0,34.8,13.2,0,0,0,0,0,0,16.4,-43.599999999999994,10.799999999999997,-21.599999999999998,36.8,24.0,43.599999999999994,21.599999999999998,0.9295774647887324,1,22,0,0
56.8,13.2,91.4,34.8,13.2,13.2,0,0,0,0,0,0,-43.599999999999994,78.2,-21.599999999999998,0.0,53.800000000000004,20.400000000000002,78.2,21.599999999999998,0.14285714285714285,3,0,1,1
13.2,91.4,481.8,13.2,13.2,197.6,0,0,1,0,0,1,78.2,390.4,0.0,184.4,195.46666666666667,74.66666666666667,468.6,184.4,0.4092792046396023,3,0,0,0
91.4,481.8,21.0,13.2,197.6,74.0,0,1,0,0,1,0,390.4,-460.8,184.4,-123.6,198.0666666666667,94.93333333333332,460.8,184.4,3.3636363636363638,2,18,1,1
481.8,21.0,4258.8,197.6,74.0,1979.6,1,0,1,1,0,1,-460.8,4237.8,-123.6,1905.6,1587.2,750.4,4237.8,1905.6,0.46471665336400764,2,18,1,1
21.0,4258.8,858.0,74.0,1979.6,188.6,0,1,1,0,1,1,4237.8,-3400.8,1905.6,-1791.0,1712.6000000000001,747.4,4237.8,1905.6,0.21955762514551805,2,18,1,1
4258.8,858.0,1074.6,1979.6,188.6,400.2,1,1,1,1,1,1,-3400.8,216.5999999999999,-1791.0,211.6,2063.7999999999997,856.1333333333332,3400.8,1791.0,0.3720714020081815,2,18,0,0
858.0,1074.6,97.6,188.6,400.2,53.4,1,1,0,1,1,0,216.5999999999999,-976.9999999999999,211.6,-346.8,676.7333333333332,214.06666666666663,976.9999999999999,346.8,0.5415821501014199,2,18,0,0
1074.6,97.6,72.0,400.2,53.4,61.2,1,0,0,1,0,0,-976.9999999999999,-25.599999999999994,-346.8,7.800000000000004,414.7333333333333,171.6,1002.5999999999999,346.8,0.8383561643835616,2,18,0,0
97.6,72.0,13.2,53.4,61.2,26.4,0,0,0,0,0,0,-25.599999999999994,-58.8,7.800000000000004,-34.800000000000004,60.93333333333333,47.0,84.39999999999999,34.800000000000004,1.8591549295774648,2,18,0,0
72.0,13.2,34.2,61.2,26.4,26.4,0,0,0,0,0,0,-58.8,21.000000000000004,-34.800000000000004,0.0,39.800000000000004,38.0,58.8,34.800000000000004,0.7499999999999999,2,18,0,0
13.2,34.2,13.2,26.4,26.4,13.2,0,0,0,0,0,0,21.000000000000004,-21.000000000000004,0.0,-13.2,20.200000000000003,22.0,21.000000000000004,13.2,0.9295774647887324,3,0,0,0
34.2,13.2,130.6,26.4,13.2,60.4,0,0,0,0,0,0,-21.000000000000004,117.39999999999999,-13.2,47.2,59.333333333333336,33.333333333333336,117.39999999999999,47.2,0.4589665653495441,3,0,1,1
13.2,130.6,1000.2,13.2,60.4,379.8,0,0,1,0,0,1,117.39999999999999,869.6,47.2,319.40000000000003,381.3333333333333,151.13333333333333,987.0,366.6,0.3793447862564922,2,18,0,0
130.6,1000.2,50.2,60.4,379.8,60.2,0,1,0,0,1,0,869.6,-950.0,319.40000000000003,-319.6,393.6666666666667,166.79999999999998,950.0,319.6,1.17578125,2,18,1,0
1000.2,50.2,212.6,379.8,60.2,123.4,1,0,1,1,0,0,-950.0,162.39999999999998,-319.6,63.2,421.0,187.79999999999998,950.0,319.6,0.5777153558052435,2,18,0,0
50.2,212.6,32.6,60.2,123.4,52.8,0,1,0,0,0,0,162.39999999999998,-180.0,63.2,-70.60000000000001,98.46666666666668,78.80000000000001,180.0,70.60000000000001,1.5714285714285712,2,18,0,0
212.6,32.6,26.4,123.4,52.8,13.2,1,0,0,0,0,0,-180.0,-6.200000000000003,-70.60000000000001,-39.599999999999994,90.53333333333332,63.133333333333326,186.2,110.2,0.48175182481751827,3,0,0,0
32.6,26.4,13.2,52.8,13.2,13.2,0,0,0,0,0,0,-6.200000000000003,-13.2,-39.599999999999994,0.0,24.066666666666666,26.400000000000002,19.400000000000002,39.599999999999994,0.9295774647887324,3,0,0,0
26.4,13.2,13.2,13.2,13.2,13.2,0,0,0,0,0,0,-13.2,0.0,0.0,0.0,17.599999999999998,13.199999999999998,13.2,0.0,0.9295774647887324,3,0,0,0
13.2,13.2,26.4,13.2,13.2,26.4,0,0,0,0,0,0,0.0,13.2,0.0,13.2,17.599999999999998,17.599999999999998,13.2,13.2,0.9635036496350365,3,0,1,1
13.2,26.4,426.0,13.2,26.4,3083.2,0,0,1,0,0,1,13.2,399.6,13.2,3056.7999999999997,155.20000000000002,1040.9333333333332,412.8,3070.0,7.2206088992974236,2,3,1,1
26.4,426.0,398.2,26.4,3083.2,2356.8,0,1,1,0,1,1,399.6,-27.80000000000001,3056.7999999999997,-726.3999999999996,283.5333333333333,1822.1333333333332,399.6,3056.7999999999997,5.903807615230462,2,3,1,1
426.0,398.2,408.4,3083.2,2356.8,954.0,1,1,1,1,1,1,-27.80000000000001,10.199999999999989,-726.3999999999996,-1402.8000000000002,410.8666666666666,2131.3333333333335,27.80000000000001,2129.2,2.3302393746946755,2,3,1,0
398.2,408.4,291.8,2356.8,954.0,0.0,1,1,1,1,1,0,10.199999999999989,-116.59999999999997,-1402.8000000000002,-954.0,366.13333333333327,1103.6000000000001,116.59999999999997,2356.8,0.0,2,3,0,0
408.4,291.8,66.6,954.0,0.0,0.0,1,1,0,1,0,0,-116.59999999999997,-225.20000000000002,-954.0,0.0,255.60000000000002,318.0,341.79999999999995,954.0,0.0,2,3,0,0
291.8,66.6,26.4,0.0,0.0,26.4,1,0,0,0,0,0,-225.20000000000002,-40.199999999999996,0.0,26.4,128.26666666666665,8.799999999999999,265.40000000000003,26.4,0.9635036496350365,3,0,0,0
66.6,26.4,18.0,0.0,26.4,23.6,0,0,0,0,0,0,-40.199999999999996,-8.399999999999999,26.4,-2.799999999999997,37.0,16.666666666666668,48.599999999999994,26.4,1.2421052631578948,1,22,1,1
26.4,18.0,906.8,26.4,23.6,508.0,0,0,1,0,0,1,-8.399999999999999,888.8,-2.799999999999997,484.4,317.06666666666666,186.0,888.8,484.4,0.5595946243666006,1,22,0,0
18.0,906.8,0.0,23.6,508.0,21.6,0,1,0,0,1,0,888.8,-906.8,484.4,-486.4,308.26666666666665,184.4,906.8,486.4,21.6,1,22,0,0
906.8,0.0,13.2,508.0,21.6,13.2,1,0,0,1,0,0,-906.8,13.2,-486.4,-8.400000000000002,306.6666666666667,180.93333333333337,906.8,494.8,0.9295774647887324,1,22,0,0
0.0,13.2,32.4,21.6,13.2,43.6,0,0,0,0,0,0,13.2,19.2,-8.400000000000002,30.400000000000002,15.199999999999998,26.133333333333336,32.4,30.400000000000002,1.3053892215568863,1,22,0,0
13.2,32.4,13.2,13.2,43.6,26.4,0,0,0,0,0,0,19.2,-19.2,30.400000000000002,-17.200000000000003,19.599999999999998,27.73333333333333,19.2,30.400000000000002,1.8591549295774648,3,0,0,0
32.4,13.2,13.2,43.6,26.4,13.2,0,0,0,0,0,0,-19.2,0.0,-17.200000000000003,-13.2,19.599999999999998,27.733333333333334,19.2,30.400000000000002,0.9295774647887324,3,0,1,1
13.2,13.2,458.6,26.4,13.2,956.4,0,0,1,0,0,1,0.0,445.40000000000003,-13.2,943.1999999999999,161.66666666666666,332.0,445.40000000000003,943.1999999999999,2.0809399477806787,1,22,0,1
13.2,458.6,0.0,13.2,956.4,215.8,0,1,0,0,1,1,445.40000000000003,-458.6,943.1999999999999,-740.5999999999999,157.26666666666668,395.1333333333334,458.6,943.1999999999999,215.8,1,22,2,1
458.6,0.0,10953.8,956.4,215.8,3937.2,1,0,2,1,1,1,-458.6,10953.8,-740.5999999999999,3721.3999999999996,3804.133333333333,1703.1333333333332,10953.8,3721.3999999999996,0.35940409683426444,3,0,1,1
0.0,10953.8,4000.4,215.8,3937.2,3073.8,0,2,1,1,1,1,10953.8,-6953.4,3721.3999999999996,-863.3999999999996,4984.733333333333,2408.9333333333334,10953.8,3721.3999999999996,0.7681811366021892,3,0,0,0
10953.8,4000.4,0.0,3937.2,3073.8,10.8,2,1,0,1,1,0,-6953.4,-4000.4,-863.3999999999996,-3063.0,4984.733333333333,2340.6,10953.8,3926.3999999999996,10.8,3,0,0,0
4000.4,0.0,13.2,3073.8,10.8,13.2,1,0,0,1,0,0,-4000.4,13.2,-3063.0,2.3999999999999986,1337.8666666666666,1032.6000000000001,4000.4,3063.0,0.9295774647887324,3,0,0,0
0.0,13.2,0.0,10.8,13.2,0.0,0,0,0,0,0,0,13.2,-13.2,2.3999999999999986,-13.2,4.3999999999999995,8.0,13.2,13.2,0.0,1,22,2,2
13.2,0.0,47640.2,13.2,0.0,44461.8,0,0,2,0,0,2,-13.2,47640.2,-13.2,44461.8,15884.466666666665,14825.0,47640.2,44461.8,0.9332636457519963,1,22,1,1
0.0,47640.2,1169.0,0.0,44461.8,933.2,0,2,1,0,2,1,47640.2,-46471.2,44461.8,-43528.600000000006,16269.733333333332,15131.666666666666,47640.2,44461.8,0.7976068376068376,1,22,0,0
47640.2,1169.0,74.4,44461.8,933.2,103.2,2,1,0,2,1,0,-46471.2,-1094.6,-43528.600000000006,-830.0,16294.533333333333,15166.066666666666,47565.799999999996,44358.600000000006,1.3687002652519893,1,22,0,0
1169.0,74.4,0.0,933.2,103.2,0.0,1,0,0,1,0,0,-1094.6,-74.4,-830.0,-103.2,414.4666666666667,345.4666666666667,1169.0,933.2,0.0,1,22,0,0
74.4,0.0,13.2,103.2,0.0,13.2,0,0,0,0,0,0,-74.4,13.2,-103.2,13.2,29.200000000000003,38.800000000000004,74.4,103.2,0.9295774647887324,1,22,0,0
0.0,13.2,84.0,0.0,13.2,87.6,0,0,0,0,0,0,13.2,70.8,13.2,74.39999999999999,32.4,33.6,84.0,87.6,1.0305882352941176,2,6,1,0
13.2,84.0,150.8,13.2,87.6,137.8,0,0,1,0,0,0,70.8,66.80000000000001,74.39999999999999,50.20000000000002,82.66666666666667,79.53333333333335,137.60000000000002,124.60000000000001,0.9077733860342556,3,0,0,0
84.0,150.8,26.4,87.6,137.8,13.2,0,1,0,0,0,0,66.80000000000001,-124.4,50.20000000000002,-124.60000000000001,87.06666666666666,79.53333333333333,124.4,124.60000000000001,0.48175182481751827,3,0,0,0
150.8,26.4,13.2,137.8,13.2,13.2,1,0,0,0,0,0,-124.4,-13.2,-124.60000000000001,0.0,63.46666666666667,54.73333333333333,137.60000000000002,124.60000000000001,0.9295774647887324,3,0,0,0
26.4,13.2,26.4,13.2,13.2,26.4,0,0,0,0,0,0,-13.2,13.2,0.0,13.2,22.0,17.599999999999998,13.2,13.2,0.9635036496350365,3,0,0,0
13.2,26.4,26.4,13.2,26.4,39.6,0,0,0,0,0,0,13.2,0.0,13.2,13.200000000000003,22.0,26.399999999999995,13.2,26.400000000000002,1.445255474452555,3,0,1,1
26.4,26.4,669.6,26.4,39.6,203.0,0,0,1,0,0,1,0.0,643.2,13.200000000000003,163.4,240.79999999999998,89.66666666666667,643.2,176.6,0.30271398747390393,3,0,0,0
26.4,669.6,39.6,39.6,203.0,39.6,0,1,0,0,1,0,643.2,-630.0,163.4,-163.4,245.20000000000002,94.06666666666666,643.2,163.4,0.9753694581280788,3,0,1,1
669.6,39.6,415.6,203.0,39.6,711.2,1,0,1,1,0,1,-630.0,376.0,-163.4,671.6,374.9333333333334,317.93333333333334,630.0,671.6,1.7071531445031205,3,0,1,1
39.6,415.6,402.0,39.6,711.2,189.8,0,1,1,0,1,1,376.0,-13.600000000000023,671.6,-521.4000000000001,285.73333333333335,313.53333333333336,376.0,671.6,0.4709677419354839,3,0,1,1
415.6,402.0,346.0,711.2,189.8,1164.0,1,1,1,1,1,1,-13.600000000000023,-56.0,-521.4000000000001,974.2,387.8666666666666,688.3333333333334,69.60000000000002,974.2,3.354466858789625,3,0,1,1
402.0,346.0,489.2,189.8,1164.0,404.4,1,1,1,1,1,1,-56.0,143.2,974.2,-759.6,412.40000000000003,586.0666666666666,143.2,974.2,0.824969400244798,3,0,0,1
346.0,489.2,0.0,1164.0,404.4,688.4,1,1,0,1,1,1,143.2,-489.2,-759.6,284.0,278.40000000000003,752.2666666666668,489.2,759.6,688.4,3,0,0,1
489.2,0.0,42.8,404.4,688.4,448.6,1,0,0,1,1,1,-489.2,42.8,284.0,-239.79999999999995,177.33333333333334,513.8000000000001,489.2,284.0,10.242009132420092,3,0,0,0
0.0,42.8,124.8,688.4,448.6,147.6,0,0,0,1,1,0,42.8,82.0,-239.79999999999995,-301.0,55.86666666666667,428.2,124.8,540.8,1.1732909379968204,1,22,1,0
42.8,124.8,258.4,448.6,147.6,0.0,0,0,1,1,0,0,82.0,133.59999999999997,-301.0,-147.6,142.0,198.73333333333335,215.59999999999997,448.6,0.0,1,22,0,0
124.8,258.4,0.0,147.6,0.0,13.2,0,1,0,0,0,0,133.59999999999997,-258.4,-147.6,13.2,127.73333333333333,53.599999999999994,258.4,147.6,13.2,1,22,1,1
258.4,0.0,406.8,0.0,13.2,238.0,1,0,1,0,0,1,-258.4,406.8,13.2,224.8,221.73333333333335,83.73333333333333,406.8,238.0,0.5836194212849436,3,0,0,0
0.0,406.8,0.0,13.2,238.0,33.2,0,1,0,0,1,0,406.8,-406.8,224.8,-204.8,135.6,94.8,406.8,224.8,33.2,3,0,0,0
406.8,0.0,0.0,238.0,33.2,31.6,1,0,0,1,0,0,-406.8,0.0,-204.8,-1.6000000000000014,135.6,100.93333333333334,406.8,206.4,31.6,3,0,0,1
0.0,0.0,108.0,33.2,31.6,466.6,0,0,0,0,0,1,0.0,108.0,-1.6000000000000014,435.0,36.0,177.13333333333335,108.0,435.0,4.280733944954129,3,0,0,0
0.0,108.0,110.4,31.6,466.6,92.4,0,0,0,0,1,0,108.0,2.4000000000000057,435.0,-374.20000000000005,72.8,196.86666666666667,110.4,435.0,0.829443447037702,3,0,1,0
108.0,110.4,641.6,466.6,92.4,44.4,0,0,1,1,0,0,2.4000000000000057,531.2,-374.20000000000005,-48.00000000000001,286.6666666666667,201.13333333333333,533.6,422.20000000000005,0.06909430438842203,3,0,1,1
110.4,641.6,4179.2,92.4,44.4,3621.0,0,1,1,0,0,1,531.2,3537.6,-48.00000000000001,3576.6,1643.7333333333333,1252.6000000000001,4068.7999999999997,3576.6,0.8662264963398881,3,0,1,1
641.6,4179.2,280.0,44.4,3621.0,1620.4,1,1,1,0,1,1,3537.6,-3899.2,3576.6,-2000.6,1700.2666666666667,1761.9333333333334,3899.2,3576.6,5.766548042704627,3,0,1,1
4179.2,280.0,281.0,3621.0,1620.4,437.8,1,1,1,1,1,1,-3899.2,1.0,-2000.6,-1182.6000000000001,1580.0666666666666,1893.0666666666666,3899.2,3183.2,1.552482269503546,3,0,1,1
280.0,281.0,534.0,1620.4,437.8,603.2,1,1,1,1,1,1,1.0,253.0,-1182.6000000000001,165.40000000000003,365.0,887.1333333333336,254.0,1182.6000000000001,1.1274766355140187,3,0,0,0
281.0,534.0,13.2,437.8,603.2,13.2,1,1,0,1,1,0,253.0,-520.8,165.40000000000003,-590.0,276.06666666666666,351.40000000000003,520.8,590.0,0.9295774647887324,3,0,0,0
534.0,13.2,13.2,603.2,13.2,26.4,1,0,0,1,0,0,-520.8,0.0,-590.0,13.2,186.80000000000004,214.26666666666668,520.8,590.0,1.8591549295774648,3,0,0,0
13.2,13.2,13.2,13.2,26.4,26.4,0,0,0,0,0,0,0.0,0.0,13.2,0.0,13.199999999999998,22.0,0.0,13.2,1.8591549295774648,3,0,0,0
13.2,13.2,39.6,26.4,26.4,39.6,0,0,0,0,0,0,0.0,26.400000000000002,0.0,13.200000000000003,22.0,30.8,26.400000000000002,13.200000000000003,0.9753694581280788,3,0,0,0
13.2,39.6,39.6,26.4,39.6,39.6,0,0,0,0,0,0,26.400000000000002,0.0,13.200000000000003,0.0,30.8,35.199999999999996,26.400000000000002,13.200000000000003,0.9753694581280788,3,0,0,0
39.6,39.6,104.6,39.6,39.6,90.0,0,0,0,0,0,0,0.0,65.0,0.0,50.4,61.26666666666667,56.4,65.0,50.4,0.8522727272727273,3,0,0,0
39.6,104.6,13.2,39.6,90.0,13.2,0,0,0,0,0,0,65.0,-91.39999999999999,50.4,-76.8,52.46666666666666,47.599999999999994,91.39999999999999,76.8,0.9295774647887324,3,0,0,0
104.6,13.2,13.2,90.0,13.2,13.2,0,0,0,0,0,0,-91.39999999999999,0.0,-76.8,0.0,43.666666666666664,38.800000000000004,91.39999999999999,76.8,0.9295774647887324,3,0,2,1
13.2,13.2,7066.6,13.2,13.2,5563.8,0,0,2,0,0,1,0.0,7053.400000000001,0.0,5550.6,2364.3333333333335,1863.3999999999999,7053.400000000001,5550.6,0.7872262154055125,3,0,0,1
13.2,7066.6,26.4,13.2,5563.8,150.4,0,2,0,0,1,1,7053.400000000001,-7040.200000000001,5550.6,-5413.400000000001,2368.733333333333,1909.1333333333332,7053.400000000001,5550.6,5.489051094890511,3,0,0,0
7066.6,26.4,26.4,5563.8,150.4,26.4,2,0,0,1,1,0,-7040.200000000001,0.0,-5413.400000000001,-124.0,2373.133333333333,1913.533333333333,7040.200000000001,5537.400000000001,0.9635036496350365,3,0,0,0
26.4,26.4,63.6,150.4,26.4,63.6,0,0,0,1,0,0,0.0,37.2,-124.0,37.2,38.800000000000004,80.13333333333334,37.2,124.0,0.9845201238390094,3,0,0,0
26.4,63.6,13.2,26.4,63.6,13.2,0,0,0,0,0,0,37.2,-50.400000000000006,37.2,-50.400000000000006,34.4,34.4,50.400000000000006,50.400000000000006,0.9295774647887324,3,0,0,0
63.6,13.2,13.2,63.6,13.2,13.2,0,0,0,0,0,0,-50.400000000000006,0.0,-50.400000000000006,0.0,30.0,30.0,50.400000000000006,50.400000000000006,0.9295774647887324,3,0,0,0
13.2,13.2,26.4,13.2,13.2,112.6,0,0,0,0,0,0,0.0,13.2,0.0,99.39999999999999,17.599999999999998,46.333333333333336,13.2,99.39999999999999,4.109489051094891,3,0,0,0
13.2,26.4,26.4,13.2,112.6,26.4,0,0,0,0,0,0,13.2,0.0,99.39999999999999,-86.19999999999999,22.0,50.73333333333333,13.2,99.39999999999999,0.9635036496350365,3,0,0,0
26.4,26.4,52.8,112.6,26.4,52.8,0,0,0,0,0,0,0.0,26.4,-86.19999999999999,26.4,35.199999999999996,63.93333333333334,26.4,86.19999999999999,0.9814126394052045,3,0,1,1
26.4,52.8,190.8,26.4,52.8,250.6,0,0,1,0,0,1,26.4,138.0,26.4,197.8,90.0,109.93333333333332,164.4,224.2,1.3065693430656933,3,0,2,1
52.8,190.8,49194.0,52.8,250.6,4447.6,0,1,2,0,1,1,138.0,49003.2,197.8,4197.0,16479.2,1583.6666666666667,49141.2,4394.8,0.09040756174407968,3,0,0,0
190.8,49194.0,38.4,250.6,4447.6,91.2,1,2,0,1,1,0,49003.2,-49155.6,4197.0,-4356.400000000001,16474.4,1596.466666666667,49155.6,4356.400000000001,2.3147208121827414,3,0,1,1
49194.0,38.4,354.4,4447.6,91.2,450.6,2,0,1,1,0,1,-49155.6,316.0,-4356.400000000001,359.40000000000003,16528.933333333334,1663.1333333333334,49155.6,4356.400000000001,1.2678671918964548,3,0,1,1
38.4,354.4,1884.0,91.2,450.6,1016.8,0,1,1,0,1,1,316.0,1529.6,359.40000000000003,566.1999999999999,758.9333333333334,519.5333333333333,1845.6,925.5999999999999,0.5394164456233421,2,6,1,0
354.4,1884.0,939.2,450.6,1016.8,88.8,1,1,1,1,1,0,1529.6,-944.8,566.1999999999999,-928.0,1059.2,518.7333333333333,1529.6,928.0,0.09444798978940651,2,6,0,0
1884.0,939.2,13.2,1016.8,88.8,13.2,1,1,0,1,0,0,-944.8,-926.0,-928.0,-75.6,945.4666666666666,372.93333333333334,1870.8,1003.5999999999999,0.9295774647887324,3,0,0,0
939.2,13.2,26.4,88.8,13.2,26.4,1,0,0,0,0,0,-926.0,13.2,-75.6,13.2,326.2666666666667,42.800000000000004,926.0,75.6,0.9635036496350365,3,0,0,0
13.2,26.4,13.2,13.2,26.4,13.2,0,0,0,0,0,0,13.2,-13.2,13.2,-13.2,17.599999999999998,17.599999999999998,13.2,13.2,0.9295774647887324,3,0,0,0
26.4,13.2,37.2,26.4,13.2,37.2,0,0,0,0,0,0,-13.2,24.000000000000004,-13.2,24.000000000000004,25.599999999999998,25.599999999999998,24.000000000000004,24.000000000000004,0.9738219895287958,3,0,0,1
13.2,37.2,88.4,13.2,37.2,321.2,0,0,0,0,0,1,24.000000000000004,51.2,24.000000000000004,284.0,46.26666666666667,123.86666666666667,75.2,308.0,3.5928411633109616,3,0,1,1
37.2,88.4,278.6,37.2,321.2,1118.4,0,0,1,0,1,1,51.2,190.20000000000002,284.0,797.2,134.73333333333335,492.2666666666667,241.40000000000003,1081.2,4.0,3,0,0,1
88.4,278.6,78.8,321.2,1118.4,348.8,0,1,0,1,1,1,190.20000000000002,-199.8,797.2,-769.6000000000001,148.6,596.1333333333333,199.8,797.2,4.37092731829574,3,0,1,0
278.6,78.8,306.4,1118.4,348.8,13.2,1,0,1,1,1,0,-199.8,227.59999999999997,-769.6000000000001,-335.6,221.26666666666665,493.4666666666667,227.59999999999997,1105.2,0.04294079375406636,3,0,1,0
78.8,306.4,401.4,348.8,13.2,88.0,0,1,1,1,0,0,227.59999999999997,95.0,-335.6,74.8,262.2,150.0,322.59999999999997,335.6,0.2186878727634195,3,0,0,0
306.4,401.4,122.0,13.2,88.0,86.4,1,1,0,0,0,0,95.0,-279.4,74.8,-1.5999999999999943,276.59999999999997,62.53333333333334,279.4,74.8,0.702439024390244,3,0,0,0
401.4,122.0,21.6,88.0,86.4,0.0,1,0,0,0,0,0,-279.4,-100.4,-1.5999999999999943,-86.4,181.66666666666666,58.13333333333333,379.79999999999995,88.0,0.0,3,0,0,0
122.0,21.6,26.4,86.4,0.0,26.4,0,0,0,0,0,0,-100.4,4.799999999999997,-86.4,26.4,56.666666666666664,37.6,100.4,86.4,0.9635036496350365,3,0,0,0
21.6,26.4,13.2,0.0,26.4,0.0,0,0,0,0,0,0,4.799999999999997,-13.2,26.4,-26.4,20.400000000000002,8.799999999999999,13.2,26.4,0.0,3,0,0,0
26.4,13.2,13.2,26.4,0.0,13.2,0,0,0,0,0,0,-13.2,0.0,-26.4,13.2,17.599999999999998,13.199999999999998,13.2,26.4,0.9295774647887324,3,0,0,0
13.2,13.2,24.0,0.0,13.2,24.0,0,0,0,0,0,0,0.0,10.8,13.2,10.8,16.8,12.4,10.8,24.0,0.96,3,0,0,1
13.2,24.0,123.6,13.2,24.0,319.2,0,0,0,0,0,1,10.8,99.6,10.8,295.2,53.6,118.8,110.39999999999999,306.0,2.561797752808989,3,0,0,0
24.0,123.6,13.2,24.0,319.2,13.2,0,0,0,0,1,0,99.6,-110.39999999999999,295.2,-306.0,53.599999999999994,118.8,110.39999999999999,306.0,0.9295774647887324,3,0,0,0
123.6,13.2,13.2,319.2,13.2,13.2,0,0,0,1,0,0,-110.39999999999999,0.0,-306.0,0.0,49.99999999999999,115.19999999999999,110.39999999999999,306.0,0.9295774647887324,3,0,0,0
13.2,13.2,13.2,13.2,13.2,13.2,0,0,0,0,0,0,0.0,0.0,0.0,0.0,13.199999999999998,13.199999999999998,0.0,0.0,0.9295774647887324,3,0,0,1
13.2,13.2,148.4,13.2,13.2,379.0,0,0,0,0,0,1,0.0,135.20000000000002,0.0,365.8,58.26666666666667,135.13333333333333,135.20000000000002,365.8,2.536813922356091,3,0,0,0
13.2,148.4,10.8,13.2,379.0,10.8,0,0,0,0,1,0,135.20000000000002,-137.6,365.8,-368.2,57.46666666666667,134.33333333333334,137.6,368.2,0.9152542372881356,1,22,0,0
148.4,10.8,26.4,379.0,10.8,26.4,0,0,0,1,0,0,-137.6,15.599999999999998,-368.2,15.599999999999998,61.866666666666674,138.73333333333332,137.6,368.2,0.9635036496350365,3,0,0,0
10.8,26.4,26.4,10.8,26.4,26.4,0,0,0,0,0,0,15.599999999999998,0.0,15.599999999999998,0.0,21.2,21.2,15.599999999999998,15.599999999999998,0.9635036496350365,3,0,0,0
26.4,26.4,13.2,26.4,26.4,13.2,0,0,0,0,0,0,0.0,-13.2,0.0,-13.2,22.0,22.0,13.2,13.2,0.9295774647887324,3,0,0,0
26.4,13.2,10.8,26.4,13.2,10.8,0,0,0,0,0,0,-13.2,-2.3999999999999986,-13.2,-2.3999999999999986,16.799999999999997,16.799999999999997,15.599999999999998,15.599999999999998,0.9152542372881356,1,22,0,0
13.2,10.8,39.6,13.2,10.8,39.6,0,0,0,0,0,0,-2.3999999999999986,28.8,-2.3999999999999986,28.8,21.2,21.2,28.8,28.8,0.9753694581280788,3,0,1,0
10.8,39.6,217.0,10.8,39.6,48.4,0,0,1,0,0,0,28.8,177.4,28.8,8.799999999999997,89.13333333333333,32.93333333333334,206.2,37.599999999999994,0.2220183486238532,3,0,0,0
39.6,217.0,13.2,39.6,48.4,13.2,0,1,0,0,0,0,177.4,-203.8,8.799999999999997,-35.2,89.93333333333334,33.733333333333334,203.8,35.2,0.9295774647887324,3,0,0,0
217.0,13.2,13.2,48.4,13.2,13.2,1,0,0,0,0,0,-203.8,0.0,-35.2,0.0,81.13333333333333,24.933333333333334,203.8,35.2,0.9295774647887324,3,0,0,0
13.2,13.2,13.2,13.2,13.2,13.2,0,0,0,0,0,0,0.0,0.0,0.0,0.0,13.199999999999998,13.199999999999998,0.0,0.0,0.9295774647887324,3,0,0,0
13.2,13.2,24.0,13.2,13.2,24.0,0,0,0,0,0,0,0.0,10.8,0.0,10.8,16.8,16.8,10.8,10.8,0.96,3,0,0,0
13.2,24.0,13.2,13.2,24.0,13.2,0,0,0,0,0,0,10.8,-10.8,10.8,-10.8,16.8,16.8,10.8,10.8,0.9295774647887324,3,0,0,0
24.0,13.2,10.8,24.0,13.2,31.2,0,0,0,0,0,0,-10.8,-2.3999999999999986,-10.8,18.0,16.0,22.8,13.2,18.0,2.644067796610169,3,0,0,0
13.2,10.8,13.2,13.2,31.2,13.2,0,0,0,0,0,0,-2.3999999999999986,2.3999999999999986,18.0,-18.0,12.4,19.2,2.3999999999999986,18.0,0.9295774647887324,3,0,0,1
10.8,13.2,106.8,31.2,13.2,319.6,0,0,0,0,0,1,2.3999999999999986,93.6,-18.0,306.40000000000003,43.6,121.33333333333333,96.0,306.40000000000003,2.964749536178108,3,0,0,0
13.2,106.8,13.2,13.2,319.6,13.2,0,0,0,0,1,0,93.6,-93.6,306.40000000000003,-306.40000000000003,44.4,115.33333333333333,93.6,306.40000000000003,0.9295774647887324,3,0,0,0
106.8,13.2,13.2,319.6,13.2,13.2,0,0,0,1,0,0,-93.6,0.0,-306.40000000000003,0.0,44.4,115.33333333333333,93.6,306.40000000000003,0.9295774647887324,3,0,0,0
13.2,13.2,13.2,13.2,13.2,13.2,0,0,0,0,0,0,0.0,0.0,0.0,0.0,13.199999999999998,13.199999999999998,0.0,0.0,0.9295774647887324,3,0,0,0
13.2,13.2,24.0,13.2,13.2,13.2,0,0,0,0,0,0,0.0,10.8,0.0,0.0,16.8,13.199999999999998,10.8,0.0,0.528,3,0,0,0
13.2,24.0,24.0,13.2,13.2,24.0,0,0,0,0,0,0,10.8,0.0,0.0,10.8,20.400000000000002,16.8,10.8,10.8,0.96,3,0,0,0
24.0,24.0,47.4,13.2,24.0,45.4,0,0,0,0,0,0,0.0,23.4,10.8,21.4,31.8,27.53333333333333,23.4,32.2,0.9380165289256198,3,0,0,0
24.0,47.4,13.2,24.0,45.4,13.2,0,0,0,0,0,0,23.4,-34.2,21.4,-32.2,28.200000000000003,27.533333333333335,34.2,32.2,0.9295774647887324,3,0,0,0
47.4,13.2,24.0,45.4,13.2,45.8,0,0,0,0,0,0,-34.2,10.8,-32.2,32.599999999999994,28.2,34.8,34.2,32.599999999999994,1.8319999999999999,3,0,0,0
13.2,24.0,24.0,13.2,45.8,24.0,0,0,0,0,0,0,10.8,0.0,32.599999999999994,-21.799999999999997,20.400000000000002,27.666666666666668,10.8,32.599999999999994,0.96,3,0,1,1
24.0,24.0,194.0,45.8,24.0,480.6,0,0,1,0,0,1,0.0,170.0,-21.799999999999997,456.6,80.66666666666667,183.46666666666667,170.0,456.6,2.4646153846153847,3,0,1,0
24.0,194.0,166.0,24.0,480.6,32.2,0,1,1,0,1,0,170.0,-28.0,456.6,-448.40000000000003,128.0,178.93333333333337,170.0,456.6,0.19281437125748505,3,0,0,0
194.0,166.0,48.0,480.6,32.2,50.4,1,1,0,1,0,0,-28.0,-118.0,-448.40000000000003,18.199999999999996,136.0,187.73333333333335,146.0,448.40000000000003,1.0285714285714285,3,0,0,0
166.0,48.0,26.4,32.2,50.4,26.4,1,0,0,0,0,0,-118.0,-21.6,18.199999999999996,-24.0,80.13333333333334,36.333333333333336,139.6,24.0,0.9635036496350365,3,0,0,0
48.0,26.4,13.2,50.4,26.4,13.2,0,0,0,0,0,0,-21.6,-13.2,-24.0,-13.2,29.200000000000003,30.0,34.8,37.2,0.9295774647887324,3,0,0,0
26.4,13.2,13.2,26.4,13.2,13.2,0,0,0,0,0,0,-13.2,0.0,-13.2,0.0,17.599999999999998,17.599999999999998,13.2,13.2,0.9295774647887324,3,0,0,0
13.2,13.2,10.8,13.2,13.2,0.0,0,0,0,0,0,0,0.0,-2.3999999999999986,0.0,-13.2,12.4,8.799999999999999,2.3999999999999986,13.2,0.0,1,22,0,0
13.2,10.8,37.2,13.2,0.0,37.2,0,0,0,0,0,0,-2.3999999999999986,26.400000000000002,-13.2,37.2,20.400000000000002,16.8,26.400000000000002,37.2,0.9738219895287958,3,0,2,1
10.8,37.2,21787.8,0.0,37.2,2024.6,0,0,2,0,0,1,26.400000000000002,21750.6,37.2,1987.3999999999999,7278.599999999999,687.2666666666665,21777.0,2024.6,0.09291929798795712,3,0,1,1
37.2,21787.8,2353.4,37.2,2024.6,5650.8,0,2,1,0,1,1,21750.6,-19434.399999999998,1987.3999999999999,3626.2000000000003,8059.466666666667,2570.866666666667,21750.6,5613.6,2.4001019367991847,1,22,1,1
21787.8,2353.4,2198.6,2024.6,5650.8,815.0,2,1,1,1,1,1,-19434.399999999998,-154.80000000000018,3626.2000000000003,-4835.8,8779.933333333332,2830.133333333333,19589.2,4835.8,0.37052191307510457,3,0,1,1
2353.4,2198.6,1851.8,5650.8,815.0,759.2,1,1,1,1,1,1,-154.80000000000018,-346.79999999999995,-4835.8,-55.799999999999955,2134.6,2408.3333333333335,501.60000000000014,4891.6,0.4097582037996546,3,0,1,1
2198.6,1851.8,1863.0,815.0,759.2,212.8,1,1,1,1,1,1,-346.79999999999995,11.200000000000045,-55.799999999999955,-546.4000000000001,1971.1333333333332,595.6666666666666,346.79999999999995,602.2,0.11416309012875538,3,0,1,1
1851.8,1863.0,1594.6,759.2,212.8,431.4,1,1,1,1,1,1,11.200000000000045,-268.4000000000001,-546.4000000000001,218.59999999999997,1769.8,467.8,268.4000000000001,546.4000000000001,0.27036851341188267,3,0,1,1
1863.0,1594.6,591.8,212.8,431.4,659.0,1,1,1,1,1,1,-268.4000000000001,-1002.8,218.59999999999997,227.60000000000002,1349.8,434.40000000000003,1271.2,446.2,1.1116734143049933,3,0,1,1
1594.6,591.8,797.2,431.4,659.0,211.4,1,1,1,1,1,1,-1002.8,205.4000000000001,227.60000000000002,-447.6,994.5333333333332,433.9333333333334,1002.8,447.6,0.2648459032823854,1,22,1,1
591.8,797.2,557.4,659.0,211.4,194.2,1,1,1,1,1,1,205.4000000000001,-239.80000000000007,-447.6,-17.200000000000017,648.8000000000001,354.8666666666666,239.80000000000007,464.8,0.34777936962750716,1,22,0,0
797.2,557.4,55.2,211.4,194.2,38.2,1,1,0,1,1,0,-239.80000000000007,-502.2,-17.200000000000017,-156.0,469.93333333333334,147.93333333333334,742.0,173.2,0.6797153024911032,3,0,1,0
557.4,55.2,293.2,194.2,38.2,98.8,1,0,1,1,0,0,-502.2,238.0,-156.0,60.599999999999994,301.93333333333334,110.39999999999999,502.2,156.0,0.335825968728756,3,0,0,0
55.2,293.2,86.0,38.2,98.8,54.4,0,1,0,0,0,0,238.0,-207.2,60.599999999999994,-44.4,144.79999999999998,63.800000000000004,238.0,60.599999999999994,0.6252873563218391,3,0,1,0
293.2,86.0,298.8,98.8,54.4,84.8,1,0,1,0,0,0,-207.2,212.8,-44.4,30.4,226.0,79.33333333333333,212.8,44.4,0.28285523682454966,3,0,0,0
86.0,298.8,30.4,54.4,84.8,56.2,0,1,0,0,0,0,212.8,-268.40000000000003,30.4,-28.599999999999994,138.4,65.13333333333333,268.40000000000003,30.4,1.7898089171974525,3,0,1,0
298.8,30.4,588.0,84.8,56.2,51.8,1,0,1,0,0,0,-268.40000000000003,557.6,-28.599999999999994,-4.400000000000006,305.73333333333335,64.26666666666667,557.6,33.0,0.08794567062818336,3,0,0,0
30.4,588.0,44.4,56.2,51.8,45.2,0,1,0,0,0,0,557.6,-543.6,-4.400000000000006,-6.599999999999994,220.9333333333333,51.06666666666666,557.6,11.0,0.9955947136563877,3,0,1,1
588.0,44.4,472.4,51.8,45.2,2417.8,1,0,1,0,0,1,-543.6,428.0,-6.599999999999994,2372.6000000000004,368.26666666666665,838.2666666666668,543.6,2372.6000000000004,5.107308829742291,3,0,1,1
44.4,472.4,258.4,45.2,2417.8,681.0,0,1,1,0,1,1,428.0,-214.0,2372.6000000000004,-1736.8000000000002,258.4,1048.0,428.0,2372.6000000000004,2.625289128758674,3,0,2,2
472.4,258.4,7859.2,2417.8,681.0,7058.2,1,1,2,1,1,2,-214.0,7600.8,-1736.8000000000002,6377.2,2863.3333333333335,3385.6666666666665,7600.8,6377.2,0.8979669728505636,1,22,2,1
258.4,7859.2,22150.6,681.0,7058.2,732.8,1,2,2,1,2,1,7600.8,14291.399999999998,6377.2,-6325.4,10089.4,2824.0,21892.199999999997,6377.2,0.03308113183697792,3,0,0,0
7859.2,22150.6,71.6,7058.2,732.8,65.6,2,2,0,2,1,0,14291.399999999998,-22079.0,-6325.4,-667.1999999999999,10027.133333333333,2618.866666666667,22079.0,6992.599999999999,0.9035812672176309,3,0,0,0
22150.6,71.6,26.4,732.8,65.6,26.4,2,0,0,1,0,0,-22079.0,-45.199999999999996,-667.1999999999999,-39.199999999999996,7416.2,274.93333333333334,22124.199999999997,706.4,0.9635036496350365,3,0,0,0
71.6,26.4,24.0,65.6,26.4,24.0,0,0,0,0,0,0,-45.199999999999996,-2.3999999999999986,-39.199999999999996,-2.3999999999999986,40.666666666666664,38.666666666666664,47.599999999999994,41.599999999999994,0.96,1,22,0,0
26.4,24.0,0.0,26.4,24.0,0.0,0,0,0,0,0,0,-2.3999999999999986,-24.0,-2.3999999999999986,-24.0,16.8,16.8,26.4,26.4,0.0,1,22,0,0
24.0,0.0,66.0,24.0,0.0,66.0,0,0,0,0,0,0,-24.0,66.0,-24.0,66.0,30.0,30.0,66.0,66.0,0.9850746268656716,3,0,0,0
0.0,66.0,13.2,0.0,66.0,13.2,0,0,0,0,0,0,66.0,-52.8,66.0,-52.8,26.400000000000002,26.400000000000002,66.0,66.0,0.9295774647887324,3,0,0,1
66.0,13.2,143.8,66.0,13.2,342.4,0,0,0,0,0,1,-52.8,130.60000000000002,-52.8,329.2,74.33333333333333,140.53333333333333,130.60000000000002,329.2,2.3646408839779003,3,0,0,0
13.2,143.8,10.8,13.2,342.4,10.8,0,0,0,0,1,0,130.60000000000002,-133.0,329.2,-331.59999999999997,55.93333333333334,122.13333333333333,133.0,331.59999999999997,0.9152542372881356,1,22,0,0
143.8,10.8,52.8,342.4,10.8,26.4,0,0,0,1,0,0,-133.0,42.0,-331.59999999999997,15.599999999999998,69.13333333333334,126.53333333333332,133.0,331.59999999999997,0.49070631970260226,1,22,0,0
10.8,52.8,26.4,10.8,26.4,52.8,0,0,0,0,0,0,42.0,-26.4,15.599999999999998,26.4,30.0,30.0,42.0,42.0,1.927007299270073,3,0,0,0
52.8,26.4,13.2,26.4,52.8,13.2,0,0,0,0,0,0,-26.4,-13.2,26.4,-39.599999999999994,30.799999999999997,30.799999999999997,39.599999999999994,39.599999999999994,0.9295774647887324,3,0,0,0
26.4,13.2,39.6,52.8,13.2,39.6,0,0,0,0,0,0,-13.2,26.400000000000002,-39.599999999999994,26.400000000000002,26.399999999999995,35.199999999999996,26.400000000000002,39.599999999999994,0.9753694581280788,3,0,0,0
13.2,39.6,10.8,13.2,39.6,10.8,0,0,0,0,0,0,26.400000000000002,-28.8,26.400000000000002,-28.8,21.2,21.2,28.8,28.8,0.9152542372881356,1,22,0,0
39.6,10.8,52.8,39.6,10.8,39.6,0,0,0,0,0,0,-28.8,42.0,-28.8,28.8,34.4,30.0,42.0,28.8,0.7360594795539034,1,22,0,0
10.8,52.8,26.4,10.8,39.6,39.6,0,0,0,0,0,0,42.0,-26.4,28.8,0.0,30.0,30.0,42.0,28.8,1.445255474452555,3,0,0,0
52.8,26.4,13.2,39.6,39.6,13.2,0,0,0,0,0,0,-26.4,-13.2,0.0,-26.400000000000002,30.799999999999997,30.8,39.599999999999994,26.400000000000002,0.9295774647887324,3,0,0,0
26.4,13.2,39.6,39.6,13.2,39.6,0,0,0,0,0,0,-13.2,26.400000000000002,-26.400000000000002,26.400000000000002,26.399999999999995,30.8,26.400000000000002,26.400000000000002,0.9753694581280788,3,0,0,0
13.2,39.6,10.8,13.2,39.6,10.8,0,0,0,0,0,0,26.400000000000002,-28.8,26.400000000000002,-28.8,21.2,21.2,28.8,28.8,0.9152542372881356,1,22,0,0
39.6,10.8,39.6,39.6,10.8,39.6,0,0,0,0,0,0,-28.8,28.8,-28.8,28.8,30.0,30.0,28.8,28.8,0.9753694581280788,3,0,0,0
10.8,39.6,26.4,10.8,39.6,26.4,0,0,0,0,0,0,28.8,-13.200000000000003,28.8,-13.200000000000003,25.600000000000005,25.600000000000005,28.8,28.8,0.9635036496350365,3,0,0,0
39.6,26.4,13.2,39.6,26.4,13.2,0,0,0,0,0,0,-13.200000000000003,-13.2,-13.200000000000003,-13.2,26.400000000000002,26.400000000000002,26.400000000000002,26.400000000000002,0.9295774647887324,3,0,0,0
26.4,13.2,39.6,26.4,13.2,39.6,0,0,0,0,0,0,-13.2,26.400000000000002,-13.2,26.400000000000002,26.399999999999995,26.399999999999995,26.400000000000002,26.400000000000002,0.9753694581280788,3,0,0,0
13.2,39.6,86.0,13.2,39.6,95.8,0,0,0,0,0,0,26.400000000000002,46.4,26.400000000000002,56.199999999999996,46.26666666666667,49.53333333333333,72.8,82.6,1.1011494252873564,3,0,0,0
39.6,86.0,91.8,39.6,95.8,66.0,0,0,0,0,0,0,46.4,5.799999999999997,56.199999999999996,-29.799999999999997,72.46666666666665,67.13333333333334,52.199999999999996,56.199999999999996,0.7112068965517242,3,0,0,0
86.0,91.8,64.0,95.8,66.0,52.8,0,0,0,0,0,0,5.799999999999997,-27.799999999999997,-29.799999999999997,-13.200000000000003,80.60000000000001,71.53333333333335,27.799999999999997,43.0,0.8123076923076923,3,0,0,0
91.8,64.0,13.2,66.0,52.8,13.2,0,0,0,0,0,0,-27.799999999999997,-50.8,-13.200000000000003,-39.599999999999994,56.333333333333336,44.0,78.6,52.8,0.9295774647887324,3,0,0,0
64.0,13.2,24.0,52.8,13.2,13.2,0,0,0,0,0,0,-50.8,10.8,-39.599999999999994,0.0,33.733333333333334,26.400000000000002,50.8,39.599999999999994,0.528,3,0,0,1
13.2,24.0,73.0,13.2,13.2,4711.8,0,0,0,0,0,1,10.8,49.0,0.0,4698.6,36.733333333333334,1579.3999999999999,59.8,4698.6,63.67297297297298,3,0,0,1
24.0,73.0,96.0,13.2,4711.8,209.6,0,0,0,0,1,1,49.0,23.0,4698.6,-4502.2,64.33333333333333,1644.8666666666668,72.0,4698.6,2.160824742268041,3,0,0,1
73.0,96.0,29.6,4711.8,209.6,1076.4,0,0,0,1,1,1,23.0,-66.4,-4502.2,866.8000000000001,66.2,1999.266666666667,66.4,4502.2,35.1764705882353,3,0,0,0
96.0,29.6,13.2,209.6,1076.4,41.2,0,0,0,1,1,0,-66.4,-16.400000000000002,866.8000000000001,-1035.2,46.26666666666666,442.40000000000003,82.8,1035.2,2.9014084507042255,3,0,0,0
29.6,13.2,36.0,1076.4,41.2,56.4,0,0,0,1,0,0,-16.400000000000002,22.8,-1035.2,15.199999999999996,26.266666666666666,391.3333333333334,22.8,1035.2,1.5243243243243243,3,0,0,0
13.2,36.0,13.2,41.2,56.4,26.4,0,0,0,0,0,0,22.8,-22.8,15.199999999999996,-30.0,20.8,41.333333333333336,22.8,30.0,1.8591549295774648,3,0,0,1
36.0,13.2,70.8,56.4,26.4,531.2,0,0,0,0,0,1,-22.8,57.599999999999994,-30.0,504.80000000000007,40.0,204.66666666666666,57.599999999999994,504.80000000000007,7.3983286908078005,3,0,0,0
13.2,70.8,74.8,26.4,531.2,78.8,0,0,0,0,1,0,57.599999999999994,4.0,504.80000000000007,-452.40000000000003,52.93333333333334,212.13333333333333,61.599999999999994,504.80000000000007,1.0395778364116095,3,0,0,0
70.8,74.8,13.2,531.2,78.8,13.2,0,0,0,1,0,0,4.0,-61.599999999999994,-452.40000000000003,-65.6,52.93333333333333,207.73333333333335,61.599999999999994,518.0,0.9295774647887324,3,0,0,1
74.8,13.2,52.0,78.8,13.2,1228.4,0,0,0,0,0,1,-61.599999999999994,38.8,-65.6,1215.2,46.666666666666664,440.1333333333334,61.599999999999994,1215.2,23.17735849056604,3,0,0,0
13.2,52.0,0.0,13.2,1228.4,13.2,0,0,0,0,1,0,38.8,-52.0,1215.2,-1215.2,21.733333333333334,418.2666666666667,52.0,1215.2,13.2,3,0,1,1
52.0,0.0,674.4,1228.4,13.2,1129.2,0,0,1,1,0,1,-52.0,674.4,-1215.2,1116.0,242.13333333333333,790.2666666666668,674.4,1215.2,1.6718981344388513,3,0,0,0
0.0,674.4,78.2,13.2,1129.2,79.2,0,1,0,0,1,0,674.4,-596.1999999999999,1116.0,-1050.0,250.86666666666667,407.20000000000005,674.4,1116.0,1.0,3,0,1,0
674.4,78.2,306.4,1129.2,79.2,24.0,1,0,1,1,0,0,-596.1999999999999,228.2,-1050.0,-55.2,353.0,410.8,596.1999999999999,1105.2,0.07807417046193885,3,0,0,0
78.2,306.4,10.8,79.2,24.0,10.8,0,1,0,0,0,0,228.2,-295.59999999999997,-55.2,-13.2,131.79999999999998,38.0,295.59999999999997,68.4,0.9152542372881356,1,22,0,0
306.4,10.8,13.2,24.0,10.8,13.2,1,0,0,0,0,0,-295.59999999999997,2.3999999999999986,-13.2,2.3999999999999986,110.13333333333333,16.0,295.59999999999997,13.2,0.9295774647887324,1,22,1,0
10.8,13.2,293.2,10.8,13.2,10.8,0,0,1,0,0,0,2.3999999999999986,280.0,2.3999999999999986,-2.3999999999999986,105.73333333333333,11.6,282.4,2.3999999999999986,0.03670972127804215,1,22,0,0
13.2,293.2,13.2,13.2,10.8,13.2,0,1,0,0,0,0,280.0,-280.0,-2.3999999999999986,2.3999999999999986,106.53333333333332,12.4,280.0,2.3999999999999986,0.9295774647887324,1,22,0,0
293.2,13.2,13.2,10.8,13.2,13.2,1,0,0,0,0,0,-280.0,0.0,2.3999999999999986,0.0,106.53333333333332,12.4,280.0,2.3999999999999986,0.9295774647887324,3,0,0,0
13.2,13.2,55.2,13.2,13.2,56.0,0,0,0,0,0,0,0.0,42.0,0.0,42.8,27.2,27.46666666666667,42.0,42.8,0.9964412811387899,3,0,1,1
13.2,55.2,772.2,13.2,56.0,470.8,0,0,1,0,0,1,42.0,717.0,42.8,414.8,280.2,180.0,759.0,457.6,0.6088980858768753,3,0,0,0
55.2,772.2,13.2,56.0,470.8,13.2,0,1,0,0,1,0,717.0,-759.0,414.8,-457.6,280.20000000000005,180.0,759.0,457.6,0.9295774647887324,3,0,0,0
772.2,13.2,26.4,470.8,13.2,26.4,1,0,0,1,0,0,-759.0,13.2,-457.6,13.2,270.6,170.13333333333333,759.0,457.6,0.9635036496350365,3,0,0,0
13.2,26.4,24.0,13.2,26.4,24.0,0,0,0,0,0,0,13.2,-2.3999999999999986,13.2,-2.3999999999999986,21.2,21.2,13.2,13.2,0.96,3,0,0,0
26.4,24.0,13.2,26.4,24.0,13.2,0,0,0,0,0,0,-2.3999999999999986,-10.8,-2.3999999999999986,-10.8,21.2,21.2,13.2,13.2,0.9295774647887324,1,22,0,0
24.0,13.2,26.4,24.0,13.2,26.4,0,0,0,0,0,0,-10.8,13.2,-10.8,13.2,21.2,21.2,13.2,13.2,0.9635036496350365,3,0,0,0
13.2,26.4,24.0,13.2,26.4,24.0,0,0,0,0,0,0,13.2,-2.3999999999999986,13.2,-2.3999999999999986,21.2,21.2,13.2,13.2,0.96,3,0,1,0
26.4,24.0,202.4,26.4,24.0,47.2,0,0,1,0,0,0,-2.3999999999999986,178.4,-2.3999999999999986,23.200000000000003,84.26666666666667,32.53333333333333,178.4,23.200000000000003,0.232055063913471,3,0,0,0
24.0,202.4,13.2,24.0,47.2,13.2,0,1,0,0,0,0,178.4,-189.20000000000002,23.200000000000003,-34.0,79.86666666666666,28.133333333333336,189.20000000000002,34.0,0.9295774647887324,3,0,0,0
202.4,13.2,24.0,47.2,13.2,24.0,1,0,0,0,0,0,-189.20000000000002,10.8,-34.0,10.8,79.86666666666666,28.133333333333336,189.20000000000002,34.0,0.96,3,0,0,0
13.2,24.0,26.4,13.2,24.0,26.4,0,0,0,0,0,0,10.8,2.3999999999999986,10.8,2.3999999999999986,21.2,21.2,13.2,13.2,0.9635036496350365,3,0,0,0
24.0,26.4,13.2,24.0,26.4,13.2,0,0,0,0,0,0,2.3999999999999986,-13.2,2.3999999999999986,-13.2,21.2,21.2,13.2,13.2,0.9295774647887324,3,0,0,0
26.4,13.2,24.0,26.4,13.2,24.0,0,0,0,0,0,0,-13.2,10.8,-13.2,10.8,21.2,21.2,13.2,13.2,0.96,3,0,0,0
13.2,24.0,26.4,13.2,24.0,26.4,0,0,0,0,0,0,10.8,2.3999999999999986,10.8,2.3999999999999986,21.2,21.2,13.2,13.2,0.9635036496350365,3,0,1,1
24.0,26.4,467.0,24.0,26.4,430.6,0,0,1,0,0,1,2.3999999999999986,440.6,2.3999999999999986,404.20000000000005,172.46666666666667,160.33333333333334,443.0,406.6,0.9200854700854701,3,0,0,0
26.4,467.0,32.4,26.4,430.6,59.6,0,1,0,0,1,0,440.6,-434.6,404.20000000000005,-371.0,175.26666666666665,172.20000000000002,440.6,404.20000000000005,1.784431137724551,3,0,0,1
467.0,32.4,0.0,430.6,59.6,6208.6,1,0,0,1,0,1,-434.6,-32.4,-371.0,6149.0,166.46666666666667,2232.9333333333334,467.0,6149.0,6208.6,2,3,0,1
32.4,0.0,83.2,59.6,6208.6,1299.6,0,0,0,0,1,1,-32.4,83.2,6149.0,-4909.0,38.53333333333333,2522.6000000000004,83.2,6149.0,15.434679334916863,2,3,1,1
0.0,83.2,254.8,6208.6,1299.6,2781.6,0,0,1,1,1,1,83.2,171.60000000000002,-4909.0,1482.0,112.66666666666667,3429.933333333334,254.8,4909.0,10.87412040656763,2,3,0,1
83.2,254.8,0.0,1299.6,2781.6,1062.6,0,1,0,1,1,1,171.60000000000002,-254.8,1482.0,-1719.0,112.66666666666667,1714.5999999999997,254.8,1719.0,1062.6,2,3,0,1
254.8,0.0,123.6,2781.6,1062.6,2323.6,1,0,0,1,1,1,-254.8,123.6,-1719.0,1261.0,126.13333333333333,2055.933333333333,254.8,1719.0,18.648475120385232,2,3,2,2
0.0,123.6,40142.6,1062.6,2323.6,27498.2,0,0,2,1,1,2,123.6,40019.0,1261.0,25174.600000000002,13422.066666666666,10294.800000000001,40142.6,26435.600000000002,0.6849958648452058,2,3,2,1
123.6,40142.6,12744.8,2323.6,27498.2,2302.0,0,2,2,1,2,1,40019.0,-27397.8,25174.600000000002,-25196.2,17670.333333333332,10707.933333333332,40019.0,25196.2,0.18060851417721918,2,3,1,1
40142.6,12744.8,4859.8,27498.2,2302.0,1279.4,2,2,1,2,1,1,-27397.8,-7884.999999999999,-25196.2,-1022.5999999999999,19249.066666666666,10359.866666666667,35282.799999999996,26218.8,0.26320770243581304,2,3,1,0
12744.8,4859.8,3637.4,2302.0,1279.4,0.0,2,1,1,1,1,0,-7884.999999999999,-1222.4,-1022.5999999999999,-1279.4,7080.666666666667,1193.8,9107.4,2302.0,0.0,2,3,0,1
4859.8,3637.4,100.4,1279.4,0.0,344.0,1,1,0,1,0,1,-1222.4,-3537.0,-1279.4,344.0,2865.866666666667,541.1333333333333,4759.400000000001,1279.4,3.3925049309664694,1,22,1,1
3637.4,100.4,5694.2,0.0,344.0,4432.6,1,0,1,0,1,1,-3537.0,5593.8,344.0,4088.6000000000004,3144.0,1592.2,5593.8,4432.6,0.7783045371540948,3,0,1,1
100.4,5694.2,717.6,344.0,4432.6,1460.0,0,1,1,1,1,1,5593.8,-4976.599999999999,4088.6000000000004,-2972.6000000000004,2170.733333333333,2078.866666666667,5593.8,4088.6000000000004,2.0317283607013636,3,0,1,1
5694.2,717.6,429.0,4432.6,1460.0,276.2,1,1,1,1,1,1,-4976.599999999999,-288.6,-2972.6000000000004,-1183.8,2280.266666666667,2056.266666666667,5265.2,4156.400000000001,0.6423255813953488,1,22,0,0
717.6,429.0,31.2,1460.0,276.2,48.4,1,1,0,1,1,0,-288.6,-397.8,-1183.8,-227.79999999999998,392.59999999999997,594.8666666666667,686.4,1411.6,1.5031055900621115,1,22,0,0
429.0,31.2,34.6,276.2,48.4,33.8,1,0,0,1,0,0,-397.8,3.400000000000002,-227.79999999999998,-14.600000000000001,164.93333333333334,119.46666666666665,397.8,242.39999999999998,0.9494382022471909,1,22,1,1
31.2,34.6,544.0,48.4,33.8,473.6,0,0,1,0,0,1,3.400000000000002,509.4,-14.600000000000001,439.8,203.26666666666665,185.26666666666665,512.8,439.8,0.8689908256880734,1,22,1,1
34.6,544.0,179.2,33.8,473.6,251.2,0,1,1,0,1,1,509.4,-364.8,439.8,-222.40000000000003,252.6,252.86666666666667,509.4,439.8,1.3940066592674807,1,22,1,1
544.0,179.2,331.2,473.6,251.2,328.0,1,1,1,1,1,1,-364.8,152.0,-222.40000000000003,76.80000000000001,351.4666666666667,350.93333333333334,364.8,222.40000000000003,0.9873570138470801,1,22,1,1
179.2,331.2,456.0,251.2,328.0,442.0,1,1,1,1,1,1,152.0,124.80000000000001,76.80000000000001,114.0,322.1333333333333,340.40000000000003,276.8,190.8,0.9671772428884027,2,6,1,1
331.2,456.0,301.0,328.0,442.0,277.4,1,1,1,1,1,1,124.80000000000001,-155.0,114.0,-164.60000000000002,362.73333333333335,349.1333333333334,155.0,164.60000000000002,0.9185430463576159,2,6,0,0
456.0,301.0,109.0,442.0,277.4,70.8,1,1,0,1,1,0,-155.0,-192.0,-164.60000000000002,-206.59999999999997,288.6666666666667,263.4,347.0,371.2,0.6436363636363636,2,6,1,1
301.0,109.0,232.6,277.4,70.8,447.4,1,0,1,1,0,1,-192.0,123.6,-206.59999999999997,376.59999999999997,214.20000000000002,265.2,192.0,376.59999999999997,1.9152397260273972,2,6,1,1
109.0,232.6,1126.0,70.8,447.4,1281.4,0,1,1,0,1,1,123.6,893.4,376.59999999999997,834.0000000000001,489.2,599.8666666666667,1017.0,1210.6000000000001,1.1370008873114463,2,3,1,1
232.6,1126.0,540.4,447.4,1281.4,429.4,1,1,1,1,1,1,893.4,-585.6,834.0000000000001,-852.0000000000001,633.0,719.4000000000001,893.4,852.0000000000001,0.7931289250092353,3,0,0,0
1126.0,540.4,133.4,1281.4,429.4,31.4,1,1,0,1,1,0,-585.6,-407.0,-852.0000000000001,-398.0,599.9333333333334,580.7333333333335,992.6,1250.0,0.23363095238095236,3,0,1,1
540.4,133.4,3619.6,429.4,31.4,2257.2,1,0,1,1,0,1,-407.0,3486.2,-398.0,2225.7999999999997,1431.1333333333332,906.0,3486.2,2225.7999999999997,0.6234325802353201,3,0,1,1
133.4,3619.6,4466.0,31.4,2257.2,3442.4,0,1,1,0,1,1,3486.2,846.4000000000001,2225.7999999999997,1185.2000000000003,2739.6666666666665,1910.3333333333333,4332.6,3411.0,0.7706290575330199,3,0,2,2
3619.6,4466.0,14591.6,2257.2,3442.4,17264.4,1,1,2,1,1,2,846.4000000000001,10125.6,1185.2000000000003,13822.000000000002,7559.066666666667,7654.666666666667,10972.0,15007.2,1.1830928004605075,3,0,0,0
4466.0,14591.6,37.2,3442.4,17264.4,50.4,1,2,0,1,2,0,10125.6,-14554.4,13822.000000000002,-17214.0,6364.933333333333,6919.066666666668,14554.4,17214.0,1.319371727748691,3,0,0,0
14591.6,37.2,68.4,17264.4,50.4,74.8,2,0,0,2,0,0,-14554.4,31.200000000000003,-17214.0,24.4,4899.066666666667,5796.533333333334,14554.4,17214.0,1.0778097982708932,3,0,0,0
37.2,68.4,0.0,50.4,74.8,0.0,0,0,0,0,0,0,31.200000000000003,-68.4,24.4,-74.8,35.2,41.73333333333333,68.4,74.8,0.0,3,0,0,0
68.4,0.0,13.2,74.8,0.0,39.6,0,0,0,0,0,0,-68.4,13.2,-74.8,39.6,27.200000000000003,38.13333333333333,68.4,74.8,2.7887323943661975,3,0,0,0
0.0,13.2,92.4,0.0,39.6,79.2,0,0,0,0,0,0,13.2,79.2,39.6,39.6,35.2,39.6,92.4,79.2,0.8479657387580299,3,0,0,0
13.2,92.4,84.0,39.6,79.2,88.0,0,0,0,0,0,0,79.2,-8.400000000000006,39.6,8.799999999999997,63.20000000000001,68.93333333333334,79.2,48.4,1.035294117647059,3,0,1,1
92.4,84.0,1939.4,79.2,88.0,1869.8,0,0,1,0,0,1,-8.400000000000006,1855.4,8.799999999999997,1781.8,705.2666666666668,679.0,1855.4,1790.6,0.963615749330035,3,0,1,0
84.0,1939.4,176.2,88.0,1869.8,37.2,0,1,1,0,1,0,1855.4,-1763.2,1781.8,-1832.6,733.1999999999999,665.0,1855.4,1832.6,0.2099322799097066,3,0,0,0
1939.4,176.2,26.4,1869.8,37.2,13.2,1,1,0,1,0,0,-1763.2,-149.79999999999998,-1832.6,-24.000000000000004,714.0,640.0666666666667,1913.0,1856.6,0.48175182481751827,3,0,0,0
176.2,26.4,44.4,37.2,13.2,61.6,1,0,0,0,0,0,-149.79999999999998,18.0,-24.000000000000004,48.400000000000006,82.33333333333333,37.333333333333336,149.79999999999998,48.400000000000006,1.3568281938325992,3,0,1,1
26.4,44.4,227.6,13.2,61.6,213.8,0,0,1,0,0,1,18.0,183.2,48.400000000000006,152.20000000000002,99.46666666666665,96.2,201.2,200.60000000000002,0.9352580927384078,3,0,1,1
44.4,227.6,181.8,61.6,213.8,206.4,0,1,1,0,1,1,183.2,-45.79999999999998,152.20000000000002,-7.400000000000006,151.26666666666668,160.60000000000002,183.2,152.20000000000002,1.1291028446389497,3,0,1,1
227.6,181.8,163.2,213.8,206.4,155.2,1,1,1,1,1,1,-45.79999999999998,-18.600000000000023,-7.400000000000006,-51.20000000000002,190.86666666666665,191.80000000000004,64.4,58.60000000000002,0.9451887941534713,3,0,0,0
181.8,163.2,42.0,206.4,155.2,59.2,1,1,0,1,1,0,-18.600000000000023,-121.19999999999999,-51.20000000000002,-95.99999999999999,129.0,140.26666666666668,139.8,147.2,1.3767441860465117,3,0,0,0
163.2,42.0,26.4,155.2,59.2,26.4,1,0,0,1,0,0,-121.19999999999999,-15.600000000000001,-95.99999999999999,-32.800000000000004,77.2,80.26666666666667,136.79999999999998,128.79999999999998,0.9635036496350365,3,0,0,0
42.0,26.4,31.2,59.2,26.4,13.2,0,0,0,0,0,0,-15.600000000000001,4.800000000000001,-32.800000000000004,-13.2,33.2,32.93333333333333,15.600000000000001,46.0,0.4099378881987577,3,0,0,0
26.4,31.2,39.6,26.4,13.2,48.4,0,0,0,0,0,0,4.800000000000001,8.400000000000002,-13.2,35.2,32.4,29.333333333333332,13.200000000000003,35.2,1.192118226600985,3,0,0,1
31.2,39.6,141.8,13.2,48.4,168.4,0,0,0,0,0,1,8.400000000000002,102.20000000000002,35.2,120.0,70.86666666666667,76.66666666666667,110.60000000000001,155.20000000000002,1.1792717086834734,3,0,0,0
39.6,141.8,137.2,48.4,168.4,76.6,0,0,0,0,1,0,102.20000000000002,-4.600000000000023,120.0,-91.80000000000001,106.2,97.8,102.20000000000002,120.0,0.5542691751085383,3,0,1,0
141.8,137.2,473.8,168.4,76.6,148.8,0,0,1,1,0,0,-4.600000000000023,336.6,-91.80000000000001,72.20000000000002,250.9333333333333,131.26666666666668,336.6,91.80000000000001,0.3133951137320977,3,0,0,0
137.2,473.8,86.4,76.6,148.8,60.0,0,1,0,0,0,0,336.6,-387.4,72.20000000000002,-88.80000000000001,232.46666666666667,95.13333333333333,387.4,88.80000000000001,0.6864988558352403,3,0,0,0
473.8,86.4,39.6,148.8,60.0,26.4,1,0,0,0,0,0,-387.4,-46.800000000000004,-88.80000000000001,-33.6,199.93333333333337,78.4,434.2,122.4,0.6502463054187192,3,0,1,0
86.4,39.6,171.6,60.0,26.4,70.8,0,0,1,0,0,0,-46.800000000000004,132.0,-33.6,44.4,99.2,52.4,132.0,44.4,0.4101969872537659,3,0,1,1
39.6,171.6,777.6,26.4,70.8,1683.6,0,1,1,0,0,1,132.0,606.0,44.4,1612.8,329.59999999999997,593.6,738.0,1657.1999999999998,2.1623426663241716,3,0,0,0
171.6,777.6,39.6,70.8,1683.6,39.6,1,1,0,0,1,0,606.0,-738.0,1612.8,-1644.0,329.6,597.9999999999999,738.0,1644.0,0.9753694581280788,3,0,0,0
777.6,39.6,13.2,1683.6,39.6,13.2,1,0,0,1,0,0,-738.0,-26.400000000000002,-1644.0,-26.400000000000002,276.8,578.8,764.4,1670.3999999999999,0.9295774647887324,3,0,0,0
39.6,13.2,44.4,39.6,13.2,13.2,0,0,0,0,0,0,-26.400000000000002,31.2,-26.400000000000002,0.0,32.4,22.0,31.2,26.400000000000002,0.2907488986784141,3,0,0,0
13.2,44.4,27.8,13.2,13.2,0.0,0,0,0,0,0,0,31.2,-16.599999999999998,0.0,-13.2,28.466666666666665,8.799999999999999,31.2,13.2,0.0,3,0,0,0
44.4,27.8,91.4,13.2,0.0,37.2,0,0,0,0,0,0,-16.599999999999998,63.60000000000001,-13.2,37.2,54.53333333333334,16.8,63.60000000000001,37.2,0.4025974025974026,3,0,0,0
27.8,91.4,79.2,0.0,37.2,26.4,0,0,0,0,0,0,63.60000000000001,-12.200000000000003,37.2,-10.800000000000004,66.13333333333334,21.2,63.60000000000001,37.2,0.32917705735660846,3,0,0,0
91.4,79.2,102.0,37.2,26.4,32.0,0,0,0,0,0,0,-12.200000000000003,22.799999999999997,-10.800000000000004,5.600000000000001,90.86666666666667,31.866666666666664,22.799999999999997,10.800000000000004,0.3106796116504854,3,0,0,0
79.2,102.0,39.6,26.4,32.0,0.0,0,0,0,0,0,0,22.799999999999997,-62.4,5.600000000000001,-32.0,73.6,19.466666666666665,62.4,32.0,0.0,3,0,0,0
102.0,39.6,13.2,32.0,0.0,13.2,0,0,0,0,0,0,-62.4,-26.400000000000002,-32.0,13.2,51.599999999999994,15.066666666666668,88.8,32.0,0.9295774647887324,3,0,0,0
39.6,13.2,13.2,0.0,13.2,124.8,0,0,0,0,0,0,-26.400000000000002,0.0,13.2,111.6,22.0,46.0,26.400000000000002,124.8,8.788732394366198,1,22,1,1
13.2,13.2,3211.8,13.2,124.8,4423.4,0,0,1,0,0,1,0.0,3198.6000000000004,111.6,4298.599999999999,1079.4,1520.4666666666665,3198.6000000000004,4410.2,1.376805278884462,1,22,1,1
13.2,3211.8,1206.4,124.8,4423.4,2104.8,0,1,1,0,1,1,3198.6000000000004,-2005.4,4298.599999999999,-2318.5999999999995,1477.1333333333332,2217.6666666666665,3198.6000000000004,4298.599999999999,1.743249958588703,1,22,2,1
3211.8,1206.4,7002.2,4423.4,2104.8,5114.4,1,1,2,1,1,1,-2005.4,5795.799999999999,-2318.5999999999995,3009.5999999999995,3806.8000000000006,3880.8666666666663,5795.799999999999,3009.5999999999995,0.7302947224126114,3,0,0,0
1206.4,7002.2,55.8,2104.8,5114.4,68.0,1,2,0,1,1,0,5795.799999999999,-6946.4,3009.5999999999995,-5046.4,2754.7999999999997,2429.0666666666666,6946.4,5046.4,1.1971830985915493,1,22,2,2
7002.2,55.8,72937.4,5114.4,68.0,15574.4,2,0,2,1,0,2,-6946.4,72881.59999999999,-5046.4,15506.4,26665.13333333333,6918.933333333333,72881.59999999999,15506.4,0.21352812784486636,2,3,3,2
55.8,72937.4,326031.4,68.0,15574.4,43935.4,0,2,3,0,2,2,72881.59999999999,253094.00000000003,15506.4,28361.0,133008.2,19859.266666666666,325975.60000000003,43867.4,0.1347577725403978,2,3,3,2
72937.4,326031.4,471482.8,15574.4,43935.4,33584.8,2,3,3,2,2,2,253094.00000000003,145451.39999999997,28361.0,-10350.599999999999,290150.5333333334,31031.533333333336,398545.4,28361.0,0.07123213989536863,2,3,2,2
326031.4,471482.8,193593.6,43935.4,33584.8,16668.2,3,3,2,2,2,2,145451.39999999997,-277889.19999999995,-10350.599999999999,-16916.600000000002,330369.26666666666,31396.133333333335,277889.19999999995,27267.2,0.08609847588724066,2,3,2,2
471482.8,193593.6,232149.2,33584.8,16668.2,18473.0,3,2,2,2,2,2,-277889.19999999995,38555.600000000006,-16916.600000000002,1804.7999999999993,299075.2,22908.666666666668,277889.19999999995,16916.600000000002,0.0795734830295214,3,0,2,2
193593.6,232149.2,49074.0,16668.2,18473.0,6974.8,2,2,2,2,2,2,38555.600000000006,-183075.2,1804.7999999999993,-11498.2,158272.2666666667,14038.666666666666,183075.2,11498.2,0.14212531839021905,3,0,2,2
232149.2,49074.0,26156.2,18473.0,6974.8,55542.0,2,2,2,2,2,2,-183075.2,-22917.8,-11498.2,48567.2,102459.8,26996.600000000002,205993.0,48567.2,2.123392412031869,3,0,1,1
49074.0,26156.2,1565.2,6974.8,55542.0,1056.0,2,2,1,2,2,1,-22917.8,-24591.0,48567.2,-54486.0,25598.466666666664,21190.933333333334,47508.8,54486.0,0.6742433916485762,3,0,0,0
26156.2,1565.2,74.4,55542.0,1056.0,0.0,2,1,0,2,1,0,-24591.0,-1490.8,-54486.0,-1056.0,9265.266666666668,18866.0,26081.8,55542.0,0.0,1,22,0,0
1565.2,74.4,81.6,1056.0,0.0,137.0,1,0,0,1,0,0,-1490.8,7.199999999999989,-1056.0,137.0,573.7333333333333,397.6666666666667,1490.8,1056.0,1.6585956416464893,1,22,0,0
74.4,81.6,39.6,0.0,137.0,39.6,0,0,0,0,0,0,7.199999999999989,-41.99999999999999,137.0,-97.4,65.2,58.86666666666667,41.99999999999999,137.0,0.9753694581280788,3,0,0,0
81.6,39.6,13.2,137.0,39.6,13.2,0,0,0,0,0,0,-41.99999999999999,-26.400000000000002,-97.4,-26.400000000000002,44.79999999999999,63.26666666666666,68.39999999999999,123.8,0.9295774647887324,3,0,0,0
39.6,13.2,79.2,39.6,13.2,0.0,0,0,0,0,0,0,-26.400000000000002,66.0,-26.400000000000002,-13.2,44.0,17.599999999999998,66.0,39.6,0.0,3,0,2,2
13.2,79.2,102400.0,13.2,0.0,102400.0,0,0,2,0,0,2,66.0,102320.8,-13.2,102400.0,34164.13333333333,34137.73333333333,102386.8,102400.0,0.9999902344703665,1,22,0,0
79.2,102400.0,13.2,0.0,102400.0,13.2,0,2,0,0,2,0,102320.8,-102386.8,102400.0,-102386.8,34164.13333333333,34137.73333333333,102386.8,102400.0,0.9295774647887324,3,0,0,0
102400.0,13.2,13.2,102400.0,13.2,13.2,2,0,0,2,0,0,-102386.8,0.0,-102386.8,0.0,34142.13333333333,34142.13333333333,102386.8,102386.8,0.9295774647887324,3,0,0,0
13.2,13.2,13.2,13.2,13.2,13.2,0,0,0,0,0,0,0.0,0.0,0.0,0.0,13.199999999999998,13.199999999999998,0.0,0.0,0.9295774647887324,3,0,0,0
13.2,13.2,10.8,13.2,13.2,10.8,0,0,0,0,0,0,0.0,-2.3999999999999986,0.0,-2.3999999999999986,12.4,12.4,2.3999999999999986,2.3999999999999986,0.9152542372881356,1,22,1,1
13.2,10.8,1821.6,13.2,10.8,555.6,0,0,1,0,0,1,-2.3999999999999986,1810.8,-2.3999999999999986,544.8000000000001,615.1999999999999,193.20000000000002,1810.8,544.8000000000001,0.3048392406452321,1,22,1,0
10.8,1821.6,188.4,10.8,555.6,66.0,0,1,1,0,1,0,1810.8,-1633.1999999999998,544.8000000000001,-489.6,673.6,210.79999999999998,1810.8,544.8000000000001,0.3484688489968321,3,0,0,0
1821.6,188.4,26.4,555.6,66.0,26.4,1,1,0,1,0,0,-1633.1999999999998,-162.0,-489.6,-39.6,678.8000000000001,216.0,1795.1999999999998,529.2,0.9635036496350365,3,0,0,0
188.4,26.4,76.0,66.0,26.4,56.2,1,0,0,0,0,0,-162.0,49.6,-39.6,29.800000000000004,96.93333333333334,49.53333333333334,162.0,39.6,0.7298701298701299,3,0,0,0
26.4,76.0,137.2,26.4,56.2,86.4,0,0,0,0,0,0,49.6,61.19999999999999,29.800000000000004,30.200000000000003,79.86666666666666,56.333333333333336,110.79999999999998,60.00000000000001,0.6251808972503619,3,0,0,0
76.0,137.2,13.2,56.2,86.4,13.2,0,0,0,0,0,0,61.19999999999999,-123.99999999999999,30.200000000000003,-73.2,75.46666666666665,51.93333333333334,123.99999999999999,73.2,0.9295774647887324,3,0,1,0
137.2,13.2,437.2,86.4,13.2,132.4,0,0,1,0,0,0,-123.99999999999999,424.0,-73.2,119.2,195.86666666666665,77.33333333333333,424.0,119.2,0.30214513920584213,2,18,1,1
13.2,437.2,1352.8,13.2,132.4,575.8,0,1,1,0,0,1,424.0,915.5999999999999,119.2,443.4,601.0666666666666,240.46666666666667,1339.6,562.5999999999999,0.4253213177721968,2,18,1,0
437.2,1352.8,390.8,132.4,575.8,31.2,1,1,1,0,1,0,915.5999999999999,-962.0,443.4,-544.5999999999999,726.9333333333334,246.46666666666667,962.0,544.5999999999999,0.07963246554364471,2,18,0,0
1352.8,390.8,10.8,575.8,31.2,10.8,1,1,0,1,0,0,-962.0,-380.0,-544.5999999999999,-20.4,584.8,205.9333333333333,1342.0,565.0,0.9152542372881356,1,22,1,0
390.8,10.8,206.2,31.2,10.8,134.2,1,0,1,0,0,0,-380.0,195.39999999999998,-20.4,123.39999999999999,202.6,58.73333333333333,380.0,123.39999999999999,0.6476833976833977,2,18,0,0
10.8,206.2,13.2,10.8,134.2,13.2,0,1,0,0,0,0,195.39999999999998,-193.0,123.39999999999999,-120.99999999999999,76.73333333333333,52.73333333333333,195.39999999999998,123.39999999999999,0.9295774647887324,2,18,0,0
206.2,13.2,13.2,134.2,13.2,13.2,1,0,0,0,0,0,-193.0,0.0,-120.99999999999999,0.0,77.53333333333332,53.533333333333324,193.0,120.99999999999999,0.9295774647887324,2,18,0,0
13.2,13.2,13.2,13.2,13.2,13.2,0,0,0,0,0,0,0.0,0.0,0.0,0.0,13.199999999999998,13.199999999999998,0.0,0.0,0.9295774647887324,2,18,0,0
13.2,13.2,10.8,13.2,13.2,10.8,0,0,0,0,0,0,0.0,-2.3999999999999986,0.0,-2.3999999999999986,12.4,12.4,2.3999999999999986,2.3999999999999986,0.9152542372881356,1,22,0,0
13.2,10.8,26.4,13.2,10.8,26.4,0,0,0,0,0,0,-2.3999999999999986,15.599999999999998,-2.3999999999999986,15.599999999999998,16.8,16.8,15.599999999999998,15.599999999999998,0.9635036496350365,2,18,0,0
10.8,26.4,26.4,10.8,26.4,26.4,0,0,0,0,0,0,15.599999999999998,0.0,15.599999999999998,0.0,21.2,21.2,15.599999999999998,15.599999999999998,0.9635036496350365,2,18,1,0
26.4,26.4,180.0,26.4,26.4,142.0,0,0,1,0,0,0,0.0,153.6,0.0,115.6,77.60000000000001,64.93333333333334,153.6,115.6,0.7845303867403315,2,18,0,0
26.4,180.0,13.2,26.4,142.0,39.2,0,1,0,0,0,0,153.6,-166.8,115.6,-102.8,73.2,69.2,166.8,115.6,2.7605633802816905,2,18,0,0
180.0,13.2,24.0,142.0,39.2,57.8,1,0,0,0,0,0,-166.8,10.8,-102.8,18.599999999999994,72.39999999999999,79.66666666666667,166.8,102.8,2.312,2,18,0,0
13.2,24.0,26.4,39.2,57.8,26.4,0,0,0,0,0,0,10.8,2.3999999999999986,18.599999999999994,-31.4,21.2,41.13333333333333,13.2,31.4,0.9635036496350365,3,0,0,0
24.0,26.4,26.4,57.8,26.4,26.4,0,0,0,0,0,0,2.3999999999999986,0.0,-31.4,0.0,25.599999999999998,36.86666666666667,2.3999999999999986,31.4,0.9635036496350365,3,0,0,0
26.4,26.4,24.0,26.4,26.4,24.0,0,0,0,0,0,0,0.0,-2.3999999999999986,0.0,-2.3999999999999986,25.599999999999998,25.599999999999998,2.3999999999999986,2.3999999999999986,0.96,2,18,0,0
26.4,24.0,26.4,26.4,24.0,26.4,0,0,0,0,0,0,-2.3999999999999986,2.3999999999999986,-2.3999999999999986,2.3999999999999986,25.599999999999998,25.599999999999998,2.3999999999999986,2.3999999999999986,0.9635036496350365,2,18,0,0
24.0,26.4,26.4,24.0,26.4,39.6,0,0,0,0,0,0,2.3999999999999986,0.0,2.3999999999999986,13.200000000000003,25.599999999999998,30.0,2.3999999999999986,15.600000000000001,1.445255474452555,2,18,1,1
26.4,26.4,1246.4,26.4,39.6,1815.2,0,0,1,0,0,1,0.0,1220.0,13.200000000000003,1775.6000000000001,433.06666666666666,627.0666666666667,1220.0,1788.8,1.4551867885201217,2,18,0,0
26.4,1246.4,13.2,39.6,1815.2,13.2,0,1,0,0,1,0,1220.0,-1233.2,1775.6000000000001,-1802.0,428.66666666666674,622.6666666666666,1233.2,1802.0,0.9295774647887324,3,0,0,0
1246.4,13.2,13.2,1815.2,13.2,13.2,1,0,0,1,0,0,-1233.2,0.0,-1802.0,0.0,424.2666666666667,613.8666666666667,1233.2,1802.0,0.9295774647887324,3,0,0,0
13.2,13.2,48.0,13.2,13.2,48.0,0,0,0,0,0,0,0.0,34.8,0.0,34.8,24.8,24.8,34.8,34.8,0.9795918367346939,3,0,1,1
13.2,48.0,651.2,13.2,48.0,276.4,0,0,1,0,0,1,34.8,603.2,34.8,228.39999999999998,237.4666666666667,112.53333333333332,638.0,263.2,0.42379638147807414,3,0,0,0
48.0,651.2,0.0,48.0,276.4,42.8,0,1,0,0,1,0,603.2,-651.2,228.39999999999998,-233.59999999999997,233.0666666666667,122.39999999999999,651.2,233.59999999999997,42.8,3,0,1,1
651.2,0.0,1246.2,276.4,42.8,665.2,1,0,1,1,0,1,-651.2,1246.2,-233.59999999999997,622.4000000000001,632.4666666666667,328.1333333333334,1246.2,622.4000000000001,0.5333547145606158,2,18,1,1
0.0,1246.2,1258.6,42.8,665.2,397.4,0,1,1,0,1,1,1246.2,12.399999999999864,622.4000000000001,-267.80000000000007,834.9333333333334,368.4666666666667,1258.6,622.4000000000001,0.3154969831692601,2,18,1,1
1246.2,1258.6,251.2,665.2,397.4,171.4,1,1,1,1,1,1,12.399999999999864,-1007.3999999999999,-267.80000000000007,-225.99999999999997,918.6666666666666,411.3333333333333,1007.3999999999999,493.80000000000007,0.6796193497224425,2,18,0,0
1258.6,251.2,50.2,397.4,171.4,57.8,1,1,0,1,1,0,-1007.3999999999999,-201.0,-225.99999999999997,-113.60000000000001,520.0,208.86666666666665,1208.3999999999999,339.59999999999997,1.1289062499999998,2,18,0,0
251.2,50.2,76.6,171.4,57.8,128.8,1,0,0,1,0,0,-201.0,26.39999999999999,-113.60000000000001,71.00000000000001,126.0,119.33333333333333,201.0,113.60000000000001,1.65979381443299,2,18,0,0
50.2,76.6,13.2,57.8,128.8,13.2,0,0,0,0,0,0,26.39999999999999,-63.39999999999999,71.00000000000001,-115.60000000000001,46.666666666666664,66.60000000000001,63.39999999999999,115.60000000000001,0.9295774647887324,2,18,0,0
76.6,13.2,26.4,128.8,13.2,26.4,0,0,0,0,0,0,-63.39999999999999,13.2,-115.60000000000001,13.2,38.73333333333333,56.13333333333333,63.39999999999999,115.60000000000001,0.9635036496350365,3,0,0,0
13.2,26.4,24.0,13.2,26.4,13.2,0,0,0,0,0,0,13.2,-2.3999999999999986,13.2,-13.2,21.2,17.599999999999998,13.2,13.2,0.528,3,0,0,0
26.4,24.0,13.2,26.4,13.2,13.2,0,0,0,0,0,0,-2.3999999999999986,-10.8,-13.2,0.0,21.2,17.599999999999998,13.2,13.2,0.9295774647887324,3,0,1,1
24.0,13.2,575.6,13.2,13.2,2444.0,0,0,1,0,0,1,-10.8,562.4,0.0,2430.8,204.26666666666668,823.4666666666667,562.4,2430.8,4.2386403052376,2,6,0,1
13.2,575.6,0.0,13.2,2444.0,301.2,0,1,0,0,1,1,562.4,-575.6,2430.8,-2142.8,196.26666666666668,919.4666666666666,575.6,2430.8,301.2,2,6,0,1
575.6,0.0,109.6,2444.0,301.2,1059.2,1,0,0,1,1,1,-575.6,109.6,-2142.8,758.0,228.4,1268.1333333333332,575.6,2142.8,9.576853526220615,3,0,0,0
0.0,109.6,0.0,301.2,1059.2,13.2,0,0,0,1,1,0,109.6,-109.6,758.0,-1046.0,36.53333333333333,457.86666666666673,109.6,1046.0,13.2,3,0,1,0
109.6,0.0,258.4,1059.2,13.2,118.0,0,0,1,1,0,0,-109.6,258.4,-1046.0,104.8,122.66666666666667,396.8,258.4,1046.0,0.4548959136468774,1,22,1,1
0.0,258.4,3147.4,13.2,118.0,1732.8,0,1,1,0,0,1,258.4,2889.0,104.8,1614.8,1135.2666666666667,621.3333333333334,3147.4,1719.6,0.5503747935459281,1,22,1,1
258.4,3147.4,569.8,118.0,1732.8,307.8,1,1,1,0,1,1,2889.0,-2577.6000000000004,1614.8,-1425.0,1325.2,719.5333333333333,2889.0,1614.8,0.5392431674842327,1,22,0,0
3147.4,569.8,63.0,1732.8,307.8,44.4,1,1,0,1,1,0,-2577.6000000000004,-506.79999999999995,-1425.0,-263.40000000000003,1260.0666666666666,695.0,3084.4,1688.3999999999999,0.69375,1,22,0,0
569.8,63.0,13.2,307.8,44.4,0.0,1,0,0,1,0,0,-506.79999999999995,-49.8,-263.40000000000003,-44.4,215.33333333333334,117.39999999999999,556.5999999999999,307.8,0.0,1,22,1,1
63.0,13.2,549.0,44.4,0.0,425.2,0,0,1,0,0,1,-49.8,535.8,-44.4,425.2,208.4,156.53333333333333,535.8,425.2,0.773090909090909,3,0,0,0
13.2,549.0,26.4,0.0,425.2,26.4,0,1,0,0,1,0,535.8,-522.6,425.2,-398.8,196.20000000000002,150.53333333333333,535.8,425.2,0.9635036496350365,3,0,0,0
549.0,26.4,26.4,425.2,26.4,26.4,1,0,0,1,0,0,-522.6,0.0,-398.8,0.0,200.6,159.33333333333331,522.6,398.8,0.9635036496350365,3,0,0,0
26.4,26.4,13.2,26.4,26.4,0.0,0,0,0,0,0,0,0.0,-13.2,0.0,-26.4,22.0,17.599999999999998,13.2,26.4,0.0,3,0,0,0
26.4,13.2,24.0,26.4,0.0,24.0,0,0,0,0,0,0,-13.2,10.8,-26.4,24.0,21.2,16.8,13.2,26.4,0.96,2,6,0,0
13.2,24.0,26.4,0.0,24.0,26.4,0,0,0,0,0,0,10.8,2.3999999999999986,24.0,2.3999999999999986,21.2,16.8,13.2,26.4,0.9635036496350365,2,6,0,0
24.0,26.4,26.4,24.0,26.4,26.4,0,0,0,0,0,0,2.3999999999999986,0.0,2.3999999999999986,0.0,25.599999999999998,25.599999999999998,2.3999999999999986,2.3999999999999986,0.9635036496350365,2,6,0,0
26.4,26.4,24.0,26.4,26.4,24.0,0,0,0,0,0,0,0.0,-2.3999999999999986,0.0,-2.3999999999999986,25.599999999999998,25.599999999999998,2.3999999999999986,2.3999999999999986,0.96,3,0,0,0
26.4,24.0,13.2,26.4,24.0,13.2,0,0,0,0,0,0,-2.3999999999999986,-10.8,-2.3999999999999986,-10.8,21.2,21.2,13.2,13.2,0.9295774647887324,3,0,0,0
24.0,13.2,39.6,24.0,13.2,39.6,0,0,0,0,0,0,-10.8,26.400000000000002,-10.8,26.400000000000002,25.600000000000005,25.600000000000005,26.400000000000002,26.400000000000002,0.9753694581280788,3,0,0,0
13.2,39.6,0.0,13.2,39.6,13.2,0,0,0,0,0,0,26.400000000000002,-39.6,26.400000000000002,-26.400000000000002,17.599999999999998,22.0,39.6,26.400000000000002,13.2,3,0,0,0
39.6,0.0,24.0,39.6,13.2,24.0,0,0,0,0,0,0,-39.6,24.0,-26.400000000000002,10.8,21.2,25.599999999999998,39.6,26.400000000000002,0.96,3,0,0,0
0.0,24.0,13.2,13.2,24.0,13.2,0,0,0,0,0,0,24.0,-10.8,10.8,-10.8,12.4,16.8,24.0,10.8,0.9295774647887324,3,0,0,0
24.0,13.2,52.8,24.0,13.2,52.8,0,0,0,0,0,0,-10.8,39.599999999999994,-10.8,39.599999999999994,30.0,30.0,39.599999999999994,39.599999999999994,0.9814126394052045,3,0,0,0
13.2,52.8,62.4,13.2,52.8,0.0,0,0,0,0,0,0,39.599999999999994,9.600000000000001,39.599999999999994,-52.8,42.800000000000004,22.0,49.2,52.8,0.0,3,0,0,0
52.8,62.4,24.0,52.8,0.0,24.0,0,0,0,0,0,0,9.600000000000001,-38.4,-52.8,24.0,46.4,25.599999999999998,38.4,52.8,0.96,3,0,0,0
62.4,24.0,13.2,0.0,24.0,13.2,0,0,0,0,0,0,-38.4,-10.8,24.0,-10.8,33.2,12.4,49.2,24.0,0.9295774647887324,3,0,0,0
24.0,13.2,85.8,24.0,13.2,121.2,0,0,0,0,0,0,-10.8,72.6,-10.8,108.0,41.0,52.800000000000004,72.6,108.0,1.3963133640552996,3,0,1,1
13.2,85.8,263.2,13.2,121.2,512.6,0,0,1,0,0,1,72.6,177.39999999999998,108.0,391.40000000000003,120.73333333333333,215.66666666666666,250.0,499.40000000000003,1.9401968205904618,3,0,0,0
85.8,263.2,50.4,121.2,512.6,63.6,0,1,0,0,1,0,177.39999999999998,-212.79999999999998,391.40000000000003,-449.0,133.13333333333333,232.4666666666667,212.79999999999998,449.0,1.2373540856031129,3,0,0,0
263.2,50.4,44.4,512.6,63.6,45.2,1,0,0,1,0,0,-212.79999999999998,-6.0,-449.0,-18.4,119.33333333333331,207.13333333333335,218.79999999999998,467.40000000000003,0.9955947136563877,3,0,0,0
50.4,44.4,13.2,63.6,45.2,0.0,0,0,0,0,0,0,-6.0,-31.2,-18.4,-45.2,36.0,36.26666666666667,37.2,63.6,0.0,3,0,0,0
44.4,13.2,50.4,45.2,0.0,63.6,0,0,0,0,0,0,-31.2,37.2,-45.2,63.6,36.0,36.26666666666667,37.2,63.6,1.2373540856031129,3,0,0,0
13.2,50.4,123.0,0.0,63.6,97.2,0,0,0,0,0,0,37.2,72.6,63.6,33.6,62.199999999999996,53.6,109.8,97.2,0.7838709677419355,3,0,0,0
50.4,123.0,55.6,63.6,97.2,28.8,0,0,0,0,0,0,72.6,-67.4,33.6,-68.4,76.33333333333333,63.20000000000001,72.6,68.4,0.508833922261484,3,0,0,0
123.0,55.6,50.8,97.2,28.8,28.8,0,0,0,0,0,0,-67.4,-4.800000000000004,-68.4,0.0,76.46666666666665,51.6,72.2,68.4,0.555984555984556,3,0,0,0
55.6,50.8,37.2,28.8,28.8,37.2,0,0,0,0,0,0,-4.800000000000004,-13.599999999999994,0.0,8.400000000000002,47.866666666666674,31.600000000000005,18.4,8.400000000000002,0.9738219895287958,3,0,0,0
50.8,37.2,26.4,28.8,37.2,26.4,0,0,0,0,0,0,-13.599999999999994,-10.800000000000004,8.400000000000002,-10.800000000000004,38.13333333333333,30.8,24.4,10.800000000000004,0.9635036496350365,3,0,0,0
37.2,26.4,37.2,37.2,26.4,37.2,0,0,0,0,0,0,-10.800000000000004,10.800000000000004,-10.800000000000004,10.800000000000004,33.6,33.6,10.800000000000004,10.800000000000004,0.9738219895287958,3,0,0,0
26.4,37.2,26.4,26.4,37.2,26.4,0,0,0,0,0,0,10.800000000000004,-10.800000000000004,10.800000000000004,-10.800000000000004,30.0,30.0,10.800000000000004,10.800000000000004,0.9635036496350365,3,0,0,0
37.2,26.4,55.2,37.2,26.4,61.0,0,0,0,0,0,0,-10.800000000000004,28.800000000000004,-10.800000000000004,34.6,39.6,41.53333333333333,28.800000000000004,34.6,1.085409252669039,3,0,0,0
26.4,55.2,24.0,26.4,61.0,37.2,0,0,0,0,0,0,28.800000000000004,-31.200000000000003,34.6,-23.799999999999997,35.199999999999996,41.53333333333334,31.200000000000003,34.6,1.4880000000000002,3,0,0,0
55.2,24.0,13.2,61.0,37.2,13.2,0,0,0,0,0,0,-31.200000000000003,-10.8,-23.799999999999997,-24.000000000000004,30.8,37.13333333333333,42.0,47.8,0.9295774647887324,3,0,1,0
24.0,13.2,586.4,37.2,13.2,26.4,0,0,1,0,0,0,-10.8,573.1999999999999,-24.000000000000004,13.2,207.86666666666667,25.600000000000005,573.1999999999999,24.000000000000004,0.0449438202247191,3,0,1,0
13.2,586.4,167.4,13.2,26.4,47.2,0,1,1,0,0,0,573.1999999999999,-419.0,13.2,20.800000000000004,255.66666666666666,28.933333333333334,573.1999999999999,34.0,0.28028503562945367,3,0,0,0
586.4,167.4,24.0,26.4,47.2,24.0,1,1,0,0,0,0,-419.0,-143.4,20.800000000000004,-23.200000000000003,259.26666666666665,32.53333333333333,562.4,23.200000000000003,0.96,3,0,1,1
167.4,24.0,533.2,47.2,24.0,2176.0,1,0,1,0,0,1,-143.4,509.20000000000005,-23.200000000000003,2152.0,241.53333333333333,749.0666666666666,509.20000000000005,2152.0,4.073380756271059,3,0,1,1
24.0,533.2,379.6,24.0,2176.0,1261.2,0,1,1,0,1,1,509.20000000000005,-153.60000000000002,2152.0,-914.8,312.2666666666667,1153.7333333333333,509.20000000000005,2152.0,3.3137151865475563,3,0,1,1
533.2,379.6,1712.4,2176.0,1261.2,774.0,1,1,1,1,1,1,-153.60000000000002,1332.8000000000002,-914.8,-487.20000000000005,875.0666666666667,1403.7333333333333,1332.8000000000002,1402.0,0.4517333955877203,3,0,1,1
379.6,1712.4,1818.6,1261.2,774.0,545.8,1,1,1,1,1,1,1332.8000000000002,106.19999999999982,-487.20000000000005,-228.20000000000005,1303.5333333333333,860.3333333333334,1439.0,715.4000000000001,0.29995603429325124,3,0,0,0
1712.4,1818.6,13.2,774.0,545.8,13.2,1,1,0,1,1,0,106.19999999999982,-1805.3999999999999,-228.20000000000005,-532.5999999999999,1181.3999999999999,444.3333333333333,1805.3999999999999,760.8,0.9295774647887324,3,0,2,1
1818.6,13.2,9681.8,545.8,13.2,5475.2,1,0,2,1,0,1,-1805.3999999999999,9668.599999999999,-532.5999999999999,5462.0,3837.8666666666663,2011.3999999999999,9668.599999999999,5462.0,0.5654562729788905,3,0,2,1
13.2,9681.8,10023.4,13.2,5475.2,5592.2,0,2,2,0,1,1,9668.599999999999,341.60000000000036,5462.0,117.0,6572.8,3693.533333333333,10010.199999999999,5579.0,0.5578588244682974,1,22,1,1
9681.8,10023.4,5701.4,5475.2,5592.2,428.4,2,2,1,1,1,1,341.60000000000036,-4322.0,117.0,-5163.8,8468.866666666667,3831.933333333333,4322.0,5163.8,0.07512626262626262,3,0,0,0
10023.4,5701.4,13.2,5592.2,428.4,13.2,2,1,0,1,1,0,-4322.0,-5688.2,-5163.8,-415.2,5246.0,2011.2666666666664,10010.199999999999,5579.0,0.9295774647887324,3,0,0,0
5701.4,13.2,26.4,428.4,13.2,26.4,1,0,0,1,0,0,-5688.2,13.2,-415.2,13.2,1913.6666666666663,155.99999999999997,5688.2,415.2,0.9635036496350365,3,0,0,0
13.2,26.4,13.2,13.2,26.4,13.2,0,0,0,0,0,0,13.2,-13.2,13.2,-13.2,17.599999999999998,17.599999999999998,13.2,13.2,0.9295774647887324,3,0,0,0
26.4,13.2,37.2,26.4,13.2,127.2,0,0,0,0,0,0,-13.2,24.000000000000004,-13.2,114.0,25.599999999999998,55.6,24.000000000000004,114.0,3.3298429319371725,3,0,0,0
13.2,37.2,13.2,13.2,127.2,13.2,0,0,0,0,0,0,24.000000000000004,-24.000000000000004,114.0,-114.0,21.200000000000003,51.199999999999996,24.000000000000004,114.0,0.9295774647887324,3,0,0,0
37.2,13.2,13.2,127.2,13.2,0.0,0,0,0,0,0,0,-24.000000000000004,0.0,-114.0,-13.2,21.200000000000003,46.800000000000004,24.000000000000004,127.2,0.0,3,0,0,0
13.2,13.2,50.4,13.2,0.0,50.4,0,0,0,0,0,0,0.0,37.2,-13.2,50.4,25.599999999999998,21.2,37.2,50.4,0.980544747081712,3,0,0,0
13.2,50.4,13.2,0.0,50.4,13.2,0,0,0,0,0,0,37.2,-37.2,50.4,-37.2,25.599999999999998,21.2,37.2,50.4,0.9295774647887324,3,0,2,1
50.4,13.2,8340.4,50.4,13.2,3238.2,0,0,2,0,0,1,-37.2,8327.199999999999,-37.2,3225.0,2801.3333333333335,1100.6,8327.199999999999,3225.0,0.3882082144484139,3,0,2,1
13.2,8340.4,8390.6,13.2,3238.2,3258.4,0,2,2,0,1,1,8327.199999999999,50.20000000000073,3225.0,20.200000000000273,5581.400000000001,2169.933333333333,8377.4,3245.2000000000003,0.3882930549597216,3,0,1,1
8340.4,8390.6,3057.2,3238.2,3258.4,382.0,2,2,1,1,1,1,50.20000000000073,-5333.400000000001,20.200000000000273,-2876.4,6596.066666666667,2292.866666666667,5333.400000000001,2876.4,0.12491007782355634,3,0,0,0
8390.6,3057.2,13.2,3258.4,382.0,13.2,2,1,0,1,1,0,-5333.400000000001,-3044.0,-2876.4,-368.8,3820.3333333333335,1217.8666666666666,8377.4,3245.2000000000003,0.9295774647887324,3,0,0,0
3057.2,13.2,34.8,382.0,13.2,34.8,1,0,0,1,0,0,-3044.0,21.599999999999998,-368.8,21.599999999999998,1035.0666666666666,143.33333333333334,3044.0,368.8,0.9720670391061452,3,0,0,0
13.2,34.8,92.4,13.2,34.8,79.2,0,0,0,0,0,0,21.599999999999998,57.60000000000001,21.599999999999998,44.400000000000006,46.800000000000004,42.4,79.2,66.0,0.8479657387580299,3,0,0,0
34.8,92.4,13.2,34.8,79.2,13.2,0,0,0,0,0,0,57.60000000000001,-79.2,44.400000000000006,-66.0,46.800000000000004,42.4,79.2,66.0,0.9295774647887324,3,0,1,0
92.4,13.2,161.4,79.2,13.2,108.0,0,0,1,0,0,0,-79.2,148.20000000000002,-66.0,94.8,89.0,66.8,148.20000000000002,94.8,0.6650246305418719,3,0,0,0
13.2,161.4,79.2,13.2,108.0,122.4,0,1,0,0,0,0,148.20000000000002,-82.2,94.8,14.400000000000006,84.60000000000001,81.2,148.20000000000002,109.2,1.5261845386533666,3,0,1,1
161.4,79.2,504.6,108.0,122.4,3514.2,1,0,1,0,0,1,-82.2,425.40000000000003,14.400000000000006,3391.7999999999997,248.4,1248.2,425.40000000000003,3406.2,6.950553797468354,3,0,1,1
79.2,504.6,336.2,122.4,3514.2,4496.0,0,1,1,0,1,1,425.40000000000003,-168.40000000000003,3391.7999999999997,981.8000000000002,306.6666666666667,2710.866666666667,425.40000000000003,4373.6,13.333333333333334,3,0,2,2
504.6,336.2,15987.6,3514.2,4496.0,12123.0,1,1,2,1,1,2,-168.40000000000003,15651.4,981.8000000000002,7627.0,5609.466666666667,6711.066666666667,15651.4,8608.8,0.7582277372627997,3,0,2,2
336.2,15987.6,76702.0,4496.0,12123.0,42114.2,1,2,2,1,2,2,15651.4,60714.4,7627.0,29991.199999999997,31008.600000000002,19577.733333333334,76365.8,37618.2,0.5490554476356857,3,0,2,2
15987.6,76702.0,111177.4,12123.0,42114.2,36323.0,2,2,2,2,2,2,60714.4,34475.399999999994,29991.199999999997,-5791.199999999997,67955.66666666667,30186.733333333334,95189.79999999999,29991.199999999997,0.32670914494182324,3,0,1,1
76702.0,111177.4,2484.8,42114.2,36323.0,4025.0,2,2,1,2,2,1,34475.399999999994,-108692.59999999999,-5791.199999999997,-32298.0,63454.73333333333,27487.399999999998,108692.59999999999,38089.2,1.6191970391825568,3,0,0,0
