down_t1,down_t2,down_t3,up_t1,up_t2,up_t3,down_class_t1,down_class_t2,down_class_t3,up_class_t1,up_class_t2,up_class_t3,down_delta1,down_delta2,up_delta1,up_delta2,avg_down,avg_up,burst_down,burst_up,ratio,priority,protocol,next_down_class,next_up_class
102400.0,102305.8,102379.6,102400.0,32373.6,23352.8,2,2,2,2,2,2,-94.19999999999709,73.80000000000291,-70026.4,-9020.8,102361.8,52708.799999999996,94.19999999999709,79047.2,0.22809790136021862,2,6,2,2
102305.8,102379.6,98671.4,32373.6,23352.8,50041.2,2,2,2,2,2,2,73.80000000000291,-3708.2000000000116,-9020.8,26688.399999999998,101118.93333333335,35255.86666666666,3708.2000000000116,26688.399999999998,0.507144855096258,2,6,2,2
102379.6,98671.4,98571.0,23352.8,50041.2,35908.8,2,2,2,2,2,2,-3708.2000000000116,-100.39999999999418,26688.399999999998,-14132.399999999994,99874.0,36434.26666666667,3808.600000000006,26688.399999999998,0.36429006208659664,2,6,2,2
98671.4,98571.0,96851.6,50041.2,35908.8,38624.0,2,2,2,2,2,2,-100.39999999999418,-1719.3999999999942,-14132.399999999994,2715.199999999997,98031.33333333333,41524.666666666664,1819.7999999999884,14132.399999999994,0.398791565740104,2,6,2,2
98571.0,96851.6,96255.8,35908.8,38624.0,17286.0,2,2,2,2,2,2,-1719.3999999999942,-595.8000000000029,2715.199999999997,-21338.0,97226.13333333335,30606.266666666666,2315.199999999997,21338.0,0.17958211783479192,2,6,2,2
96851.6,96255.8,84178.6,38624.0,17286.0,52009.8,2,2,2,2,2,2,-595.8000000000029,-12077.199999999997,-21338.0,34723.8,92428.66666666667,35973.26666666667,12673.0,34723.8,0.6178432779438249,2,6,2,2
96255.8,84178.6,83976.6,17286.0,52009.8,32289.6,2,2,2,2,2,2,-12077.199999999997,-202.0,34723.8,-19720.200000000004,88137.0,33861.799999999996,12279.199999999997,34723.8,0.38450253400906903,2,6,2,2
84178.6,83976.6,81156.6,52009.8,32289.6,18856.8,2,2,2,2,2,2,-202.0,-2820.0,-19720.200000000004,-13432.8,83103.93333333333,34385.4,3022.0,33153.0,0.232347925517758,2,6,2,2
83976.6,81156.6,75055.2,32289.6,18856.8,7545.6,2,2,2,2,2,2,-2820.0,-6101.400000000009,-13432.8,-11311.199999999999,80062.8,19563.999999999996,8921.400000000009,24744.0,0.1005326675211375,2,6,2,2
81156.6,75055.2,66196.8,18856.8,7545.6,7250.8,2,2,2,2,2,2,-6101.400000000009,-8858.399999999994,-11311.199999999999,-294.8000000000002,74136.2,11217.733333333335,14959.800000000003,11606.0,0.10953234095392898,2,6,2,2
75055.2,66196.8,25985.2,7545.6,7250.8,13569.6,2,2,2,2,2,2,-8858.399999999994,-40211.600000000006,-294.8000000000002,6318.8,55745.73333333334,9455.333333333334,49070.0,6318.8,0.5221848519598864,2,6,2,2
66196.8,25985.2,25827.4,7250.8,13569.6,9404.2,2,2,2,2,2,2,-40211.600000000006,-157.79999999999927,6318.8,-4165.4,39336.46666666667,10074.866666666667,40369.4,6318.8,0.3641030803301792,2,6,2,2
25985.2,25827.4,22000.6,13569.6,9404.2,18905.0,2,2,2,2,2,2,-157.79999999999927,-3826.800000000003,-4165.4,9500.8,24604.400000000005,13959.6,3984.600000000002,9500.8,0.8592556904952368,1,22,2,2
25827.4,22000.6,21958.4,9404.2,18905.0,33454.8,2,2,2,2,2,2,-3826.800000000003,-42.19999999999709,9500.8,14549.800000000003,23262.13333333333,20588.0,3869.0,24050.600000000002,1.523484248203503,1,22,2,2
22000.6,21958.4,21919.0,18905.0,33454.8,35904.6,2,2,2,2,2,2,-42.19999999999709,-39.400000000001455,14549.800000000003,2449.7999999999956,21959.333333333332,29421.466666666664,81.59999999999854,16999.6,1.6379835766423356,1,22,2,2
21958.4,21919.0,98712.8,33454.8,35904.6,28366.4,2,2,2,2,2,2,-39.400000000001455,76793.8,2449.7999999999956,-7538.199999999997,47530.06666666667,32575.266666666663,76793.8,7538.199999999997,0.28736002463687954,1,22,3,2
21919.0,98712.8,354634.4,35904.6,28366.4,36330.6,2,2,3,2,2,2,76793.8,255921.60000000003,-7538.199999999997,7964.199999999997,158422.06666666668,33533.86666666667,332715.4,7964.199999999997,0.10244493358531043,3,2,3,2
98712.8,354634.4,377536.4,28366.4,36330.6,24591.2,2,3,3,2,2,2,255921.60000000003,22902.0,7964.199999999997,-11739.399999999998,276961.2,29762.733333333334,278823.60000000003,11739.399999999998,0.065135798466589,3,2,3,2
354634.4,377536.4,552887.0,36330.6,24591.2,42251.2,3,3,3,2,2,2,22902.0,175350.59999999998,-11739.399999999998,17659.999999999996,428352.60000000003,34391.0,198252.59999999998,17659.999999999996,0.07641909392137286,3,2,2,1
377536.4,552887.0,65990.4,24591.2,42251.2,5990.6,3,3,2,2,2,1,175350.59999999998,-486896.6,17659.999999999996,-36260.6,332137.93333333335,24277.666666666668,486896.6,36260.6,0.09077849537970101,3,2,3,2
552887.0,65990.4,518238.8,42251.2,5990.6,28946.4,3,2,3,2,1,2,-486896.6,452248.4,-36260.6,22955.800000000003,379038.73333333334,25729.399999999998,486896.6,36260.6,0.05585522377864456,2,3,2,2
65990.4,518238.8,288397.8,5990.6,28946.4,19023.8,2,3,2,1,2,2,452248.4,-229841.0,22955.800000000003,-9922.600000000002,290875.6666666667,17986.933333333334,452248.4,22955.800000000003,0.06596351995916765,2,3,2,1
518238.8,288397.8,66630.8,28946.4,19023.8,2003.6,3,2,2,2,2,1,-229841.0,-221767.0,-9922.600000000002,-17020.2,291089.13333333336,16657.93333333333,451608.0,26942.800000000003,0.03006972646694221,2,3,3,2
288397.8,66630.8,558063.4,19023.8,2003.6,29697.8,2,2,3,2,1,2,-221767.0,491432.60000000003,-17020.2,27694.2,304364.0,16908.399999999998,491432.60000000003,27694.2,0.05321572205645083,2,3,2,2
66630.8,558063.4,168689.8,2003.6,29697.8,20327.0,2,3,2,1,2,2,491432.60000000003,-389373.60000000003,27694.2,-9370.8,264461.3333333333,17342.8,491432.60000000003,27694.2,0.12049856897945828,2,3,3,2
558063.4,168689.8,446067.4,29697.8,20327.0,26334.4,3,2,3,2,2,2,-389373.60000000003,277377.60000000003,-9370.8,6007.4000000000015,390940.2,25453.06666666667,389373.60000000003,9370.8,0.05903668585355968,2,3,1,1
168689.8,446067.4,2201.0,20327.0,26334.4,3453.4,2,3,1,2,2,1,277377.60000000003,-443866.4,6007.4000000000015,-22881.0,205652.7333333333,16704.933333333334,443866.4,22881.0,1.568301544050863,2,3,2,2
446067.4,2201.0,196475.2,26334.4,3453.4,14449.6,3,1,2,2,1,2,-443866.4,194274.2,-22881.0,10996.2,214914.53333333335,14745.800000000001,443866.4,22881.0,0.07354376764208591,2,3,2,2
2201.0,196475.2,273450.0,3453.4,14449.6,18293.4,1,2,2,1,2,2,194274.2,76974.79999999999,10996.2,3843.800000000001,157375.4,12065.466666666667,271249.0,14840.000000000002,0.06689827427948701,2,3,2,2
196475.2,273450.0,175506.2,14449.6,18293.4,9558.4,2,2,2,2,2,2,76974.79999999999,-97943.79999999999,3843.800000000001,-8735.000000000002,215143.80000000002,14100.466666666667,97943.79999999999,8735.000000000002,0.054461583342449764,2,3,2,2
273450.0,175506.2,238913.4,18293.4,9558.4,17370.4,2,2,2,2,2,2,-97943.79999999999,63407.19999999998,-8735.000000000002,7812.000000000002,229289.86666666667,15074.066666666668,97943.79999999999,8735.000000000002,0.0727055380504482,2,3,3,2
175506.2,238913.4,452674.4,9558.4,17370.4,40504.6,2,2,3,2,2,2,63407.19999999998,213761.00000000003,7812.000000000002,23134.199999999997,289031.3333333333,22477.8,277168.2,30946.199999999997,0.08947824423416867,2,3,2,2
238913.4,452674.4,210757.4,17370.4,40504.6,12160.8,2,3,2,2,2,2,213761.00000000003,-241917.00000000003,23134.199999999997,-28343.8,300781.73333333334,23345.266666666666,241917.00000000003,28343.8,0.05770019130910085,2,3,2,2
452674.4,210757.4,167458.8,40504.6,12160.8,14853.8,3,2,2,2,2,2,-241917.00000000003,-43298.600000000006,-28343.8,2693.0,276963.5333333334,22506.399999999998,285215.60000000003,28343.8,0.08870069115095086,2,3,2,2
210757.4,167458.8,208363.8,12160.8,14853.8,15863.2,2,2,2,2,2,2,-43298.600000000006,40905.0,2693.0,1009.4000000000015,195526.66666666666,14292.6,43298.600000000006,3702.4000000000015,0.07613186104370796,2,3,2,2
167458.8,208363.8,76666.6,14853.8,15863.2,15895.6,2,2,2,2,2,2,40905.0,-131697.19999999998,1009.4000000000015,32.399999999999636,150829.7333333333,15537.533333333333,131697.19999999998,1041.800000000001,0.20733138900917727,2,3,2,2
208363.8,76666.6,172757.2,15863.2,15895.6,17282.8,2,2,2,2,2,2,-131697.19999999998,96090.6,32.399999999999636,1387.199999999999,152595.86666666667,16347.200000000003,131697.19999999998,1419.5999999999985,0.10004040329200002,2,3,2,1
76666.6,172757.2,41607.4,15895.6,17282.8,5431.0,2,2,2,2,2,1,96090.6,-131149.80000000002,1387.199999999999,-11851.8,97010.40000000001,12869.800000000001,131149.80000000002,11851.8,0.13052652829717076,2,3,1,1
172757.2,41607.4,2805.8,17282.8,5431.0,2842.4,2,2,1,2,1,1,-131149.80000000002,-38801.6,-11851.8,-2588.6,72390.13333333333,8518.733333333334,169951.40000000002,14440.4,1.01268348296993,3,2,1,1
41607.4,2805.8,1161.0,5431.0,2842.4,4719.6,2,1,1,1,1,1,-38801.6,-1644.8000000000002,-2588.6,1877.2000000000003,15191.400000000001,4331.0,40446.4,2588.6,4.061617900172117,2,3,2,2
2805.8,1161.0,43668.0,2842.4,4719.6,13275.2,1,1,2,1,1,2,-1644.8000000000002,42507.0,1877.2000000000003,8555.6,15878.266666666668,6945.733333333334,42507.0,10432.800000000001,0.30399596968100945,2,3,2,1
1161.0,43668.0,55478.0,4719.6,13275.2,3556.8,1,2,2,1,2,1,42507.0,11810.0,8555.6,-9718.400000000001,33435.666666666664,7183.866666666668,54317.0,9718.400000000001,0.06411074460606717,2,3,2,1
43668.0,55478.0,42385.2,13275.2,3556.8,5302.4,2,2,2,2,1,1,11810.0,-13092.800000000003,-9718.400000000001,1745.5999999999995,47177.06666666667,7378.133333333334,13092.800000000003,9718.400000000001,0.12509731941056287,2,3,2,1
55478.0,42385.2,69534.0,3556.8,5302.4,5064.8,2,2,2,1,1,1,-13092.800000000003,27148.800000000003,1745.5999999999995,-237.59999999999945,55799.06666666667,4641.333333333333,27148.800000000003,1745.5999999999995,0.07283813906665708,2,3,2,2
42385.2,69534.0,52203.2,5302.4,5064.8,11707.4,2,2,2,1,1,2,27148.800000000003,-17330.800000000003,-237.59999999999945,6642.599999999999,54707.46666666667,7358.2,27148.800000000003,6642.599999999999,0.22426164944583005,2,3,2,2
69534.0,52203.2,59428.6,5064.8,11707.4,15348.2,2,2,2,1,2,2,-17330.800000000003,7225.4000000000015,6642.599999999999,3640.800000000001,60388.6,10706.800000000001,17330.800000000003,10283.400000000001,0.2582585109103881,2,3,2,2
52203.2,59428.6,45529.2,11707.4,15348.2,8295.2,2,2,2,2,2,2,7225.4000000000015,-13899.400000000001,3640.800000000001,-7053.0,52387.0,11783.6,13899.400000000001,7053.0,0.18219116103157906,2,3,2,2
59428.6,45529.2,115685.8,15348.2,8295.2,14666.4,2,2,2,2,2,2,-13899.400000000001,70156.6,-7053.0,6371.199999999999,73547.86666666665,12769.933333333334,70156.6,7053.0,0.12677678006479562,2,3,2,2
45529.2,115685.8,58066.6,8295.2,14666.4,12235.2,2,2,2,2,2,2,70156.6,-57619.200000000004,6371.199999999999,-2431.199999999999,73093.86666666667,11732.266666666668,70156.6,6371.199999999999,0.21070614249598746,2,3,2,1
115685.8,58066.6,41601.2,14666.4,12235.2,4639.6,2,2,2,2,2,1,-57619.200000000004,-16465.4,-2431.199999999999,-7595.6,71784.53333333333,10513.733333333332,74084.6,10026.8,0.11152294830561847,2,3,2,1
58066.6,41601.2,8156.0,12235.2,4639.6,2391.8,2,2,2,2,1,1,-16465.4,-33445.2,-7595.6,-2247.8,35941.26666666666,6422.200000000001,49910.6,9843.400000000001,0.2932205467696457,2,6,1,1
41601.2,8156.0,264.0,4639.6,2391.8,4599.2,2,2,1,1,1,1,-33445.2,-7892.0,-2247.8,2207.3999999999996,16673.733333333334,3876.866666666667,41337.2,2247.8,17.355471698113206,2,6,1,1
8156.0,264.0,461.2,2391.8,4599.2,3972.4,2,1,1,1,1,1,-7892.0,197.2,2207.3999999999996,-626.7999999999997,2960.4,3654.4666666666667,7892.0,2207.3999999999996,8.594547814798789,2,6,2,2
264.0,461.2,30445.4,4599.2,3972.4,19736.8,1,1,2,1,1,2,197.2,29984.2,-626.7999999999997,15764.4,10390.2,9436.133333333333,30181.4,15764.4,0.6482474118450785,2,6,2,1
461.2,30445.4,29955.6,3972.4,19736.8,6035.2,1,2,2,1,2,1,29984.2,-489.8000000000029,15764.4,-13701.599999999999,20287.399999999998,9914.800000000001,29984.2,15764.4,0.20146478572334645,2,6,2,1
30445.4,29955.6,24285.2,19736.8,6035.2,4424.4,2,2,2,2,1,1,-489.8000000000029,-5670.399999999998,-13701.599999999999,-1610.8000000000002,28228.733333333334,10065.466666666667,6160.200000000001,15312.4,0.18217753291992983,2,6,2,2
29955.6,24285.2,15095.6,6035.2,4424.4,7630.4,2,2,2,1,1,2,-5670.399999999998,-9189.6,-1610.8000000000002,3206.0,23112.133333333335,6030.0,14859.999999999998,3206.0,0.5054383106129857,2,6,2,2
24285.2,15095.6,13640.2,4424.4,7630.4,46850.8,2,2,2,1,2,2,-9189.6,-1455.3999999999996,3206.0,39220.4,17673.666666666668,19635.2,10645.0,42426.4,3.4345072281030995,2,6,2,2
15095.6,13640.2,13713.6,7630.4,46850.8,26065.8,2,2,2,2,2,2,-1455.3999999999996,73.39999999999964,39220.4,-20785.000000000004,14149.800000000001,26849.0,1455.3999999999996,39220.4,1.900587694865326,2,3,2,1
13640.2,13713.6,13271.8,46850.8,26065.8,6302.6,2,2,2,2,2,1,73.39999999999964,-441.8000000000011,-20785.000000000004,-19763.199999999997,13541.866666666669,26406.400000000005,441.8000000000011,40548.200000000004,0.47485082273521795,2,3,2,2
13713.6,13271.8,12795.4,26065.8,6302.6,10111.6,2,2,2,2,1,2,-441.8000000000011,-476.39999999999964,-19763.199999999997,3809.0,13260.266666666668,14160.0,918.2000000000007,19763.199999999997,0.7901909912162797,2,3,2,2
13271.8,12795.4,12488.6,6302.6,10111.6,15406.8,2,2,2,1,2,2,-476.39999999999964,-306.7999999999993,3809.0,5295.199999999999,12851.933333333332,10607.0,783.1999999999989,9104.199999999999,1.2335703305149883,2,3,2,2
12795.4,12488.6,191144.2,10111.6,15406.8,20005.8,2,2,2,2,2,2,-306.7999999999993,178655.6,5295.199999999999,4599.0,72142.73333333334,15174.733333333332,178655.6,9894.199999999999,0.10466284269759324,2,3,3,2
12488.6,191144.2,649179.0,15406.8,20005.8,40823.4,2,2,3,2,2,2,178655.6,458034.8,4599.0,20817.600000000002,284270.60000000003,25412.0,636690.4,25416.600000000002,0.06288456206291014,2,3,2,2
191144.2,649179.0,51114.8,20005.8,40823.4,12345.6,2,3,2,2,2,2,458034.8,-598064.2,20817.600000000002,-28477.800000000003,297146.0,24391.600000000002,598064.2,28477.800000000003,0.24152219079032314,2,3,2,1
649179.0,51114.8,43549.0,40823.4,12345.6,6280.8,3,2,2,2,2,1,-598064.2,-7565.800000000003,-28477.800000000003,-6064.8,247947.6,19816.600000000002,605630.0,34542.6,0.14422043628013778,2,3,2,2
51114.8,43549.0,241747.0,12345.6,6280.8,24135.6,2,2,2,2,1,2,-7565.800000000003,198198.0,-6064.8,17854.8,112136.93333333333,14254.0,198198.0,17854.8,0.09983784767609245,2,3,2,1
43549.0,241747.0,59322.8,6280.8,24135.6,6261.2,2,2,2,1,2,1,198198.0,-182424.2,17854.8,-17874.399999999998,114872.93333333333,12225.866666666667,198198.0,17874.399999999998,0.10554280069719066,2,3,2,2
241747.0,59322.8,94499.4,24135.6,6261.2,21269.2,2,2,2,2,1,2,-182424.2,35176.59999999999,-17874.399999999998,15008.0,131856.4,17222.0,182424.2,17874.399999999998,0.225069946793876,2,3,2,2
59322.8,94499.4,129105.0,6261.2,21269.2,6819.6,2,2,2,1,2,2,35176.59999999999,34605.600000000006,15008.0,-14449.6,94309.06666666667,11450.0,69782.2,15008.0,0.05282171239136833,2,3,2,2
94499.4,129105.0,134093.2,21269.2,6819.6,9028.8,2,2,2,2,2,2,34605.600000000006,4988.200000000012,-14449.6,2209.199999999999,119232.53333333333,12372.533333333335,39593.80000000002,14449.6,0.06733177124737683,2,3,2,1
129105.0,134093.2,32743.2,6819.6,9028.8,2018.8,2,2,2,2,2,1,4988.200000000012,-101350.00000000001,2209.199999999999,-7009.999999999999,98647.13333333335,5955.733333333334,101350.00000000001,7009.999999999999,0.06165366690894876,2,3,2,2
134093.2,32743.2,9352.8,9028.8,2018.8,6634.8,2,2,2,2,1,2,-101350.00000000001,-23390.4,-7009.999999999999,4616.0,58729.73333333334,5894.133333333332,124740.40000000001,7009.999999999999,0.7093159999144734,2,3,2,1
32743.2,9352.8,7611.6,2018.8,6634.8,1244.8,2,2,2,1,2,1,-23390.4,-1741.199999999999,4616.0,-5390.0,16569.2,3299.4666666666667,25131.6,5390.0,0.1635183774268975,2,3,2,2
9352.8,7611.6,71813.0,6634.8,1244.8,10122.0,2,2,2,2,1,2,-1741.199999999999,64201.4,-5390.0,8877.2,29592.466666666664,6000.533333333333,64201.4,8877.2,0.14094744757289665,2,3,3,2
7611.6,71813.0,546189.8,1244.8,10122.0,31004.4,2,2,3,1,2,2,64201.4,474376.80000000005,8877.2,20882.4,208538.13333333333,14123.733333333332,538578.2000000001,29759.600000000002,0.056764778901438835,2,3,3,2
71813.0,546189.8,742382.6,10122.0,31004.4,42202.4,2,3,3,2,2,2,474376.80000000005,196192.79999999993,20882.4,11198.0,453461.8,27776.266666666666,670569.6,32080.4,0.05684716095560301,2,3,2,2
546189.8,742382.6,247021.8,31004.4,42202.4,14647.4,3,3,2,2,2,2,196192.79999999993,-495360.8,11198.0,-27555.0,511864.73333333334,29284.733333333334,495360.8,27555.0,0.05929574112187215,2,3,1,1
742382.6,247021.8,250.8,42202.4,14647.4,859.6,3,2,1,2,2,1,-495360.8,-246771.0,-27555.0,-13787.8,329885.06666666665,19236.466666666667,742131.7999999999,41342.8,3.4138204924543287,2,3,1,1
247021.8,250.8,555.2,14647.4,859.6,2515.2,2,1,1,2,1,1,-246771.0,304.40000000000003,-13787.8,1655.6,82609.26666666666,6007.400000000001,246771.0,13787.8,4.522114347357065,2,3,1,1
250.8,555.2,165.6,859.6,2515.2,1344.8,1,1,1,1,1,1,304.40000000000003,-389.6,1655.6,-1170.3999999999999,323.8666666666667,1573.1999999999998,389.6,1655.6,8.07202881152461,2,3,0,1
555.2,165.6,13.2,2515.2,1344.8,594.0,1,1,0,1,1,1,-389.6,-152.4,-1170.3999999999999,-750.8,244.6666666666667,1484.6666666666667,542.0,1921.1999999999998,41.83098591549296,2,3,1,1
165.6,13.2,603.0,1344.8,594.0,452.2,1,0,1,1,1,1,-152.4,589.8,-750.8,-141.8,260.59999999999997,797.0,589.8,892.5999999999999,0.7486754966887417,2,3,1,1
13.2,603.0,1274.8,594.0,452.2,3528.0,0,1,1,1,1,1,589.8,671.8,-141.8,3075.8,630.3333333333334,1524.7333333333333,1261.6,3075.8,2.765323718451168,2,3,0,0
603.0,1274.8,54.0,452.2,3528.0,46.8,1,1,0,1,1,0,671.8,-1220.8,3075.8,-3481.2,643.9333333333333,1342.3333333333333,1220.8,3481.2,0.8509090909090908,2,6,0,1
1274.8,54.0,123.2,3528.0,46.8,346.8,1,0,0,1,0,1,-1220.8,69.2,-3481.2,300.0,484.0,1307.2,1220.8,3481.2,2.792270531400966,2,6,2,2
54.0,123.2,120891.2,46.8,346.8,13882.8,0,0,2,0,1,2,69.2,120768.0,300.0,13536.0,40356.13333333333,4758.8,120837.2,13836.0,0.11483619290574577,2,6,1,1
123.2,120891.2,168.4,346.8,13882.8,153.2,0,2,1,1,2,1,120768.0,-120722.8,13536.0,-13729.599999999999,40394.26666666666,4794.266666666666,120768.0,13729.599999999999,0.9043683589138134,2,3,0,1
120891.2,168.4,94.4,13882.8,153.2,557.2,2,1,0,2,1,1,-120722.8,-74.0,-13729.599999999999,404.00000000000006,40384.666666666664,4864.400000000001,120796.8,13729.599999999999,5.840670859538784,2,3,0,1
168.4,94.4,29.2,153.2,557.2,189.2,1,0,0,1,1,1,-74.0,-65.2,404.00000000000006,-368.00000000000006,97.33333333333333,299.86666666666673,139.20000000000002,404.00000000000006,6.264900662251655,2,3,1,1
94.4,29.2,226.0,557.2,189.2,194.8,0,0,1,1,1,1,-65.2,196.8,-368.00000000000006,5.600000000000023,116.53333333333335,313.73333333333335,196.8,368.00000000000006,0.8581497797356828,2,3,0,1
29.2,226.0,69.6,189.2,194.8,1309.8,0,1,0,1,1,1,196.8,-156.4,5.600000000000023,1115.0,108.26666666666665,564.6,196.8,1120.6,18.55240793201133,2,3,1,1
226.0,69.6,613.0,194.8,1309.8,2391.8,1,0,1,1,1,1,-156.4,543.4,1115.0,1082.0000000000002,302.8666666666667,1298.8,543.4,2197.0,3.895439739413681,2,3,1,1
69.6,613.0,2674.2,1309.8,2391.8,1114.4,0,1,1,1,1,1,543.4,2061.2,1082.0000000000002,-1277.4,1118.9333333333332,1605.3333333333333,2604.6,1277.4,0.4165669856459331,2,3,1,1
613.0,2674.2,397.8,2391.8,1114.4,1650.2,1,1,1,1,1,1,2061.2,-2276.3999999999996,-1277.4,535.8,1228.3333333333333,1718.8000000000002,2276.3999999999996,1277.4,4.137913741223671,2,3,1,1
2674.2,397.8,220.4,1114.4,1650.2,2347.4,1,1,1,1,1,1,-2276.3999999999996,-177.4,535.8,697.2,1097.4666666666667,1704.0,2453.7999999999997,1233.0,10.602529358626919,2,3,2,2
397.8,220.4,163784.0,1650.2,2347.4,27645.0,1,1,2,1,1,2,-177.4,163563.6,697.2,25297.6,54800.73333333334,10547.533333333333,163563.6,25994.8,0.16878835058155509,2,3,2,2
220.4,163784.0,12733.8,2347.4,27645.0,13600.8,1,2,2,1,2,2,163563.6,-151050.2,25297.6,-14044.2,58912.73333333333,14531.066666666666,163563.6,25297.6,1.0680026384395516,1,22,2,2
163784.0,12733.8,23814.8,27645.0,13600.8,30079.4,2,2,2,2,2,2,-151050.2,11081.0,-14044.2,16478.600000000002,66777.53333333333,23775.06666666667,151050.2,16478.600000000002,1.2630018727063548,1,22,2,2
12733.8,23814.8,11763.6,13600.8,30079.4,8235.4,2,2,2,2,2,2,11081.0,-12051.199999999999,16478.600000000002,-21844.0,16104.066666666666,17305.2,12051.199999999999,21844.0,0.7000153001377012,1,22,3,2
23814.8,11763.6,509986.4,30079.4,8235.4,33341.0,2,2,3,2,2,2,-12051.199999999999,498222.80000000005,-21844.0,25105.6,181854.93333333335,23885.266666666666,498222.80000000005,25105.6,0.06537612497877399,3,0,3,2
11763.6,509986.4,647811.0,8235.4,33341.0,32642.4,2,3,3,2,2,2,498222.80000000005,137824.59999999998,25105.6,-698.5999999999985,389853.6666666667,24739.600000000002,636047.4,25105.6,0.05038869301587498,3,0,3,2
509986.4,647811.0,612082.8,33341.0,32642.4,27828.0,3,3,3,2,2,2,137824.59999999998,-35728.19999999995,-698.5999999999985,-4814.4000000000015,589960.0666666667,31270.466666666664,137824.59999999998,5513.0,0.04546436288625838,3,0,3,2
647811.0,612082.8,896154.2,32642.4,27828.0,34800.0,3,3,3,2,2,2,-35728.19999999995,284071.3999999999,-4814.4000000000015,6972.0,718682.6666666666,31756.8,284071.3999999999,6972.0,0.03883255936025367,3,0,3,2
612082.8,896154.2,594383.0,27828.0,34800.0,27200.4,3,3,3,2,2,2,284071.3999999999,-301771.19999999995,6972.0,-7599.5999999999985,700873.3333333334,29942.8,301771.19999999995,7599.5999999999985,0.04576233545990471,3,0,3,2
896154.2,594383.0,496511.0,34800.0,27200.4,21453.6,3,3,3,2,2,2,-301771.19999999995,-97872.0,-7599.5999999999985,-5746.800000000003,662349.4,27818.0,399643.19999999995,13346.400000000001,0.043208623356535185,3,0,3,2
594383.0,496511.0,760008.2,27200.4,21453.6,36709.2,3,3,3,2,2,2,-97872.0,263497.19999999995,-5746.800000000003,15255.599999999999,616967.4,28454.399999999998,263497.19999999995,15255.599999999999,0.04830099425112222,3,0,2,2
496511.0,760008.2,19102.2,21453.6,36709.2,9379.0,3,3,2,2,2,2,263497.19999999995,-740906.0,15255.599999999999,-27330.199999999997,425207.1333333333,22513.93333333333,740906.0,27330.199999999997,0.4909648645253151,2,6,2,2
760008.2,19102.2,146760.4,36709.2,9379.0,43986.0,3,2,2,2,2,2,-740906.0,127658.2,-27330.199999999997,34607.0,308623.6,30024.733333333334,740906.0,34607.0,0.29971095942121023,2,6,3,2
19102.2,146760.4,546782.6,9379.0,43986.0,50513.4,2,2,3,2,2,2,127658.2,400022.19999999995,34607.0,6527.4000000000015,237548.4,34626.13333333333,527680.4,41134.4,0.09238280006935103,2,6,3,2
146760.4,546782.6,723286.4,43986.0,50513.4,31568.0,2,3,3,2,2,2,400022.19999999995,176503.80000000005,6527.4000000000015,-18945.4,472276.4666666666,42022.46666666667,576526.0,18945.4,0.04364516788208947,2,6,3,2
546782.6,723286.4,439838.8,50513.4,31568.0,18112.6,3,3,3,2,2,2,176503.80000000005,-283447.60000000003,-18945.4,-13455.400000000001,569969.2666666667,33398.0,283447.60000000003,32400.800000000003,0.041179993261182816,2,6,3,2
723286.4,439838.8,672265.8,31568.0,18112.6,41370.2,3,3,3,2,2,2,-283447.60000000003,232427.00000000006,-13455.400000000001,23257.6,611797.0,30350.266666666663,283447.60000000003,23257.6,0.06153836542277559,2,6,3,2
439838.8,672265.8,596956.4,18112.6,41370.2,46249.8,3,3,3,2,2,2,232427.00000000006,-75309.40000000002,23257.6,4879.600000000006,569687.0,35244.200000000004,232427.00000000006,28137.200000000004,0.07747588018843556,2,6,3,2
672265.8,596956.4,874161.0,41370.2,46249.8,44539.8,3,3,3,2,2,2,-75309.40000000002,277204.6,4879.600000000006,-1710.0,714461.0666666668,44053.26666666666,277204.6,4879.600000000006,0.050951425479487784,2,6,3,2
596956.4,874161.0,761382.4,46249.8,44539.8,39737.4,3,3,3,2,2,2,277204.6,-112778.59999999998,-1710.0,-4802.4000000000015,744166.6,43509.0,277204.6,6512.4000000000015,0.05219105118393703,2,6,2,1
874161.0,761382.4,13292.0,44539.8,39737.4,3403.4,3,3,2,2,2,1,-112778.59999999998,-748090.4,-4802.4000000000015,-36334.0,549611.7999999999,29226.86666666667,860869.0,41136.4,0.25602948920484464,1,22,1,1
761382.4,13292.0,3733.8,39737.4,3403.4,565.6,3,2,1,2,1,1,-748090.4,-9558.2,-36334.0,-2837.8,259469.40000000002,14568.800000000001,757648.6,39171.8,0.15144050551569027,1,22,2,1
13292.0,3733.8,7288.8,3403.4,565.6,4540.0,2,1,2,1,1,1,-9558.2,3555.0,-2837.8,3974.4,8104.866666666666,2836.3333333333335,9558.2,3974.4,0.6227880051578918,3,0,1,1
3733.8,7288.8,1415.2,565.6,4540.0,533.4,1,2,1,1,1,1,3555.0,-5873.6,3974.4,-4006.6,4145.933333333333,1879.6666666666667,5873.6,4006.6,0.3766417172715718,3,0,1,1
7288.8,1415.2,2406.8,4540.0,533.4,1143.4,2,1,1,1,1,1,-5873.6,991.6000000000001,-4006.6,610.0000000000001,3703.6,2072.2666666666664,5873.6,4006.6,0.4748733283495307,3,0,1,1
1415.2,2406.8,4545.0,533.4,1143.4,775.0,1,1,1,1,1,1,991.6000000000001,2138.2,610.0000000000001,-368.4000000000001,2789.0,817.2666666666668,3129.8,610.0000000000001,0.1704795424549054,3,0,2,1
2406.8,4545.0,19853.6,1143.4,775.0,6070.8,1,1,2,1,1,1,2138.2,15308.599999999999,-368.4000000000001,5295.8,8935.133333333333,2663.066666666667,17446.8,5295.8,0.30576289625577957,2,3,2,1
4545.0,19853.6,6469.8,775.0,6070.8,2908.8,1,2,2,1,1,1,15308.599999999999,-13383.8,5295.8,-3162.0,10289.466666666665,3251.5333333333333,15308.599999999999,5295.8,0.4495271063856092,5,19,1,1
19853.6,6469.8,5436.4,6070.8,2908.8,4256.8,2,2,1,1,1,1,-13383.8,-1033.4000000000005,-3162.0,1348.0,10586.599999999999,4412.133333333334,14417.199999999999,3162.0,0.7828741678007872,5,19,1,1
6469.8,5436.4,1895.6,2908.8,4256.8,3457.6,2,1,1,1,1,1,-1033.4000000000005,-3540.7999999999997,1348.0,-799.2000000000003,4600.6,3541.066666666667,4574.200000000001,1348.0,1.8230517768638617,5,19,1,1
5436.4,1895.6,2852.0,4256.8,3457.6,3441.6,1,1,1,1,1,1,-3540.7999999999997,956.4000000000001,-799.2000000000003,-16.0,3394.6666666666665,3718.6666666666665,3540.7999999999997,815.2000000000003,1.2063091482649841,5,19,2,1
1895.6,2852.0,9976.2,3457.6,3441.6,5127.6,1,1,2,1,1,1,956.4000000000001,7124.200000000001,-16.0,1686.0000000000005,4907.933333333333,4008.933333333333,8080.6,1686.0000000000005,0.5139317644228841,5,19,1,1
2852.0,9976.2,2905.0,3441.6,5127.6,3174.0,1,2,1,1,1,1,7124.200000000001,-7071.200000000001,1686.0000000000005,-1953.6000000000004,5244.400000000001,3914.4,7124.200000000001,1953.6000000000004,1.0922229869236064,5,19,1,1
9976.2,2905.0,3012.0,5127.6,3174.0,4180.4,2,1,1,1,1,1,-7071.200000000001,107.0,-1953.6000000000004,1006.3999999999996,5297.733333333334,4160.666666666667,7071.200000000001,1953.6000000000004,1.3874543644208428,5,19,1,1
2905.0,3012.0,4906.0,3174.0,4180.4,5497.0,1,1,1,1,1,1,107.0,1894.0,1006.3999999999996,1316.6000000000004,3607.6666666666665,4283.8,2001.0,2323.0,1.1202363969839007,5,19,1,1
3012.0,4906.0,5527.4,4180.4,5497.0,3668.2,1,1,1,1,1,1,1894.0,621.3999999999996,1316.6000000000004,-1828.8000000000002,4481.8,4448.533333333333,2515.3999999999996,1828.8000000000002,0.663519282251646,5,19,1,1
4906.0,5527.4,5928.2,5497.0,3668.2,5455.6,1,1,1,1,1,1,621.3999999999996,400.8000000000002,-1828.8000000000002,1787.4000000000005,5453.866666666666,4873.6,1022.1999999999998,1828.8000000000002,0.920124131417392,5,19,2,1
5527.4,5928.2,6722.6,3668.2,5455.6,5127.4,1,1,2,1,1,1,400.8000000000002,794.4000000000005,1787.4000000000005,-328.2000000000007,6059.399999999999,4750.4,1195.2000000000007,1787.4000000000005,0.7625974180498541,1,22,1,1
5928.2,6722.6,4762.0,5455.6,5127.4,3558.6,1,2,1,1,1,1,794.4000000000005,-1960.6000000000004,-328.2000000000007,-1568.7999999999997,5804.266666666666,4713.866666666667,1960.6000000000004,1897.0000000000005,0.747134159143397,1,22,1,1
6722.6,4762.0,5472.6,5127.4,3558.6,4607.8,2,1,1,1,1,1,-1960.6000000000004,710.6000000000004,-1568.7999999999997,1049.2000000000003,5652.400000000001,4431.266666666666,1960.6000000000004,1568.7999999999997,0.841822566501023,1,22,1,1
4762.0,5472.6,4333.4,3558.6,4607.8,2751.4,1,1,1,1,1,1,710.6000000000004,-1139.2000000000007,1049.2000000000003,-1856.4,4856.0,3639.2666666666664,1139.2000000000007,1856.4,0.6347822074566262,1,22,1,1
5472.6,4333.4,5560.6,4607.8,2751.4,3787.0,1,1,1,1,1,1,-1139.2000000000007,1227.2000000000007,-1856.4,1035.6,5122.2,3715.4,1227.2000000000007,1856.4,0.68091915995397,1,22,1,1
4333.4,5560.6,4408.2,2751.4,3787.0,4591.4,1,1,1,1,1,1,1227.2000000000007,-1152.4000000000005,1035.6,804.3999999999996,4767.400000000001,3709.933333333333,1227.2000000000007,1839.9999999999995,1.0413226889231606,1,22,1,1
5560.6,4408.2,6165.4,3787.0,4591.4,4791.4,1,1,1,1,1,1,-1152.4000000000005,1757.1999999999998,804.3999999999996,200.0,5378.066666666667,4389.933333333333,1757.1999999999998,1004.3999999999996,0.7770173845355475,1,22,1,1
4408.2,6165.4,4838.6,4591.4,4791.4,3569.8,1,1,1,1,1,1,1757.1999999999998,-1326.7999999999993,200.0,-1221.5999999999995,5137.4,4317.533333333333,1757.1999999999998,1221.5999999999995,0.7376229440449624,1,22,1,1
6165.4,4838.6,5469.6,4791.4,3569.8,5614.8,1,1,1,1,1,1,-1326.7999999999993,631.0,-1221.5999999999995,2045.0,5491.2,4658.666666666667,1326.7999999999993,2045.0,1.026359083098746,1,22,1,1
4838.6,5469.6,5000.2,3569.8,5614.8,4711.6,1,1,1,1,1,1,631.0,-469.40000000000055,2045.0,-903.1999999999998,5102.8,4632.066666666667,631.0,2045.0,0.9420938974646086,1,22,1,1
5469.6,5000.2,4454.8,5614.8,4711.6,4878.4,1,1,1,1,1,1,-469.40000000000055,-545.3999999999996,-903.1999999999998,166.79999999999927,4974.866666666666,5068.266666666667,1014.8000000000002,903.1999999999998,1.094842676960366,1,22,1,1
5000.2,4454.8,6051.8,4711.6,4878.4,4505.2,1,1,1,1,1,1,-545.3999999999996,1597.0,166.79999999999927,-373.1999999999998,5168.933333333333,4698.400000000001,1597.0,373.1999999999998,0.7443166798836901,1,22,1,1
4454.8,6051.8,5357.6,4878.4,4505.2,5677.2,1,1,1,1,1,1,1597.0,-694.1999999999998,-373.1999999999998,1172.0,5288.066666666667,5020.266666666666,1597.0,1172.0,1.0594558280147799,1,22,1,1
6051.8,5357.6,4910.6,4505.2,5677.2,3451.0,1,1,1,1,1,1,-694.1999999999998,-447.0,1172.0,-2226.2,5440.000000000001,4544.466666666666,1141.1999999999998,2226.2,0.7026223633846403,1,22,1,1
5357.6,4910.6,4605.8,5677.2,3451.0,5413.4,1,1,1,1,1,1,-447.0,-304.8000000000002,-2226.2,1962.3999999999996,4958.0,4847.2,751.8000000000002,2226.2,1.1750889988712336,1,22,1,1
4910.6,4605.8,5771.0,3451.0,5413.4,3890.8,1,1,1,1,1,1,-304.8000000000002,1165.1999999999998,1962.3999999999996,-1522.5999999999995,5095.8,4251.733333333334,1165.1999999999998,1962.3999999999996,0.6740817740817742,5,19,1,1
4605.8,5771.0,4269.8,5413.4,3890.8,4866.0,1,1,1,1,1,1,1165.1999999999998,-1501.1999999999998,-1522.5999999999995,975.1999999999998,4882.2,4723.400000000001,1501.1999999999998,1522.5999999999995,1.1393649901657767,5,19,1,1
5771.0,4269.8,5921.0,3890.8,4866.0,5861.2,1,1,1,1,1,1,-1501.1999999999998,1651.1999999999998,975.1999999999998,995.1999999999998,5320.599999999999,4872.666666666667,1651.1999999999998,1970.3999999999996,0.9897331982438365,5,19,1,1
4269.8,5921.0,5400.8,4866.0,5861.2,3661.4,1,1,1,1,1,1,1651.1999999999998,-520.1999999999998,995.1999999999998,-2199.7999999999997,5197.2,4796.2,1651.1999999999998,2199.7999999999997,0.6778111000037025,5,19,1,1
5921.0,5400.8,4045.0,5861.2,3661.4,4084.6,1,1,1,1,1,1,-520.1999999999998,-1355.8000000000002,-2199.7999999999997,423.1999999999998,5122.266666666666,4535.733333333334,1876.0,2199.7999999999997,1.0095402867029164,5,19,1,1
5400.8,4045.0,3580.8,3661.4,4084.6,3056.6,1,1,1,1,1,1,-1355.8000000000002,-464.1999999999998,423.1999999999998,-1028.0,4342.2,3600.866666666667,1820.0,1028.0,0.8533698140599698,5,19,1,1
4045.0,3580.8,2992.2,4084.6,3056.6,3028.0,1,1,1,1,1,1,-464.1999999999998,-588.6000000000004,-1028.0,-28.59999999999991,3539.3333333333335,3389.7333333333336,1052.8000000000002,1056.6,1.0116263530669518,1,22,1,1
3580.8,2992.2,5795.0,3056.6,3028.0,4746.6,1,1,1,1,1,1,-588.6000000000004,2802.8,-28.59999999999991,1718.6000000000004,4122.666666666667,3610.4,2802.8,1718.6000000000004,0.818944099378882,1,22,1,1
2992.2,5795.0,4968.0,3028.0,4746.6,4356.4,1,1,1,1,1,1,2802.8,-827.0,1718.6000000000004,-390.2000000000007,4585.066666666667,4043.6666666666665,2802.8,1718.6000000000004,0.8767156369490843,1,22,2,2
5795.0,4968.0,10276.6,4746.6,4356.4,9427.6,1,1,2,1,1,2,-827.0,5308.6,-390.2000000000007,5071.200000000001,7013.2,6176.866666666666,5308.6,5071.200000000001,0.9172958667393166,3,0,1,1
4968.0,10276.6,5995.0,4356.4,9427.6,4282.2,1,2,1,1,2,1,5308.6,-4281.6,5071.200000000001,-5145.400000000001,7079.866666666666,6022.066666666667,5308.6,5145.400000000001,0.7141761174116077,3,0,1,1
10276.6,5995.0,4932.2,9427.6,4282.2,5597.6,2,1,1,2,1,1,-4281.6,-1062.8000000000002,-5145.400000000001,1315.4000000000005,7067.933333333333,6435.8,5344.400000000001,5145.400000000001,1.13467931565718,3,0,1,1
5995.0,4932.2,5725.6,4282.2,5597.6,4444.4,1,1,1,1,1,1,-1062.8000000000002,793.4000000000005,1315.4000000000005,-1153.2000000000007,5550.933333333334,4774.733333333333,1062.8000000000002,1315.4000000000005,0.7760975098662382,3,0,1,1
4932.2,5725.6,5253.0,5597.6,4444.4,4229.4,1,1,1,1,1,1,793.4000000000005,-472.60000000000036,-1153.2000000000007,-215.0,5303.599999999999,4757.133333333333,793.4000000000005,1368.2000000000007,0.8049866768176627,5,19,1,1
5725.6,5253.0,5977.4,4444.4,4229.4,4761.0,1,1,1,1,1,1,-472.60000000000036,724.3999999999996,-215.0,531.6000000000004,5652.0,4478.266666666666,724.3999999999996,531.6000000000004,0.7963669209152952,5,19,1,1
5253.0,5977.4,4905.0,4229.4,4761.0,3727.2,1,1,1,1,1,1,724.3999999999996,-1072.3999999999996,531.6000000000004,-1033.8000000000002,5378.466666666666,4239.2,1072.3999999999996,1033.8000000000002,0.75972278842234,5,19,1,1
5977.4,4905.0,5619.0,4761.0,3727.2,4182.6,1,1,1,1,1,1,-1072.3999999999996,714.0,-1033.8000000000002,455.40000000000055,5500.466666666667,4223.6,1072.3999999999996,1033.8000000000002,0.7442348754448399,5,19,1,1
4905.0,5619.0,5528.2,3727.2,4182.6,6061.8,1,1,1,1,1,1,714.0,-90.80000000000018,455.40000000000055,1879.1999999999998,5350.733333333334,4657.2,714.0,2334.6000000000004,1.096324965636982,5,19,1,1
5619.0,5528.2,4421.4,4182.6,6061.8,4544.6,1,1,1,1,1,1,-90.80000000000018,-1106.8000000000002,1879.1999999999998,-1517.1999999999998,5189.533333333334,4929.666666666667,1197.6000000000004,1879.1999999999998,1.0276320549927642,5,19,1,1
5528.2,4421.4,4109.2,6061.8,4544.6,4751.6,1,1,1,1,1,1,-1106.8000000000002,-312.1999999999998,-1517.1999999999998,207.0,4686.266666666666,5119.333333333334,1419.0,1517.1999999999998,1.1560508004476668,5,19,1,1
4421.4,4109.2,4968.8,4544.6,4751.6,4432.4,1,1,1,1,1,1,-312.1999999999998,859.6000000000004,207.0,-319.2000000000007,4499.799999999999,4576.2,859.6000000000004,319.2000000000007,0.8918668759306209,5,19,1,1
4109.2,4968.8,5478.4,4751.6,4432.4,4285.4,1,1,1,1,1,1,859.6000000000004,509.59999999999945,-319.2000000000007,-147.0,4852.133333333333,4489.8,1369.1999999999998,466.2000000000007,0.7820929298828339,5,19,1,1
4968.8,5478.4,5726.8,4432.4,4285.4,3841.6,1,1,1,1,1,1,509.59999999999945,248.40000000000055,-147.0,-443.7999999999997,5391.333333333333,4186.466666666666,758.0,590.7999999999997,0.6706938091413805,5,19,2,1
5478.4,5726.8,14802.8,4285.4,3841.6,4164.2,1,1,2,1,1,1,248.40000000000055,9076.0,-443.7999999999997,322.5999999999999,8669.333333333334,4097.066666666667,9324.4,443.7999999999997,0.281292641078642,1,22,2,2
5726.8,14802.8,128878.2,3841.6,4164.2,52472.6,1,2,2,1,1,2,9076.0,114075.4,322.5999999999999,48308.4,49802.6,20159.466666666664,123151.4,48631.0,0.4071456061179771,2,3,2,2
14802.8,128878.2,240529.6,4164.2,52472.6,48930.0,2,2,2,1,2,2,114075.4,111651.40000000001,48308.4,-3542.5999999999985,128070.2,35188.93333333333,225726.80000000002,48308.4,0.20342526065290653,2,3,1,2
128878.2,240529.6,1971.8,52472.6,48930.0,7900.8,2,2,1,2,2,2,111651.40000000001,-238557.80000000002,-3542.5999999999985,-41029.2,123793.2,36434.46666666667,238557.80000000002,44571.799999999996,4.004866180048662,2,3,2,2
240529.6,1971.8,44492.8,48930.0,7900.8,23642.2,2,1,2,2,2,2,-238557.80000000002,42521.0,-41029.2,15741.400000000001,95664.73333333334,26824.333333333332,238557.80000000002,41029.2,0.5313594253581397,2,3,2,2
1971.8,44492.8,55433.0,7900.8,23642.2,10360.0,1,2,2,2,2,2,42521.0,10940.199999999997,15741.400000000001,-13282.2,33965.86666666667,13967.666666666666,53461.2,15741.400000000001,0.18688891294151605,2,3,2,2
44492.8,55433.0,12065.0,23642.2,10360.0,18205.6,2,2,2,2,2,2,10940.199999999997,-43368.0,-13282.2,7845.5999999999985,37330.26666666667,17402.6,43368.0,13282.2,1.508834742250953,2,3,2,2
55433.0,12065.0,122708.4,10360.0,18205.6,14889.4,2,2,2,2,2,2,-43368.0,110643.4,7845.5999999999985,-3316.199999999999,63402.13333333333,14485.0,110643.4,7845.5999999999985,0.121338707548077,2,3,1,1
12065.0,122708.4,496.2,18205.6,14889.4,492.4,2,2,1,2,2,1,110643.4,-122212.2,-3316.199999999999,-14397.0,45089.86666666667,11195.800000000001,122212.2,17713.199999999997,0.9903459372485921,1,22,1,0
122708.4,496.2,167.2,14889.4,492.4,123.4,2,1,1,2,1,0,-122212.2,-329.0,-14397.0,-369.0,41123.93333333333,5168.4,122541.2,14766.0,0.7336504161712248,1,22,0,0
496.2,167.2,122.6,492.4,123.4,0.0,1,1,0,1,0,0,-329.0,-44.599999999999994,-369.0,-123.4,262.0,205.26666666666665,373.6,492.4,0.0,1,22,0,0
167.2,122.6,49.0,123.4,0.0,0.0,1,0,0,0,0,0,-44.599999999999994,-73.6,-123.4,0.0,112.93333333333332,41.13333333333333,118.19999999999999,123.4,0.0,1,22,0,0
122.6,49.0,75.4,0.0,0.0,0.0,0,0,0,0,0,0,-73.6,26.400000000000006,0.0,0.0,82.33333333333333,0.0,73.6,0.0,0.0,1,22,1,1
49.0,75.4,5017.8,0.0,0.0,3515.6,0,0,1,0,0,1,26.400000000000006,4942.400000000001,0.0,3515.6,1714.0666666666666,1171.8666666666666,4968.8,3515.6,0.7004861719933051,1,22,1,1
75.4,5017.8,371.0,0.0,3515.6,672.4,0,1,1,0,1,1,4942.400000000001,-4646.8,3515.6,-2843.2,1821.3999999999999,1396.0,4942.400000000001,3515.6,1.80752688172043,1,22,0,0
5017.8,371.0,49.0,3515.6,672.4,10.8,1,1,0,1,1,0,-4646.8,-322.0,-2843.2,-661.6,1812.6000000000001,1399.6000000000001,4968.8,3504.7999999999997,0.21600000000000003,1,22,0,0
371.0,49.0,24.8,672.4,10.8,0.0,1,0,0,1,0,0,-322.0,-24.2,-661.6,-10.8,148.26666666666668,227.73333333333332,346.2,672.4,0.0,1,22,0,0
49.0,24.8,98.0,10.8,0.0,0.0,0,0,0,0,0,0,-24.2,73.2,-10.8,0.0,57.26666666666667,3.6,73.2,10.8,0.0,1,22,0,0
24.8,98.0,24.8,0.0,0.0,0.0,0,0,0,0,0,0,73.2,-73.2,0.0,0.0,49.199999999999996,0.0,73.2,0.0,0.0,1,22,1,1
98.0,24.8,271.2,0.0,0.0,961.6,0,0,1,0,0,1,-73.2,246.39999999999998,0.0,961.6,131.33333333333334,320.53333333333336,246.39999999999998,961.6,3.53269654665687,1,22,0,0
24.8,271.2,24.8,0.0,961.6,0.0,0,1,0,0,1,0,246.39999999999998,-246.39999999999998,961.6,-961.6,106.93333333333334,320.53333333333336,246.39999999999998,961.6,0.0,1,22,0,0
271.2,24.8,98.0,961.6,0.0,0.0,1,0,0,1,0,0,-246.39999999999998,73.2,-961.6,0.0,131.33333333333334,320.53333333333336,246.39999999999998,961.6,0.0,1,22,0,0
24.8,98.0,24.8,0.0,0.0,0.0,0,0,0,0,0,0,73.2,-73.2,0.0,0.0,49.199999999999996,0.0,73.2,0.0,0.0,1,22,0,0
98.0,24.8,48.4,0.0,0.0,0.0,0,0,0,0,0,0,-73.2,23.599999999999998,0.0,0.0,57.06666666666666,0.0,73.2,0.0,0.0,1,22,0,0
24.8,48.4,13.2,0.0,0.0,0.0,0,0,0,0,0,0,23.599999999999998,-35.2,0.0,0.0,28.8,0.0,35.2,0.0,0.0,1,22,1,1
48.4,13.2,204.4,0.0,0.0,980.8,0,0,1,0,0,1,-35.2,191.20000000000002,0.0,980.8,88.66666666666667,326.93333333333334,191.20000000000002,980.8,4.775073028237585,1,22,1,1
13.2,204.4,259.4,0.0,980.8,1489.6,0,1,1,0,1,1,191.20000000000002,54.99999999999997,980.8,508.79999999999995,159.0,823.4666666666666,246.2,1489.6,5.720430107526882,1,22,0,1
204.4,259.4,0.0,980.8,1489.6,165.2,1,1,0,1,1,1,54.99999999999997,-259.4,508.79999999999995,-1324.3999999999999,154.6,878.5333333333332,259.4,1324.3999999999999,165.2,1,22,2,2
259.4,0.0,8381.2,1489.6,165.2,8385.4,1,0,2,1,1,2,-259.4,8381.2,-1324.3999999999999,8220.199999999999,2880.2000000000003,3346.733333333333,8381.2,8220.199999999999,1.000381761351435,3,2,1,1
0.0,8381.2,2984.0,165.2,8385.4,1757.6,0,2,1,1,2,1,8381.2,-5397.200000000001,8220.199999999999,-6627.799999999999,3788.4,3436.066666666667,8381.2,8220.199999999999,0.5888107202680066,1,22,1,1
8381.2,2984.0,445.4,8385.4,1757.6,1391.6,2,1,1,2,1,1,-5397.200000000001,-2538.6,-6627.799999999999,-366.0,3936.866666666667,3844.866666666667,7935.800000000001,6993.799999999999,3.117383512544803,1,22,1,1
2984.0,445.4,518.8,1757.6,1391.6,1422.0,1,1,1,1,1,1,-2538.6,73.39999999999998,-366.0,30.40000000000009,1316.0666666666666,1523.7333333333333,2538.6,366.0,2.7356675644478647,1,22,1,1
445.4,518.8,173.2,1391.6,1422.0,950.0,1,1,1,1,1,1,73.39999999999998,-345.59999999999997,30.40000000000009,-472.0,379.13333333333327,1254.5333333333333,345.59999999999997,472.0,5.453501722158439,1,22,1,1
518.8,173.2,173.2,1422.0,950.0,1044.0,1,1,1,1,1,1,-345.59999999999997,0.0,-472.0,94.0,288.40000000000003,1138.6666666666667,345.59999999999997,472.0,5.993111366245695,1,22,1,1
173.2,173.2,204.4,950.0,1044.0,995.6,1,1,1,1,1,1,0.0,31.200000000000017,94.0,-48.39999999999998,183.6,996.5333333333333,31.200000000000017,94.0,4.847127555988315,1,22,1,1
173.2,204.4,250.0,1044.0,995.6,442.8,1,1,1,1,1,1,31.200000000000017,45.599999999999994,-48.39999999999998,-552.8,209.20000000000002,827.4666666666667,76.80000000000001,601.2,1.7641434262948208,1,22,1,1
204.4,250.0,596.4,995.6,442.8,5807.0,1,1,1,1,1,1,45.599999999999994,346.4,-552.8,5364.2,350.26666666666665,2415.133333333333,392.0,5364.2,9.72045530632742,2,3,2,2
250.0,596.4,149614.8,442.8,5807.0,44069.4,1,1,2,1,1,2,346.4,149018.4,5364.2,38262.4,50153.73333333333,16773.06666666667,149364.8,43626.6,0.29455044186509716,2,3,2,2
596.4,149614.8,142885.6,5807.0,44069.4,32433.4,1,2,2,1,2,2,149018.4,-6729.1999999999825,38262.4,-11636.0,97698.93333333333,27436.600000000002,149018.4,38262.4,0.22698699528157293,2,3,2,2
149614.8,142885.6,272020.8,44069.4,32433.4,16774.8,2,2,2,2,2,2,-6729.1999999999825,129135.19999999998,-11636.0,-15658.600000000002,188173.7333333333,31092.533333333336,129135.19999999998,27294.600000000002,0.06166711638552498,2,3,3,2
142885.6,272020.8,422435.6,32433.4,16774.8,43702.0,2,2,3,2,2,2,129135.19999999998,150414.8,-15658.600000000002,26927.2,279114.0,30970.066666666666,279550.0,26927.2,0.10345221034351665,2,3,2,2
272020.8,422435.6,211682.6,16774.8,43702.0,15584.8,2,3,2,2,2,2,150414.8,-210752.99999999997,26927.2,-28117.2,302046.3333333333,25353.86666666667,210752.99999999997,28117.2,0.07362308653103027,2,3,3,2
422435.6,211682.6,388676.2,43702.0,15584.8,21751.4,3,2,3,2,2,2,-210752.99999999997,176993.6,-28117.2,6166.600000000002,340931.4666666666,27012.733333333337,210752.99999999997,28117.2,0.05596263428881344,2,6,3,2
211682.6,388676.2,524271.6,15584.8,21751.4,30872.4,2,3,3,2,2,2,176993.6,135595.39999999997,6166.600000000002,9121.0,374876.8,22736.2,312589.0,15287.600000000002,0.05888615960475524,2,6,3,2
388676.2,524271.6,308747.8,21751.4,30872.4,18098.6,3,3,3,2,2,2,135595.39999999997,-215523.8,9121.0,-12773.800000000003,407231.8666666667,23574.13333333333,215523.8,12773.800000000003,0.058619175200033166,2,6,2,1
524271.6,308747.8,46316.2,30872.4,18098.6,2344.2,3,3,2,2,2,1,-215523.8,-262431.6,-12773.800000000003,-15754.399999999998,293111.86666666664,17105.066666666666,477955.39999999997,28528.2,0.050611867729482785,2,6,2,2
308747.8,46316.2,197385.0,18098.6,2344.2,22127.2,3,2,2,2,1,2,-262431.6,151068.8,-15754.399999999998,19783.0,184149.66666666666,14190.0,262431.6,19783.0,0.11210116218982097,2,6,2,2
46316.2,197385.0,135479.8,2344.2,22127.2,7304.8,2,2,2,1,2,2,151068.8,-61905.20000000001,19783.0,-14822.400000000001,126393.66666666667,10592.066666666668,151068.8,19783.0,0.05391760308471755,2,6,2,2
197385.0,135479.8,152725.6,22127.2,7304.8,9378.0,2,2,2,2,2,2,-61905.20000000001,17245.800000000017,-14822.400000000001,2073.2,161863.46666666667,12936.666666666666,61905.20000000001,14822.400000000001,0.061403841897875025,2,6,1,2
135479.8,152725.6,736.2,7304.8,9378.0,21113.6,2,2,1,2,2,2,17245.800000000017,-151989.4,2073.2,11735.599999999999,96313.86666666668,12598.799999999997,151989.4,13808.8,28.640260444926746,2,6,2,2
152725.6,736.2,42798.2,9378.0,21113.6,13226.0,2,1,2,2,2,2,-151989.4,42062.0,11735.599999999999,-7887.5999999999985,65420.0,14572.533333333333,151989.4,11735.599999999999,0.3090244677470607,3,0,1,1
736.2,42798.2,197.2,21113.6,13226.0,356.6,1,2,1,2,2,1,42062.0,-42601.0,-7887.5999999999985,-12869.4,14577.199999999997,11565.4,42601.0,20757.0,1.7991927346115038,3,0,0,0
42798.2,197.2,13.2,13226.0,356.6,13.2,2,1,0,2,1,0,-42601.0,-184.0,-12869.4,-343.40000000000003,14336.199999999997,4531.933333333333,42785.0,13212.8,0.9295774647887324,3,0,0,1
197.2,13.2,26.4,356.6,13.2,150.6,1,0,0,1,0,1,-184.0,13.2,-343.40000000000003,137.4,78.93333333333332,173.46666666666667,184.0,343.40000000000003,5.4963503649635035,3,0,1,1
13.2,26.4,283.6,13.2,150.6,1017.6,0,0,1,0,1,1,13.2,257.20000000000005,137.4,867.0,107.73333333333335,393.8,270.40000000000003,1004.4,3.575544624033731,1,22,1,1
26.4,283.6,260.2,150.6,1017.6,1196.8,0,1,1,1,1,1,257.20000000000005,-23.400000000000034,867.0,179.19999999999993,190.0666666666667,788.3333333333334,257.20000000000005,1046.2,4.581929555895865,1,22,0,1
283.6,260.2,0.0,1017.6,1196.8,526.4,1,1,0,1,1,1,-23.400000000000034,-260.2,179.19999999999993,-670.4,181.26666666666665,913.6,283.6,670.4,526.4,1,22,1,1
260.2,0.0,360.4,1196.8,526.4,1130.4,1,0,1,1,1,1,-260.2,360.4,-670.4,604.0000000000001,206.86666666666665,951.1999999999999,360.4,670.4,3.1278361925843945,1,22,0,1
0.0,360.4,0.0,526.4,1130.4,607.2,0,1,0,1,1,1,360.4,-360.4,604.0000000000001,-523.2,120.13333333333333,754.6666666666666,360.4,604.0000000000001,607.2,1,22,1,1
360.4,0.0,433.2,1130.4,607.2,4605.6,1,0,1,1,1,1,-360.4,433.2,-523.2,3998.4000000000005,264.5333333333333,2114.4,433.2,3998.4000000000005,10.6070935052971,1,22,1,1
0.0,433.2,303.8,607.2,4605.6,722.8,0,1,1,1,1,1,433.2,-129.39999999999998,3998.4000000000005,-3882.8,245.66666666666666,1978.5333333333335,433.2,3998.4000000000005,2.3713910761154855,1,22,0,1
433.2,303.8,0.0,4605.6,722.8,165.2,1,1,0,1,1,1,-129.39999999999998,-303.8,-3882.8,-557.5999999999999,245.66666666666666,1831.2,433.2,4440.400000000001,165.2,1,22,1,1
303.8,0.0,186.4,722.8,165.2,977.6,1,0,1,1,1,1,-303.8,186.4,-557.5999999999999,812.4000000000001,163.4,621.8666666666667,303.8,812.4000000000001,5.216648879402348,1,22,0,1
0.0,186.4,0.0,165.2,977.6,167.6,0,1,0,1,1,1,186.4,-186.4,812.4000000000001,-810.0,62.13333333333333,436.79999999999995,186.4,812.4000000000001,167.6,1,22,0,1
186.4,0.0,87.0,977.6,167.6,672.8,1,0,0,1,1,1,-186.4,87.0,-810.0,505.19999999999993,91.13333333333333,606.0,186.4,810.0,7.645454545454545,1,22,1,1
0.0,87.0,217.6,167.6,672.8,846.8,0,0,1,1,1,1,87.0,130.6,505.19999999999993,174.0,101.53333333333335,562.4,217.6,679.1999999999999,3.8737419945105214,1,22,0,1
87.0,217.6,0.0,672.8,846.8,165.2,0,1,0,1,1,1,130.6,-217.6,174.0,-681.5999999999999,101.53333333333335,561.6,217.6,681.5999999999999,165.2,1,22,1,1
217.6,0.0,428.4,846.8,165.2,447.2,1,0,1,1,1,1,-217.6,428.4,-681.5999999999999,282.0,215.33333333333334,486.40000000000003,428.4,681.5999999999999,1.04145319049837,1,22,0,1
0.0,428.4,62.4,165.2,447.2,660.4,0,1,0,1,1,1,428.4,-366.0,282.0,213.2,163.6,424.26666666666665,428.4,495.2,10.416403785488958,1,22,1,1
428.4,62.4,493.8,447.2,660.4,4190.8,1,0,1,1,1,1,-366.0,431.40000000000003,213.2,3530.4,328.2,1766.1333333333332,431.40000000000003,3743.6000000000004,8.469684721099433,1,22,1,1
62.4,493.8,173.2,660.4,4190.8,608.8,0,1,1,1,1,1,431.40000000000003,-320.6,3530.4,-3582.0,243.13333333333335,1820.0,431.40000000000003,3582.0,3.494833524684271,1,22,0,1
493.8,173.2,0.0,4190.8,608.8,165.2,1,1,0,1,1,1,-320.6,-173.2,-3582.0,-443.59999999999997,222.33333333333334,1654.9333333333334,493.8,4025.6000000000004,165.2,1,22,1,1
173.2,0.0,2123.8,608.8,165.2,1087.8,1,0,1,1,1,1,-173.2,2123.8,-443.59999999999997,922.5999999999999,765.6666666666666,620.6,2123.8,922.5999999999999,0.5119540662650601,1,22,1,1
0.0,2123.8,1315.4,165.2,1087.8,2996.2,0,1,1,1,1,1,2123.8,-808.4000000000001,922.5999999999999,1908.3999999999999,1146.4,1416.3999999999999,2123.8,2831.0,2.276055910057733,1,22,1,1
2123.8,1315.4,498.6,1087.8,2996.2,1174.0,1,1,1,1,1,1,-808.4000000000001,-816.8000000000001,1908.3999999999999,-1822.1999999999998,1312.6000000000001,1752.6666666666667,1625.2000000000003,1908.3999999999999,2.3498799039231386,1,22,0,0
1315.4,498.6,13.2,2996.2,1174.0,13.2,1,1,0,1,1,0,-816.8000000000001,-485.40000000000003,-1822.1999999999998,-1160.8,609.0666666666667,1394.4666666666665,1302.2,2983.0,0.9295774647887324,1,22,0,1
498.6,13.2,86.2,1174.0,13.2,607.2,1,0,0,1,0,1,-485.40000000000003,73.0,-1160.8,594.0,199.33333333333334,598.1333333333333,485.40000000000003,1160.8,6.963302752293578,1,22,0,1
13.2,86.2,131.4,13.2,607.2,284.4,0,0,0,0,1,1,73.0,45.2,594.0,-322.80000000000007,76.93333333333334,301.6,118.2,594.0,2.148036253776435,1,22,0,1
86.2,131.4,0.0,607.2,284.4,607.2,0,0,0,1,1,1,45.2,-131.4,-322.80000000000007,322.80000000000007,72.53333333333335,499.6000000000001,131.4,322.80000000000007,607.2,1,22,0,0
131.4,0.0,13.2,284.4,607.2,0.0,0,0,0,1,1,0,-131.4,13.2,322.80000000000007,-607.2,48.199999999999996,297.2,131.4,607.2,0.0,1,22,1,1
0.0,13.2,433.4,607.2,0.0,1420.0,0,0,1,1,0,1,13.2,420.2,-607.2,1420.0,148.86666666666665,675.7333333333333,433.4,1420.0,3.268876611418048,1,22,0,1
13.2,433.4,0.0,0.0,1420.0,418.0,0,1,0,0,1,1,420.2,-433.4,1420.0,-1002.0,148.86666666666665,612.6666666666666,433.4,1420.0,418.0,1,22,0,1
433.4,0.0,0.0,1420.0,418.0,178.8,1,0,0,1,1,1,-433.4,0.0,-1002.0,-239.2,144.46666666666667,672.2666666666667,433.4,1241.2,178.8,1,22,0,0
0.0,0.0,0.0,418.0,178.8,71.2,0,0,0,1,1,0,0.0,0.0,-239.2,-107.60000000000001,0.0,222.66666666666666,0.0,346.8,71.2,1,22,1,1
0.0,0.0,306.4,178.8,71.2,226.2,0,0,1,1,0,1,0.0,306.4,-107.60000000000001,155.0,102.13333333333333,158.73333333333332,306.4,155.0,0.7358490566037736,1,22,0,0
0.0,306.4,0.0,71.2,226.2,31.2,0,1,0,0,1,0,306.4,-306.4,155.0,-195.0,102.13333333333333,109.53333333333332,306.4,195.0,31.2,1,22,1,1
306.4,0.0,766.6,226.2,31.2,556.8,1,0,1,1,0,1,-306.4,766.6,-195.0,525.5999999999999,357.6666666666667,271.4,766.6,525.5999999999999,0.7253778009379884,1,22,0,1
0.0,766.6,0.0,31.2,556.8,438.8,0,1,0,0,1,1,766.6,-766.6,525.5999999999999,-117.99999999999994,255.53333333333333,342.26666666666665,766.6,525.5999999999999,438.8,1,22,0,1
766.6,0.0,0.0,556.8,438.8,200.0,1,0,0,1,1,1,-766.6,0.0,-117.99999999999994,-238.8,255.53333333333333,398.5333333333333,766.6,356.79999999999995,200.0,1,22,0,0
0.0,0.0,0.0,438.8,200.0,92.4,0,0,0,1,1,0,0.0,0.0,-238.8,-107.6,0.0,243.73333333333332,0.0,346.4,92.4,1,22,0,1
0.0,0.0,31.2,200.0,92.4,707.6,0,0,0,1,0,1,0.0,31.2,-107.6,615.2,10.4,333.3333333333333,31.2,615.2,21.975155279503106,1,22,1,1
0.0,31.2,5954.2,92.4,707.6,4970.0,0,0,1,0,1,1,31.2,5923.0,615.2,4262.4,1995.1333333333332,1923.3333333333333,5954.2,4877.6,0.8345647501343364,1,22,1,0
31.2,5954.2,764.8,707.6,4970.0,81.0,0,1,1,1,1,0,5923.0,-5189.4,4262.4,-4889.0,2250.0666666666666,1919.5333333333335,5923.0,4889.0,0.10577174196918256,1,22,2,2
5954.2,764.8,12737.4,4970.0,81.0,27250.8,1,1,2,1,0,2,-5189.4,11972.6,-4889.0,27169.8,6485.466666666667,10767.266666666666,11972.6,27169.8,2.1392639577968975,2,3,2,2
764.8,12737.4,106558.4,81.0,27250.8,23464.0,1,2,2,0,2,2,11972.6,93821.0,27169.8,-3786.7999999999993,40020.2,16931.933333333334,105793.59999999999,27169.8,0.2201964350399871,2,3,2,2
12737.4,106558.4,292221.2,27250.8,23464.0,39943.6,2,2,2,2,2,2,93821.0,185662.80000000002,-3786.7999999999993,16479.6,137172.33333333334,30219.466666666664,279483.8,16479.6,0.13668913586989626,2,3,3,2
106558.4,292221.2,519232.6,23464.0,39943.6,30869.0,2,2,3,2,2,2,185662.80000000002,227011.39999999997,16479.6,-9074.599999999999,306004.06666666665,31425.533333333336,412674.19999999995,16479.6,0.059451083288908885,2,3,3,2
292221.2,519232.6,374696.8,39943.6,30869.0,47240.6,2,3,3,2,2,2,227011.39999999997,-144535.8,-9074.599999999999,16371.599999999999,395383.5333333334,39351.06666666667,227011.39999999997,16371.599999999999,0.1260765342097018,2,3,2,2
519232.6,374696.8,132291.4,30869.0,47240.6,20893.2,3,3,2,2,2,2,-144535.8,-242405.4,16371.599999999999,-26347.399999999998,342073.6,33000.933333333334,386941.19999999995,26347.399999999998,0.15793197492826497,2,3,3,2
374696.8,132291.4,381491.4,47240.6,20893.2,24012.4,3,2,3,2,2,2,-242405.4,249200.00000000003,-26347.399999999998,3119.2000000000007,296159.86666666664,30715.400000000005,249200.00000000003,26347.399999999998,0.06294332469008557,2,6,2,2
132291.4,381491.4,182825.6,20893.2,24012.4,15552.4,2,3,2,2,2,2,249200.00000000003,-198665.80000000002,3119.2000000000007,-8460.000000000002,232202.80000000002,20152.666666666668,249200.00000000003,8460.000000000002,0.08506639624649805,2,6,1,2
381491.4,182825.6,689.2,24012.4,15552.4,8252.8,3,2,1,2,2,2,-198665.80000000002,-182136.4,-8460.000000000002,-7299.6,188335.4,15939.200000000003,380802.2,15759.600000000002,11.95711388003477,2,6,2,2
182825.6,689.2,279585.4,15552.4,8252.8,30292.4,2,1,2,2,2,2,-182136.4,278896.2,-7299.6,22039.600000000002,154366.73333333337,18032.533333333333,278896.2,22039.600000000002,0.1083471871307045,2,6,3,2
689.2,279585.4,506992.2,8252.8,30292.4,30061.6,1,2,3,2,2,2,278896.2,227406.8,22039.600000000002,-230.8000000000029,262422.26666666666,22868.93333333333,506303.0,22039.600000000002,0.05929389191018735,2,6,2,2
279585.4,506992.2,294949.2,30292.4,30061.6,28041.2,2,3,2,2,2,2,227406.8,-212043.0,-230.8000000000029,-2020.3999999999978,360508.93333333335,29465.066666666666,227406.8,2251.2000000000007,0.09507096452214644,2,6,2,2
506992.2,294949.2,212683.2,30061.6,28041.2,29995.6,3,2,2,2,2,2,-212043.0,-82266.0,-2020.3999999999978,1954.3999999999978,338208.2,29366.13333333333,294309.0,2020.3999999999978,0.14103351353791208,2,6,2,2
294949.2,212683.2,166126.8,28041.2,29995.6,21087.2,2,2,2,2,2,2,-82266.0,-46556.40000000002,1954.3999999999978,-8908.399999999998,224586.4,26374.666666666668,128822.40000000002,8908.399999999998,0.12693360172108462,2,6,2,2
212683.2,166126.8,189168.4,29995.6,21087.2,15576.4,2,2,2,2,2,2,-46556.40000000002,23041.600000000006,-8908.399999999998,-5510.800000000001,189326.13333333333,22219.733333333334,46556.40000000002,14419.199999999999,0.0823410128699462,2,6,2,2
166126.8,189168.4,206205.2,21087.2,15576.4,13916.8,2,2,2,2,2,2,23041.600000000006,17036.800000000017,-5510.800000000001,-1659.6000000000004,187166.79999999996,16860.13333333333,40078.40000000002,7170.4000000000015,0.06748972630308885,2,6,2,2
189168.4,206205.2,261918.4,15576.4,13916.8,43163.4,2,2,2,2,2,2,17036.800000000017,55713.19999999998,-1659.6000000000004,29246.600000000002,219097.33333333334,24218.86666666667,72750.0,29246.600000000002,0.1647964984647949,2,6,2,2
206205.2,261918.4,255616.6,13916.8,43163.4,28841.8,2,2,2,2,2,2,55713.19999999998,-6301.799999999988,29246.600000000002,-14321.600000000002,241246.7333333333,28640.666666666668,55713.19999999998,29246.600000000002,0.1128318237867815,2,6,3,2
261918.4,255616.6,341938.2,43163.4,28841.8,66196.8,2,2,3,2,2,2,-6301.799999999988,86321.6,-14321.600000000002,37355.0,286491.06666666665,46067.333333333336,86321.6,37355.0,0.1935923111477128,2,6,3,2
255616.6,341938.2,350195.2,28841.8,66196.8,44964.4,2,3,3,2,2,2,86321.6,8257.0,37355.0,-21232.4,315916.6666666667,46667.666666666664,94578.6,37355.0,0.12839773818219616,2,6,3,2
341938.2,350195.2,376911.0,66196.8,44964.4,28660.4,3,3,3,2,2,2,8257.0,26715.79999999999,-21232.4,-16304.0,356348.1333333333,46607.200000000004,34972.79999999999,37536.4,0.07604003056416352,2,6,2,2
350195.2,376911.0,257988.4,44964.4,28660.4,18524.0,3,3,2,2,2,2,26715.79999999999,-118922.6,-16304.0,-10136.400000000001,328364.86666666664,30716.266666666666,118922.6,26440.4,0.07180139959238635,2,6,3,2
376911.0,257988.4,394959.4,28660.4,18524.0,23753.8,3,2,3,2,2,2,-118922.6,136971.00000000003,-10136.400000000001,5229.799999999999,343286.26666666666,23646.066666666666,136971.00000000003,10136.400000000001,0.06014223198072515,2,6,2,2
257988.4,394959.4,254092.6,18524.0,23753.8,16965.0,2,3,2,2,2,2,136971.00000000003,-140866.80000000002,5229.799999999999,-6788.799999999999,302346.8,19747.600000000002,140866.80000000002,6788.799999999999,0.06676673477805029,2,6,3,2
394959.4,254092.6,420789.2,23753.8,16965.0,26199.2,3,2,3,2,2,2,-140866.80000000002,166696.6,-6788.799999999999,9234.2,356613.73333333334,22306.0,166696.6,9234.2,0.06226190628964268,2,6,2,2
254092.6,420789.2,191801.2,16965.0,26199.2,17009.6,2,3,2,2,2,2,166696.6,-228988.0,9234.2,-9189.600000000002,288894.3333333333,20057.93333333333,228988.0,9234.2,0.0886830286618193,2,6,2,1
420789.2,191801.2,15804.8,26199.2,17009.6,1716.8,3,2,2,2,2,1,-228988.0,-175996.40000000002,-9189.600000000002,-15292.8,209465.06666666668,14975.200000000003,404984.4,24482.4,0.1086183552872996,2,6,1,1
191801.2,15804.8,167.2,17009.6,1716.8,1226.0,2,2,1,2,1,1,-175996.40000000002,-15637.599999999999,-15292.8,-490.79999999999995,69257.73333333334,6650.799999999999,191634.0,15783.599999999999,7.288941736028538,2,6,2,2
15804.8,167.2,190840.8,1716.8,1226.0,11722.4,2,1,2,1,1,2,-15637.599999999999,190673.59999999998,-490.79999999999995,10496.4,68937.59999999999,4888.400000000001,190673.59999999998,10496.4,0.06142469836272767,2,6,2,2
167.2,190840.8,114947.2,1226.0,11722.4,15472.4,1,2,2,1,2,2,190673.59999999998,-75893.59999999999,10496.4,3750.0,101985.06666666667,9473.6,190673.59999999998,14246.4,0.13460323867620372,2,6,2,2
190840.8,114947.2,172492.6,11722.4,15472.4,34012.6,2,2,2,2,2,2,-75893.59999999999,57545.40000000001,3750.0,18540.199999999997,159426.86666666667,20402.466666666664,75893.59999999999,22290.199999999997,0.19718180848448869,2,6,2,2
114947.2,172492.6,284209.2,15472.4,34012.6,69805.6,2,2,2,2,2,2,57545.40000000001,111716.6,18540.199999999997,35793.00000000001,190549.66666666666,39763.53333333333,169262.0,54333.200000000004,0.24561257829592323,2,6,2,2
172492.6,284209.2,185338.0,34012.6,69805.6,33881.8,2,2,2,2,2,2,111716.6,-98871.20000000001,35793.00000000001,-35923.8,214013.2666666667,45900.0,111716.6,35923.8,0.1828098781152375,3,0,3,2
284209.2,185338.0,426623.2,69805.6,33881.8,42841.4,2,2,3,2,2,2,-98871.20000000001,241285.2,-35923.8,8959.599999999999,298723.4666666667,48842.93333333334,241285.2,35923.8,0.10041952613096022,3,0,3,2
185338.0,426623.2,377798.4,33881.8,42841.4,22933.2,2,3,3,2,2,2,241285.2,-48824.79999999999,8959.599999999999,-19908.2,329919.86666666664,33218.8,241285.2,19908.2,0.060702055111786835,3,0,2,2
426623.2,377798.4,194010.8,42841.4,22933.2,20708.2,3,3,2,2,2,2,-48824.79999999999,-183787.60000000003,-19908.2,-2225.0,332810.80000000005,28827.600000000002,232612.40000000002,22133.2,0.10673680673031229,3,0,2,2
377798.4,194010.8,111546.2,22933.2,20708.2,11635.6,3,2,2,2,2,2,-183787.60000000003,-82464.59999999999,-2225.0,-9072.6,227785.1333333333,18425.666666666668,266252.2,11297.6,0.10431100018646816,3,0,2,2
194010.8,111546.2,76237.8,20708.2,11635.6,7410.2,2,2,2,2,2,2,-82464.59999999999,-35308.399999999994,-9072.6,-4225.400000000001,127264.93333333333,13251.333333333334,117772.99999999999,13298.0,0.09719722765835768,3,0,1,1
111546.2,76237.8,823.6,11635.6,7410.2,2330.8,2,2,1,2,2,1,-35308.399999999994,-75414.2,-4225.400000000001,-5079.4,62869.200000000004,7125.533333333333,110722.59999999999,9304.8,2.826582585495998,3,0,1,1
76237.8,823.6,262.0,7410.2,2330.8,1276.2,2,1,1,2,1,1,-75414.2,-561.6,-5079.4,-1054.6000000000001,25774.46666666667,3672.4,75975.8,6134.0,4.852471482889734,1,22,1,1
823.6,262.0,347.8,2330.8,1276.2,1602.2,1,1,1,1,1,1,-561.6,85.80000000000001,-1054.6000000000001,326.0,477.79999999999995,1736.3999999999999,561.6,1054.6000000000001,4.593463302752293,3,0,1,1
262.0,347.8,328.0,1276.2,1602.2,727.0,1,1,1,1,1,1,85.80000000000001,-19.80000000000001,326.0,-875.2,312.59999999999997,1201.8,85.80000000000001,875.2,2.209726443768997,3,0,1,1
347.8,328.0,265.6,1602.2,727.0,643.2,1,1,1,1,1,1,-19.80000000000001,-62.39999999999998,-875.2,-83.79999999999995,313.8,990.7999999999998,82.19999999999999,959.0,2.412603150787697,3,0,1,1
328.0,265.6,238.6,727.0,643.2,1211.8,1,1,1,1,1,1,-62.39999999999998,-27.00000000000003,-83.79999999999995,568.5999999999999,277.40000000000003,860.6666666666666,89.4,568.5999999999999,5.057595993322203,3,0,1,1
265.6,238.6,324.4,643.2,1211.8,374.8,1,1,1,1,1,1,-27.00000000000003,85.79999999999998,568.5999999999999,-837.0,276.2,743.2666666666668,85.79999999999998,837.0,1.1518131530424094,3,0,0,1
238.6,324.4,80.4,1211.8,374.8,747.6,1,1,0,1,1,1,85.79999999999998,-243.99999999999997,-837.0,372.8,214.46666666666667,778.0666666666666,243.99999999999997,837.0,9.184275184275183,1,22,0,1
324.4,80.4,0.0,374.8,747.6,178.8,1,0,0,1,1,1,-243.99999999999997,-80.4,372.8,-568.8,134.9333333333333,433.73333333333335,324.4,568.8,178.8,1,22,0,1
80.4,0.0,118.0,747.6,178.8,182.4,0,0,0,1,1,1,-80.4,118.0,-568.8,3.5999999999999943,66.13333333333334,369.6000000000001,118.0,568.8,1.5327731092436976,3,0,0,0
0.0,118.0,26.8,178.8,182.4,43.0,0,0,0,1,1,0,118.0,-91.2,3.5999999999999943,-139.4,48.26666666666667,134.73333333333335,118.0,139.4,1.5467625899280575,3,0,0,1
118.0,26.8,120.2,182.4,43.0,177.2,0,0,0,1,0,1,-91.2,93.4,-139.4,134.2,88.33333333333333,134.20000000000002,93.4,139.4,1.4620462046204619,3,0,0,0
26.8,120.2,0.0,43.0,177.2,57.6,0,0,0,0,1,0,93.4,-120.2,134.2,-119.6,49.0,92.60000000000001,120.2,134.2,57.6,3,0,1,1
120.2,0.0,183.6,177.2,57.6,247.2,0,0,1,1,0,1,-120.2,183.6,-119.6,189.6,101.26666666666667,160.66666666666666,183.6,189.6,1.3391115926327193,3,0,1,1
0.0,183.6,738.8,57.6,247.2,1306.8,0,1,1,0,1,1,183.6,555.1999999999999,189.6,1059.6,307.46666666666664,537.1999999999999,738.8,1249.2,1.7664233576642336,3,0,2,2
183.6,738.8,74495.8,247.2,1306.8,9906.8,1,1,2,1,1,2,555.1999999999999,73757.0,1059.6,8600.0,25139.399999999998,3820.2666666666664,74312.2,9659.599999999999,0.1329828932249439,1,22,0,0
738.8,74495.8,88.8,1306.8,9906.8,43.2,1,2,0,1,2,0,73757.0,-74407.0,8600.0,-9863.599999999999,25107.800000000003,3752.2666666666664,74407.0,9863.599999999999,0.4810690423162584,1,22,1,0
74495.8,88.8,237.4,9906.8,43.2,134.8,2,0,1,2,0,0,-74407.0,148.60000000000002,-9863.599999999999,91.60000000000001,24940.666666666668,3361.6,74407.0,9863.599999999999,0.5654362416107382,3,0,1,1
88.8,237.4,1317.6,43.2,134.8,3143.6,0,1,1,0,0,1,148.60000000000002,1080.1999999999998,91.60000000000001,3008.7999999999997,547.9333333333333,1107.2,1228.8,3100.4,2.384043682693766,3,0,0,0
237.4,1317.6,116.6,134.8,3143.6,59.6,1,1,0,0,1,0,1080.1999999999998,-1201.0,3008.7999999999997,-3084.0,557.1999999999999,1112.6666666666667,1201.0,3084.0,0.5068027210884354,3,0,0,0
1317.6,116.6,90.2,3143.6,59.6,121.6,1,0,0,1,0,0,-1201.0,-26.39999999999999,-3084.0,61.99999999999999,508.13333333333327,1108.2666666666667,1227.3999999999999,3084.0,1.3333333333333333,3,0,0,1
116.6,90.2,147.0,59.6,121.6,181.2,0,0,0,0,0,1,-26.39999999999999,56.8,61.99999999999999,59.599999999999994,117.93333333333334,120.8,56.8,121.6,1.2243243243243243,3,0,0,1
90.2,147.0,146.0,121.6,181.2,201.8,0,0,0,0,1,1,56.8,-1.0,59.599999999999994,20.600000000000023,127.73333333333333,168.2,56.8,80.20000000000002,1.3727891156462586,3,0,2,1
147.0,146.0,22008.6,181.2,201.8,4131.0,0,0,2,1,1,1,-1.0,21862.6,20.600000000000023,3929.2,7433.866666666666,1504.6666666666667,21862.6,3949.8,0.18769082582145974,3,0,2,2
146.0,22008.6,176505.4,201.8,4131.0,31425.8,0,2,2,1,1,2,21862.6,154496.8,3929.2,27294.8,66220.0,11919.533333333333,176359.4,31224.0,0.17804340239220787,3,0,0,1
22008.6,176505.4,12.8,4131.0,31425.8,217.8,2,2,0,1,2,1,154496.8,-176492.6,27294.8,-31208.0,66175.59999999999,11924.866666666669,176492.6,31208.0,15.782608695652174,3,0,3,2
176505.4,12.8,478853.2,31425.8,217.8,22541.8,2,0,3,2,1,2,-176492.6,478840.4,-31208.0,22324.0,218457.13333333333,18061.8,478840.4,31208.0,0.04707445397784962,3,0,3,2
12.8,478853.2,464092.2,217.8,22541.8,16083.2,0,3,3,1,2,2,478840.4,-14761.0,22324.0,-6458.5999999999985,314319.39999999997,12947.6,478840.4,22324.0,0.034655108068810316,3,0,3,2
478853.2,464092.2,411878.4,22541.8,16083.2,15431.0,3,3,3,2,2,2,-14761.0,-52213.79999999999,-6458.5999999999985,-652.2000000000007,451607.93333333335,18018.666666666668,66974.79999999999,7110.799999999999,0.03746485014788309,3,0,3,2
464092.2,411878.4,468067.0,16083.2,15431.0,21194.4,3,3,3,2,2,2,-52213.79999999999,56188.59999999998,-652.2000000000007,5763.4000000000015,448012.5333333334,17569.533333333336,56188.59999999998,5763.4000000000015,0.04528060025466386,3,0,3,2
411878.4,468067.0,320388.2,15431.0,21194.4,13413.6,3,3,3,2,2,2,56188.59999999998,-147678.8,5763.4000000000015,-7780.800000000001,400111.2,16679.666666666668,147678.8,7780.800000000001,0.04186657977235188,3,0,2,2
468067.0,320388.2,235532.0,21194.4,13413.6,11313.8,3,3,2,2,2,2,-147678.8,-84856.20000000001,-7780.800000000001,-2099.800000000001,341329.06666666665,15307.266666666668,232535.0,9880.600000000002,0.048034882585455116,3,0,3,2
320388.2,235532.0,433961.6,13413.6,11313.8,18425.2,3,2,3,2,2,2,-84856.20000000001,198429.59999999998,-2099.800000000001,7111.4000000000015,329960.6,14384.200000000003,198429.59999999998,7111.4000000000015,0.04245803670638899,3,0,3,2
235532.0,433961.6,610911.4,11313.8,18425.2,26140.0,2,3,3,2,2,2,198429.59999999998,176949.80000000005,7111.4000000000015,7714.799999999999,426801.6666666667,18626.333333333332,375379.4,14826.2,0.042788458705372484,3,0,3,2
433961.6,610911.4,711624.2,18425.2,26140.0,30414.2,3,3,3,2,2,2,176949.80000000005,100712.79999999993,7714.799999999999,4274.200000000001,585499.0666666667,24993.13333333333,277662.6,11989.0,0.042739071072806306,3,0,3,2
610911.4,711624.2,465288.2,26140.0,30414.2,20284.2,3,3,3,2,2,2,100712.79999999993,-246335.99999999994,4274.200000000001,-10130.0,595941.2666666667,25612.8,246335.99999999994,10130.0,0.043594822316959,3,0,0,0
711624.2,465288.2,13.2,30414.2,20284.2,10.8,3,3,0,2,2,0,-246335.99999999994,-465275.0,-10130.0,-20273.4,392308.53333333327,16903.06666666667,711611.0,30403.4,0.7605633802816902,3,0,2,1
465288.2,13.2,42904.4,20284.2,10.8,3358.2,3,0,2,2,0,1,-465275.0,42891.200000000004,-20273.4,3347.3999999999996,169401.93333333335,7884.400000000001,465275.0,20273.4,0.07826986812848731,3,0,0,0
13.2,42904.4,13.2,10.8,3358.2,0.0,0,2,0,0,1,0,42891.200000000004,-42891.200000000004,3347.3999999999996,-3358.2,14310.266666666665,1123.0,42891.200000000004,3358.2,0.0,3,0,2,1
42904.4,13.2,23479.2,3358.2,0.0,2011.6,2,0,2,1,0,1,-42891.200000000004,23466.0,-3358.2,2011.6,22132.266666666666,1789.9333333333332,42891.200000000004,3358.2,0.08567218337152153,3,0,0,0
13.2,23479.2,86.4,0.0,2011.6,97.2,0,2,0,0,1,0,23466.0,-23392.8,2011.6,-1914.3999999999999,7859.600000000001,702.9333333333333,23466.0,2011.6,1.1121281464530892,3,0,0,0
23479.2,86.4,69.6,2011.6,97.2,58.0,2,0,0,1,0,0,-23392.8,-16.80000000000001,-1914.3999999999999,-39.2,7878.400000000001,722.2666666666665,23409.600000000002,1953.6,0.821529745042493,3,0,1,1
86.4,69.6,6427.8,97.2,58.0,605.0,0,0,1,0,0,1,-16.80000000000001,6358.2,-39.2,547.0,2194.6,253.4,6358.2,547.0,0.0941077650572424,3,0,0,0
69.6,6427.8,13.2,58.0,605.0,42.0,0,1,0,0,1,0,6358.2,-6414.6,547.0,-563.0,2170.2000000000003,235.0,6414.6,563.0,2.9577464788732395,3,0,0,0
6427.8,13.2,41.6,605.0,42.0,89.4,1,0,0,1,0,0,-6414.6,28.400000000000002,-563.0,47.400000000000006,2160.866666666667,245.46666666666667,6414.6,563.0,2.0985915492957745,3,0,0,1
13.2,41.6,127.4,42.0,89.4,805.0,0,0,0,0,0,1,28.400000000000002,85.80000000000001,47.400000000000006,715.6,60.73333333333333,312.1333333333333,114.2,763.0,6.269470404984423,3,0,2,1
41.6,127.4,9847.8,89.4,805.0,730.0,0,0,2,0,1,1,85.80000000000001,9720.4,715.6,-75.0,3338.933333333333,541.4666666666667,9806.199999999999,715.6,0.07412070506051499,3,0,0,0
127.4,9847.8,82.2,805.0,730.0,92.0,0,2,0,1,1,0,9720.4,-9765.599999999999,-75.0,-638.0,3352.4666666666667,542.3333333333334,9765.599999999999,713.0,1.1057692307692308,3,0,0,0
9847.8,82.2,28.8,730.0,92.0,48.2,2,0,0,1,0,0,-9765.599999999999,-53.400000000000006,-638.0,-43.8,3319.6,290.06666666666666,9819.0,681.8,1.6174496644295302,3,0,1,1
82.2,28.8,5920.0,92.0,48.2,729.4,0,0,1,0,0,1,-53.400000000000006,5891.2,-43.8,681.1999999999999,2010.3333333333333,289.8666666666666,5891.2,681.1999999999999,0.1231886505657828,3,0,2,2
28.8,5920.0,7224.8,48.2,729.4,8665.6,0,1,2,0,1,2,5891.2,1304.8000000000002,681.1999999999999,7936.200000000001,4391.2,3147.7333333333336,7196.0,8617.4,1.1992582136234051,3,2,1,0
5920.0,7224.8,1254.2,729.4,8665.6,147.6,1,2,1,1,2,0,1304.8000000000002,-5970.6,7936.200000000001,-8518.0,4799.666666666667,3180.866666666667,5970.6,8518.0,0.11759082217973231,3,0,1,0
7224.8,1254.2,1279.4,8665.6,147.6,112.6,2,1,1,2,0,0,-5970.6,25.200000000000045,-8518.0,-35.0,3252.7999999999997,2975.266666666667,5970.6,8553.0,0.08794126835363948,3,0,1,0
1254.2,1279.4,1270.8,147.6,112.6,85.2,1,1,1,0,0,0,25.200000000000045,-8.600000000000136,-35.0,-27.39999999999999,1268.1333333333334,115.13333333333333,25.200000000000045,62.39999999999999,0.06699166535618808,3,0,1,1
1279.4,1270.8,1145.6,112.6,85.2,257.2,1,1,1,0,0,1,-8.600000000000136,-125.20000000000005,-27.39999999999999,172.0,1231.9333333333332,151.66666666666666,133.80000000000018,172.0,0.22431536717251005,3,0,1,1
1270.8,1145.6,1154.2,85.2,257.2,1159.8,1,1,1,0,1,1,-125.20000000000005,8.600000000000136,172.0,902.5999999999999,1190.1999999999998,500.7333333333333,125.20000000000005,1074.6,1.0039819944598338,3,0,1,1
1145.6,1154.2,947.2,257.2,1159.8,493.8,1,1,1,1,1,1,8.600000000000136,-207.0,902.5999999999999,-666.0,1082.3333333333333,636.9333333333333,207.0,902.5999999999999,0.5207762075511495,3,0,1,2
1154.2,947.2,1504.0,1159.8,493.8,9469.6,1,1,1,1,1,2,-207.0,556.8,-666.0,8975.800000000001,1201.8,3707.7333333333336,556.8,8975.800000000001,6.2920930232558145,3,0,1,2
947.2,1504.0,1720.0,493.8,9469.6,12700.8,1,1,1,1,2,2,556.8,216.0,8975.800000000001,3231.199999999999,1390.3999999999999,7554.733333333333,772.8,12207.0,7.379895409645554,3,0,2,2
1504.0,1720.0,185100.6,9469.6,12700.8,32239.2,1,1,2,2,2,2,216.0,183380.6,3231.199999999999,19538.4,62774.86666666667,18136.533333333336,183596.6,22769.6,0.17417029350367583,3,0,2,2
1720.0,185100.6,255238.4,12700.8,32239.2,26039.8,1,2,2,2,2,2,183380.6,70137.79999999999,19538.4,-6199.4000000000015,147353.0,23659.933333333334,253518.4,19538.4,0.1020210829519267,3,0,2,2
185100.6,255238.4,237455.4,32239.2,26039.8,16464.6,2,2,2,2,2,2,70137.79999999999,-17783.0,-6199.4000000000015,-9575.2,225931.46666666667,24914.533333333336,70137.79999999999,15774.600000000002,0.06933736045859366,3,0,2,2
255238.4,237455.4,170959.2,26039.8,16464.6,12899.2,2,2,2,2,2,2,-17783.0,-66496.19999999998,-9575.2,-3565.399999999998,221217.66666666666,18467.866666666665,84279.19999999998,13140.599999999999,0.07545147935016454,3,0,1,1
237455.4,170959.2,450.6,16464.6,12899.2,695.4,2,2,1,2,2,1,-66496.19999999998,-170508.6,-3565.399999999998,-12203.800000000001,136288.4,10019.733333333334,237004.8,15769.199999999999,1.5398582816651902,3,0,1,1
170959.2,450.6,488.2,12899.2,695.4,151.0,2,1,1,2,1,1,-170508.6,37.599999999999966,-12203.800000000001,-544.4,57299.33333333334,4581.866666666667,170508.6,12748.2,0.30866721177432543,3,0,1,1
450.6,488.2,392.6,695.4,151.0,1725.8,1,1,1,1,1,1,37.599999999999966,-95.59999999999997,-544.4,1574.8,443.8,857.4,95.59999999999997,1574.8,4.384654471544715,3,0,1,0
488.2,392.6,248.4,151.0,1725.8,14.0,1,1,1,1,1,0,-95.59999999999997,-144.20000000000002,1574.8,-1711.8,376.40000000000003,630.2666666666667,239.79999999999998,1711.8,0.056134723336006415,1,22,2,1
392.6,248.4,8257.4,1725.8,14.0,4287.4,1,1,2,1,0,1,-144.20000000000002,8009.0,-1711.8,4273.4,2966.133333333333,2009.0666666666666,8009.0,4273.4,0.5191562530272208,3,0,2,2
248.4,8257.4,88457.4,14.0,4287.4,9405.2,1,2,2,0,1,2,8009.0,80200.0,4273.4,5117.800000000001,32321.066666666666,4568.866666666667,88209.0,9391.2,0.10632342434409849,3,0,2,1
8257.4,88457.4,25357.6,4287.4,9405.2,6015.2,2,2,2,1,2,1,80200.0,-63099.799999999996,5117.800000000001,-3390.000000000001,40690.799999999996,6569.266666666666,80200.0,5117.800000000001,0.2372055239642567,3,0,2,2
88457.4,25357.6,125922.4,9405.2,6015.2,12560.2,2,2,2,2,1,2,-63099.799999999996,100564.79999999999,-3390.000000000001,6545.000000000001,79912.46666666666,9326.866666666667,100564.79999999999,6545.000000000001,0.09974476546853088,3,0,2,2
25357.6,125922.4,143772.0,6015.2,12560.2,8713.8,2,2,2,1,2,2,100564.79999999999,17849.600000000006,6545.000000000001,-3846.4000000000015,98350.66666666667,9096.4,118414.4,6545.000000000001,0.06060804184373978,3,0,2,2
125922.4,143772.0,291864.8,12560.2,8713.8,23860.4,2,2,2,2,2,2,17849.600000000006,148092.8,-3846.4000000000015,15146.600000000002,187186.4,15044.800000000001,165942.4,15146.600000000002,0.08175127061820879,3,0,2,2
143772.0,291864.8,246970.6,8713.8,23860.4,11006.6,2,2,2,2,2,2,148092.8,-44894.19999999998,15146.600000000002,-12853.800000000001,227535.80000000002,14526.933333333334,148092.8,15146.600000000002,0.04456625782073728,3,0,2,2
291864.8,246970.6,220084.4,23860.4,11006.6,9818.2,2,2,2,2,2,2,-44894.19999999998,-26886.20000000001,-12853.800000000001,-1188.3999999999996,252973.2666666667,14895.066666666666,71780.4,14042.2,0.04461086469161517,3,0,3,2
246970.6,220084.4,357830.0,11006.6,9818.2,12520.6,2,2,3,2,2,2,-26886.20000000001,137745.6,-1188.3999999999996,2702.3999999999996,274961.6666666667,11115.133333333333,137745.6,2702.3999999999996,0.034990260765556926,3,0,3,2
220084.4,357830.0,432866.8,9818.2,12520.6,13167.6,2,3,3,2,2,2,137745.6,75036.79999999999,2702.3999999999996,647.0,336927.06666666665,11835.466666666667,212782.4,3349.3999999999996,0.03041944907891047,3,0,2,2
357830.0,432866.8,156901.8,12520.6,13167.6,6760.4,3,3,2,2,2,2,75036.79999999999,-275965.0,647.0,-6407.200000000001,315866.2,10816.199999999999,275965.0,6407.200000000001,0.0430865478500065,3,0,2,1
432866.8,156901.8,17967.8,13167.6,6760.4,3588.4,3,2,2,2,2,1,-275965.0,-138934.0,-6407.200000000001,-3171.9999999999995,202578.80000000002,7838.8,414899.0,9579.2,0.19970170517786387,3,0,2,1
156901.8,17967.8,139206.2,6760.4,3588.4,5944.0,2,2,2,2,1,1,-138934.0,121238.40000000001,-3171.9999999999995,2355.6,104691.93333333333,5430.933333333333,138934.0,3171.9999999999995,0.042698940859380835,3,0,2,2
17967.8,139206.2,296045.2,3588.4,5944.0,10017.6,2,2,2,1,1,2,121238.40000000001,156839.0,2355.6,4073.6000000000004,151073.06666666668,6516.666666666667,278077.4,6429.200000000001,0.03383796177758742,3,0,2,2
139206.2,296045.2,278982.0,5944.0,10017.6,14248.4,2,2,2,1,2,2,156839.0,-17063.20000000001,4073.6000000000004,4230.799999999999,238077.80000000002,10070.0,156839.0,8304.4,0.05107264600351993,3,0,3,2
296045.2,278982.0,447415.8,10017.6,14248.4,15618.0,2,2,3,2,2,2,-17063.20000000001,168433.8,4230.799999999999,1369.6000000000004,340814.3333333333,13294.666666666666,168433.8,5600.4,0.03490704864010471,3,0,3,2
278982.0,447415.8,374216.4,14248.4,15618.0,15416.2,2,3,3,2,2,2,168433.8,-73199.39999999997,1369.6000000000004,-201.79999999999927,366871.4000000001,15094.200000000003,168433.8,1369.6000000000004,0.04119583963760103,3,0,2,2
447415.8,374216.4,245272.4,15618.0,15416.2,11963.0,3,3,2,2,2,2,-73199.39999999997,-128944.00000000003,-201.79999999999927,-3453.2000000000007,355634.86666666664,14332.4,202143.4,3655.0,0.04877414346602608,3,0,2,2
374216.4,245272.4,162882.8,15416.2,11963.0,38162.6,3,2,2,2,2,2,-128944.00000000003,-82389.6,-3453.2000000000007,26199.6,260790.53333333335,21847.266666666666,211333.60000000003,26199.6,0.2342934042550579,3,2,3,2
245272.4,162882.8,444373.2,11963.0,38162.6,43510.4,2,2,3,2,2,2,-82389.6,281490.4,26199.6,5347.800000000003,284176.1333333333,31212.0,281490.4,31547.4,0.09791387528798927,2,3,3,2
162882.8,444373.2,545601.6,38162.6,43510.4,40294.8,2,3,3,2,2,2,281490.4,101228.39999999997,5347.800000000003,-3215.5999999999985,384285.8666666667,40655.933333333334,382718.8,5347.800000000003,0.07385375362947318,2,3,3,2
444373.2,545601.6,385424.2,43510.4,40294.8,29242.6,3,3,3,2,2,2,101228.39999999997,-160177.39999999997,-3215.5999999999985,-11052.200000000004,458466.3333333333,37682.600000000006,160177.39999999997,14267.800000000003,0.07587101206667338,2,3,3,2
545601.6,385424.2,484378.2,40294.8,29242.6,37513.2,3,3,3,2,2,2,-160177.39999999997,98954.0,-11052.200000000004,8270.599999999999,471801.3333333333,35683.53333333333,160177.39999999997,11052.200000000004,0.07744593492040945,2,3,2,1
385424.2,484378.2,32425.6,29242.6,37513.2,4814.4,3,3,2,2,2,1,98954.0,-451952.60000000003,8270.599999999999,-32698.799999999996,300742.6666666667,23856.733333333326,451952.60000000003,32698.799999999996,0.1484706999808799,2,3,1,1
484378.2,32425.6,293.2,37513.2,4814.4,526.8,3,2,1,2,1,1,-451952.60000000003,-32132.399999999998,-32698.799999999996,-4287.599999999999,172365.66666666666,14284.800000000001,484085.0,36986.399999999994,1.7906186267845003,2,3,0,1
32425.6,293.2,91.6,4814.4,526.8,380.0,2,1,0,1,1,1,-32132.399999999998,-201.6,-4287.599999999999,-146.79999999999995,10936.800000000001,1907.0666666666666,32334.0,4434.4,4.1036717062634995,2,3,1,1
293.2,91.6,1385.8,526.8,380.0,3154.4,1,0,1,1,1,1,-201.6,1294.2,-146.79999999999995,2774.4,590.1999999999999,1353.7333333333333,1294.2,2774.4,2.2745889818286704,2,3,0,1
91.6,1385.8,42.4,380.0,3154.4,705.6,0,1,0,1,1,1,1294.2,-1343.3999999999999,2774.4,-2448.8,506.59999999999997,1413.3333333333333,1343.3999999999999,2774.4,16.258064516129032,1,22,1,1
1385.8,42.4,268.8,3154.4,705.6,606.0,1,0,1,1,1,1,-1343.3999999999999,226.4,-2448.8,-99.60000000000002,565.6666666666666,1488.6666666666667,1343.3999999999999,2548.4,2.2461082283172717,1,22,0,0
42.4,268.8,120.8,705.6,606.0,112.8,0,1,0,1,1,0,226.4,-148.0,-99.60000000000002,-493.2,144.0,474.79999999999995,226.4,592.8000000000001,0.9261083743842364,2,3,1,0
268.8,120.8,154.4,606.0,112.8,108.0,1,0,1,1,0,0,-148.0,33.60000000000001,-493.2,-4.799999999999997,181.33333333333334,275.59999999999997,148.0,498.0,0.6949806949806949,2,3,3,2
120.8,154.4,668793.6,112.8,108.0,33745.2,0,1,3,0,0,2,33.60000000000001,668639.2,-4.799999999999997,33637.2,223022.93333333332,11322.0,668672.7999999999,33637.2,0.05045674710890309,2,3,3,2
154.4,668793.6,490572.4,108.0,33745.2,28326.6,1,3,3,0,2,2,668639.2,-178221.19999999995,33637.2,-5418.5999999999985,386506.8,20726.6,668639.2,33637.2,0.05774181804394612,2,3,0,1
668793.6,490572.4,55.6,33745.2,28326.6,262.4,3,3,0,2,2,1,-178221.19999999995,-490516.80000000005,-5418.5999999999985,-28064.199999999997,386473.8666666667,20778.066666666666,668738.0,33482.799999999996,4.636042402826854,1,22,0,1
490572.4,55.6,48.8,28326.6,262.4,233.6,3,0,0,2,1,1,-490516.80000000005,-6.800000000000004,-28064.199999999997,-28.799999999999983,163558.93333333332,9607.533333333333,490523.60000000003,28093.0,4.690763052208836,1,22,2,2
55.6,48.8,82778.2,262.4,233.6,16666.4,0,0,2,1,1,2,-6.800000000000004,82729.4,-28.799999999999983,16432.800000000003,27627.53333333333,5720.8,82729.4,16432.800000000003,0.2013356012138315,1,22,2,2
48.8,82778.2,94833.4,233.6,16666.4,18640.8,0,2,2,1,2,2,82729.4,12055.199999999997,16432.800000000003,1974.3999999999978,59220.13333333333,11846.933333333334,94784.59999999999,18407.2,0.1965615852475473,1,22,2,2
82778.2,94833.4,170445.8,16666.4,18640.8,13700.8,2,2,2,2,2,2,12055.199999999997,75612.4,1974.3999999999978,-4940.0,116019.13333333332,16336.0,87667.59999999999,4940.0,0.08038167921016998,1,22,2,2
94833.4,170445.8,239520.2,18640.8,13700.8,19375.2,2,2,2,2,2,2,75612.4,69074.40000000002,-4940.0,5674.4000000000015,168266.46666666665,17238.933333333334,144686.80000000002,5674.4000000000015,0.08089137829970791,1,22,3,2
170445.8,239520.2,383396.0,13700.8,19375.2,29811.0,2,2,3,2,2,2,69074.40000000002,143875.8,5674.4000000000015,10435.8,264454.0,20962.333333333332,212950.2,16110.2,0.07775491201026612,2,3,2,2
239520.2,383396.0,182064.4,19375.2,29811.0,25630.8,2,3,2,2,2,2,143875.8,-201331.6,10435.8,-4180.200000000001,268326.86666666664,24939.0,201331.6,10435.8,0.14077798417491735,2,3,2,1
383396.0,182064.4,50814.4,29811.0,25630.8,4199.6,3,2,2,2,2,1,-201331.6,-131250.0,-4180.200000000001,-21431.199999999997,205424.93333333335,19880.466666666667,332581.6,25611.4,0.08264423777043968,2,3,2,1
182064.4,50814.4,33462.0,25630.8,4199.6,3352.8,2,2,2,2,1,1,-131250.0,-17352.4,-21431.199999999997,-846.8000000000002,88780.26666666666,11061.066666666668,148602.4,22278.0,0.10019424438932553,2,3,2,1
50814.4,33462.0,38773.2,4199.6,3352.8,5680.0,2,2,2,1,1,1,-17352.4,5311.199999999997,-846.8000000000002,2327.2,41016.53333333333,4410.8,17352.4,2327.2,0.14648916031794337,2,3,2,1
33462.0,38773.2,34638.0,3352.8,5680.0,2408.0,2,2,2,1,1,1,5311.199999999997,-4135.199999999997,2327.2,-3272.0,35624.4,3813.6,5311.199999999997,3272.0,0.06951701838967637,2,3,2,1
38773.2,34638.0,14356.0,5680.0,2408.0,2410.8,2,2,2,1,1,1,-4135.199999999997,-20282.0,-3272.0,2.800000000000182,29255.733333333334,3499.6,24417.199999999997,3272.0,0.16791808873720138,2,3,1,1
34638.0,14356.0,4354.0,2408.0,2410.8,3355.2,2,2,1,1,1,1,-20282.0,-10002.0,2.800000000000182,944.3999999999996,17782.666666666668,2724.6666666666665,30284.0,947.1999999999998,0.7704247990815155,1,22,2,1
14356.0,4354.0,46978.4,2410.8,3355.2,6259.8,2,1,2,1,1,1,-10002.0,42624.4,944.3999999999996,2904.6000000000004,21896.13333333333,4008.6,42624.4,3849.0,0.13324563532101305,1,22,1,1
4354.0,46978.4,165.2,3355.2,6259.8,2234.8,1,2,1,1,1,1,42624.4,-46813.200000000004,2904.6000000000004,-4025.0,17165.866666666665,3949.933333333333,46813.200000000004,4025.0,13.446450060168473,1,22,1,1
46978.4,165.2,405.2,6259.8,2234.8,2276.8,2,1,1,1,1,1,-46813.200000000004,240.0,-4025.0,42.0,15849.599999999999,3590.466666666667,46813.200000000004,4025.0,5.605120630231414,2,3,0,0
165.2,405.2,85.2,2234.8,2276.8,62.4,1,1,0,1,1,0,240.0,-320.0,42.0,-2214.4,218.53333333333333,1524.6666666666667,320.0,2214.4,0.7238979118329466,2,3,0,1
405.2,85.2,123.2,2276.8,62.4,612.0,1,0,0,1,0,1,-320.0,38.0,-2214.4,549.6,204.53333333333333,983.7333333333335,320.0,2214.4,4.927536231884058,2,3,1,1
85.2,123.2,990.8,62.4,612.0,612.0,0,0,1,0,1,1,38.0,867.5999999999999,549.6,0.0,399.73333333333335,428.8,905.5999999999999,549.6,0.617059891107078,2,3,1,1
123.2,990.8,175.6,612.0,612.0,344.8,0,1,1,1,1,1,867.5999999999999,-815.1999999999999,0.0,-267.2,429.8666666666666,522.9333333333333,867.5999999999999,267.2,1.9524348810872028,2,3,2,2
990.8,175.6,33310.8,612.0,344.8,9168.4,1,1,2,1,1,2,-815.1999999999999,33135.200000000004,-267.2,8823.6,11492.400000000001,3375.066666666666,33135.200000000004,8823.6,0.27522979844979856,2,3,2,2
175.6,33310.8,121418.4,344.8,9168.4,10465.2,1,2,2,1,2,2,33135.200000000004,88107.59999999999,8823.6,1296.800000000001,51634.93333333333,6659.466666666667,121242.79999999999,10120.400000000001,0.08619050991851386,2,6,2,2
33310.8,121418.4,55228.0,9168.4,10465.2,7092.4,2,2,2,2,2,2,88107.59999999999,-66190.4,1296.800000000001,-3372.800000000001,69985.73333333334,8908.666666666666,88107.59999999999,3372.800000000001,0.1284180412464466,2,6,1,1
121418.4,55228.0,152.8,10465.2,7092.4,1278.8,2,2,1,2,2,1,-66190.4,-55075.2,-3372.800000000001,-5813.599999999999,58933.06666666666,6278.799999999999,121265.59999999999,9186.400000000001,8.314694408322495,1,22,1,1
55228.0,152.8,226.4,7092.4,1278.8,3746.8,2,1,1,2,1,1,-55075.2,73.6,-5813.599999999999,2468.0,18535.733333333334,4039.3333333333335,55075.2,5813.599999999999,16.47669305189094,2,3,0,0
152.8,226.4,101.0,1278.8,3746.8,97.6,1,1,0,1,1,0,73.6,-125.4,2468.0,-3649.2000000000003,160.0666666666667,1707.7333333333336,125.4,3649.2000000000003,0.9568627450980391,2,3,0,1
226.4,101.0,123.2,3746.8,97.6,586.4,1,0,0,1,0,1,-125.4,22.200000000000003,-3649.2000000000003,488.79999999999995,150.2,1476.9333333333334,125.4,3649.2000000000003,4.721417069243156,2,3,2,2
101.0,123.2,22691.2,97.6,586.4,13635.2,0,0,2,0,1,2,22.200000000000003,22568.0,488.79999999999995,13048.800000000001,7638.466666666667,4773.066666666667,22590.2,13537.6,0.6008760719542398,2,3,3,2
123.2,22691.2,334640.2,586.4,13635.2,27125.2,0,2,3,1,2,2,22568.0,311949.0,13048.800000000001,13490.0,119151.53333333334,13782.266666666668,334517.0,26538.8,0.08105756254758828,2,3,2,2
22691.2,334640.2,206062.8,13635.2,27125.2,15856.0,2,3,2,2,2,2,311949.0,-128577.40000000002,13490.0,-11269.2,187798.06666666665,18872.133333333335,311949.0,13490.0,0.07694704261495712,2,3,1,1
334640.2,206062.8,389.2,27125.2,15856.0,3384.8,3,2,1,2,2,1,-128577.40000000002,-205673.59999999998,-11269.2,-12471.2,180364.06666666665,15455.333333333334,334251.0,23740.4,8.67452588416197,2,3,0,0
206062.8,389.2,75.6,15856.0,3384.8,78.0,2,1,0,2,1,0,-205673.59999999998,-313.6,-12471.2,-3306.8,68842.53333333334,6439.599999999999,205987.19999999998,15778.0,1.0182767624020888,2,3,1,1
389.2,75.6,208.0,3384.8,78.0,1532.2,1,0,1,1,0,1,-313.6,132.4,-3306.8,1454.2,224.26666666666665,1665.0,313.6,3306.8,7.331100478468899,2,3,1,1
75.6,208.0,212.4,78.0,1532.2,1745.6,0,1,1,0,1,1,132.4,4.400000000000006,1454.2,213.39999999999986,165.33333333333334,1118.6000000000001,136.8,1667.6,8.179943767572633,2,3,1,1
208.0,212.4,428.4,1532.2,1745.6,1916.8,1,1,1,1,1,1,4.400000000000006,215.99999999999997,213.39999999999986,171.20000000000005,282.93333333333334,1731.5333333333335,220.39999999999998,384.5999999999999,4.463903120633442,2,3,1,1
212.4,428.4,264.2,1745.6,1916.8,1751.8,1,1,1,1,1,1,215.99999999999997,-164.2,171.20000000000005,-165.0,301.6666666666667,1804.7333333333333,215.99999999999997,171.20000000000005,6.6055806938159884,2,3,1,1
428.4,264.2,154.4,1916.8,1751.8,1046.8,1,1,1,1,1,1,-164.2,-109.79999999999998,-165.0,-705.0,282.3333333333333,1571.8,274.0,870.0,6.736164736164736,2,3,1,1
264.2,154.4,176.8,1751.8,1046.8,2558.4,1,1,1,1,1,1,-109.79999999999998,22.400000000000006,-705.0,1511.6000000000001,198.4666666666667,1785.6666666666667,109.79999999999998,1511.6000000000001,14.389201349831271,2,3,1,1
154.4,176.8,241.2,1046.8,2558.4,1524.8,1,1,1,1,1,1,22.400000000000006,64.39999999999998,1511.6000000000001,-1033.6000000000001,190.80000000000004,1710.0,86.79999999999998,1511.6000000000001,6.295623451692816,2,3,1,1
176.8,241.2,259.6,2558.4,1524.8,1785.6,1,1,1,1,1,1,64.39999999999998,18.400000000000034,-1033.6000000000001,260.79999999999995,225.86666666666667,1956.2666666666664,82.80000000000001,1033.6000000000001,6.8518802762854945,2,3,1,1
241.2,259.6,239.2,1524.8,1785.6,1717.2,1,1,1,1,1,1,18.400000000000034,-20.400000000000034,260.79999999999995,-68.39999999999986,246.66666666666666,1675.8666666666666,20.400000000000034,260.79999999999995,7.1490424646128234,2,3,1,1
259.6,239.2,443.6,1785.6,1717.2,1132.4,1,1,1,1,1,1,-20.400000000000034,204.40000000000003,-68.39999999999986,-584.8,314.1333333333334,1545.0666666666668,204.40000000000003,653.1999999999998,2.5470085470085473,2,3,0,1
239.2,443.6,78.4,1717.2,1132.4,1628.8,1,1,0,1,1,1,204.40000000000003,-365.20000000000005,-584.8,496.39999999999986,253.73333333333332,1492.8000000000002,365.20000000000005,584.8,20.513853904282115,2,3,1,1
443.6,78.4,618.4,1132.4,1628.8,1354.4,1,0,1,1,1,1,-365.20000000000005,540.0,496.39999999999986,-274.39999999999986,380.1333333333334,1371.8666666666668,540.0,496.39999999999986,2.1866322247336134,2,3,1,1
78.4,618.4,241.6,1628.8,1354.4,1741.6,0,1,1,1,1,1,540.0,-376.79999999999995,-274.39999999999986,387.1999999999998,312.8,1574.9333333333332,540.0,387.1999999999998,7.178895300906842,2,3,1,1
618.4,241.6,250.8,1354.4,1741.6,1111.6,1,1,1,1,1,1,-376.79999999999995,9.200000000000017,387.1999999999998,-630.0,370.26666666666665,1402.5333333333335,376.79999999999995,630.0,4.414614773629864,2,3,1,1
241.6,250.8,3172.0,1741.6,1111.6,3171.6,1,1,1,1,1,1,9.200000000000017,2921.2,-630.0,2060.0,1221.4666666666667,2008.2666666666664,2930.4,2060.0,0.9995587771824771,2,3,1,1
250.8,3172.0,192.0,1111.6,3171.6,2602.8,1,1,1,1,1,1,2921.2,-2980.0,2060.0,-568.7999999999997,1204.9333333333334,2295.3333333333335,2980.0,2060.0,13.486010362694302,2,3,0,0
3172.0,192.0,18.0,3171.6,2602.8,22.0,1,1,0,1,1,0,-2980.0,-174.0,-568.7999999999997,-2580.8,1127.3333333333333,1932.1333333333332,3154.0,3149.6,1.1578947368421053,2,3,1,1
192.0,18.0,358.4,2602.8,22.0,2704.8,1,0,1,1,0,1,-174.0,340.4,-2580.8,2682.8,189.46666666666667,1776.5333333333335,340.4,2682.8,7.525876460767948,2,3,0,0
18.0,358.4,42.4,22.0,2704.8,44.0,0,1,0,0,1,0,340.4,-316.0,2682.8,-2660.8,139.6,923.6,340.4,2682.8,1.0138248847926268,2,3,1,1
358.4,42.4,298.0,2704.8,44.0,3049.6,1,0,1,1,0,1,-316.0,255.6,-2660.8,3005.6,232.9333333333333,1932.8,316.0,3005.6,10.19933110367893,2,3,0,0
42.4,298.0,44.4,44.0,3049.6,48.4,0,1,0,0,1,0,255.6,-253.6,3005.6,-3001.2,128.26666666666665,1047.3333333333333,255.6,3005.6,1.066079295154185,2,3,1,1
298.0,44.4,983.0,3049.6,48.4,3026.4,1,0,1,1,0,1,-253.6,938.6,-3001.2,2978.0,441.8,2041.4666666666665,938.6,3001.2,3.075609756097561,2,3,1,1
44.4,983.0,1467.8,48.4,3026.4,1773.6,0,1,1,0,1,1,938.6,484.79999999999995,2978.0,-1252.8000000000002,831.7333333333332,1616.1333333333332,1423.3999999999999,2978.0,1.207516339869281,2,3,1,1
983.0,1467.8,223.0,3026.4,1773.6,1086.8,1,1,1,1,1,1,484.79999999999995,-1244.8,-1252.8000000000002,-686.8,891.2666666666668,1962.2666666666667,1244.8,1939.6000000000001,4.851785714285714,2,3,0,1
1467.8,223.0,102.8,1773.6,1086.8,1650.8,1,1,0,1,1,1,-1244.8,-120.2,-686.8,564.0,597.8666666666667,1503.7333333333333,1365.0,686.8,15.903660886319846,2,3,1,1
223.0,102.8,159.2,1086.8,1650.8,1071.2,1,0,1,1,1,1,-120.2,56.39999999999999,564.0,-579.5999999999999,161.66666666666666,1269.6000000000001,120.2,579.5999999999999,6.686641697877653,2,3,1,1
102.8,159.2,176.4,1650.8,1071.2,1723.6,0,1,1,1,1,1,56.39999999999999,17.200000000000017,-579.5999999999999,652.3999999999999,146.13333333333333,1481.8666666666668,73.60000000000001,652.3999999999999,9.715896279594137,2,3,1,1
159.2,176.4,447.4,1071.2,1723.6,1166.6,1,1,1,1,1,1,17.200000000000017,271.0,652.3999999999999,-557.0,261.0,1320.4666666666667,288.2,652.3999999999999,2.601694915254237,2,3,1,1
176.4,447.4,158.8,1723.6,1166.6,2029.6,1,1,1,1,1,1,271.0,-288.59999999999997,-557.0,863.0,260.8666666666666,1639.9333333333332,288.59999999999997,863.0,12.700876095118897,2,3,1,1
447.4,158.8,214.8,1166.6,2029.6,1124.4,1,1,1,1,1,1,-288.59999999999997,56.0,863.0,-905.1999999999998,273.6666666666667,1440.2,288.59999999999997,905.1999999999998,5.210379981464319,2,3,1,1
158.8,214.8,539.2,2029.6,1124.4,4289.6,1,1,1,1,1,1,56.0,324.40000000000003,-905.1999999999998,3165.2000000000003,304.2666666666667,2481.2000000000003,380.40000000000003,3165.2000000000003,7.9407626804887075,2,3,1,1
214.8,539.2,204.4,1124.4,4289.6,210.0,1,1,1,1,1,1,324.40000000000003,-334.80000000000007,3165.2000000000003,-4079.6000000000004,319.46666666666664,1874.6666666666667,334.80000000000007,4079.6000000000004,1.0223953261927945,2,3,1,1
539.2,204.4,659.6,4289.6,210.0,481.2,1,1,1,1,1,1,-334.80000000000007,455.20000000000005,-4079.6000000000004,271.2,467.73333333333335,1660.2666666666667,455.20000000000005,4079.6000000000004,0.7284287011807448,2,3,1,0
204.4,659.6,186.8,210.0,481.2,98.6,1,1,1,1,1,0,455.20000000000005,-472.8,271.2,-382.6,350.26666666666665,263.2666666666667,472.8,382.6,0.5250266240681576,2,3,2,2
659.6,186.8,82725.2,481.2,98.6,6633.2,1,1,2,1,0,2,-472.8,82538.4,-382.6,6534.599999999999,27857.199999999997,2404.3333333333335,82538.4,6534.599999999999,0.08018257819167325,2,3,1,1
186.8,82725.2,2870.8,98.6,6633.2,925.4,1,2,1,0,2,1,82538.4,-79854.4,6534.599999999999,-5707.8,28594.266666666666,2552.4,82538.4,6534.599999999999,0.3222369245769204,2,3,2,1
82725.2,2870.8,10106.0,6633.2,925.4,1729.2,2,1,2,2,1,1,-79854.4,7235.2,-5707.8,803.8000000000001,31900.666666666668,3095.933333333333,79854.4,5707.8,0.17108934401899675,2,3,1,1
2870.8,10106.0,860.0,925.4,1729.2,453.0,1,2,1,1,1,1,7235.2,-9246.0,803.8000000000001,-1276.2,4612.266666666666,1035.8666666666666,9246.0,1276.2,0.5261324041811847,2,3,1,1
10106.0,860.0,665.2,1729.2,453.0,3956.4,2,1,1,1,1,1,-9246.0,-194.79999999999995,-1276.2,3503.4,3877.066666666667,2046.2,9440.8,3503.4,5.938757129990994,2,3,2,2
860.0,665.2,16001.4,453.0,3956.4,6840.6,1,1,2,1,1,2,-194.79999999999995,15336.199999999999,3503.4,2884.2000000000003,5842.2,3750.0,15336.199999999999,6387.6,0.4274733789931511,2,3,2,2
665.2,16001.4,144995.4,3956.4,6840.6,14742.8,1,2,2,1,2,2,15336.199999999999,128994.0,2884.2000000000003,7902.199999999999,53887.333333333336,8513.266666666666,144330.19999999998,10786.4,0.10167700715328104,2,3,1,1
16001.4,144995.4,2117.2,6840.6,14742.8,3653.6,2,2,1,2,2,1,128994.0,-142878.19999999998,7902.199999999999,-11089.199999999999,54371.333333333336,8412.333333333334,142878.19999999998,11089.199999999999,1.7248607308091777,1,22,2,2
144995.4,2117.2,77593.6,14742.8,3653.6,11733.6,2,1,2,2,1,2,-142878.19999999998,75476.40000000001,-11089.199999999999,8080.0,74902.06666666667,10043.333333333334,142878.19999999998,11089.199999999999,0.15121670837919132,1,22,2,2
2117.2,77593.6,240414.8,3653.6,11733.6,13406.4,1,2,2,1,2,2,75476.40000000001,162821.19999999998,8080.0,1672.7999999999993,106708.53333333333,9597.866666666667,238297.59999999998,9752.8,0.05576338992695156,2,3,2,2
77593.6,240414.8,145565.4,11733.6,13406.4,17000.0,2,2,2,2,2,2,162821.19999999998,-94849.4,1672.7999999999993,3593.6000000000004,154524.6,14046.666666666666,162821.19999999998,5266.4,0.11678519218720804,2,3,2,2
240414.8,145565.4,73926.4,13406.4,17000.0,8200.4,2,2,2,2,2,2,-94849.4,-71639.0,3593.6000000000004,-8799.6,153302.19999999998,12868.933333333334,166488.4,8799.6,0.11092504267700475,2,3,2,2
145565.4,73926.4,58800.8,17000.0,8200.4,11833.6,2,2,2,2,2,2,-71639.0,-15125.599999999991,-8799.6,3633.2000000000007,92764.2,12344.666666666666,86764.59999999999,8799.6,0.20124554010251386,2,3,2,1
73926.4,58800.8,71423.8,8200.4,11833.6,5676.4,2,2,2,2,2,1,-15125.599999999991,12623.0,3633.2000000000007,-6157.200000000001,68050.33333333333,8570.133333333333,15125.599999999991,6157.200000000001,0.07947379621644023,2,3,2,2
58800.8,71423.8,41360.8,11833.6,5676.4,13078.4,2,2,2,2,1,2,12623.0,-30063.0,-6157.200000000001,7402.0,57195.13333333334,10196.133333333333,30063.0,7402.0,0.3161951365752941,2,3,2,2
71423.8,41360.8,153362.2,5676.4,13078.4,9097.6,2,2,2,1,2,2,-30063.0,112001.40000000001,7402.0,-3980.7999999999993,88715.60000000002,9284.133333333333,112001.40000000001,7402.0,0.0593206192880691,2,3,2,1
41360.8,153362.2,77584.4,13078.4,9097.6,5688.0,2,2,2,2,2,1,112001.40000000001,-75777.80000000002,-3980.7999999999993,-3409.6000000000004,90769.13333333335,9288.0,112001.40000000001,7390.4,0.07331276245272951,2,3,2,2
153362.2,77584.4,210524.4,9097.6,5688.0,12242.4,2,2,2,2,1,2,-75777.80000000002,132940.0,-3409.6000000000004,6554.4,147157.0,9009.333333333334,132940.0,6554.4,0.058151652959690374,2,3,2,1
77584.4,210524.4,25300.2,5688.0,12242.4,4891.4,2,2,2,1,2,1,132940.0,-185224.19999999998,6554.4,-7351.0,104469.66666666667,7607.266666666667,185224.19999999998,7351.0,0.19332679872891403,2,3,2,2
210524.4,25300.2,48292.2,12242.4,4891.4,12284.0,2,2,2,2,1,2,-185224.19999999998,22991.999999999996,-7351.0,7392.6,94705.59999999999,9805.933333333332,185224.19999999998,7392.6,0.2543629330837468,2,3,2,2
25300.2,48292.2,63288.8,4891.4,12284.0,15045.2,2,2,2,1,2,2,22991.999999999996,14996.600000000006,7392.6,2761.2000000000007,45627.06666666667,10740.2,37988.600000000006,10153.800000000001,0.23771919013806334,2,3,2,1
48292.2,63288.8,38906.2,12284.0,15045.2,3661.6,2,2,2,2,2,1,14996.600000000006,-24382.600000000006,2761.2000000000007,-11383.6,50162.4,10330.266666666666,24382.600000000006,11383.6,0.09411111568038821,2,3,2,2
63288.8,38906.2,77479.2,15045.2,3661.6,14062.6,2,2,2,2,1,2,-24382.600000000006,38573.0,-11383.6,10401.0,59891.4,10923.133333333333,38573.0,11383.6,0.18149927336274302,2,3,2,2
38906.2,77479.2,197776.2,3661.6,14062.6,28020.0,2,2,2,1,2,2,38573.0,120297.00000000001,10401.0,13957.4,104720.53333333333,15248.066666666666,158870.0,24358.4,0.14167457118414054,2,3,2,2
77479.2,197776.2,199955.8,14062.6,28020.0,10636.0,2,2,2,2,2,2,120297.00000000001,2179.5999999999767,13957.4,-17384.0,158403.73333333334,17572.866666666665,122476.59999999999,17384.0,0.05319148936170213,2,3,2,2
197776.2,199955.8,265495.8,28020.0,10636.0,28764.6,2,2,2,2,2,2,2179.5999999999767,65540.0,-17384.0,18128.6,221075.93333333335,22473.533333333336,67719.59999999998,18128.6,0.10834254876141633,2,3,2,2
199955.8,265495.8,171239.8,10636.0,28764.6,29632.4,2,2,2,2,2,2,65540.0,-94256.0,18128.6,867.8000000000029,212230.46666666665,23011.0,94256.0,18996.4,0.173045208852096,2,3,2,2
265495.8,171239.8,204512.6,28764.6,29632.4,13550.0,2,2,2,2,2,2,-94256.0,33272.80000000002,867.8000000000029,-16082.400000000001,213749.4,23982.333333333332,94256.0,16082.400000000001,0.0662547625194608,2,3,2,1
171239.8,204512.6,56924.2,29632.4,13550.0,3206.4,2,2,2,2,2,1,33272.80000000002,-147588.40000000002,-16082.400000000001,-10343.6,144225.53333333335,15462.933333333334,147588.40000000002,26426.0,0.05632654782064886,2,3,3,2
204512.6,56924.2,307463.8,13550.0,3206.4,17669.2,2,2,3,2,1,2,-147588.40000000002,250539.59999999998,-10343.6,14462.800000000001,189633.53333333333,11475.200000000003,250539.59999999998,14462.800000000001,0.05746739138919318,2,3,2,2
56924.2,307463.8,25147.6,3206.4,17669.2,6476.4,2,3,2,1,2,2,250539.59999999998,-282316.2,14462.800000000001,-11192.800000000001,129845.2,9117.333333333334,282316.2,14462.800000000001,0.2575252697963306,2,3,2,2
307463.8,25147.6,14849.2,17669.2,6476.4,12062.4,3,2,2,2,2,2,-282316.2,-10298.399999999998,-11192.800000000001,5586.0,115820.2,12069.333333333334,292614.6,11192.800000000001,0.8122718885940929,2,3,2,2
25147.6,14849.2,141628.2,6476.4,12062.4,11344.8,2,2,2,2,2,2,-10298.399999999998,126779.00000000001,5586.0,-717.6000000000004,60541.666666666664,9961.199999999999,126779.00000000001,5586.0,0.08010212583280847,2,3,2,2
14849.2,141628.2,37183.6,12062.4,11344.8,6742.4,2,2,2,2,2,2,126779.00000000001,-104444.6,-717.6000000000004,-4602.4,64553.66666666668,10049.866666666667,126779.00000000001,5320.0,0.18132237539196333,2,3,1,1
141628.2,37183.6,3286.8,11344.8,6742.4,6160.0,2,2,1,2,2,1,-104444.6,-33896.799999999996,-4602.4,-582.3999999999996,60699.53333333333,8082.399999999999,138341.40000000002,5184.799999999999,1.873593284263033,2,3,2,2
37183.6,3286.8,64760.6,6742.4,6160.0,16749.4,2,1,2,2,1,2,-33896.799999999996,61473.799999999996,-582.3999999999996,10589.400000000001,35077.0,9883.933333333334,61473.799999999996,10589.400000000001,0.25863165826662715,2,3,2,2
3286.8,64760.6,136569.6,6160.0,16749.4,12045.6,1,2,2,1,2,2,61473.799999999996,71809.0,10589.400000000001,-4703.800000000001,68205.66666666667,11651.666666666666,133282.80000000002,10589.400000000001,0.08820053510784898,2,3,2,1
64760.6,136569.6,67990.0,16749.4,12045.6,5944.8,2,2,2,2,2,1,71809.0,-68579.6,-4703.800000000001,-6100.8,89773.40000000001,11579.933333333334,71809.0,10804.600000000002,0.08743510170463738,2,3,2,2
136569.6,67990.0,119551.4,12045.6,5944.8,14027.6,2,2,2,2,1,2,-68579.6,51561.399999999994,-6100.8,8082.8,108037.0,10672.666666666666,68579.6,8082.8,0.11733432369404546,2,3,2,2
67990.0,119551.4,81275.8,5944.8,14027.6,7907.0,2,2,2,1,2,2,51561.399999999994,-38275.59999999999,8082.8,-6120.6,89605.73333333334,9293.133333333333,51561.399999999994,8082.8,0.09728483404858458,2,3,2,2
119551.4,81275.8,203318.4,14027.6,7907.0,13621.2,2,2,2,2,2,2,-38275.59999999999,122042.59999999999,-6120.6,5714.200000000001,134715.19999999998,11851.933333333334,122042.59999999999,6120.6,0.06699409893989458,2,6,2,1
81275.8,203318.4,43337.2,7907.0,13621.2,2045.6,2,2,2,2,2,1,122042.59999999999,-159981.2,5714.200000000001,-11575.6,109310.46666666667,7857.933333333333,159981.2,11575.6,0.04720085282729786,2,6,1,1
203318.4,43337.2,732.0,13621.2,2045.6,2000.4,2,2,1,2,1,1,-159981.2,-42605.2,-11575.6,-45.19999999999982,82462.53333333333,5889.066666666667,202586.4,11620.800000000001,2.7290586630286495,2,6,1,2
43337.2,732.0,487.6,2045.6,2000.4,7146.4,2,1,1,1,1,2,-42605.2,-244.39999999999998,-45.19999999999982,5146.0,14852.266666666665,3730.7999999999997,42849.6,5146.0,14.626279164961112,2,3,2,2
732.0,487.6,50303.4,2000.4,7146.4,7278.8,1,1,2,1,2,2,-244.39999999999998,49815.8,5146.0,132.40000000000055,17174.333333333332,5475.2,49815.8,5278.4,0.14469509625400562,2,3,2,2
487.6,50303.4,10777.2,7146.4,7278.8,7270.4,1,2,2,2,2,2,49815.8,-39526.2,132.40000000000055,-8.400000000000546,20522.733333333334,7231.866666666666,49815.8,132.40000000000055,0.6745467703327085,2,3,2,2
50303.4,10777.2,241448.0,7278.8,7270.4,21898.2,2,2,2,2,2,2,-39526.2,230670.8,-8.400000000000546,14627.800000000001,100842.86666666665,12149.133333333333,230670.8,14627.800000000001,0.09069492936396506,2,3,2,2
10777.2,241448.0,110097.0,7270.4,21898.2,13770.0,2,2,2,2,2,2,230670.8,-131351.0,14627.800000000001,-8128.200000000001,120774.06666666667,14312.866666666667,230670.8,14627.800000000001,0.12507039183273083,2,3,2,2
241448.0,110097.0,226456.6,21898.2,13770.0,35526.2,2,2,2,2,2,2,-131351.0,116359.6,-8128.200000000001,21756.199999999997,192667.19999999998,23731.466666666664,131351.0,21756.199999999997,0.1568779321162107,2,3,2,1
110097.0,226456.6,38196.8,13770.0,35526.2,2183.6,2,2,2,2,2,1,116359.6,-188259.8,21756.199999999997,-33342.6,124916.79999999999,17159.93333333333,188259.8,33342.6,0.0571655959243726,2,3,3,2
226456.6,38196.8,633354.6,35526.2,2183.6,40799.6,2,2,3,2,1,2,-188259.8,595157.7999999999,-33342.6,38616.0,299336.0,26169.8,595157.7999999999,38616.0,0.06441815624587514,2,3,3,2
38196.8,633354.6,666397.6,2183.6,40799.6,37742.4,2,3,3,1,2,2,595157.7999999999,33043.0,38616.0,-3057.199999999997,445983.0,26908.533333333336,628200.7999999999,38616.0,0.056636373485778636,2,3,2,2
633354.6,666397.6,185254.2,40799.6,37742.4,15988.0,3,3,2,2,2,2,33043.0,-481143.39999999997,-3057.199999999997,-21754.4,495002.1333333333,31510.0,481143.39999999997,24811.6,0.08630257072406064,2,3,2,2
666397.6,185254.2,130102.8,37742.4,15988.0,11617.6,3,2,2,2,2,2,-481143.39999999997,-55151.40000000001,-21754.4,-4370.4,327251.5333333334,21782.666666666668,536294.7999999999,26124.800000000003,0.0892948553385835,2,3,2,2
185254.2,130102.8,24423.6,15988.0,11617.6,16083.2,2,2,2,2,2,2,-55151.40000000001,-105679.20000000001,-4370.4,4465.6,113260.2,14562.933333333334,160830.6,4465.6,0.6584836599166415,2,3,1,1
130102.8,24423.6,818.6,11617.6,16083.2,491.8,2,2,1,2,2,1,-105679.20000000001,-23605.0,4465.6,-15591.400000000001,51781.666666666664,9397.533333333335,129284.2,15591.400000000001,0.6000488042947779,2,3,0,0
24423.6,818.6,78.6,16083.2,491.8,63.4,2,1,0,2,1,0,-23605.0,-740.0,-15591.400000000001,-428.40000000000003,8440.266666666665,5546.133333333334,24345.0,16019.800000000001,0.7964824120603016,2,3,0,0
818.6,78.6,0.0,491.8,63.4,10.8,1,0,0,1,0,0,-740.0,-78.6,-428.40000000000003,-52.599999999999994,299.06666666666666,188.66666666666666,818.6,481.0,10.8,2,3,1,0
78.6,0.0,244.8,63.4,10.8,66.0,0,0,1,0,0,0,-78.6,244.8,-52.599999999999994,55.2,107.8,46.73333333333333,244.8,55.2,0.2685109845402766,2,3,1,1
0.0,244.8,158.4,10.8,66.0,174.8,0,1,1,0,0,1,244.8,-86.4,55.2,108.80000000000001,134.4,83.86666666666667,244.8,164.0,1.096612296110414,2,3,0,0
244.8,158.4,44.4,66.0,174.8,94.2,1,1,0,0,1,0,-86.4,-114.0,108.80000000000001,-80.60000000000001,149.20000000000002,111.66666666666667,200.4,108.80000000000001,2.0748898678414096,1,22,1,1
158.4,44.4,246.6,174.8,94.2,907.4,1,0,1,1,0,1,-114.0,202.2,-80.60000000000001,813.1999999999999,149.79999999999998,392.1333333333334,202.2,813.1999999999999,3.6647819063004845,1,22,0,1
44.4,246.6,0.0,94.2,907.4,165.2,0,1,0,0,1,1,202.2,-246.6,813.1999999999999,-742.2,97.0,388.93333333333334,246.6,813.1999999999999,165.2,1,22,0,0
246.6,0.0,0.0,907.4,165.2,0.0,1,0,0,1,1,0,-246.6,0.0,-742.2,-165.2,82.2,357.5333333333333,246.6,907.4,0.0,1,22,1,1
0.0,0.0,186.4,165.2,0.0,773.6,0,0,1,1,0,1,0.0,186.4,-165.2,773.6,62.13333333333333,312.93333333333334,186.4,773.6,4.128068303094984,1,22,2,1
0.0,186.4,10656.6,0.0,773.6,6268.4,0,1,2,0,1,1,186.4,10470.2,773.6,5494.799999999999,3614.3333333333335,2347.3333333333335,10656.6,6268.4,0.5881624380723615,1,22,1,1
186.4,10656.6,968.2,773.6,6268.4,3706.2,1,2,1,1,1,1,10470.2,-9688.4,5494.799999999999,-2562.2,3937.066666666667,3582.7333333333336,10470.2,5494.799999999999,3.8239785390012377,1,22,2,2
10656.6,968.2,106709.4,6268.4,3706.2,68091.2,2,1,2,1,1,2,-9688.4,105741.2,-2562.2,64385.0,39444.73333333333,26021.93333333333,105741.2,64385.0,0.6380933817134975,2,3,2,2
968.2,106709.4,245573.4,3706.2,68091.2,33449.8,1,2,2,1,2,2,105741.2,138864.0,64385.0,-34641.399999999994,117750.33333333333,35082.4,244605.19999999998,64385.0,0.1362104519037815,3,2,2,2
106709.4,245573.4,223632.4,68091.2,33449.8,28483.4,2,2,2,2,2,2,138864.0,-21941.0,-34641.399999999994,-4966.4000000000015,191971.7333333333,43341.46666666667,138864.0,39607.799999999996,0.12736648461276356,3,2,2,2
245573.4,223632.4,97831.4,33449.8,28483.4,11111.0,2,2,2,2,2,2,-21941.0,-125801.0,-4966.4000000000015,-17372.4,189012.4,24348.06666666667,147742.0,22338.800000000003,0.11357178194544958,3,2,2,2
223632.4,97831.4,122418.4,28483.4,11111.0,9175.8,2,2,2,2,2,2,-125801.0,24587.0,-17372.4,-1935.2000000000007,147960.7333333333,16256.733333333332,125801.0,19307.600000000002,0.07495380634115181,3,2,0,1
97831.4,122418.4,132.4,11111.0,9175.8,2525.2,2,2,0,2,2,1,24587.0,-122286.0,-1935.2000000000007,-6650.599999999999,73460.73333333332,7604.0,122286.0,8585.8,18.929535232383806,3,2,2,2
122418.4,132.4,30372.2,9175.8,2525.2,8153.4,2,0,2,2,1,2,-122286.0,30239.8,-6650.599999999999,5628.2,50974.333333333336,6618.133333333334,122286.0,6650.599999999999,0.2684405989490735,3,2,1,1
132.4,30372.2,172.0,2525.2,8153.4,2345.2,0,2,1,1,2,1,30239.8,-30200.2,5628.2,-5808.2,10225.533333333335,4341.266666666666,30239.8,5808.2,13.556069364161848,2,6,1,1
30372.2,172.0,232.8,8153.4,2345.2,3068.8,2,1,1,2,1,1,-30200.2,60.80000000000001,-5808.2,723.6000000000004,10259.0,4522.466666666666,30200.2,5808.2,13.125748502994012,2,6,0,1
172.0,232.8,114.4,2345.2,3068.8,1798.0,1,1,0,1,1,1,60.80000000000001,-118.4,723.6000000000004,-1270.8000000000002,173.0666666666667,2404.0,118.4,1270.8000000000002,15.58058925476603,2,6,2,2
232.8,114.4,29009.6,3068.8,1798.0,9389.2,1,0,2,1,1,2,-118.4,28895.199999999997,-1270.8000000000002,7591.200000000001,9785.6,4752.0,28895.199999999997,7591.200000000001,0.32364721860285556,2,6,1,1
114.4,29009.6,2728.4,1798.0,9389.2,5067.4,0,2,1,1,2,1,28895.199999999997,-26281.199999999997,7591.200000000001,-4321.800000000001,10617.466666666667,5418.2,28895.199999999997,7591.200000000001,1.8565985198212058,2,6,2,2
29009.6,2728.4,96494.2,9389.2,5067.4,9265.2,2,1,2,2,1,2,-26281.199999999997,93765.8,-4321.800000000001,4197.800000000001,42744.066666666666,7907.266666666667,93765.8,4321.800000000001,0.09601721121879639,2,6,2,1
2728.4,96494.2,34981.6,5067.4,9265.2,2657.2,1,2,2,1,2,1,93765.8,-61512.6,4197.800000000001,-6608.000000000001,44734.73333333333,5663.266666666666,93765.8,6608.000000000001,0.07595776185875264,2,6,1,1
96494.2,34981.6,154.4,9265.2,2657.2,822.8,2,2,1,2,1,1,-61512.6,-34827.2,-6608.000000000001,-1834.3999999999999,43876.73333333333,4248.400000000001,96339.8,8442.400000000001,5.294723294723294,2,6,2,2
34981.6,154.4,65028.0,2657.2,822.8,9633.0,2,1,2,1,1,2,-34827.2,64873.6,-1834.3999999999999,8810.2,33388.0,4371.0,64873.6,8810.2,0.14813390948653676,2,6,1,2
154.4,65028.0,4361.0,822.8,9633.0,7824.8,1,2,1,1,2,2,64873.6,-60667.0,8810.2,-1808.1999999999998,23181.13333333333,6093.533333333333,64873.6,8810.2,1.7938560293443375,2,3,1,1
65028.0,4361.0,673.2,9633.0,7824.8,4727.2,2,1,1,2,2,1,-60667.0,-3687.8,-1808.1999999999998,-3097.6000000000004,23354.066666666666,7395.0,64354.8,4905.8,7.0115692672797385,2,3,1,1
4361.0,673.2,289.8,7824.8,4727.2,3265.4,1,1,1,2,1,1,-3687.8,-383.40000000000003,-3097.6000000000004,-1461.7999999999997,1774.6666666666667,5272.466666666666,4071.2,4559.4,11.229023383768913,2,3,0,1
673.2,289.8,49.2,4727.2,3265.4,1580.8,1,1,0,1,1,1,-383.40000000000003,-240.60000000000002,-1461.7999999999997,-1684.6000000000001,337.40000000000003,3191.133333333333,624.0,3146.3999999999996,31.490039840637447,2,3,2,2
289.8,49.2,24187.6,3265.4,1580.8,6657.6,1,0,2,1,1,2,-240.60000000000002,24138.399999999998,-1684.6000000000001,5076.8,8175.533333333333,3834.6,24138.399999999998,5076.8,0.2752370951605302,2,3,2,2
49.2,24187.6,207523.6,1580.8,6657.6,41910.2,0,2,2,1,2,2,24138.399999999998,183336.0,5076.8,35252.6,77253.46666666666,16716.2,207474.4,40329.399999999994,0.20195292509900029,2,3,3,2
24187.6,207523.6,475240.0,6657.6,41910.2,37171.2,2,2,3,2,2,2,183336.0,267716.4,35252.6,-4739.0,235650.4,28579.666666666668,451052.4,35252.6,0.07821547383327616,2,6,3,2
207523.6,475240.0,421108.0,41910.2,37171.2,28362.2,2,3,3,2,2,2,267716.4,-54132.0,-4739.0,-8808.999999999996,367957.2,35814.53333333333,267716.4,13547.999999999996,0.0673512083569812,2,6,3,2
475240.0,421108.0,456147.2,37171.2,28362.2,34226.4,3,3,3,2,2,2,-54132.0,35039.20000000001,-8808.999999999996,5864.200000000001,450831.73333333334,33253.26666666666,54132.0,8808.999999999996,0.075033508846467,2,6,3,2
421108.0,456147.2,568425.2,28362.2,34226.4,31830.8,3,3,3,2,2,2,35039.20000000001,112277.99999999994,5864.200000000001,-2395.600000000002,481893.4666666666,31473.133333333335,147317.19999999995,5864.200000000001,0.05599812253552001,2,6,3,2
456147.2,568425.2,348034.0,34226.4,31830.8,23820.0,3,3,3,2,2,2,112277.99999999994,-220391.19999999995,-2395.600000000002,-8010.799999999999,457535.4666666666,29959.066666666666,220391.19999999995,10406.400000000001,0.06844139238869654,2,6,2,2
568425.2,348034.0,225893.2,31830.8,23820.0,13899.8,3,3,2,2,2,2,-220391.19999999995,-122140.79999999999,-8010.799999999999,-9920.2,380784.1333333333,23183.533333333336,342531.99999999994,17931.0,0.06153234567332848,2,6,2,2
348034.0,225893.2,6721.6,23820.0,13899.8,6604.0,3,2,2,2,2,2,-122140.79999999999,-219171.6,-9920.2,-7295.799999999999,193549.59999999998,14774.6,341312.4,17216.0,0.9823580162437152,2,6,2,2
225893.2,6721.6,48802.6,13899.8,6604.0,11853.2,2,2,2,2,2,2,-219171.6,42081.0,-7295.799999999999,5249.200000000001,93805.8,10785.666666666666,219171.6,7295.799999999999,0.24287552557598213,2,6,2,2
6721.6,48802.6,18795.2,6604.0,11853.2,14101.2,2,2,2,2,2,2,42081.0,-30007.399999999998,5249.200000000001,2248.0,24773.13333333333,10852.800000000001,42081.0,7497.200000000001,0.7502154690841766,1,22,2,2
48802.6,18795.2,138003.0,11853.2,14101.2,9170.4,2,2,2,2,2,2,-30007.399999999998,119207.8,2248.0,-4930.800000000001,68533.59999999999,11708.266666666668,119207.8,4930.800000000001,0.0664502478189038,1,22,2,2
18795.2,138003.0,149408.4,14101.2,9170.4,14265.2,2,2,2,2,2,2,119207.8,11405.399999999994,-4930.800000000001,5094.800000000001,102068.86666666665,12512.266666666668,130613.2,5094.800000000001,0.0954772591282744,1,22,1,1
138003.0,149408.4,5172.4,9170.4,14265.2,3344.8,2,2,1,2,2,1,11405.399999999994,-144236.0,5094.800000000001,-10920.400000000001,97527.93333333335,8926.8,144236.0,10920.400000000001,0.6465380600765455,1,22,0,1
149408.4,5172.4,44.4,14265.2,3344.8,544.0,2,1,0,2,1,1,-144236.0,-5128.0,-10920.400000000001,-2800.8,51541.73333333333,6051.333333333333,149364.0,13721.2,11.982378854625551,1,22,1,1
5172.4,44.4,1175.4,3344.8,544.0,2711.4,1,0,1,1,1,1,-5128.0,1131.0,-2800.8,2167.4,2130.733333333333,2200.066666666667,5128.0,2800.8,2.3048282896973817,1,22,1,1
44.4,1175.4,2644.2,544.0,2711.4,3593.0,0,1,1,1,1,1,1131.0,1468.7999999999997,2167.4,881.5999999999999,1288.0,2282.7999999999997,2599.7999999999997,3049.0,1.358309390594284,2,6,1,1
1175.4,2644.2,304.8,2711.4,3593.0,2661.2,1,1,1,1,1,1,1468.7999999999997,-2339.3999999999996,881.5999999999999,-931.8000000000002,1374.8,2988.533333333333,2339.3999999999996,931.8000000000002,8.702419882275997,2,6,1,1
2644.2,304.8,602.4,3593.0,2661.2,2189.6,1,1,1,1,1,1,-2339.3999999999996,297.59999999999997,-931.8000000000002,-471.5999999999999,1183.8,2814.6,2339.3999999999996,1403.4,3.62877030162413,2,6,1,1
304.8,602.4,257.2,2661.2,2189.6,1717.2,1,1,1,1,1,1,297.59999999999997,-345.2,-471.5999999999999,-472.39999999999986,388.1333333333334,2189.333333333333,345.2,943.9999999999998,6.650658404337723,2,6,2,2
602.4,257.2,17332.0,2189.6,1717.2,6985.2,1,1,2,1,1,2,-345.2,17074.8,-472.39999999999986,5268.0,6063.866666666666,3630.6666666666665,17074.8,5268.0,0.4030000576934172,2,6,2,1
257.2,17332.0,13729.6,1717.2,6985.2,2109.0,1,2,2,1,2,1,17074.8,-3602.3999999999996,5268.0,-4876.2,10439.6,3603.7999999999997,17074.8,5268.0,0.15359853174660976,2,6,1,1
17332.0,13729.6,5561.4,6985.2,2109.0,1075.4,2,2,1,2,1,1,-3602.3999999999996,-8168.200000000001,-4876.2,-1033.6,12207.666666666666,3389.866666666667,11770.6,5909.799999999999,0.19333381274270103,2,6,2,1
13729.6,5561.4,19315.2,2109.0,1075.4,1930.4,2,1,2,1,1,1,-8168.200000000001,13753.800000000001,-1033.6,855.0,12868.733333333332,1704.9333333333334,13753.800000000001,1033.6,0.09993684057941003,2,6,1,1
5561.4,19315.2,5782.0,1075.4,1930.4,878.8,1,2,1,1,1,1,13753.800000000001,-13533.2,855.0,-1051.6000000000001,10219.533333333333,1294.8666666666668,13753.800000000001,1051.6000000000001,0.15196264914404287,2,6,2,1
19315.2,5782.0,6774.4,1930.4,878.8,545.2,2,1,2,1,1,1,-13533.2,992.3999999999996,-1051.6000000000001,-333.5999999999999,10623.866666666667,1118.1333333333332,13533.2,1385.2,0.08046757387017742,2,6,2,1
5782.0,6774.4,11274.8,878.8,545.2,1792.4,1,2,2,1,1,1,992.3999999999996,4500.4,-333.5999999999999,1247.2,7943.733333333333,1072.1333333333334,5492.799999999999,1247.2,0.15895989641533198,2,6,2,2
6774.4,11274.8,8075.4,545.2,1792.4,8820.2,2,2,2,1,1,2,4500.4,-3199.3999999999996,1247.2,7027.800000000001,8708.199999999999,3719.266666666667,4500.4,8275.0,1.0920954880887526,3,2,2,1
11274.8,8075.4,166778.8,1792.4,8820.2,5642.6,2,2,2,1,2,1,-3199.3999999999996,158703.4,7027.800000000001,-3177.6000000000004,62043.0,5418.400000000001,158703.4,7027.800000000001,0.03383263440776402,3,2,0,1
8075.4,166778.8,105.2,8820.2,5642.6,947.6,2,2,0,2,1,1,158703.4,-166673.59999999998,-3177.6000000000004,-4695.0,58319.799999999996,5136.8,166673.59999999998,7872.6,8.922787193973635,3,2,0,0
166778.8,105.2,65.0,5642.6,947.6,61.6,2,0,0,1,1,0,-166673.59999999998,-40.2,-4695.0,-886.0,55649.666666666664,2217.266666666667,166713.8,5581.0,0.9333333333333333,3,2,0,0
105.2,65.0,66.8,947.6,61.6,59.6,0,0,0,1,0,0,-40.2,1.7999999999999972,-886.0,-2.0,79.0,356.26666666666665,40.2,888.0,0.8790560471976402,3,2,0,1
65.0,66.8,49.2,61.6,59.6,153.4,0,0,0,0,0,1,1.7999999999999972,-17.599999999999994,-2.0,93.80000000000001,60.333333333333336,91.53333333333335,17.599999999999994,93.80000000000001,3.055776892430279,3,2,1,1
66.8,49.2,204.4,59.6,153.4,875.6,0,0,1,0,1,1,-17.599999999999994,155.2,93.80000000000001,722.2,106.8,362.8666666666666,155.2,816.0,4.2629016553067185,1,22,0,1
49.2,204.4,0.0,153.4,875.6,165.2,0,1,0,1,1,1,155.2,-204.4,722.2,-710.4000000000001,84.53333333333335,398.06666666666666,204.4,722.2,165.2,1,22,0,1
204.4,0.0,112.6,875.6,165.2,861.6,1,0,0,1,1,1,-204.4,112.6,-710.4000000000001,696.4000000000001,105.66666666666667,634.1333333333333,204.4,710.4000000000001,7.584507042253522,1,22,1,1
0.0,112.6,326.8,165.2,861.6,4355.2,0,0,1,1,1,1,112.6,214.20000000000002,696.4000000000001,3493.6,146.46666666666667,1794.0,326.8,4190.0,13.286150091519218,1,22,0,0
112.6,326.8,0.0,861.6,4355.2,142.4,0,1,0,1,1,0,214.20000000000002,-326.8,3493.6,-4212.8,146.46666666666667,1786.3999999999999,326.8,4212.8,142.4,1,22,1,1
326.8,0.0,328.2,4355.2,142.4,3010.8,1,0,1,1,0,1,-326.8,328.2,-4212.8,2868.4,218.33333333333334,2502.7999999999997,328.2,4212.8,9.14580801944107,1,22,0,0
0.0,328.2,0.0,142.4,3010.8,89.4,0,1,0,0,1,0,328.2,-328.2,2868.4,-2921.4,109.39999999999999,1080.8666666666668,328.2,2921.4,89.4,1,22,2,2
328.2,0.0,208000.4,3010.8,89.4,40682.0,1,0,2,1,0,2,-328.2,208000.4,-2921.4,40592.6,69442.86666666667,14594.066666666666,208000.4,40592.6,0.19558522202254408,3,2,3,2
0.0,208000.4,351707.0,89.4,40682.0,24793.0,0,2,3,0,2,2,208000.4,143706.6,40592.6,-15889.0,186569.13333333333,21854.8,351707.0,40592.6,0.07049313635174634,3,2,3,2
208000.4,351707.0,504225.0,40682.0,24793.0,27772.8,2,3,3,2,2,2,143706.6,152518.0,-15889.0,2979.7999999999993,354644.1333333333,31082.600000000002,296224.6,15889.0,0.05508006330494659,3,2,3,2
351707.0,504225.0,383669.6,24793.0,27772.8,27415.2,3,3,3,2,2,2,152518.0,-120555.40000000002,2979.7999999999993,-357.59999999999854,413200.5333333334,26660.333333333332,152518.0,2979.7999999999993,0.0714550450308155,3,2,2,2
504225.0,383669.6,232320.6,27772.8,27415.2,12063.6,3,3,2,2,2,2,-120555.40000000002,-151348.99999999997,-357.59999999999854,-15351.6,373405.06666666665,22417.2,271904.4,15709.199999999999,0.05192629527344853,3,2,2,2
383669.6,232320.6,166636.8,27415.2,12063.6,15033.2,3,2,2,2,2,2,-151348.99999999997,-65683.80000000002,-15351.6,2969.6000000000004,260875.66666666666,18170.666666666668,217032.8,15351.6,0.09021482520772599,3,2,2,2
232320.6,166636.8,127099.6,12063.6,15033.2,6546.4,2,2,2,2,2,2,-65683.80000000002,-39537.19999999998,2969.6000000000004,-8486.800000000001,175352.33333333334,11214.400000000001,105221.0,8486.800000000001,0.05150565772309493,2,6,0,1
166636.8,127099.6,129.6,15033.2,6546.4,666.0,2,2,0,2,2,1,-39537.19999999998,-126970.0,-8486.800000000001,-5880.4,97955.33333333333,7415.2,166507.19999999998,14367.2,5.099540581929556,2,6,0,1
127099.6,129.6,91.6,6546.4,666.0,1834.0,2,0,0,2,1,1,-126970.0,-38.0,-5880.4,1168.0,42440.26666666667,3015.4666666666667,127008.0,5880.4,19.80561555075594,2,6,0,1
129.6,91.6,141.2,666.0,1834.0,1586.0,0,0,0,1,1,1,-38.0,49.599999999999994,1168.0,-248.0,120.8,1362.0,49.599999999999994,1168.0,11.153305203938116,2,6,1,1
91.6,141.2,204.4,1834.0,1586.0,1744.4,0,0,1,1,1,1,49.599999999999994,63.20000000000002,-248.0,158.4000000000001,145.73333333333332,1721.4666666666665,112.80000000000001,248.0,8.49269717624148,2,6,0,0
141.2,204.4,142.8,1586.0,1744.4,72.8,0,1,0,1,1,0,63.20000000000002,-61.599999999999994,158.4000000000001,-1671.6000000000001,162.8,1134.4,63.20000000000002,1671.6000000000001,0.5062586926286509,2,6,1,1
204.4,142.8,167.6,1744.4,72.8,673.2,1,0,1,1,0,1,-61.599999999999994,24.799999999999983,-1671.6000000000001,600.4000000000001,171.60000000000002,830.1333333333333,61.599999999999994,1671.6000000000001,3.9928825622775803,2,6,1,1
142.8,167.6,3259.0,72.8,673.2,4327.6,0,1,1,0,1,1,24.799999999999983,3091.4,600.4000000000001,3654.4000000000005,1189.8,1691.2,3116.2,4254.8,1.3274846625766872,2,6,1,1
167.6,3259.0,208.4,673.2,4327.6,713.2,1,1,1,1,1,1,3091.4,-3050.6,3654.4000000000005,-3614.4000000000005,1211.6666666666667,1904.6666666666667,3091.4,3654.4000000000005,3.4059216809933144,2,6,2,2
3259.0,208.4,43892.2,4327.6,713.2,9435.8,1,1,2,1,1,2,-3050.6,43683.799999999996,-3614.4000000000005,8722.599999999999,15786.533333333333,4825.533333333333,43683.799999999996,8722.599999999999,0.2149717951755625,2,6,2,2
208.4,43892.2,168049.0,713.2,9435.8,17575.2,1,2,2,1,2,2,43683.799999999996,124156.8,8722.599999999999,8139.4000000000015,70716.53333333334,9241.4,167840.6,16862.0,0.10458315977387683,2,6,2,1
43892.2,168049.0,27089.6,9435.8,17575.2,1973.0,2,2,2,2,2,1,124156.8,-140959.4,8139.4000000000015,-15602.2,79676.93333333333,9661.333333333334,140959.4,15602.2,0.07282969000317453,2,6,1,1
168049.0,27089.6,244.0,17575.2,1973.0,5346.4,2,2,1,2,1,1,-140959.4,-26845.6,-15602.2,3373.3999999999996,65127.53333333333,8298.199999999999,167805.0,15602.2,21.822040816326528,2,6,0,0
27089.6,244.0,144.0,1973.0,5346.4,115.6,2,1,0,1,1,0,-26845.6,-100.0,3373.3999999999996,-5230.799999999999,9159.199999999999,2478.3333333333335,26945.6,5230.799999999999,0.7972413793103448,2,6,1,1
244.0,144.0,324.4,5346.4,115.6,2869.8,1,0,1,1,0,1,-100.0,180.39999999999998,-5230.799999999999,2754.2000000000003,237.46666666666667,2777.2666666666664,180.39999999999998,5230.799999999999,8.819299323909036,2,6,0,0
144.0,324.4,31.2,115.6,2869.8,90.0,0,1,0,0,1,0,180.39999999999998,-293.2,2754.2000000000003,-2779.8,166.53333333333333,1025.1333333333334,293.2,2779.8,2.795031055900621,1,22,1,1
324.4,31.2,370.0,2869.8,90.0,4900.8,1,0,1,1,0,1,-293.2,338.8,-2779.8,4810.8,241.86666666666665,2620.2000000000003,338.8,4810.8,13.209703504043127,1,22,0,0
31.2,370.0,86.8,90.0,4900.8,91.6,0,1,0,0,1,0,338.8,-283.2,4810.8,-4809.2,162.66666666666666,1694.1333333333334,338.8,4810.8,1.0432801822323463,1,22,1,1
370.0,86.8,921.2,4900.8,91.6,3103.8,1,0,1,1,0,1,-283.2,834.4000000000001,-4809.2,3012.2000000000003,459.3333333333333,2698.7333333333336,834.4000000000001,4809.2,3.365647364996747,1,22,0,0
86.8,921.2,78.4,91.6,3103.8,81.6,0,1,0,0,1,0,834.4000000000001,-842.8000000000001,3012.2000000000003,-3022.2000000000003,362.1333333333334,1092.3333333333333,842.8000000000001,3022.2000000000003,1.0277078085642315,1,22,2,2
921.2,78.4,29566.0,3103.8,81.6,16459.4,1,0,2,1,0,2,-842.8000000000001,29487.6,-3022.2000000000003,16377.800000000001,10188.533333333333,6548.266666666667,29487.6,16377.800000000001,0.556681435384043,1,22,2,2
78.4,29566.0,127728.8,81.6,16459.4,6659.8,0,2,2,0,2,2,29487.6,98162.8,16377.800000000001,-9799.600000000002,52457.73333333334,7733.599999999999,127650.40000000001,16377.800000000001,0.052139751256167315,2,6,2,2
29566.0,127728.8,19975.6,16459.4,6659.8,9358.0,2,2,2,2,2,2,98162.8,-107753.20000000001,-9799.600000000002,2698.2,59090.13333333333,10825.733333333334,107753.20000000001,9799.600000000002,0.4684480842585826,2,3,1,1
127728.8,19975.6,170.4,6659.8,9358.0,170.2,2,2,1,2,2,1,-107753.20000000001,-19805.199999999997,2698.2,-9187.8,49291.6,5396.0,127558.40000000001,9187.8,0.9929988331388564,2,3,1,1
19975.6,170.4,347.2,9358.0,170.2,3978.8,2,1,1,2,1,1,-19805.199999999997,176.79999999999998,-9187.8,3808.6000000000004,6831.066666666667,4502.333333333333,19805.199999999997,9187.8,11.426766226306722,2,3,1,1
170.4,347.2,244.0,170.2,3978.8,3148.0,1,1,1,1,1,1,176.79999999999998,-103.19999999999999,3808.6000000000004,-830.8000000000002,253.86666666666667,2432.3333333333335,176.79999999999998,3808.6000000000004,12.848979591836734,2,3,0,0
347.2,244.0,102.8,3978.8,3148.0,90.8,1,1,0,1,1,0,-103.19999999999999,-141.2,-830.8000000000002,-3057.2,231.33333333333334,2405.866666666667,244.39999999999998,3888.0,0.8747591522157996,2,3,0,1
244.0,102.8,90.2,3148.0,90.8,3581.0,1,0,0,1,0,1,-141.2,-12.599999999999994,-3057.2,3490.2,145.66666666666666,2273.266666666667,153.8,3490.2,39.26535087719298,2,6,0,1
102.8,90.2,139.0,90.8,3581.0,1575.0,0,0,0,0,1,1,-12.599999999999994,48.8,3490.2,-2006.0,110.66666666666667,1748.9333333333334,48.8,3490.2,11.25,2,6,1,1
90.2,139.0,636.0,3581.0,1575.0,4454.2,0,0,1,1,1,1,48.8,497.0,-2006.0,2879.2,288.40000000000003,3203.4,545.8,2879.2,6.992464678178964,2,6,0,1
139.0,636.0,0.0,1575.0,4454.2,2599.4,0,1,0,1,1,1,497.0,-636.0,2879.2,-1854.7999999999997,258.3333333333333,2876.2000000000003,636.0,2879.2,2599.4,2,6,0,2
636.0,0.0,42.0,4454.2,2599.4,7458.2,1,0,0,1,1,2,-636.0,42.0,-1854.7999999999997,4858.799999999999,226.0,4837.266666666666,636.0,4858.799999999999,173.44651162790697,2,6,0,1
0.0,42.0,128.0,2599.4,7458.2,6111.0,0,0,0,1,2,1,42.0,86.0,4858.799999999999,-1347.1999999999998,56.666666666666664,5389.533333333334,128.0,4858.799999999999,47.372093023255815,3,2,0,2
42.0,128.0,112.0,7458.2,6111.0,8916.2,0,0,0,2,1,2,86.0,-16.0,-1347.1999999999998,2805.2000000000007,94.0,7495.133333333334,86.0,2805.2000000000007,78.90442477876107,3,2,2,2
128.0,112.0,169599.0,6111.0,8916.2,25801.0,0,0,2,1,2,2,-16.0,169487.0,2805.2000000000007,16884.8,56613.0,13609.4,169487.0,19690.0,0.15212853773584906,3,2,2,2
112.0,169599.0,48752.4,8916.2,25801.0,9787.6,0,2,2,2,2,2,169487.0,-120846.6,16884.8,-16013.4,72821.13333333333,14834.933333333332,169487.0,16884.8,0.2007572805178716,3,2,2,2
169599.0,48752.4,32561.6,25801.0,9787.6,7199.6,2,2,2,2,2,2,-120846.6,-16190.800000000003,-16013.4,-2588.0,83637.66666666667,14262.733333333332,137037.4,18601.4,0.2211002806901169,3,2,2,1
48752.4,32561.6,87895.2,9787.6,7199.6,5638.8,2,2,2,2,2,1,-16190.800000000003,55333.6,-2588.0,-1560.8000000000002,56403.06666666667,7542.0,55333.6,4148.8,0.06415294404081177,3,2,2,1
32561.6,87895.2,43697.6,7199.6,5638.8,4444.0,2,2,2,2,1,1,55333.6,-44197.6,-1560.8000000000002,-1194.8000000000002,54718.13333333333,5760.8,55333.6,2755.6000000000004,0.10169662185973921,2,6,2,1
87895.2,43697.6,44330.4,5638.8,4444.0,2979.2,2,2,2,1,1,1,-44197.6,632.8000000000029,-1194.8000000000002,-1464.8000000000002,58641.06666666666,4354.0,44197.6,2659.6000000000004,0.06720293065411874,2,6,1,1
43697.6,44330.4,154.4,4444.0,2979.2,375.2,2,2,1,1,1,1,632.8000000000029,-44176.0,-1464.8000000000002,-2604.0,29394.13333333333,2599.4666666666667,44176.0,4068.8,2.414414414414414,2,6,1,1
44330.4,154.4,4366.0,2979.2,375.2,4391.6,2,1,1,1,1,1,-44176.0,4211.6,-2604.0,4016.4000000000005,16283.6,2582.0,44176.0,4016.4000000000005,1.0056331577742157,2,6,1,1
154.4,4366.0,165.6,375.2,4391.6,1630.8,1,1,1,1,1,1,4211.6,-4200.4,4016.4000000000005,-2760.8,1562.0,2132.5333333333333,4211.6,4016.4000000000005,9.788715486194478,2,6,0,0
4366.0,165.6,36.0,4391.6,1630.8,53.2,1,1,0,1,1,0,-4200.4,-129.6,-2760.8,-1577.6,1522.5333333333335,2025.2,4330.0,4338.400000000001,1.4378378378378378,2,6,1,1
165.6,36.0,676.0,1630.8,53.2,919.8,1,0,1,1,0,1,-129.6,640.0,-1577.6,866.5999999999999,292.53333333333336,867.9333333333334,640.0,1577.6,1.3586410635155095,2,6,1,1
36.0,676.0,2292.0,53.2,919.8,1991.0,0,1,1,0,1,1,640.0,1616.0,866.5999999999999,1071.2,1001.3333333333334,988.0,2256.0,1937.8,0.8682948102921937,2,6,1,1
676.0,2292.0,236.6,919.8,1991.0,1054.6,1,1,1,1,1,1,1616.0,-2055.4,1071.2,-936.4000000000001,1068.2,1321.8,2055.4,1071.2,4.438552188552189,2,6,2,2
2292.0,236.6,19101.8,1991.0,1054.6,11387.8,1,1,2,1,1,2,-2055.4,18865.2,-936.4000000000001,10333.199999999999,7210.133333333332,4811.133333333333,18865.2,10333.199999999999,0.5961325041355194,1,22,2,2
236.6,19101.8,24276.2,1054.6,11387.8,13545.0,1,2,2,1,2,2,18865.2,5174.4000000000015,10333.199999999999,2157.2000000000007,14538.199999999999,8662.466666666667,24039.600000000002,12490.4,0.5579308981266373,1,22,3,2
19101.8,24276.2,341349.6,11387.8,13545.0,34318.6,2,2,3,2,2,2,5174.4000000000015,317073.39999999997,2157.2000000000007,20773.6,128242.53333333333,19750.466666666664,322247.8,22930.8,0.10053768764431643,1,22,3,2
24276.2,341349.6,454994.0,13545.0,34318.6,31733.6,2,3,3,2,2,2,317073.39999999997,113644.40000000002,20773.6,-2585.0,273539.93333333335,26532.399999999998,430717.8,20773.6,0.06974494225211265,1,22,3,2
341349.6,454994.0,548440.4,34318.6,31733.6,33300.0,3,3,3,2,2,2,113644.40000000002,93446.40000000002,-2585.0,1566.4000000000015,448261.3333333333,33117.4,207090.80000000005,2585.0,0.0607175169489393,1,22,3,2
454994.0,548440.4,497218.0,31733.6,33300.0,31633.2,3,3,3,2,2,2,93446.40000000002,-51222.40000000002,1566.4000000000015,-1666.7999999999993,500217.4666666666,32222.266666666666,93446.40000000002,1666.7999999999993,0.06362025586311063,1,22,3,2
548440.4,497218.0,448745.4,33300.0,31633.2,27742.6,3,3,3,2,2,2,-51222.40000000002,-48472.59999999998,-1666.7999999999993,-3890.600000000002,498134.60000000003,30891.93333333333,99695.0,5557.4000000000015,0.06182244581794973,2,6,1,1
497218.0,448745.4,492.4,31633.2,27742.6,1188.2,3,3,1,2,2,1,-48472.59999999998,-448253.0,-3890.600000000002,-26554.399999999998,315485.26666666666,20188.0,496725.6,30445.0,2.4081880826915283,2,6,1,1
448745.4,492.4,1021.6,27742.6,1188.2,3346.0,3,1,1,2,1,1,-448253.0,529.2,-26554.399999999998,2157.8,150086.46666666667,10758.933333333332,448253.0,26554.399999999998,3.272051633092118,2,6,0,0
492.4,1021.6,84.2,1188.2,3346.0,87.6,1,1,0,1,1,0,529.2,-937.4,2157.8,-3258.4,532.7333333333333,1540.6000000000001,937.4,3258.4,1.028169014084507,2,6,0,0
1021.6,84.2,81.6,3346.0,87.6,59.2,1,0,0,1,0,0,-937.4,-2.6000000000000085,-3258.4,-28.39999999999999,395.79999999999995,1164.2666666666667,940.0,3286.8,0.7167070217917676,2,6,0,1
84.2,81.6,137.6,87.6,59.2,1983.6,0,0,0,0,0,1,-2.6000000000000085,56.0,-28.39999999999999,1924.3999999999999,101.13333333333333,710.1333333333333,56.0,1924.3999999999999,14.311688311688311,1,22,0,2
81.6,137.6,49.2,59.2,1983.6,18214.0,0,0,0,0,1,2,56.0,-88.39999999999999,1924.3999999999999,16230.4,89.46666666666665,6752.266666666666,88.39999999999999,18154.8,362.82868525896413,1,22,2,2
137.6,49.2,221442.6,1983.6,18214.0,39387.2,0,0,2,1,2,2,-88.39999999999999,221393.4,16230.4,21173.199999999997,73876.46666666666,19861.6,221393.4,37403.6,0.17786560550858094,1,22,3,2
49.2,221442.6,491047.6,18214.0,39387.2,35522.8,0,2,3,2,2,2,221393.4,269605.0,21173.199999999997,-3864.399999999994,237513.13333333333,31041.333333333332,490998.39999999997,21173.199999999997,0.07234070110371968,1,22,2,2
221442.6,491047.6,127540.4,39387.2,35522.8,12176.0,2,3,2,2,2,2,269605.0,-363507.19999999995,-3864.399999999994,-23346.800000000003,280010.2,29028.666666666668,363507.19999999995,27211.199999999997,0.09546704050606314,1,22,1,1
491047.6,127540.4,596.8,35522.8,12176.0,2278.4,3,2,1,2,2,1,-363507.19999999995,-126943.59999999999,-23346.800000000003,-9897.6,206394.93333333335,16659.06666666667,490450.8,33244.4,3.811308129809301,1,22,0,0
127540.4,596.8,82.4,12176.0,2278.4,88.2,2,1,0,2,1,0,-126943.59999999999,-514.4,-9897.6,-2190.2000000000003,42739.86666666666,4847.533333333334,127458.0,12087.8,1.0575539568345322,2,6,1,1
596.8,82.4,272.2,2278.4,88.2,3851.8,1,0,1,1,0,1,-514.4,189.79999999999998,-2190.2000000000003,3763.6000000000004,317.13333333333327,2072.7999999999997,514.4,3763.6000000000004,14.098828696925331,2,6,0,0
82.4,272.2,126.4,88.2,3851.8,93.4,0,1,0,0,1,0,189.79999999999998,-145.79999999999998,3763.6000000000004,-3758.4,160.33333333333334,1344.4666666666667,189.79999999999998,3763.6000000000004,0.7331240188383046,2,6,1,1
272.2,126.4,335.6,3851.8,93.4,3335.2,1,0,1,1,0,1,-145.79999999999998,209.20000000000002,-3758.4,3241.7999999999997,244.73333333333335,2426.7999999999997,209.20000000000002,3758.4,9.908496732026142,2,6,0,1
126.4,335.6,109.2,93.4,3335.2,2005.6,0,1,0,0,1,1,209.20000000000002,-226.40000000000003,3241.7999999999997,-1329.6,190.4,1811.3999999999999,226.40000000000003,3241.7999999999997,18.199637023593464,2,6,1,1
335.6,109.2,301.0,3335.2,2005.6,1189.8,1,0,1,1,1,1,-226.40000000000003,191.8,-1329.6,-815.8,248.6,2176.8666666666663,226.40000000000003,2145.3999999999996,3.939735099337748,2,6,0,1
109.2,301.0,96.4,2005.6,1189.8,1983.6,0,1,0,1,1,1,191.8,-204.6,-815.8,793.8,168.86666666666667,1726.3333333333333,204.6,815.8,20.365503080082135,2,6,0,0
301.0,96.4,93.6,1189.8,1983.6,72.4,1,0,0,1,1,0,-204.6,-2.8000000000000114,793.8,-1911.1999999999998,163.66666666666666,1081.9333333333332,207.4,1911.1999999999998,0.7653276955602538,2,6,1,1
96.4,93.6,283.6,1983.6,72.4,1427.2,0,0,1,1,0,1,-2.8000000000000114,190.00000000000003,-1911.1999999999998,1354.8,157.86666666666667,1161.0666666666666,190.00000000000003,1911.1999999999998,5.0147575544624035,2,6,1,1
93.6,283.6,153.6,72.4,1427.2,1342.4,0,1,1,0,1,1,190.00000000000003,-130.00000000000003,1354.8,-84.79999999999995,176.93333333333337,947.3333333333334,190.00000000000003,1354.8,8.683053040103493,2,6,1,1
283.6,153.6,1040.6,1427.2,1342.4,1602.4,1,1,1,1,1,1,-130.00000000000003,886.9999999999999,-84.79999999999995,260.0,492.59999999999997,1457.3333333333333,886.9999999999999,260.0,1.5384024577572968,2,6,1,1
153.6,1040.6,513.4,1342.4,1602.4,2805.0,1,1,1,1,1,1,886.9999999999999,-527.1999999999999,260.0,1202.6,569.1999999999999,1916.6000000000001,886.9999999999999,1462.6,5.452954898911353,2,6,1,1
1040.6,513.4,300.4,1602.4,2805.0,4973.6,1,1,1,1,1,1,-527.1999999999999,-213.0,1202.6,2168.6000000000004,618.1333333333333,3127.0,740.1999999999999,3371.2000000000003,16.501658925016592,2,6,0,0
513.4,300.4,58.6,2805.0,4973.6,54.2,1,1,0,1,1,0,-213.0,-241.79999999999998,2168.6000000000004,-4919.400000000001,290.8,2610.9333333333334,454.79999999999995,4919.400000000001,0.9093959731543625,2,6,1,1
300.4,58.6,281.6,4973.6,54.2,3230.8,1,0,1,1,0,1,-241.79999999999998,223.00000000000003,-4919.400000000001,3176.6000000000004,213.53333333333333,2752.866666666667,241.79999999999998,4919.400000000001,11.43241330502477,2,6,1,1
58.6,281.6,191.0,54.2,3230.8,206.6,0,1,1,0,1,1,223.00000000000003,-90.60000000000002,3176.6000000000004,-3024.2000000000003,177.0666666666667,1163.8666666666666,223.00000000000003,3176.6000000000004,1.0760416666666666,2,6,1,1
281.6,191.0,253.6,3230.8,206.6,1854.0,1,1,1,1,1,1,-90.60000000000002,62.599999999999994,-3024.2000000000003,1647.4,242.0666666666667,1763.8,90.60000000000002,3024.2000000000003,7.282010997643362,2,6,1,1
191.0,253.6,278.4,206.6,1854.0,3679.6,1,1,1,1,1,1,62.599999999999994,24.799999999999983,1647.4,1825.6,241.0,1913.3999999999999,87.39999999999998,3473.0,13.169649248389407,2,6,1,1
253.6,278.4,227.2,1854.0,3679.6,1614.0,1,1,1,1,1,1,24.799999999999983,-51.19999999999999,1825.6,-2065.6,253.0666666666667,2382.5333333333333,51.19999999999999,2065.6,7.072743207712533,2,6,1,1
278.4,227.2,158.4,3679.6,1614.0,2277.6,1,1,1,1,1,1,-51.19999999999999,-68.79999999999998,-2065.6,663.5999999999999,221.33333333333334,2523.7333333333336,119.99999999999997,2065.6,14.28858218318695,2,6,0,1
227.2,158.4,118.2,1614.0,2277.6,719.8,1,1,0,1,1,1,-68.79999999999998,-40.2,663.5999999999999,-1557.8,167.93333333333334,1537.1333333333332,108.99999999999999,1557.8,6.0385906040268456,2,6,0,1
158.4,118.2,132.4,2277.6,719.8,1768.8,1,0,0,1,1,1,-40.2,14.200000000000003,-1557.8,1049.0,136.33333333333334,1588.7333333333333,40.2,1557.8,13.259370314842577,2,6,2,1
118.2,132.4,6860.4,719.8,1768.8,5018.0,0,0,2,1,1,1,14.200000000000003,6728.0,1049.0,3249.2,2370.3333333333335,2502.2000000000003,6742.2,4298.2,0.7313376278893521,2,6,0,0
132.4,6860.4,13.2,1768.8,5018.0,13.2,0,2,0,1,1,0,6728.0,-6847.2,3249.2,-5004.8,2335.333333333333,2266.6666666666665,6847.2,5004.8,0.9295774647887324,1,22,1,1
6860.4,13.2,232.4,5018.0,13.2,3061.2,2,0,1,1,0,1,-6847.2,219.20000000000002,-5004.8,3048.0,2368.6666666666665,2697.4666666666667,6847.2,5004.8,13.115681233933161,2,6,0,0
13.2,232.4,135.0,13.2,3061.2,136.6,0,1,0,0,1,0,219.20000000000002,-97.4,3048.0,-2924.6,126.86666666666667,1070.3333333333333,219.20000000000002,3048.0,1.0044117647058823,2,6,1,1
232.4,135.0,232.8,3061.2,136.6,3242.4,1,0,1,1,0,1,-97.4,97.80000000000001,-2924.6,3105.8,200.0666666666667,2146.733333333333,97.80000000000001,3105.8,13.868263473053892,2,6,1,1
135.0,232.8,193.0,136.6,3242.4,2710.8,0,1,1,0,1,1,97.80000000000001,-39.80000000000001,3105.8,-531.5999999999999,186.9333333333333,2029.9333333333334,97.80000000000001,3105.8,13.97319587628866,2,6,0,0
232.8,193.0,18.0,3242.4,2710.8,57.2,1,1,0,1,1,0,-39.80000000000001,-175.0,-531.5999999999999,-2653.6000000000004,147.93333333333334,2003.466666666667,214.8,3185.2000000000003,3.0105263157894737,2,6,1,1
193.0,18.0,349.4,2710.8,57.2,2009.8,1,0,1,1,0,1,-175.0,331.4,-2653.6000000000004,1952.6,186.79999999999998,1592.6000000000001,331.4,2653.6000000000004,5.735730593607306,2,6,0,1
18.0,349.4,21.0,57.2,2009.8,1067.4,0,1,0,0,1,1,331.4,-328.4,1952.6,-942.3999999999999,129.46666666666667,1044.8,331.4,1952.6,48.51818181818182,2,6,1,1
349.4,21.0,244.0,2009.8,1067.4,1322.8,1,0,1,1,1,1,-328.4,223.0,-942.3999999999999,255.39999999999986,204.79999999999998,1466.6666666666667,328.4,942.3999999999999,5.399183673469388,2,6,1,1
21.0,244.0,888.8,1067.4,1322.8,2172.8,0,1,1,1,1,1,223.0,644.8,255.39999999999986,850.0000000000002,384.59999999999997,1521.0,867.8,1105.4,2.441897055518094,2,6,1,1
244.0,888.8,167.6,1322.8,2172.8,1193.4,1,1,1,1,1,1,644.8,-721.1999999999999,850.0000000000002,-979.4000000000001,433.46666666666664,1563.0,721.1999999999999,979.4000000000001,7.07829181494662,2,6,1,1
888.8,167.6,227.0,2172.8,1193.4,1373.8,1,1,1,1,1,1,-721.1999999999999,59.400000000000006,-979.4000000000001,180.39999999999986,427.79999999999995,1580.0,721.1999999999999,979.4000000000001,6.025438596491228,2,6,1,1
167.6,227.0,255.6,1193.4,1373.8,3310.8,1,1,1,1,1,1,59.400000000000006,28.599999999999994,180.39999999999986,1937.0000000000002,216.73333333333335,1959.3333333333333,88.0,2117.4,12.90257209664848,2,6,0,0
227.0,255.6,13.2,1373.8,3310.8,13.2,1,1,0,1,1,0,28.599999999999994,-242.4,1937.0000000000002,-3297.6000000000004,165.26666666666668,1565.9333333333334,242.4,3297.6000000000004,0.9295774647887324,2,6,1,1
255.6,13.2,277.2,3310.8,13.2,3097.6,1,0,1,1,0,1,-242.4,264.0,-3297.6000000000004,3084.4,182.0,2140.5333333333333,264.0,3297.6000000000004,11.134435657800143,2,6,0,0
13.2,277.2,31.2,13.2,3097.6,35.2,0,1,0,0,1,0,264.0,-246.0,3084.4,-3062.4,107.19999999999999,1048.6666666666665,264.0,3084.4,1.093167701863354,2,6,1,1
277.2,31.2,416.6,3097.6,35.2,3399.4,1,0,1,1,0,1,-246.0,385.40000000000003,-3062.4,3364.2000000000003,241.66666666666666,2177.4,385.40000000000003,3364.2000000000003,8.140325670498084,2,6,0,1
31.2,416.6,78.4,35.2,3399.4,1999.2,0,1,0,0,1,1,385.40000000000003,-338.20000000000005,3364.2000000000003,-1400.2,175.4,1811.2666666666667,385.40000000000003,3364.2000000000003,25.178841309823678,2,6,1,1
416.6,78.4,1422.2,3399.4,1999.2,2163.4,1,0,1,1,1,1,-338.20000000000005,1343.8,-1400.2,164.20000000000005,639.0666666666667,2520.6666666666665,1343.8,1400.2,1.5200955593029792,2,6,1,1
78.4,1422.2,4854.0,1999.2,2163.4,6277.4,0,1,1,1,1,1,1343.8,3431.8,164.20000000000005,4114.0,2118.2000000000003,3480.0,4775.6,4278.2,1.2929763130792997,2,6,1,1
1422.2,4854.0,159.2,2163.4,6277.4,1190.0,1,1,1,1,1,1,3431.8,-4694.8,4114.0,-5087.4,2145.133333333333,3210.2666666666664,4694.8,5087.4,7.428214731585519,2,6,1,1
4854.0,159.2,298.2,6277.4,1190.0,1757.8,1,1,1,1,1,1,-4694.8,139.0,-5087.4,567.8,1770.4666666666665,3075.066666666666,4694.8,5087.4,5.875,2,6,1,1
159.2,298.2,1809.4,1190.0,1757.8,3780.2,1,1,1,1,1,1,139.0,1511.2,567.8,2022.3999999999999,755.6,2242.6666666666665,1650.2,2590.2,2.0880468404772423,2,6,0,0
298.2,1809.4,114.6,1757.8,3780.2,140.0,1,1,0,1,1,0,1511.2,-1694.8000000000002,2022.3999999999999,-3640.2,740.7333333333332,1892.6666666666667,1694.8000000000002,3640.2,1.2110726643598617,2,6,1,1
1809.4,114.6,227.6,3780.2,140.0,2012.4,1,0,1,1,0,1,-1694.8000000000002,113.0,-3640.2,1872.4,717.1999999999999,1977.5333333333335,1694.8000000000002,3640.2,8.803149606299213,2,6,1,1
114.6,227.6,1658.6,140.0,2012.4,2410.4,0,1,1,0,1,1,113.0,1431.0,1872.4,398.0,666.9333333333333,1520.9333333333334,1544.0,2270.4,1.4523981682333094,2,6,1,0
227.6,1658.6,164.2,2012.4,2410.4,145.4,1,1,1,1,1,0,1431.0,-1494.3999999999999,398.0,-2265.0,683.4666666666666,1522.7333333333333,1494.3999999999999,2265.0,0.8801452784503633,2,6,2,2
1658.6,164.2,209593.6,2410.4,145.4,40961.0,1,1,2,1,0,2,-1494.3999999999999,209429.4,-2265.0,40815.6,70472.13333333333,14505.6,209429.4,40815.6,0.1954296532448832,2,6,2,2
164.2,209593.6,193339.2,145.4,40961.0,12834.2,1,2,2,0,2,2,209429.4,-16254.399999999994,40815.6,-28126.8,134365.66666666666,17980.2,209429.4,40815.6,0.06638143541798343,2,6,1,1
209593.6,193339.2,262.0,40961.0,12834.2,4070.8,2,2,1,2,2,1,-16254.399999999994,-193077.2,-28126.8,-8763.400000000001,134398.2666666667,19288.666666666668,209331.6,36890.2,15.478326996197719,2,6,0,0
193339.2,262.0,113.2,12834.2,4070.8,89.6,2,1,0,2,1,0,-193077.2,-148.8,-8763.400000000001,-3981.2000000000003,64571.466666666674,5664.866666666666,193226.0,12744.6,0.7845884413309981,2,6,1,1
262.0,113.2,340.2,4070.8,89.6,3090.4,1,0,1,1,0,1,-148.8,227.0,-3981.2000000000003,3000.8,238.46666666666667,2416.933333333334,227.0,3981.2000000000003,9.05744431418523,2,6,1,1
113.2,340.2,429.2,89.6,3090.4,3258.6,0,1,1,0,1,1,227.0,89.0,3000.8,168.19999999999982,294.2,2146.2000000000003,316.0,3169.0,7.574616457461646,2,6,1,1
340.2,429.2,195.2,3090.4,3258.6,1036.4,1,1,1,1,1,1,89.0,-234.0,168.19999999999982,-2222.2,321.5333333333333,2461.7999999999997,234.0,2222.2,5.282364933741081,2,6,1,1
429.2,195.2,222.2,3258.6,1036.4,6308.8,1,1,1,1,1,1,-234.0,27.0,-2222.2,5272.4,282.2,3534.6,234.0,5272.4,28.265232974910397,2,6,0,1
195.2,222.2,133.0,1036.4,6308.8,1118.4,1,1,0,1,1,1,27.0,-89.19999999999999,5272.4,-5190.4,183.46666666666667,2821.2000000000003,89.19999999999999,5272.4,8.346268656716418,2,6,0,1
222.2,133.0,108.0,6308.8,1118.4,1653.6,1,0,0,1,1,1,-89.19999999999999,-25.0,-5190.4,535.1999999999998,154.4,3026.933333333334,114.19999999999999,5190.4,15.17064220183486,2,6,0,1
133.0,108.0,102.8,1118.4,1653.6,1771.4,0,0,0,1,1,1,-25.0,-5.200000000000003,535.1999999999998,117.80000000000018,114.60000000000001,1514.4666666666665,30.200000000000003,653.0,17.065510597302506,2,6,0,1
108.0,102.8,121.2,1653.6,1771.4,5420.8,0,0,0,1,1,1,-5.200000000000003,18.400000000000006,117.80000000000018,3649.4,110.66666666666667,2948.6,18.400000000000006,3767.2000000000003,44.36006546644845,2,6,0,1
102.8,121.2,98.0,1771.4,5420.8,1532.8,0,0,0,1,1,1,18.400000000000006,-23.200000000000003,3649.4,-3888.0,107.33333333333333,2908.3333333333335,23.200000000000003,3888.0,15.482828282828283,3,2,0,1
121.2,98.0,61.4,5420.8,1532.8,6330.4,0,0,0,1,1,1,-23.200000000000003,-36.6,-3888.0,4797.599999999999,93.53333333333332,4428.0,59.800000000000004,4797.599999999999,101.44871794871794,1,22,2,2
98.0,61.4,7998.0,1532.8,6330.4,7000.2,0,0,2,1,1,2,-36.6,7936.6,4797.599999999999,669.8000000000002,2719.133333333333,4954.466666666666,7936.6,5467.4,0.8751343917989749,1,22,1,1
61.4,7998.0,4950.0,6330.4,7000.2,5549.0,0,2,1,1,2,1,7936.6,-3048.0,669.8000000000002,-1451.1999999999998,4336.466666666666,6293.2,7936.6,1451.1999999999998,1.1207836800646334,1,22,1,1
7998.0,4950.0,1640.6,7000.2,5549.0,2679.4,2,1,1,2,1,1,-3048.0,-3309.4,-1451.1999999999998,-2869.6,4862.866666666667,5076.2,6357.4,4320.799999999999,1.6321881091617936,1,22,1,1
4950.0,1640.6,1038.8,5549.0,2679.4,1886.0,1,1,1,1,1,1,-3309.4,-601.8,-2869.6,-793.4000000000001,2543.1333333333337,3371.4666666666667,3911.2,3663.0,1.8138103481438739,3,2,1,1
1640.6,1038.8,249.2,2679.4,1886.0,1216.0,1,1,1,1,1,1,-601.8,-789.5999999999999,-793.4000000000001,-670.0,976.1999999999998,1927.1333333333332,1391.3999999999999,1463.4,4.860111910471623,3,2,0,0
1038.8,249.2,127.2,1886.0,1216.0,59.6,1,1,0,1,1,0,-789.5999999999999,-121.99999999999999,-670.0,-1156.4,471.73333333333335,1053.8666666666666,911.5999999999999,1826.4,0.4648985959438378,3,2,1,2
249.2,127.2,4594.6,1216.0,59.6,7914.0,1,0,1,1,0,2,-121.99999999999999,4467.400000000001,-1156.4,7854.4,1657.0,3063.2000000000003,4467.400000000001,7854.4,1.7220819914701018,2,3,1,1
127.2,4594.6,1086.0,59.6,7914.0,1575.4,0,1,1,0,2,1,4467.400000000001,-3508.6000000000004,7854.4,-6338.6,1935.9333333333334,3183.0,4467.400000000001,7854.4,1.4493100275988962,2,3,1,1
4594.6,1086.0,252.0,7914.0,1575.4,3103.6,1,1,1,2,1,1,-3508.6000000000004,-834.0,-6338.6,1528.1999999999998,1977.5333333333335,4197.666666666667,4342.6,6338.6,12.267193675889327,2,3,1,0
1086.0,252.0,151.6,1575.4,3103.6,130.0,1,1,1,1,1,0,-834.0,-100.4,1528.1999999999998,-2973.6,496.5333333333333,1603.0,934.4,2973.6,0.8519003931847969,2,3,1,1
252.0,151.6,436.4,3103.6,130.0,3246.2,1,1,1,1,0,1,-100.4,284.79999999999995,-2973.6,3116.2,280.0,2159.933333333333,284.79999999999995,3116.2,7.421582075903063,2,3,0,0
151.6,436.4,91.2,130.0,3246.2,66.0,1,1,0,0,1,0,284.79999999999995,-345.2,3116.2,-3180.2,226.4,1147.3999999999999,345.2,3180.2,0.7158351409978307,2,3,1,1
436.4,91.2,250.8,3246.2,66.0,2924.4,1,0,1,1,0,1,-345.2,159.60000000000002,-3180.2,2858.4,259.4666666666667,2078.866666666667,345.2,3180.2,11.613979348689435,2,6,0,0
91.2,250.8,39.6,66.0,2924.4,26.4,0,1,0,0,1,0,159.60000000000002,-211.20000000000002,2858.4,-2898.0,127.2,1005.6,211.20000000000002,2898.0,0.6502463054187192,2,6,1,1
250.8,39.6,345.6,2924.4,26.4,3101.6,1,0,1,1,0,1,-211.20000000000002,306.0,-2898.0,3075.2,212.0,2017.4666666666665,306.0,3075.2,8.94864396999423,2,6,1,1
39.6,345.6,226.0,26.4,3101.6,437.6,0,1,1,0,1,1,306.0,-119.60000000000002,3075.2,-2664.0,203.73333333333335,1188.5333333333333,306.0,3075.2,1.9277533039647579,2,6,1,1
345.6,226.0,232.4,3101.6,437.6,2630.4,1,1,1,1,1,1,-119.60000000000002,6.400000000000006,-2664.0,2192.8,268.0,2056.5333333333333,119.60000000000002,2664.0,11.269922879177377,2,6,1,1
226.0,232.4,234.4,437.6,2630.4,2782.2,1,1,1,1,1,1,6.400000000000006,2.0,2192.8,151.79999999999973,230.9333333333333,1950.0666666666666,8.400000000000006,2344.6,11.819031435853864,2,6,1,1
232.4,234.4,155.4,2630.4,2782.2,151.8,1,1,1,1,1,1,2.0,-79.0,151.79999999999973,-2630.3999999999996,207.4,1854.8000000000002,79.0,2630.3999999999996,0.9705882352941176,2,6,0,2
234.4,155.4,68.0,2782.2,151.8,6658.0,1,1,0,1,1,2,-79.0,-87.4,-2630.3999999999996,6506.2,152.6,3197.3333333333335,166.4,6506.2,96.4927536231884,2,6,1,2
155.4,68.0,494.8,151.8,6658.0,6481.8,1,0,1,1,2,2,-87.4,426.8,6506.2,-176.19999999999982,239.4,4430.533333333334,426.8,6506.2,13.073416700282372,3,2,2,2
68.0,494.8,41869.4,6658.0,6481.8,19179.2,0,1,2,2,2,2,426.8,41374.6,-176.19999999999982,12697.400000000001,14144.066666666668,10773.0,41801.4,12697.400000000001,0.45806106461844165,3,2,2,1
494.8,41869.4,39793.0,6481.8,19179.2,5664.2,1,2,2,2,2,1,41374.6,-2076.4000000000015,12697.400000000001,-13515.0,27385.733333333337,10441.733333333334,41374.6,13515.0,0.14233804091069005,3,2,2,1
41869.4,39793.0,7594.8,19179.2,5664.2,2050.6,2,2,2,2,1,1,-2076.4000000000015,-32198.2,-13515.0,-3613.6,29752.399999999998,8964.666666666666,34274.6,17128.600000000002,0.26996498064719976,1,22,1,1
39793.0,7594.8,250.8,5664.2,2050.6,3099.2,2,2,1,1,1,1,-32198.2,-7344.0,-3613.6,1048.6,15879.533333333335,3604.6666666666665,39542.2,3613.6,12.30818109610802,1,22,0,0
7594.8,250.8,18.0,2050.6,3099.2,44.0,2,1,0,1,1,0,-7344.0,-232.8,1048.6,-3055.2,2621.2000000000003,1731.2666666666664,7576.8,3055.2,2.3157894736842106,1,22,1,1
250.8,18.0,208.0,3099.2,44.0,662.4,1,0,1,1,0,1,-232.8,190.0,-3055.2,618.4,158.93333333333334,1268.5333333333333,232.8,3055.2,3.169377990430622,1,22,0,1
18.0,208.0,121.2,44.0,662.4,1372.4,0,1,0,0,1,1,190.0,-86.8,618.4,710.0000000000001,115.73333333333333,692.9333333333334,190.0,1328.4,11.230769230769232,1,22,1,1
208.0,121.2,349.2,662.4,1372.4,877.6,1,0,1,1,1,1,-86.8,228.0,710.0000000000001,-494.80000000000007,226.13333333333333,970.8000000000001,228.0,710.0000000000001,2.5059965733866365,1,22,0,0
121.2,349.2,26.4,1372.4,877.6,26.4,0,1,0,1,1,0,228.0,-322.8,-494.80000000000007,-851.2,165.6,758.8000000000001,322.8,1346.0,0.9635036496350365,2,6,1,1
349.2,26.4,154.0,877.6,26.4,381.6,1,0,1,1,0,1,-322.8,127.6,-851.2,355.20000000000005,176.5333333333333,428.5333333333333,322.8,851.2,2.4619354838709677,2,6,1,1
26.4,154.0,255.6,26.4,381.6,640.4,0,1,1,0,1,1,127.6,101.6,355.20000000000005,258.79999999999995,145.33333333333334,349.4666666666667,229.2,614.0,2.495713172252533,2,6,1,1
154.0,255.6,231.2,381.6,640.4,481.6,1,1,1,1,1,1,101.6,-24.400000000000006,258.79999999999995,-158.79999999999995,213.6,501.2,101.6,258.79999999999995,2.0740740740740744,2,6,0,0
255.6,231.2,55.6,640.4,481.6,48.0,1,1,0,1,1,0,-24.400000000000006,-175.6,-158.79999999999995,-433.6,180.79999999999998,390.0,200.0,592.4,0.8480565371024735,2,6,1,1
231.2,55.6,1906.0,481.6,48.0,3164.8,1,0,1,1,0,1,-175.6,1850.4,-433.6,3116.8,730.9333333333334,1231.4666666666667,1850.4,3116.8,1.6595700052438387,2,6,0,0
55.6,1906.0,78.2,48.0,3164.8,67.4,0,1,0,0,1,0,1850.4,-1827.8,3116.8,-3097.4,679.9333333333333,1093.4,1850.4,3116.8,0.8510101010101011,1,22,2,2
1906.0,78.2,213047.0,3164.8,67.4,16835.6,1,0,2,1,0,2,-1827.8,212968.8,-3097.4,16768.199999999997,71677.06666666667,6689.266666666666,212968.8,16768.199999999997,0.07902256768427772,2,6,2,1
78.2,213047.0,44761.8,67.4,16835.6,3910.6,0,2,2,0,2,1,212968.8,-168285.2,16768.199999999997,-12924.999999999998,85962.33333333333,6937.866666666666,212968.8,16768.199999999997,0.08736272083068976,2,6,1,1
213047.0,44761.8,150.4,16835.6,3910.6,2530.8,2,2,1,2,1,1,-168285.2,-44611.4,-12924.999999999998,-1379.7999999999997,85986.4,7758.999999999999,212896.6,14304.8,16.715984147952444,2,6,0,0
44761.8,150.4,49.2,3910.6,2530.8,50.8,2,1,0,1,1,0,-44611.4,-101.2,-1379.7999999999997,-2480.0,14987.133333333333,2164.0666666666666,44712.600000000006,3859.7999999999997,1.0119521912350598,2,6,1,1
150.4,49.2,274.8,2530.8,50.8,3643.6,1,0,1,1,0,1,-101.2,225.60000000000002,-2480.0,3592.7999999999997,158.13333333333335,2075.066666666667,225.60000000000002,3592.7999999999997,13.211022480058013,2,6,0,0
49.2,274.8,44.4,50.8,3643.6,42.0,0,1,0,0,1,0,225.60000000000002,-230.4,3592.7999999999997,-3601.6,122.8,1245.4666666666667,230.4,3601.6,0.9251101321585904,2,6,1,1
274.8,44.4,204.4,3643.6,42.0,191.4,1,0,1,1,0,1,-230.4,160.0,-3601.6,149.4,174.53333333333333,1292.3333333333333,230.4,3601.6,0.9318403115871471,2,6,1,1
44.4,204.4,232.8,42.0,191.4,1225.2,0,1,1,0,1,1,160.0,28.400000000000006,149.4,1033.8,160.53333333333333,486.20000000000005,188.4,1183.2,5.240376390076989,2,6,1,1
204.4,232.8,854.4,191.4,1225.2,620.4,1,1,1,1,1,1,28.400000000000006,621.5999999999999,1033.8,-604.8000000000001,430.5333333333333,679.0,650.0,1033.8,0.7252747252747253,2,6,1,1
232.8,854.4,281.6,1225.2,620.4,3055.2,1,1,1,1,1,1,621.5999999999999,-572.8,-604.8000000000001,2434.7999999999997,456.2666666666667,1633.5999999999997,621.5999999999999,2434.7999999999997,10.811040339702759,2,6,1,1
854.4,281.6,426.0,620.4,3055.2,3464.8,1,1,1,1,1,1,-572.8,144.39999999999998,2434.7999999999997,409.60000000000036,520.6666666666666,2380.133333333333,572.8,2844.4,8.114285714285714,2,6,0,0
281.6,426.0,13.2,3055.2,3464.8,13.2,1,1,0,1,1,0,144.39999999999998,-412.8,409.60000000000036,-3451.6000000000004,240.26666666666668,2177.733333333333,412.8,3451.6000000000004,0.9295774647887324,2,6,0,1
426.0,13.2,0.0,3464.8,13.2,3126.8,1,0,0,1,0,1,-412.8,-13.2,-3451.6000000000004,3113.6000000000004,146.4,2201.6,426.0,3451.6000000000004,3126.8,2,6,0,1
13.2,0.0,18.0,13.2,3126.8,4585.8,0,0,0,0,1,1,-13.2,18.0,3113.6000000000004,1459.0,10.4,2575.266666666667,18.0,4572.6,241.35789473684213,2,6,0,1
0.0,18.0,131.6,3126.8,4585.8,3479.4,0,0,0,1,1,1,18.0,113.6,1459.0,-1106.4,49.86666666666667,3730.6666666666665,131.6,1459.0,26.23981900452489,2,6,0,1
18.0,131.6,134.0,4585.8,3479.4,3277.8,0,0,0,1,1,1,113.6,2.4000000000000057,-1106.4,-201.5999999999999,94.53333333333335,3781.0,116.0,1308.0,24.28,2,6,0,1
131.6,134.0,0.0,3479.4,3277.8,1746.6,0,0,0,1,1,1,2.4000000000000057,-134.0,-201.5999999999999,-1531.2000000000003,88.53333333333335,2834.6000000000004,134.0,1732.8000000000002,1746.6,2,6,0,1
134.0,0.0,105.8,3277.8,1746.6,3100.8,0,0,0,1,1,1,-134.0,105.8,-1531.2000000000003,1354.2000000000003,79.93333333333334,2708.4,134.0,1531.2000000000003,29.03370786516854,3,2,0,1
0.0,105.8,123.6,1746.6,3100.8,2122.2,0,0,0,1,1,1,105.8,17.799999999999997,1354.2000000000003,-978.6000000000004,76.46666666666665,2323.2,123.6,1354.2000000000003,17.032102728731942,3,2,1,1
105.8,123.6,336.2,3100.8,2122.2,2349.0,0,0,1,1,1,1,17.799999999999997,212.6,-978.6000000000004,226.80000000000018,188.5333333333333,2524.0,230.39999999999998,978.6000000000004,6.9661921708185055,3,2,0,1
123.6,336.2,0.0,2122.2,2349.0,3715.2,0,1,0,1,1,1,212.6,-336.2,226.80000000000018,1366.1999999999998,153.26666666666665,2728.7999999999997,336.2,1593.0,3715.2,3,2,0,1
336.2,0.0,59.2,2349.0,3715.2,2866.8,1,0,0,1,1,1,-336.2,59.2,1366.1999999999998,-848.3999999999996,131.79999999999998,2977.0,336.2,1366.1999999999998,47.62126245847176,3,2,0,1
0.0,59.2,135.0,3715.2,2866.8,1899.6,0,0,0,1,1,1,59.2,75.8,-848.3999999999996,-967.2000000000003,64.73333333333333,2827.2000000000003,135.0,1815.6,13.967647058823529,3,2,0,1
59.2,135.0,131.6,2866.8,1899.6,4200.6,0,0,0,1,1,1,75.8,-3.4000000000000057,-967.2000000000003,2301.0000000000005,108.59999999999998,2989.0,75.8,2301.0000000000005,31.678733031674213,3,2,1,1
135.0,131.6,366.2,1899.6,4200.6,1764.8,0,0,1,1,1,1,-3.4000000000000057,234.6,2301.0000000000005,-2435.8,210.9333333333333,2621.666666666667,234.6,2435.8,4.806100217864924,3,2,0,1
131.6,366.2,0.0,4200.6,1764.8,3168.2,0,1,0,1,1,1,234.6,-366.2,-2435.8,1403.3999999999999,165.9333333333333,3044.5333333333333,366.2,2435.8,3168.2,3,2,0,1
366.2,0.0,51.6,1764.8,3168.2,2325.4,1,0,0,1,1,1,-366.2,51.6,1403.3999999999999,-842.7999999999997,139.26666666666668,2419.4666666666667,366.2,1403.3999999999999,44.20912547528517,3,2,2,2
0.0,51.6,8475.0,3168.2,2325.4,8644.8,0,0,2,1,1,2,51.6,8423.4,-842.7999999999997,6319.4,2842.2000000000003,4712.8,8475.0,6319.4,1.0199150542708824,3,2,1,1
51.6,8475.0,5761.4,2325.4,8644.8,4018.8,0,2,1,1,2,1,8423.4,-2713.6000000000004,6319.4,-4625.999999999999,4762.666666666667,4996.333333333333,8423.4,6319.4,0.6974177426072471,3,2,2,1
8475.0,5761.4,6878.8,8644.8,4018.8,3918.8,2,1,2,2,1,1,-2713.6000000000004,1117.4000000000005,-4625.999999999999,-100.0,7038.400000000001,5527.466666666666,2713.6000000000004,4725.999999999999,0.5696095816738859,2,3,1,0
5761.4,6878.8,1115.6,4018.8,3918.8,113.6,1,2,1,1,1,0,1117.4000000000005,-5763.200000000001,-100.0,-3805.2000000000003,4585.266666666667,2683.7333333333336,5763.200000000001,3905.2000000000003,0.10173741715923339,1,22,1,1
6878.8,1115.6,346.4,3918.8,113.6,3068.4,2,1,1,1,0,1,-5763.200000000001,-769.1999999999999,-3805.2000000000003,2954.8,2780.2666666666664,2366.9333333333334,6532.400000000001,3805.2000000000003,8.832469775474957,1,22,1,1
1115.6,346.4,1230.8,113.6,3068.4,2255.4,1,1,1,0,1,1,-769.1999999999999,884.4,2954.8,-813.0,897.6,1812.4666666666665,884.4,2954.8,1.830979055041403,3,2,1,1
346.4,1230.8,312.8,3068.4,2255.4,2678.0,1,1,1,1,1,1,884.4,-918.0,-813.0,422.5999999999999,629.9999999999999,2667.266666666667,918.0,813.0,8.534098151688973,3,2,1,1
1230.8,312.8,2277.0,2255.4,2678.0,2041.6,1,1,1,1,1,1,-918.0,1964.2,422.5999999999999,-636.4000000000001,1273.5333333333333,2325.0,1964.2,636.4000000000001,0.8962247585601404,3,2,1,1
312.8,2277.0,165.6,2678.0,2041.6,838.8,1,1,1,1,1,1,1964.2,-2111.4,-636.4000000000001,-1202.8,918.4666666666667,1852.8000000000002,2111.4,1839.2,5.034813925570228,3,2,1,1
2277.0,165.6,227.0,2041.6,838.8,989.0,1,1,1,1,1,1,-2111.4,61.400000000000006,-1202.8,150.20000000000005,889.8666666666667,1289.8,2111.4,1202.8,4.337719298245614,3,2,1,1
165.6,227.0,269.2,838.8,989.0,1099.6,1,1,1,1,1,1,61.400000000000006,42.19999999999999,150.20000000000005,110.59999999999991,220.6,975.7999999999998,103.6,260.79999999999995,4.069578090303478,3,2,1,1
227.0,269.2,175.2,989.0,1099.6,2047.6,1,1,1,1,1,1,42.19999999999999,-94.0,110.59999999999991,948.0,223.79999999999998,1378.7333333333333,94.0,1058.6,11.620885357548241,2,6,1,1
269.2,175.2,165.6,1099.6,2047.6,1077.6,1,1,1,1,1,1,-94.0,-9.599999999999994,948.0,-970.0,203.33333333333334,1408.2666666666664,103.6,970.0,6.468187274909964,2,6,0,1
175.2,165.6,132.0,2047.6,1077.6,2025.2,1,1,0,1,1,1,-9.599999999999994,-33.599999999999994,-970.0,947.6000000000001,157.6,1716.8,43.19999999999999,970.0,15.227067669172932,2,3,1,1
165.6,132.0,419.4,1077.6,2025.2,1396.0,1,0,1,1,1,1,-33.599999999999994,287.4,947.6000000000001,-629.2,239.0,1499.6000000000001,287.4,947.6000000000001,3.3206470028544244,2,3,1,1
132.0,419.4,242.0,2025.2,1396.0,3046.0,0,1,1,1,1,1,287.4,-177.39999999999998,-629.2,1650.0,264.46666666666664,2155.733333333333,287.4,1650.0,12.534979423868313,2,3,0,0
419.4,242.0,76.6,1396.0,3046.0,76.2,1,1,0,1,1,0,-177.39999999999998,-165.4,1650.0,-2969.8,246.0,1506.0666666666666,342.79999999999995,2969.8,0.981958762886598,2,3,0,1
242.0,76.6,126.2,3046.0,76.2,6092.2,1,0,0,1,0,1,-165.4,49.60000000000001,-2969.8,6016.0,148.26666666666668,3071.4666666666667,165.4,6016.0,47.89465408805031,2,3,1,1
76.6,126.2,401.0,76.2,6092.2,3272.4,0,0,1,0,1,1,49.60000000000001,274.8,6016.0,-2819.7999999999997,201.26666666666665,3146.933333333333,324.4,6016.0,8.140298507462687,2,3,1,1
126.2,401.0,279.2,6092.2,3272.4,3644.2,0,1,1,1,1,1,274.8,-121.80000000000001,-2819.7999999999997,371.7999999999997,268.8,4336.266666666666,274.8,2819.7999999999997,13.005710206995003,2,3,1,1
401.0,279.2,304.0,3272.4,3644.2,1176.4,1,1,1,1,1,1,-121.80000000000001,24.80000000000001,371.7999999999997,-2467.7999999999997,328.06666666666666,2697.6666666666665,121.80000000000001,2467.7999999999997,3.857049180327869,2,3,1,1
279.2,304.0,217.4,3644.2,1176.4,3849.4,1,1,1,1,1,1,24.80000000000001,-86.6,-2467.7999999999997,2673.0,266.8666666666667,2890.0,86.6,2673.0,17.625457875457876,3,2,2,2
304.0,217.4,11627.8,1176.4,3849.4,13186.2,1,1,2,1,1,2,-86.6,11410.4,2673.0,9336.800000000001,4049.733333333333,6070.666666666667,11410.4,12009.800000000001,1.1339261144744086,3,2,2,1
217.4,11627.8,25189.4,3849.4,13186.2,5874.2,1,2,2,1,2,1,11410.4,13561.600000000002,9336.800000000001,-7312.000000000001,12344.866666666667,7636.600000000001,24972.0,9336.800000000001,0.2331920096544715,1,22,2,2
11627.8,25189.4,9229.0,13186.2,5874.2,26663.6,2,2,2,2,1,2,13561.600000000002,-15960.400000000001,-7312.000000000001,20789.399999999998,15348.733333333332,15241.333333333334,15960.400000000001,20789.399999999998,2.888797399783315,1,22,1,1
25189.4,9229.0,2900.8,5874.2,26663.6,1245.4,2,2,1,1,2,1,-15960.400000000001,-6328.2,20789.399999999998,-25418.199999999997,12439.733333333335,11261.066666666666,22288.600000000002,25418.199999999997,0.4291818871045558,2,3,1,1
9229.0,2900.8,407.0,26663.6,1245.4,3206.2,2,1,1,2,1,1,-6328.2,-2493.8,-25418.199999999997,1960.7999999999997,4178.933333333333,10371.733333333334,8822.0,25418.199999999997,7.8583333333333325,2,3,2,2
2900.8,407.0,6530.8,1245.4,3206.2,12674.2,1,1,2,1,1,2,-2493.8,6123.8,1960.7999999999997,9468.0,3279.5333333333333,5708.600000000001,6123.8,11428.800000000001,1.9403839676658807,2,3,2,1
407.0,6530.8,45929.8,3206.2,12674.2,4387.8,1,2,2,1,2,1,6123.8,39399.0,9468.0,-8286.400000000001,17622.533333333336,6756.066666666667,45522.8,9468.0,0.09553066787428044,2,3,0,1
6530.8,45929.8,115.8,12674.2,4387.8,1802.4,2,2,0,2,1,1,39399.0,-45814.0,-8286.400000000001,-2585.4,17525.46666666667,6288.133333333334,45814.0,10871.800000000001,15.43150684931507,2,3,1,1
45929.8,115.8,488.2,4387.8,1802.4,1180.2,2,0,1,1,1,1,-45814.0,372.4,-2585.4,-622.2,15511.266666666668,2456.8,45814.0,3207.6000000000004,2.4125102207686018,2,3,1,1
115.8,488.2,218.2,1802.4,1180.2,2148.4,0,1,1,1,1,1,372.4,-270.0,-622.2,968.2,274.06666666666666,1710.3333333333333,372.4,968.2,9.80109489051095,2,3,0,1
488.2,218.2,141.2,1180.2,2148.4,1033.6,1,1,0,1,1,1,-270.0,-77.0,968.2,-1114.8000000000002,282.5333333333333,1454.0666666666668,347.0,1114.8000000000002,7.268635724331927,2,3,1,1
218.2,141.2,189.4,2148.4,1033.6,2121.8,1,0,1,1,1,1,-77.0,48.20000000000002,-1114.8000000000002,1088.2000000000003,182.9333333333333,1767.9333333333334,77.0,1114.8000000000002,11.143907563025211,2,3,1,1
141.2,189.4,175.8,1033.6,2121.8,1107.4,0,1,1,1,1,1,48.20000000000002,-13.599999999999994,1088.2000000000003,-1014.4000000000001,168.8,1420.9333333333334,48.20000000000002,1088.2000000000003,6.263574660633484,2,3,1,1
189.4,175.8,155.4,2121.8,1107.4,2045.8,1,1,1,1,1,1,-13.599999999999994,-20.400000000000006,-1014.4000000000001,938.3999999999999,173.53333333333333,1758.3333333333333,34.0,1014.4000000000001,13.080562659846546,2,3,2,2
175.8,155.4,97468.2,1107.4,2045.8,16855.0,1,1,2,1,1,2,-20.400000000000006,97312.8,938.3999999999999,14809.2,32599.8,6669.400000000001,97312.8,15747.6,0.1729264218850673,2,3,2,2
155.4,97468.2,133667.4,2045.8,16855.0,11453.2,1,2,2,1,2,2,97312.8,36199.2,14809.2,-5401.799999999999,77097.0,10118.0,133512.0,14809.2,0.0856836769199003,2,3,1,1
97468.2,133667.4,1074.8,16855.0,11453.2,4885.2,2,2,1,2,2,1,36199.2,-132592.6,-5401.799999999999,-6568.000000000001,77403.46666666666,11064.466666666667,132592.6,11969.8,4.540992749581707,2,3,0,1
133667.4,1074.8,122.8,11453.2,4885.2,2056.4,2,1,0,2,1,1,-132592.6,-952.0,-6568.000000000001,-2828.7999999999997,44954.99999999999,6131.600000000001,133544.6,9396.800000000001,16.610662358642973,2,3,1,1
1074.8,122.8,219.6,4885.2,2056.4,2336.8,1,0,1,1,1,1,-952.0,96.8,-2828.7999999999997,280.4000000000001,472.3999999999999,3092.8000000000006,952.0,2828.7999999999997,10.59292837715322,2,3,1,1
122.8,219.6,361.8,2056.4,2336.8,3446.6,0,1,1,1,1,1,96.8,142.20000000000002,280.4000000000001,1109.7999999999997,234.73333333333335,2613.266666666667,239.0,1390.1999999999998,9.5,2,3,1,1
219.6,361.8,302.0,2336.8,3446.6,2373.6,1,1,1,1,1,1,142.20000000000002,-59.80000000000001,1109.7999999999997,-1073.0,294.46666666666664,2719.0,142.20000000000002,1109.7999999999997,7.8336633663366335,2,3,1,1
361.8,302.0,226.4,3446.6,2373.6,1560.0,1,1,1,1,1,1,-59.80000000000001,-75.6,-1073.0,-813.5999999999999,296.7333333333333,2460.0666666666666,135.4,1886.6,6.860158311345646,2,3,0,1
302.0,226.4,127.6,2373.6,1560.0,2553.6,1,1,0,1,1,1,-75.6,-98.80000000000001,-813.5999999999999,993.5999999999999,218.66666666666666,2162.4,174.4,993.5999999999999,19.85692068429238,2,3,1,1
226.4,127.6,288.4,1560.0,2553.6,3254.8,1,0,1,1,1,1,-98.80000000000001,160.79999999999998,993.5999999999999,701.2000000000003,214.13333333333333,2456.1333333333337,160.79999999999998,1694.8000000000002,11.246717346233588,2,3,0,1
127.6,288.4,139.8,2553.6,3254.8,151.4,0,1,0,1,1,1,160.79999999999998,-148.59999999999997,701.2000000000003,-3103.4,185.26666666666665,1986.5999999999997,160.79999999999998,3103.4,1.0752840909090908,2,3,1,1
288.4,139.8,1113.4,3254.8,151.4,4005.6,1,0,1,1,1,1,-148.59999999999997,973.6000000000001,-3103.4,3854.2,513.8666666666667,2470.6,973.6000000000001,3854.2,3.5944005743000713,2,3,1,1
139.8,1113.4,182.8,151.4,4005.6,2095.0,0,1,1,1,1,1,973.6000000000001,-930.6000000000001,3854.2,-1910.6,478.6666666666667,2084.0,973.6000000000001,3854.2,11.398258977149075,2,3,0,1
1113.4,182.8,142.8,4005.6,2095.0,1184.0,1,1,0,1,1,1,-930.6000000000001,-40.0,-1910.6,-911.0,479.6666666666667,2428.2000000000003,970.6000000000001,2821.6,8.233657858136299,2,3,1,1
182.8,142.8,792.4,2095.0,1184.0,2376.2,1,0,1,1,1,1,-40.0,649.5999999999999,-911.0,1192.1999999999998,372.6666666666667,1885.0666666666666,649.5999999999999,1192.1999999999998,2.9949584068565667,2,3,1,1
142.8,792.4,421.8,1184.0,2376.2,3299.6,0,1,1,1,1,1,649.5999999999999,-370.59999999999997,1192.1999999999998,923.4000000000001,452.3333333333333,2286.6,649.5999999999999,2115.6,7.804162724692525,2,3,0,0
792.4,421.8,142.0,2376.2,3299.6,90.2,1,1,0,1,1,0,-370.59999999999997,-279.8,923.4000000000001,-3209.4,452.06666666666666,1921.9999999999998,650.4,3209.4,0.6307692307692307,2,3,1,1
421.8,142.0,304.4,3299.6,90.2,3492.0,1,0,1,1,0,1,-279.8,162.39999999999998,-3209.4,3401.8,289.4,2293.933333333333,279.8,3401.8,11.434184675834972,2,3,0,1
142.0,304.4,91.6,90.2,3492.0,2018.8,0,1,0,0,1,1,162.39999999999998,-212.79999999999998,3401.8,-1473.2,179.33333333333334,1867.0,212.79999999999998,3401.8,21.801295896328295,2,3,1,1
304.4,91.6,251.4,3492.0,2018.8,1195.4,1,0,1,1,1,1,-212.79999999999998,159.8,-1473.2,-823.3999999999999,215.79999999999998,2235.4,212.79999999999998,2296.6,4.7361331220285265,2,3,1,1
91.6,251.4,152.6,2018.8,1195.4,2072.2,0,1,1,1,1,1,159.8,-98.80000000000001,-823.3999999999999,876.7999999999997,165.20000000000002,1762.1333333333332,159.8,876.7999999999997,13.490885416666666,2,3,1,1
251.4,152.6,290.2,1195.4,2072.2,3415.0,1,1,1,1,1,1,-98.80000000000001,137.6,876.7999999999997,1342.8000000000002,231.4,2227.5333333333333,137.6,2219.6,11.727335164835166,2,6,1,1
152.6,290.2,230.6,2072.2,3415.0,2058.0,1,1,1,1,1,1,137.6,-59.599999999999994,1342.8000000000002,-1357.0,224.46666666666667,2515.0666666666666,137.6,1357.0,8.8860103626943,2,6,1,1
290.2,230.6,756.4,3415.0,2058.0,1555.8,1,1,1,1,1,1,-59.599999999999994,525.8,-1357.0,-502.20000000000005,425.7333333333333,2342.9333333333334,525.8,1859.2,2.054132558753631,2,6,1,1
230.6,756.4,224.6,2058.0,1555.8,2151.0,1,1,1,1,1,1,525.8,-531.8,-502.20000000000005,595.2,403.8666666666666,1921.6000000000001,531.8,595.2,9.534574468085106,2,6,1,1
756.4,224.6,236.2,1555.8,2151.0,3580.2,1,1,1,1,1,1,-531.8,11.599999999999994,595.2,1429.1999999999998,405.73333333333335,2429.0,531.8,2024.3999999999999,15.093591905564924,2,6,0,1
224.6,236.2,75.2,2151.0,3580.2,318.4,1,1,0,1,1,1,11.599999999999994,-161.0,1429.1999999999998,-3261.7999999999997,178.66666666666666,2016.533333333333,161.0,3261.7999999999997,4.178477690288713,1,22,1,1
236.2,75.2,201.6,3580.2,318.4,3036.4,1,0,1,1,1,1,-161.0,126.39999999999999,-3261.7999999999997,2718.0,171.0,2311.6666666666665,161.0,3261.7999999999997,14.987166831194473,1,22,2,2
75.2,201.6,34694.8,318.4,3036.4,13424.0,0,1,2,1,1,2,126.39999999999999,34493.200000000004,2718.0,10387.6,11657.200000000003,5592.933333333333,34619.600000000006,13105.6,0.38690561970036713,1,22,1,0
201.6,34694.8,150.2,3036.4,13424.0,123.4,1,2,1,1,2,0,34493.200000000004,-34544.600000000006,10387.6,-13300.6,11682.199999999999,5527.933333333334,34544.600000000006,13300.6,0.8161375661375663,1,22,2,1
34694.8,150.2,10825.0,13424.0,123.4,5509.8,2,1,2,2,0,1,-34544.600000000006,10674.8,-13300.6,5386.400000000001,15223.333333333334,6352.400000000001,34544.600000000006,13300.6,0.5089414372806207,1,22,1,1
150.2,10825.0,210.4,123.4,5509.8,2917.8,1,2,1,0,1,1,10674.8,-10614.6,5386.400000000001,-2592.0,3728.5333333333333,2850.3333333333335,10674.8,5386.400000000001,13.802270577105014,1,22,1,1
10825.0,210.4,170.6,5509.8,2917.8,1261.0,2,1,1,1,1,1,-10614.6,-39.80000000000001,-2592.0,-1656.8000000000002,3735.3333333333335,3229.5333333333333,10654.4,4248.8,7.348484848484849,2,3,2,2
210.4,170.6,153127.6,2917.8,1261.0,15314.8,1,1,2,1,1,2,-39.80000000000001,152957.0,-1656.8000000000002,14053.8,51169.53333333333,6497.866666666666,152957.0,14053.8,0.10001266908990221,1,22,1,1
170.6,153127.6,2282.0,1261.0,15314.8,4322.2,1,2,1,1,2,1,152957.0,-150845.6,14053.8,-10992.599999999999,51860.06666666667,6966.0,152957.0,14053.8,1.8932106876916337,1,22,0,0
153127.6,2282.0,47.8,15314.8,4322.2,47.0,2,1,0,2,1,0,-150845.6,-2234.2,-10992.599999999999,-4275.2,51819.13333333333,6561.333333333333,153079.80000000002,15267.8,0.9631147540983607,1,22,1,1
2282.0,47.8,1005.0,4322.2,47.0,3388.4,1,0,1,1,0,1,-2234.2,957.2,-4275.2,3341.4,1111.6000000000001,2585.866666666667,2234.2,4275.2,3.3681908548707753,1,22,0,1
47.8,1005.0,127.6,47.0,3388.4,2517.2,0,1,0,0,1,1,957.2,-877.4,3341.4,-871.2000000000003,393.46666666666664,1984.2,957.2,3341.4,19.573872472783826,1,22,1,1
1005.0,127.6,256.8,3388.4,2517.2,1143.4,1,0,1,1,1,1,-877.4,129.20000000000002,-871.2000000000003,-1373.7999999999997,463.13333333333327,2349.6666666666665,877.4,2245.0,4.43522110162917,2,3,1,1
127.6,256.8,459.8,2517.2,1143.4,1923.6,0,1,1,1,1,1,129.20000000000002,203.0,-1373.7999999999997,780.1999999999998,281.40000000000003,1861.3999999999999,332.20000000000005,1373.7999999999997,4.174479166666666,2,3,1,1
256.8,459.8,366.2,1143.4,1923.6,3144.0,1,1,1,1,1,1,203.0,-93.60000000000002,780.1999999999998,1220.4,360.93333333333334,2070.3333333333335,203.0,2000.6,8.562091503267974,2,3,0,0
459.8,366.2,60.4,1923.6,3144.0,66.0,1,1,0,1,1,0,-93.60000000000002,-305.8,1220.4,-3078.0,295.46666666666664,1711.2,399.40000000000003,3078.0,1.0749185667752443,2,3,1,1
366.2,60.4,255.6,3144.0,66.0,1834.2,1,0,1,1,0,1,-305.8,195.2,-3078.0,1768.2,227.39999999999998,1681.3999999999999,305.8,3078.0,7.14809041309431,2,3,0,1
60.4,255.6,126.2,66.0,1834.2,2037.0,0,1,0,0,1,1,195.2,-129.39999999999998,1768.2,202.79999999999995,147.4,1312.3999999999999,195.2,1971.0,16.014150943396228,2,3,1,1
255.6,126.2,398.0,1834.2,2037.0,3226.0,1,0,1,1,1,1,-129.39999999999998,271.8,202.79999999999995,1189.0,259.93333333333334,2365.733333333333,271.8,1391.8,8.085213032581454,2,3,0,0
126.2,398.0,39.6,2037.0,3226.0,39.6,0,1,0,1,1,0,271.8,-358.4,1189.0,-3186.4,187.93333333333337,1767.5333333333335,358.4,3186.4,0.9753694581280788,2,3,1,1
398.0,39.6,372.0,3226.0,39.6,3199.6,1,0,1,1,0,1,-358.4,332.4,-3186.4,3160.0,269.8666666666667,2155.0666666666666,358.4,3186.4,8.578016085790884,2,3,1,1
39.6,372.0,185.0,39.6,3199.6,2320.2,0,1,1,0,1,1,332.4,-187.0,3160.0,-879.4000000000001,198.86666666666667,1853.1333333333332,332.4,3160.0,12.474193548387095,2,3,1,1
372.0,185.0,198.8,3199.6,2320.2,1305.8,1,1,1,1,1,1,-187.0,13.800000000000011,-879.4000000000001,-1014.3999999999999,251.9333333333333,2275.2,187.0,1893.8,6.535535535535535,2,3,1,1
185.0,198.8,243.6,2320.2,1305.8,3179.2,1,1,1,1,1,1,13.800000000000011,44.79999999999998,-1014.3999999999999,1873.3999999999999,209.13333333333333,2268.4,58.599999999999994,1873.3999999999999,12.997547015535568,2,3,0,1
198.8,243.6,127.6,1305.8,3179.2,2040.8,1,1,0,1,1,1,44.79999999999998,-116.0,1873.3999999999999,-1138.3999999999999,190.0,2175.266666666667,116.0,1873.3999999999999,15.86936236391913,2,3,1,1
243.6,127.6,582.0,3179.2,2040.8,1612.0,1,0,1,1,1,1,-116.0,454.4,-1138.3999999999999,-428.79999999999995,317.73333333333335,2277.3333333333335,454.4,1567.1999999999998,2.765008576329331,2,3,1,1
127.6,582.0,157.4,2040.8,1612.0,2065.8,0,1,1,1,1,1,454.4,-424.6,-428.79999999999995,453.8000000000002,289.0,1906.2,454.4,453.8000000000002,13.041666666666668,2,3,1,1
582.0,157.4,323.4,1612.0,2065.8,3328.2,1,1,1,1,1,1,-424.6,165.99999999999997,453.8000000000002,1262.3999999999996,354.26666666666665,2335.3333333333335,424.6,1716.1999999999998,10.259556103575832,2,3,0,0
157.4,323.4,59.0,2065.8,3328.2,33.8,1,1,0,1,1,0,165.99999999999997,-264.4,1262.3999999999996,-3294.3999999999996,179.9333333333333,1809.2666666666667,264.4,3294.3999999999996,0.5633333333333332,2,3,1,1
323.4,59.0,214.8,3328.2,33.8,3052.4,1,0,1,1,0,1,-264.4,155.8,-3294.3999999999996,3018.6,199.0666666666667,2138.133333333333,264.4,3294.3999999999996,14.144578313253012,2,3,1,1
59.0,214.8,176.4,33.8,3052.4,2091.2,0,1,1,0,1,1,155.8,-38.400000000000006,3018.6,-961.2000000000003,150.0666666666667,1725.8,155.8,3018.6,11.788049605411498,2,3,1,1
214.8,176.4,528.6,3052.4,2091.2,1452.2,1,1,1,1,1,1,-38.400000000000006,352.20000000000005,-961.2000000000003,-638.9999999999998,306.6,2198.6,352.20000000000005,1600.2,2.7420694864048336,2,3,1,1
176.4,528.6,224.2,2091.2,1452.2,2155.4,1,1,1,1,1,1,352.20000000000005,-304.40000000000003,-638.9999999999998,703.2,309.73333333333335,1899.5999999999997,352.20000000000005,703.2,9.571047957371226,2,3,1,1
528.6,224.2,306.2,1452.2,2155.4,3090.4,1,1,1,1,1,1,-304.40000000000003,82.0,703.2,935.0,353.0,2232.6666666666665,304.40000000000003,1638.2,10.059895833333334,2,3,1,1
224.2,306.2,299.6,2155.4,3090.4,3489.6,1,1,1,1,1,1,82.0,-6.599999999999966,935.0,399.1999999999998,276.6666666666667,2911.7999999999997,82.0,1334.1999999999998,11.60878243512974,2,3,1,1
306.2,299.6,265.4,3090.4,3489.6,4149.0,1,1,1,1,1,1,-6.599999999999966,-34.200000000000045,399.1999999999998,659.4000000000001,290.4,3576.3333333333335,40.80000000000001,1058.6,15.574324324324326,2,3,1,1
299.6,265.4,435.0,3489.6,4149.0,4076.4,1,1,1,1,1,1,-34.200000000000045,169.60000000000002,659.4000000000001,-72.59999999999991,333.3333333333333,3905.0,169.60000000000002,659.4000000000001,9.34954128440367,2,3,1,1
265.4,435.0,368.0,4149.0,4076.4,805.8,1,1,1,1,1,1,169.60000000000002,-67.0,-72.59999999999991,-3270.6000000000004,356.1333333333334,3010.3999999999996,169.60000000000002,3343.2,2.183739837398374,2,3,1,1
435.0,368.0,200.0,4076.4,805.8,4205.6,1,1,1,1,1,1,-67.0,-168.0,-3270.6000000000004,3399.8,334.3333333333333,3029.2666666666664,235.0,3399.8,20.923383084577114,2,3,1,1
368.0,200.0,157.4,805.8,4205.6,2756.4,1,1,1,1,1,1,-168.0,-42.599999999999994,3399.8,-1449.2000000000003,241.79999999999998,2589.266666666667,210.6,3399.8,17.401515151515152,2,3,0,1
200.0,157.4,135.0,4205.6,2756.4,3139.4,1,1,0,1,1,1,-42.599999999999994,-22.400000000000006,-1449.2000000000003,383.0,164.13333333333333,3367.133333333333,65.0,1449.2000000000003,23.083823529411767,2,3,0,2
157.4,135.0,121.6,2756.4,3139.4,6483.4,1,0,0,1,1,2,-22.400000000000006,-13.400000000000006,383.0,3343.9999999999995,138.0,4126.400000000001,35.80000000000001,3726.9999999999995,52.882544861337685,2,3,1,1
135.0,121.6,284.4,3139.4,6483.4,5327.0,0,0,1,1,2,1,-13.400000000000006,162.79999999999998,3343.9999999999995,-1156.3999999999996,180.33333333333334,4983.266666666666,162.79999999999998,3343.9999999999995,18.665031534688158,2,3,0,2
121.6,284.4,0.0,6483.4,5327.0,13461.2,0,1,0,2,1,2,162.79999999999998,-284.4,-1156.3999999999996,8134.200000000001,135.33333333333334,8423.866666666667,284.4,8134.200000000001,13461.2,2,3,1,1
284.4,0.0,254.8,5327.0,13461.2,4120.6,1,0,1,1,2,1,-284.4,254.8,8134.200000000001,-9340.6,179.73333333333335,7636.266666666667,284.4,9340.6,16.108678655199377,3,2,0,1
0.0,254.8,0.0,13461.2,4120.6,3390.2,0,1,0,2,1,1,254.8,-254.8,-9340.6,-730.4000000000005,84.93333333333334,6990.666666666668,254.8,10071.0,3390.2,3,2,0,1
254.8,0.0,104.4,4120.6,3390.2,5579.6,1,0,0,1,1,1,-254.8,104.4,-730.4000000000005,2189.4000000000005,119.73333333333335,4363.466666666667,254.8,2189.4000000000005,52.93738140417457,3,2,0,1
0.0,104.4,130.8,3390.2,5579.6,4896.2,0,0,0,1,1,1,104.4,26.400000000000006,2189.4000000000005,-683.4000000000005,78.4,4622.0,130.8,2189.4000000000005,37.14871016691957,3,2,2,2
104.4,130.8,236527.0,5579.6,4896.2,22709.4,0,0,2,1,1,2,26.400000000000006,236396.2,-683.4000000000005,17813.2,78920.73333333334,11061.733333333332,236422.6,17813.2,0.09601146587296219,3,2,3,2
130.8,236527.0,356816.2,4896.2,22709.4,52116.6,0,2,3,1,2,2,236396.2,120289.20000000001,17813.2,29407.199999999997,197824.66666666666,26574.066666666666,356685.4,47220.4,0.14605966304314927,3,2,3,2
236527.0,356816.2,409612.4,22709.4,52116.6,24983.8,2,3,3,2,2,2,120289.20000000001,52796.20000000001,29407.199999999997,-27132.8,334318.5333333333,33269.933333333334,173085.40000000002,29407.199999999997,0.06099361007232673,3,2,3,2
356816.2,409612.4,507858.4,52116.6,24983.8,28770.4,3,3,3,2,2,2,52796.20000000001,98246.0,-27132.8,3786.600000000002,424762.3333333333,35290.26666666666,151042.2,27132.8,0.05665032487338031,3,2,3,2
409612.4,507858.4,458419.8,24983.8,28770.4,26472.8,3,3,3,2,2,2,98246.0,-49438.600000000035,3786.600000000002,-2297.600000000002,458630.2,26742.333333333332,98246.0,3786.600000000002,0.05774781598042672,3,2,2,1
507858.4,458419.8,66815.4,28770.4,26472.8,4794.6,3,3,2,2,2,1,-49438.600000000035,-391604.4,-2297.600000000002,-21678.199999999997,344364.5333333333,20012.6,441043.0,23975.800000000003,0.07175783190953121,2,6,2,1
458419.8,66815.4,77292.0,26472.8,4794.6,4178.8,3,2,2,2,1,1,-391604.4,10476.600000000006,-21678.199999999997,-615.8000000000002,200842.4,11815.400000000001,391604.4,22294.0,0.05406440427981835,2,6,2,2
66815.4,77292.0,102982.4,4794.6,4178.8,17955.4,2,2,2,1,1,2,10476.600000000006,25690.399999999994,-615.8000000000002,13776.600000000002,82363.26666666666,8976.266666666668,36167.0,13776.600000000002,0.17435237135305304,2,3,2,2
77292.0,102982.4,145527.0,4178.8,17955.4,7178.6,2,2,2,1,2,2,25690.399999999994,42544.600000000006,13776.600000000002,-10776.800000000001,108600.46666666667,9770.933333333334,68235.0,13776.600000000002,0.04932796437798912,1,22,2,2
102982.4,145527.0,151721.8,17955.4,7178.6,9016.0,2,2,2,2,2,2,42544.600000000006,6194.799999999988,-10776.800000000001,1837.3999999999996,133410.4,11383.333333333334,48739.399999999994,10776.800000000001,0.05942416037668696,1,22,2,1
145527.0,151721.8,21129.0,7178.6,9016.0,1584.2,2,2,2,2,2,1,6194.799999999988,-130592.79999999999,1837.3999999999996,-7431.8,106125.93333333333,5926.266666666666,130592.79999999999,7431.8,0.07497397065783247,2,3,0,1
151721.8,21129.0,141.2,9016.0,1584.2,366.0,2,2,0,2,1,1,-130592.79999999999,-20987.8,-7431.8,-1218.2,57664.0,3655.4,151580.59999999998,8650.0,2.5738396624472575,2,3,0,0
21129.0,141.2,18.0,1584.2,366.0,22.0,2,0,0,1,1,0,-20987.8,-123.19999999999999,-1218.2,-344.0,7096.066666666667,657.4,21111.0,1562.2,1.1578947368421053,2,3,1,1
141.2,18.0,295.2,366.0,22.0,2707.2,0,0,1,1,0,1,-123.19999999999999,277.2,-344.0,2685.2,151.46666666666667,1031.7333333333333,277.2,2685.2,9.139770425388251,2,3,1,1
18.0,295.2,286.4,22.0,2707.2,159.6,0,1,1,0,1,1,277.2,-8.800000000000011,2685.2,-2547.6,199.86666666666665,962.9333333333333,277.2,2685.2,0.5553235908141962,2,3,1,1
295.2,286.4,221.2,2707.2,159.6,467.2,1,1,1,1,1,1,-8.800000000000011,-65.19999999999999,-2547.6,307.6,267.59999999999997,1111.3333333333333,74.0,2547.6,2.102610261026103,2,3,2,1
286.4,221.2,64603.8,159.6,467.2,3382.4,1,1,2,1,1,1,-65.19999999999999,64382.600000000006,307.6,2915.2000000000003,21703.8,1336.3999999999999,64382.600000000006,3222.8,0.052355242954083905,2,3,1,1
221.2,64603.8,159.2,467.2,3382.4,767.6,1,2,1,1,1,1,64382.600000000006,-64444.600000000006,2915.2000000000003,-2614.8,21661.399999999998,1539.0666666666666,64444.600000000006,2915.2000000000003,4.791510611735331,2,3,1,1
64603.8,159.2,618.4,3382.4,767.6,622.0,2,1,1,1,1,1,-64444.600000000006,459.2,-2614.8,-145.60000000000002,21793.8,1590.6666666666667,64444.600000000006,2760.4,1.0041976105908945,2,3,1,1
159.2,618.4,206.4,767.6,622.0,186.0,1,1,1,1,1,1,459.2,-412.0,-145.60000000000002,-436.0,327.99999999999994,525.1999999999999,459.2,581.6,0.896817743490839,2,3,1,1
618.4,206.4,172.0,622.0,186.0,572.8,1,1,1,1,1,1,-412.0,-34.400000000000006,-436.0,386.79999999999995,332.26666666666665,460.26666666666665,446.4,436.0,3.3109826589595373,2,3,0,0
206.4,172.0,24.4,186.0,572.8,15.6,1,1,0,1,1,0,-34.400000000000006,-147.6,386.79999999999995,-557.1999999999999,134.26666666666665,258.1333333333333,182.0,557.1999999999999,0.6141732283464567,2,3,1,1
172.0,24.4,277.6,572.8,15.6,946.4,1,0,1,1,0,1,-147.6,253.20000000000002,-557.1999999999999,930.8,158.0,511.59999999999997,253.20000000000002,930.8,3.396984924623115,2,3,0,0
24.4,277.6,36.0,15.6,946.4,31.2,0,1,0,0,1,0,253.20000000000002,-241.60000000000002,930.8,-915.1999999999999,112.66666666666667,331.06666666666666,253.20000000000002,930.8,0.8432432432432432,2,3,1,1
277.6,36.0,368.0,946.4,31.2,514.4,1,0,1,1,0,1,-241.60000000000002,332.0,-915.1999999999999,483.2,227.20000000000002,497.3333333333333,332.0,915.1999999999999,1.3940379403794037,2,3,0,0
36.0,368.0,37.6,31.2,514.4,35.2,0,1,0,0,1,0,332.0,-330.4,483.2,-479.2,147.20000000000002,193.60000000000002,332.0,483.2,0.9119170984455959,2,3,0,1
368.0,37.6,147.6,514.4,35.2,381.6,1,0,0,1,0,1,-330.4,110.0,-479.2,346.40000000000003,184.4,310.40000000000003,330.4,479.2,2.567967698519516,2,3,0,0
37.6,147.6,54.0,35.2,381.6,59.6,0,0,0,0,1,0,110.0,-93.6,346.40000000000003,-322.0,79.73333333333333,158.8,110.0,346.40000000000003,1.0836363636363637,2,3,1,1
147.6,54.0,2710.6,381.6,59.6,3278.2,0,0,1,1,0,1,-93.6,2656.6,-322.0,3218.6,970.7333333333332,1239.8,2656.6,3218.6,1.2089541230269951,2,3,2,2
54.0,2710.6,83087.6,59.6,3278.2,11946.8,0,1,2,0,1,2,2656.6,80377.0,3218.6,8668.599999999999,28617.400000000005,5094.866666666666,83033.6,11887.199999999999,0.1437838644531259,2,3,2,2
2710.6,83087.6,97604.6,3278.2,11946.8,17288.2,1,2,2,1,2,2,80377.0,14517.0,8668.599999999999,5341.4000000000015,61134.26666666667,10837.733333333334,94894.0,14010.0,0.17712303392428302,2,3,2,2
83087.6,97604.6,223169.2,11946.8,17288.2,21474.0,2,2,2,2,2,2,14517.0,125564.6,5341.4000000000015,4185.799999999999,134620.46666666667,16903.0,140081.6,9527.2,0.09622252433344594,2,3,2,2
97604.6,223169.2,130638.2,17288.2,21474.0,10529.6,2,2,2,2,2,2,125564.6,-92531.00000000001,4185.799999999999,-10944.4,150470.6666666667,16430.6,125564.6,10944.4,0.08060061604786313,2,3,2,1
223169.2,130638.2,18316.0,21474.0,10529.6,1513.4,2,2,2,2,2,1,-92531.00000000001,-112322.2,-10944.4,-9016.2,124041.13333333335,11172.333333333334,204853.2,19960.6,0.08262270022383579,2,3,1,1
130638.2,18316.0,271.2,10529.6,1513.4,936.0,2,2,1,2,1,1,-112322.2,-18044.8,-9016.2,-577.4000000000001,49741.80000000001,4326.333333333333,130367.0,9593.6,3.438648052902278,2,3,1,1
18316.0,271.2,163.2,1513.4,936.0,1934.4,2,1,1,1,1,1,-18044.8,-108.0,-577.4000000000001,998.4000000000001,6250.133333333334,1461.2666666666667,18152.8,998.4000000000001,11.780755176613887,2,3,1,1
271.2,163.2,172.4,936.0,1934.4,1589.2,1,1,1,1,1,1,-108.0,9.200000000000017,998.4000000000001,-345.20000000000005,202.26666666666665,1486.5333333333335,108.0,998.4000000000001,9.164936562860438,2,3,0,0
163.2,172.4,55.2,1934.4,1589.2,22.0,1,1,0,1,1,0,9.200000000000017,-117.2,-345.20000000000005,-1567.2,130.26666666666668,1181.8666666666668,117.2,1912.4,0.39145907473309605,2,3,1,1
172.4,55.2,401.0,1589.2,22.0,2283.2,1,0,1,1,0,1,-117.2,345.8,-1567.2,2261.2,209.53333333333333,1298.1333333333332,345.8,2261.2,5.6796019900497505,2,3,0,0
55.2,401.0,50.8,22.0,2283.2,48.4,0,1,0,0,1,0,345.8,-350.2,2261.2,-2234.7999999999997,169.0,784.5333333333333,350.2,2261.2,0.9343629343629344,2,3,1,1
401.0,50.8,196.4,2283.2,48.4,1007.4,1,0,1,1,0,1,-350.2,145.60000000000002,-2234.7999999999997,959.0,216.0666666666667,1113.0,350.2,2234.7999999999997,5.103343465045593,2,3,1,1
50.8,196.4,298.0,48.4,1007.4,3287.2,0,1,1,0,1,1,145.60000000000002,101.6,959.0,2279.7999999999997,181.73333333333335,1447.6666666666667,247.2,3238.7999999999997,10.993979933110367,2,3,0,0
196.4,298.0,54.0,1007.4,3287.2,31.2,1,1,0,1,1,0,101.6,-244.0,2279.7999999999997,-3256.0,182.79999999999998,1441.9333333333332,244.0,3256.0,0.5672727272727273,2,3,1,1
298.0,54.0,378.0,3287.2,31.2,1091.2,1,0,1,1,0,1,-244.0,324.0,-3256.0,1060.0,243.33333333333334,1469.8666666666666,324.0,3256.0,2.8791556728232193,2,3,0,0
54.0,378.0,37.6,31.2,1091.2,35.2,0,1,0,0,1,0,324.0,-340.4,1060.0,-1056.0,156.53333333333333,385.86666666666673,340.4,1060.0,0.9119170984455959,2,3,1,1
378.0,37.6,396.6,1091.2,35.2,3181.8,1,0,1,1,0,1,-340.4,359.0,-1056.0,3146.6000000000004,270.73333333333335,1436.0666666666668,359.0,3146.6000000000004,8.002515090543259,2,3,0,0
37.6,396.6,18.0,35.2,3181.8,22.0,0,1,0,0,1,0,359.0,-378.6,3146.6000000000004,-3159.8,150.73333333333335,1079.6666666666667,378.6,3159.8,1.1578947368421053,2,3,0,1
396.6,18.0,141.2,3181.8,22.0,608.4,1,0,0,1,0,1,-378.6,123.19999999999999,-3159.8,586.4,185.26666666666665,1270.7333333333333,378.6,3159.8,4.278481012658228,2,3,1,1
18.0,141.2,300.8,22.0,608.4,1963.2,0,0,1,0,1,1,123.19999999999999,159.60000000000002,586.4,1354.8000000000002,153.33333333333334,864.5333333333333,282.8,1941.2,6.504970178926441,2,3,1,1
141.2,300.8,228.0,608.4,1963.2,1464.0,0,1,1,1,1,1,159.60000000000002,-72.80000000000001,1354.8000000000002,-499.20000000000005,223.33333333333334,1345.2,159.60000000000002,1354.8000000000002,6.393013100436681,2,3,0,0
300.8,228.0,106.4,1963.2,1464.0,86.0,1,1,0,1,1,0,-72.80000000000001,-121.6,-499.20000000000005,-1378.0,211.73333333333332,1171.0666666666666,194.4,1877.2,0.8007448789571694,2,3,1,1
228.0,106.4,952.6,1464.0,86.0,3319.6,1,0,1,1,0,1,-121.6,846.2,-1378.0,3233.6,429.0,1623.2,846.2,3233.6,3.4811241610738253,2,3,1,1
106.4,952.6,549.6,86.0,3319.6,346.8,0,1,1,0,1,1,846.2,-403.0,3233.6,-2972.7999999999997,536.1999999999999,1250.8,846.2,3233.6,0.6298583363603342,2,3,1,1
952.6,549.6,381.6,3319.6,346.8,1680.6,1,1,1,1,1,1,-403.0,-168.0,-2972.7999999999997,1333.8,627.9333333333334,1782.3333333333333,571.0,2972.7999999999997,4.392577104025091,2,3,1,1
549.6,381.6,755.4,346.8,1680.6,426.0,1,1,1,1,1,1,-168.0,373.79999999999995,1333.8,-1254.6,562.1999999999999,817.7999999999998,373.79999999999995,1333.8,0.5631940772078265,2,3,1,1
381.6,755.4,268.4,1680.6,426.0,1054.0,1,1,1,1,1,1,373.79999999999995,-487.0,-1254.6,628.0,468.4666666666667,1053.5333333333333,487.0,1254.6,3.912397921306608,2,3,0,0
755.4,268.4,18.0,426.0,1054.0,15.6,1,1,0,1,1,0,-487.0,-250.39999999999998,628.0,-1038.4,347.26666666666665,498.5333333333333,737.4,1038.4,0.8210526315789474,2,3,1,1
268.4,18.0,196.8,1054.0,15.6,660.8,1,0,1,1,0,1,-250.39999999999998,178.8,-1038.4,645.1999999999999,161.06666666666666,576.8,250.39999999999998,1038.4,3.3407482305358944,2,3,1,1
18.0,196.8,246.8,15.6,660.8,1916.4,0,1,1,0,1,1,178.8,50.0,645.1999999999999,1255.6000000000001,153.86666666666667,864.2666666666668,228.8,1900.8000000000002,7.733656174334141,2,3,1,1
196.8,246.8,165.6,660.8,1916.4,981.6,1,1,1,1,1,1,50.0,-81.20000000000002,1255.6000000000001,-934.8000000000001,203.0666666666667,1186.2666666666667,81.20000000000002,1255.6000000000001,5.891956782713086,2,3,0,0
246.8,165.6,75.2,1916.4,981.6,70.4,1,1,0,1,1,0,-81.20000000000002,-90.39999999999999,-934.8000000000001,-911.2,162.53333333333333,989.4666666666667,171.60000000000002,1846.0,0.9238845144356955,2,3,1,1
165.6,75.2,255.6,981.6,70.4,2601.2,1,0,1,1,0,1,-90.39999999999999,180.39999999999998,-911.2,2530.7999999999997,165.46666666666667,1217.7333333333333,180.39999999999998,2530.7999999999997,10.137178487918938,2,3,0,1
75.2,255.6,142.2,70.4,2601.2,1093.4,0,1,0,0,1,1,180.39999999999998,-113.4,2530.7999999999997,-1507.7999999999997,157.66666666666666,1255.0,180.39999999999998,2530.7999999999997,7.635474860335197,2,3,1,0
255.6,142.2,183.6,2601.2,1093.4,106.4,1,0,1,1,1,0,-113.4,41.400000000000006,-1507.7999999999997,-987.0000000000001,193.79999999999998,1267.0,113.4,2494.7999999999997,0.5763813651137595,2,3,1,1
142.2,183.6,286.8,1093.4,106.4,2955.2,0,1,1,1,0,1,41.400000000000006,103.20000000000002,-987.0000000000001,2848.7999999999997,204.19999999999996,1385.0,144.60000000000002,2848.7999999999997,10.268241834607366,2,3,1,1
183.6,286.8,807.6,106.4,2955.2,426.0,1,1,1,0,1,1,103.20000000000002,520.8,2848.7999999999997,-2529.2,426.0,1162.5333333333333,624.0,2848.7999999999997,0.526836507543903,2,3,1,1
286.8,807.6,154.4,2955.2,426.0,979.2,1,1,1,1,1,1,520.8,-653.2,-2529.2,553.2,416.2666666666667,1453.4666666666665,653.2,2529.2,6.301158301158301,2,3,1,1
807.6,154.4,180.0,426.0,979.2,175.0,1,1,1,1,1,1,-653.2,25.599999999999994,553.2,-804.2,380.6666666666667,526.7333333333333,653.2,804.2,0.9668508287292817,2,3,2,2
154.4,180.0,37037.0,979.2,175.0,11336.4,1,1,2,1,1,2,25.599999999999994,36857.0,-804.2,11161.4,12457.133333333333,4163.533333333334,36882.6,11161.4,0.30607484205410657,2,3,2,2
180.0,37037.0,178299.8,175.0,11336.4,9430.8,1,2,2,1,2,2,36857.0,141262.8,11161.4,-1905.6000000000004,71838.93333333333,6980.733333333333,178119.8,11161.4,0.05289263985355085,2,3,2,1
37037.0,178299.8,62064.2,11336.4,9430.8,4053.2,2,2,2,2,2,1,141262.8,-116235.59999999999,-1905.6000000000004,-5377.599999999999,92467.0,8273.466666666665,141262.8,7283.2,0.06530551742361258,2,3,2,2
178299.8,62064.2,65687.4,9430.8,4053.2,17275.0,2,2,2,2,1,2,-116235.59999999999,3623.199999999997,-5377.599999999999,13221.8,102017.13333333335,10253.0,116235.59999999999,13221.8,0.2629840276213152,2,3,1,1
62064.2,65687.4,607.6,4053.2,17275.0,2280.0,2,2,1,1,2,1,3623.199999999997,-65079.799999999996,13221.8,-14995.0,42786.4,7869.400000000001,65079.799999999996,14995.0,3.746302990469931,2,3,1,1
65687.4,607.6,1070.4,17275.0,2280.0,1426.8,2,1,1,2,1,1,-65079.799999999996,462.80000000000007,-14995.0,-853.2,22455.13333333333,6993.933333333333,65079.799999999996,15848.2,1.3317155124136641,2,3,0,0
607.6,1070.4,37.6,2280.0,1426.8,22.0,1,1,0,1,1,0,462.80000000000007,-1032.8000000000002,-853.2,-1404.8,571.8666666666667,1242.9333333333334,1032.8000000000002,2258.0,0.5699481865284974,2,3,1,1
1070.4,37.6,183.6,1426.8,22.0,422.0,1,0,1,1,0,1,-1032.8000000000002,146.0,-1404.8,400.0,430.5333333333333,623.6,1032.8000000000002,1404.8,2.28602383531961,2,3,1,1
37.6,183.6,1323.6,22.0,422.0,3098.4,0,1,1,0,1,1,146.0,1140.0,400.0,2676.4,514.9333333333333,1180.8,1286.0,3076.4,2.3391212441491773,2,3,0,1
183.6,1323.6,36.0,422.0,3098.4,652.4,1,1,0,1,1,1,1140.0,-1287.6,2676.4,-2446.0,514.4,1390.9333333333334,1287.6,2676.4,17.63243243243243,1,22,0,1
1323.6,36.0,76.6,3098.4,652.4,378.6,1,0,0,1,1,1,-1287.6,40.599999999999994,-2446.0,-273.79999999999995,478.7333333333333,1376.466666666667,1287.6,2719.8,4.878865979381444,1,22,2,2
36.0,76.6,10208.6,652.4,378.6,15588.0,0,0,2,1,1,2,40.599999999999994,10132.0,-273.79999999999995,15209.4,3440.4,5539.666666666667,10172.6,15209.4,1.5267983074753173,1,22,1,0
76.6,10208.6,217.6,378.6,15588.0,148.4,0,2,1,1,2,0,10132.0,-9991.0,15209.4,-15439.6,3500.933333333334,5371.666666666667,10132.0,15439.6,0.6788655077767612,1,22,0,1
10208.6,217.6,54.0,15588.0,148.4,383.2,2,1,0,2,0,1,-9991.0,-163.6,-15439.6,234.79999999999998,3493.4,5373.2,10154.6,15439.6,6.967272727272727,1,22,0,1
217.6,54.0,123.2,148.4,383.2,1961.4,1,0,0,0,1,1,-163.6,69.2,234.79999999999998,1578.2,131.6,831.0,163.6,1813.0,15.792270531400966,1,22,2,2
54.0,123.2,133387.2,383.2,1961.4,43521.4,0,0,2,1,1,2,69.2,133264.0,1578.2,41560.0,44521.466666666674,15288.666666666666,133333.2,43138.200000000004,0.3262762373283394,3,2,2,2
123.2,133387.2,274215.0,1961.4,43521.4,24137.6,0,2,2,1,2,2,133264.0,140827.8,41560.0,-19383.800000000003,135908.46666666667,23206.8,274091.8,41560.0,0.08802403944335851,3,2,2,2
133387.2,274215.0,185470.0,43521.4,24137.6,6864.0,2,2,2,2,2,2,140827.8,-88745.0,-19383.800000000003,-17273.6,197690.7333333333,24841.0,140827.8,36657.4,0.03700848111025443,3,2,3,2
274215.0,185470.0,537792.8,24137.6,6864.0,29693.6,2,2,3,2,2,2,-88745.0,352322.80000000005,-17273.6,22829.6,332492.60000000003,20231.733333333334,352322.80000000005,22829.6,0.05521372689681435,3,2,2,1
185470.0,537792.8,17881.2,6864.0,29693.6,1268.0,2,3,2,2,2,1,352322.80000000005,-519911.60000000003,22829.6,-28425.6,247048.0,12608.533333333333,519911.60000000003,28425.6,0.07090850119112861,3,2,2,1
537792.8,17881.2,8806.4,29693.6,1268.0,1099.6,3,2,2,2,1,1,-519911.60000000003,-9074.800000000001,-28425.6,-168.4000000000001,188160.13333333333,10687.066666666666,528986.4,28594.0,0.12484955832595317,3,2,2,1
17881.2,8806.4,10058.8,1268.0,1099.6,1327.6,2,2,2,1,1,1,-9074.800000000001,1252.3999999999996,-168.4000000000001,228.0,12248.799999999997,1231.7333333333333,9074.800000000001,228.0,0.13197081452911588,2,3,1,1
8806.4,10058.8,1178.0,1099.6,1327.6,4933.2,2,2,1,1,1,1,1252.3999999999996,-8880.8,228.0,3605.6,6681.066666666666,2453.4666666666667,8880.8,3833.6,4.184223918575063,2,3,0,0
10058.8,1178.0,36.0,1327.6,4933.2,37.6,2,1,0,1,1,0,-8880.8,-1142.0,3605.6,-4895.599999999999,3757.6,2099.4666666666667,10022.8,4895.599999999999,1.0162162162162163,2,3,0,0
1178.0,36.0,0.0,4933.2,37.6,10.8,1,0,0,1,0,0,-1142.0,-36.0,-4895.599999999999,-26.8,404.6666666666667,1660.5333333333335,1178.0,4922.4,10.8,2,3,0,0
36.0,0.0,54.0,37.6,10.8,53.2,0,0,0,0,0,0,-36.0,54.0,-26.8,42.400000000000006,30.0,33.86666666666667,54.0,42.400000000000006,0.9672727272727273,2,3,0,1
0.0,54.0,67.2,10.8,53.2,157.8,0,0,0,0,0,1,54.0,13.200000000000003,42.400000000000006,104.60000000000001,40.4,73.93333333333334,67.2,147.0,2.313782991202346,2,6,0,2
54.0,67.2,112.6,53.2,157.8,8847.2,0,0,0,0,1,2,13.200000000000003,45.39999999999999,104.60000000000001,8689.400000000001,77.93333333333334,3019.4,58.599999999999994,8794.0,77.88028169014086,1,22,0,1
67.2,112.6,0.0,157.8,8847.2,1017.2,0,0,0,1,2,1,45.39999999999999,-112.6,8689.400000000001,-7830.000000000001,59.93333333333334,3340.7333333333336,112.6,8689.400000000001,1017.2,2,3,2,2
112.6,0.0,7511.6,8847.2,1017.2,9661.2,0,0,2,2,1,2,-112.6,7511.6,-7830.000000000001,8644.0,2541.4,6508.533333333334,7511.6,8644.0,1.2859995208050476,2,3,2,1
0.0,7511.6,41899.4,1017.2,9661.2,4242.8,0,2,2,1,2,1,7511.6,34387.8,8644.0,-5418.400000000001,16470.333333333332,4973.733333333334,41899.4,8644.0,0.10125917652337448,2,3,2,2
7511.6,41899.4,177990.8,9661.2,4242.8,11664.4,2,2,2,2,1,2,34387.8,136091.4,-5418.400000000001,7421.599999999999,75800.59999999999,8522.800000000001,170479.19999999998,7421.599999999999,0.06553335603100817,2,3,0,0
41899.4,177990.8,13.2,4242.8,11664.4,0.0,2,2,0,1,2,0,136091.4,-177977.59999999998,7421.599999999999,-11664.4,73301.13333333333,5302.400000000001,177977.59999999998,11664.4,0.0,2,3,0,1
177990.8,13.2,79.2,11664.4,0.0,196.2,2,0,0,2,0,1,-177977.59999999998,66.0,-11664.4,196.2,59361.06666666667,3953.5333333333333,177977.59999999998,11664.4,2.446384039900249,2,3,0,1
13.2,79.2,143.8,0.0,196.2,947.2,0,0,0,0,1,1,66.0,64.60000000000001,196.2,751.0,78.73333333333333,381.1333333333334,130.60000000000002,947.2,6.541436464088398,1,22,0,1
79.2,143.8,99.4,196.2,947.2,889.6,0,0,0,1,1,1,64.60000000000001,-44.400000000000006,751.0,-57.60000000000002,107.46666666666665,677.6666666666666,64.60000000000001,751.0,8.860557768924302,1,22,0,0
143.8,99.4,13.2,947.2,889.6,0.0,0,0,0,1,1,0,-44.400000000000006,-86.2,-57.60000000000002,-889.6,85.46666666666668,612.2666666666668,130.60000000000002,947.2,0.0,1,22,0,0
99.4,13.2,13.2,889.6,0.0,0.0,0,0,0,1,0,0,-86.2,0.0,-889.6,0.0,41.93333333333334,296.53333333333336,86.2,889.6,0.0,1,22,0,1
13.2,13.2,86.2,0.0,0.0,620.4,0,0,0,0,0,1,0.0,73.0,0.0,620.4,37.53333333333333,206.79999999999998,73.0,620.4,7.114678899082568,1,22,0,1
13.2,86.2,86.2,0.0,620.4,1159.2,0,0,0,0,1,1,73.0,0.0,620.4,538.8000000000001,61.866666666666674,593.1999999999999,73.0,1159.2,13.293577981651376,1,22,0,0
86.2,86.2,26.4,620.4,1159.2,0.0,0,0,0,1,1,0,0.0,-59.800000000000004,538.8000000000001,-1159.2,66.26666666666667,593.1999999999999,59.800000000000004,1159.2,0.0,1,22,1,1
86.2,26.4,311.4,1159.2,0.0,3862.8,0,0,1,1,0,1,-59.800000000000004,285.0,-1159.2,3862.8,141.33333333333334,1674.0,285.0,3862.8,12.36491677336748,1,22,1,1
26.4,311.4,348.4,0.0,3862.8,2897.2,0,1,1,0,1,1,285.0,37.0,3862.8,-965.6000000000004,228.73333333333332,2253.3333333333335,322.0,3862.8,8.291929021179165,1,22,1,1
311.4,348.4,259.6,3862.8,2897.2,543.2,1,1,1,1,1,1,37.0,-88.79999999999995,-965.6000000000004,-2354.0,306.46666666666664,2434.4,88.79999999999995,3319.6000000000004,2.0844205679201844,1,22,0,0
348.4,259.6,0.0,2897.2,543.2,54.8,1,1,0,1,1,0,-88.79999999999995,-259.6,-2354.0,-488.40000000000003,202.66666666666666,1165.0666666666666,348.4,2842.3999999999996,54.8,1,22,1,1
259.6,0.0,3220.4,543.2,54.8,4051.4,1,0,1,1,0,1,-259.6,3220.4,-488.40000000000003,3996.6,1160.0,1549.8,3220.4,3996.6,1.2576519525672067,1,22,1,1
0.0,3220.4,335.2,54.8,4051.4,3979.6,0,1,1,0,1,1,3220.4,-2885.2000000000003,3996.6,-71.80000000000018,1185.2,2695.2666666666664,3220.4,3996.6,11.837001784651992,1,22,0,1
3220.4,335.2,18.0,4051.4,3979.6,292.8,1,1,0,1,1,1,-2885.2000000000003,-317.2,-71.80000000000018,-3686.7999999999997,1191.2,2774.6,3202.4,3758.6,15.410526315789474,1,22,0,1
335.2,18.0,31.2,3979.6,292.8,180.4,1,0,0,1,1,1,-317.2,13.2,-3686.7999999999997,-112.4,128.13333333333333,1484.2666666666664,317.2,3799.2,5.602484472049689,1,22,1,1
18.0,31.2,172.4,292.8,180.4,720.8,0,0,1,1,1,1,13.2,141.20000000000002,-112.4,540.4,73.86666666666667,398.0,154.4,540.4,4.156862745098039,1,22,0,1
31.2,172.4,13.2,180.4,720.8,650.8,0,1,0,1,1,1,141.20000000000002,-159.20000000000002,540.4,-70.0,72.26666666666667,517.3333333333334,159.20000000000002,540.4,45.83098591549296,1,22,1,1
172.4,13.2,516.8,720.8,650.8,2221.0,1,0,1,1,1,1,-159.20000000000002,503.59999999999997,-70.0,1570.2,234.13333333333333,1197.5333333333333,503.59999999999997,1570.2,4.28930088837389,1,22,1,1
13.2,516.8,591.6,650.8,2221.0,415.6,0,1,1,1,1,1,503.59999999999997,74.80000000000007,1570.2,-1805.4,373.8666666666666,1095.8,578.4,1805.4,0.7013162335470807,1,22,1,1
516.8,591.6,406.0,2221.0,415.6,315.4,1,1,1,1,1,1,74.80000000000007,-185.60000000000002,-1805.4,-100.20000000000005,504.8,984.0,185.60000000000002,1905.6,0.7749385749385749,1,22,1,1
591.6,406.0,394.0,415.6,315.4,690.4,1,1,1,1,1,1,-185.60000000000002,-12.0,-100.20000000000005,375.0,463.8666666666666,473.8,197.60000000000002,375.0,1.7478481012658227,3,2,2,2
406.0,394.0,8375.2,315.4,690.4,8320.4,1,1,2,1,1,2,-12.0,7981.200000000001,375.0,7630.0,3058.4,3108.733333333333,7981.200000000001,8005.0,0.9933382679496667,3,2,1,1
394.0,8375.2,174.4,690.4,8320.4,438.6,1,2,1,1,2,1,7981.200000000001,-8200.800000000001,7630.0,-7881.799999999999,2981.2000000000003,3149.7999999999997,8200.800000000001,7881.799999999999,2.5005701254275943,3,2,0,1
8375.2,174.4,44.4,8320.4,438.6,219.6,2,1,0,2,1,1,-8200.800000000001,-130.0,-7881.799999999999,-219.00000000000003,2864.6666666666665,2992.866666666667,8330.800000000001,8100.799999999999,4.8370044052863435,1,22,0,1
174.4,44.4,0.0,438.6,219.6,538.0,1,0,0,1,1,1,-130.0,-44.4,-219.00000000000003,318.4,72.93333333333334,398.73333333333335,174.4,318.4,538.0,1,22,0,0
44.4,0.0,13.2,219.6,538.0,0.0,0,0,0,1,1,0,-44.4,13.2,318.4,-538.0,19.2,252.53333333333333,44.4,538.0,0.0,1,22,1,1
0.0,13.2,172.4,538.0,0.0,791.2,0,0,1,1,0,1,13.2,159.20000000000002,-538.0,791.2,61.86666666666667,443.06666666666666,172.4,791.2,4.562860438292964,1,22,0,1
13.2,172.4,99.4,0.0,791.2,396.0,0,1,0,0,1,1,159.20000000000002,-73.0,791.2,-395.20000000000005,95.0,395.73333333333335,159.20000000000002,791.2,3.9442231075697207,1,22,0,1
172.4,99.4,0.0,791.2,396.0,281.2,1,0,0,1,1,1,-73.0,-99.4,-395.20000000000005,-114.80000000000001,90.60000000000001,489.4666666666667,172.4,510.00000000000006,281.2,1,22,1,1
99.4,0.0,238.2,396.0,281.2,3804.4,0,0,1,1,1,1,-99.4,238.2,-114.80000000000001,3523.2000000000003,112.53333333333335,1493.8666666666668,238.2,3523.2000000000003,15.904682274247493,1,22,1,1
0.0,238.2,2736.8,281.2,3804.4,3296.2,0,1,1,1,1,1,238.2,2498.6000000000004,3523.2000000000003,-508.2000000000003,991.6666666666666,2460.6,2736.8,3523.2000000000003,1.2039593834465627,3,2,1,1
238.2,2736.8,370.6,3804.4,3296.2,1208.2,1,1,1,1,1,1,2498.6000000000004,-2366.2000000000003,-508.2000000000003,-2088.0,1115.2,2769.6000000000004,2498.6000000000004,2596.2,3.251345532831001,1,22,2,2
2736.8,370.6,102400.0,3296.2,1208.2,102400.0,1,1,2,1,1,2,-2366.2000000000003,102029.4,-2088.0,101191.8,35169.13333333333,35634.799999999996,102029.4,101191.8,0.9999902344703665,1,22,0,0
370.6,102400.0,13.2,1208.2,102400.0,91.8,1,2,0,1,2,0,102029.4,-102386.8,101191.8,-102308.2,34261.26666666667,34566.666666666664,102386.8,102308.2,6.464788732394366,1,22,0,1
102400.0,13.2,31.2,102400.0,91.8,202.4,2,0,0,2,0,1,-102386.8,18.0,-102308.2,110.60000000000001,34148.13333333333,34231.4,102386.8,102308.2,6.285714285714286,1,22,0,1
13.2,31.2,0.0,91.8,202.4,576.0,0,0,0,0,1,1,18.0,-31.2,110.60000000000001,373.6,14.799999999999999,290.06666666666666,31.2,484.2,576.0,1,22,0,1
31.2,0.0,13.2,202.4,576.0,308.0,0,0,0,1,1,1,-31.2,13.2,373.6,-268.0,14.799999999999999,362.1333333333334,31.2,373.6,21.690140845070424,1,22,0,1
0.0,13.2,0.0,576.0,308.0,321.2,0,0,0,1,1,1,13.2,-13.2,-268.0,13.199999999999989,4.3999999999999995,401.73333333333335,13.2,268.0,321.2,1,22,0,1
13.2,0.0,31.2,308.0,321.2,364.0,0,0,0,1,1,1,-13.2,31.2,13.199999999999989,42.80000000000001,14.799999999999999,331.06666666666666,31.2,56.0,11.304347826086955,1,22,0,1
0.0,31.2,0.0,321.2,364.0,1111.2,0,0,0,1,1,1,31.2,-31.2,42.80000000000001,747.2,10.4,598.8000000000001,31.2,790.0,1111.2,1,22,0,1
31.2,0.0,149.6,364.0,1111.2,3806.8,0,0,0,1,1,1,-31.2,149.6,747.2,2695.6000000000004,60.26666666666666,1760.6666666666667,149.6,3442.8,25.277556440903055,1,22,0,1
0.0,149.6,18.0,1111.2,3806.8,271.6,0,0,0,1,1,1,149.6,-131.6,2695.6000000000004,-3535.2000000000003,55.86666666666667,1729.8666666666668,149.6,3535.2000000000003,14.294736842105264,1,22,0,1
149.6,18.0,97.2,3806.8,271.6,3162.8,0,0,0,1,1,1,-131.6,79.2,-3535.2000000000003,2891.2000000000003,88.26666666666667,2413.7333333333336,131.6,3535.2000000000003,32.20773930753564,1,22,0,1
18.0,97.2,18.0,271.6,3162.8,784.4,0,0,0,1,1,1,79.2,-79.2,2891.2000000000003,-2378.4,44.4,1406.2666666666667,79.2,2891.2000000000003,41.28421052631579,1,22,1,1
97.2,18.0,4320.0,3162.8,784.4,2079.0,0,0,1,1,1,1,-79.2,4302.0,-2378.4,1294.6,1478.3999999999999,2008.7333333333336,4302.0,2378.4,0.4811386253182134,1,22,0,1
18.0,4320.0,31.2,784.4,2079.0,531.0,0,1,0,1,1,1,4302.0,-4288.8,1294.6,-1548.0,1456.3999999999999,1131.4666666666667,4302.0,1548.0,16.490683229813662,1,22,0,1
4320.0,31.2,0.0,2079.0,531.0,790.0,1,0,0,1,1,1,-4288.8,-31.2,-1548.0,259.0,1450.3999999999999,1133.3333333333333,4320.0,1548.0,790.0,1,22,0,1
31.2,0.0,123.2,531.0,790.0,3429.6,0,0,0,1,1,1,-31.2,123.2,259.0,2639.6,51.46666666666667,1583.5333333333335,123.2,2898.6,27.613526570048307,1,22,0,1
0.0,123.2,18.0,790.0,3429.6,644.4,0,0,0,1,1,1,123.2,-105.2,2639.6,-2785.2,47.06666666666666,1621.3333333333333,123.2,2785.2,33.91578947368421,1,22,1,1
123.2,18.0,178.4,3429.6,644.4,3800.8,0,0,1,1,1,1,-105.2,160.4,-2785.2,3156.4,106.53333333333335,2624.9333333333334,160.4,3156.4,21.18617614269788,1,22,0,1
18.0,178.4,18.0,644.4,3800.8,292.8,0,1,0,1,1,1,160.4,-160.4,3156.4,-3508.0,71.46666666666667,1579.3333333333333,160.4,3508.0,15.410526315789474,1,22,0,1
178.4,18.0,18.0,3800.8,292.8,846.0,1,0,0,1,1,1,-160.4,0.0,-3508.0,553.2,71.46666666666667,1646.5333333333335,160.4,3508.0,44.526315789473685,1,22,0,1
18.0,18.0,0.0,292.8,846.0,316.4,0,0,0,1,1,1,0.0,-18.0,553.2,-529.6,12.0,485.0666666666666,18.0,553.2,316.4,1,22,0,1
18.0,0.0,0.0,846.0,316.4,374.4,0,0,0,1,1,1,-18.0,0.0,-529.6,58.0,6.0,512.2666666666668,18.0,529.6,374.4,1,22,0,1
0.0,0.0,0.0,316.4,374.4,833.2,0,0,0,1,1,1,0.0,0.0,58.0,458.80000000000007,0.0,508.0,0.0,516.8000000000001,833.2,1,22,0,1
0.0,0.0,0.0,374.4,833.2,214.0,0,0,0,1,1,1,0.0,0.0,458.80000000000007,-619.2,0.0,473.8666666666666,0.0,619.2,214.0,1,22,0,1
0.0,0.0,13.2,833.2,214.0,495.2,0,0,0,1,1,1,0.0,13.2,-619.2,281.2,4.3999999999999995,514.1333333333333,13.2,619.2,34.87323943661972,1,22,0,1
0.0,13.2,0.0,214.0,495.2,846.4,0,0,0,1,1,1,13.2,-13.2,281.2,351.2,4.3999999999999995,518.5333333333333,13.2,632.4,846.4,1,22,1,1
13.2,0.0,154.4,495.2,846.4,4067.2,0,0,1,1,1,1,-13.2,154.4,351.2,3220.7999999999997,55.86666666666667,1802.9333333333332,154.4,3572.0,26.17245817245817,1,22,0,1
0.0,154.4,0.0,846.4,4067.2,833.2,0,1,0,1,1,1,154.4,-154.4,3220.7999999999997,-3234.0,51.46666666666667,1915.5999999999997,154.4,3234.0,833.2,1,22,0,1
154.4,0.0,31.2,4067.2,833.2,516.4,1,0,0,1,1,1,-154.4,31.2,-3234.0,-316.80000000000007,61.86666666666667,1805.5999999999997,154.4,3550.7999999999997,16.03726708074534,1,22,0,1
0.0,31.2,0.0,833.2,516.4,281.2,0,0,0,1,1,1,31.2,-31.2,-316.80000000000007,-235.2,10.4,543.6,31.2,552.0,281.2,1,22,0,1
31.2,0.0,13.2,516.4,281.2,659.6,0,0,0,1,1,1,-31.2,13.2,-235.2,378.40000000000003,14.799999999999999,485.7333333333333,31.2,378.40000000000003,46.45070422535212,1,22,0,1
0.0,13.2,0.0,281.2,659.6,186.8,0,0,0,1,1,1,13.2,-13.2,378.40000000000003,-472.8,4.3999999999999995,375.8666666666666,13.2,472.8,186.8,1,22,0,1
13.2,0.0,31.2,659.6,186.8,516.4,0,0,0,1,1,1,-13.2,31.2,-472.8,329.59999999999997,14.799999999999999,454.2666666666667,31.2,472.8,16.03726708074534,1,22,0,1
0.0,31.2,13.2,186.8,516.4,5198.8,0,0,0,1,1,1,31.2,-18.0,329.59999999999997,4682.400000000001,14.799999999999999,1967.3333333333333,31.2,5012.0,366.11267605633805,1,22,1,1
31.2,13.2,630.4,516.4,5198.8,5015.6,0,0,1,1,1,1,-18.0,617.1999999999999,4682.400000000001,-183.19999999999982,224.9333333333333,3576.933333333333,617.1999999999999,4682.400000000001,7.9436173582515055,1,22,0,1
13.2,630.4,0.0,5198.8,5015.6,381.6,0,1,0,1,1,1,617.1999999999999,-630.4,-183.19999999999982,-4634.0,214.53333333333333,3532.0000000000005,630.4,4817.2,381.6,1,22,2,2
630.4,0.0,60919.6,5015.6,381.6,7538.8,1,0,2,1,1,2,-630.4,60919.6,-4634.0,7157.2,20516.666666666668,4312.0,60919.6,7157.2,0.1237479604600086,1,22,2,2
0.0,60919.6,7807.8,381.6,7538.8,30313.8,0,2,2,1,2,2,60919.6,-53111.799999999996,7157.2,22775.0,22909.13333333333,12744.733333333332,60919.6,29932.2,3.8820049175289415,1,22,1,1
60919.6,7807.8,1604.4,7538.8,30313.8,326.8,2,2,1,2,2,1,-53111.799999999996,-6203.4,22775.0,-29987.0,23443.93333333333,12726.466666666667,59315.2,29987.0,0.20356297495951164,1,22,1,1
7807.8,1604.4,3704.6,30313.8,326.8,4856.2,2,1,1,2,1,1,-6203.4,2100.2,-29987.0,4529.4,4372.266666666667,11832.266666666665,6203.4,29987.0,1.3105030224525043,2,3,1,1
1604.4,3704.6,1047.2,326.8,4856.2,984.8,1,1,1,1,1,1,2100.2,-2657.3999999999996,4529.4,-3871.3999999999996,2118.733333333333,2055.9333333333334,2657.3999999999996,4529.4,0.9395153596641861,2,3,2,2
3704.6,1047.2,60468.2,4856.2,984.8,7037.0,1,1,2,1,1,2,-2657.3999999999996,59421.0,-3871.3999999999996,6052.2,21740.0,4292.666666666667,59421.0,6052.2,0.11637329417290125,2,3,2,1
1047.2,60468.2,7404.8,984.8,7037.0,2002.2,1,2,2,1,2,1,59421.0,-53063.399999999994,6052.2,-5034.8,22973.399999999998,3341.3333333333335,59421.0,6052.2,0.270355667179778,2,3,1,1
60468.2,7404.8,3981.2,7037.0,2002.2,3645.4,2,2,1,2,1,1,-53063.399999999994,-3423.6000000000004,-5034.8,1643.2,23951.399999999998,4228.2,56487.0,5034.8,0.9154236351765357,2,3,2,1
7404.8,3981.2,59569.2,2002.2,3645.4,2134.8,2,1,2,1,1,1,-3423.6000000000004,55588.0,1643.2,-1510.6,23651.733333333334,2594.1333333333337,55588.0,1643.2,0.03583671030145946,2,3,0,0
3981.2,59569.2,26.4,3645.4,2134.8,126.6,1,2,0,1,1,0,55588.0,-59542.799999999996,-1510.6,-2008.2000000000003,21192.266666666666,1968.9333333333336,59542.799999999996,3518.8,4.62043795620438,2,3,2,2
59569.2,26.4,61175.8,2134.8,126.6,10441.8,2,0,2,1,0,2,-59542.799999999996,61149.4,-2008.2000000000003,10315.199999999999,40257.13333333333,4234.4,61149.4,10315.199999999999,0.1706823501719606,1,22,2,1
26.4,61175.8,52398.4,126.6,10441.8,5370.4,0,2,2,0,2,1,61149.4,-8777.400000000001,10315.199999999999,-5071.4,37866.86666666667,5312.933333333333,61149.4,10315.199999999999,0.10248972316476905,1,22,2,1
61175.8,52398.4,40514.4,10441.8,5370.4,5068.0,2,2,2,2,1,1,-8777.400000000001,-11884.0,-5071.4,-302.39999999999964,51362.86666666667,6960.066666666666,20661.4,5373.799999999999,0.12508823805269106,1,22,2,1
52398.4,40514.4,40555.2,5370.4,5068.0,5645.6,2,2,2,1,1,1,-11884.0,40.799999999995634,-302.39999999999964,577.6000000000004,44489.333333333336,5361.333333333333,11884.0,577.6000000000004,0.1392043633279252,1,22,2,1
40514.4,40555.2,26967.0,5068.0,5645.6,2563.8,2,2,2,1,1,1,40.799999999995634,-13588.199999999997,577.6000000000004,-3081.8,36012.200000000004,4425.8,13588.199999999997,3081.8,0.09506822901216257,1,22,0,0
40555.2,26967.0,13.2,5645.6,2563.8,146.4,2,2,0,1,1,0,-13588.199999999997,-26953.8,-3081.8,-2417.4,22511.8,2785.266666666667,40542.0,5499.200000000001,10.309859154929578,1,22,0,1
26967.0,13.2,0.0,2563.8,146.4,576.0,2,0,0,1,0,1,-26953.8,-13.2,-2417.4,429.6,8993.4,1095.4,26967.0,2417.4,576.0,1,22,0,1
13.2,0.0,31.2,146.4,576.0,283.2,0,0,0,0,1,1,-13.2,31.2,429.6,-292.8,14.799999999999999,335.2,31.2,429.6,8.79503105590062,1,22,0,1
0.0,31.2,0.0,576.0,283.2,495.2,0,0,0,1,1,1,31.2,-31.2,-292.8,212.0,10.4,451.4666666666667,31.2,292.8,495.2,1,22,0,1
31.2,0.0,13.2,283.2,495.2,227.2,0,0,0,1,1,1,-31.2,13.2,212.0,-268.0,14.799999999999999,335.2,31.2,268.0,16.0,1,22,0,1
0.0,13.2,0.0,495.2,227.2,576.0,0,0,0,1,1,1,13.2,-13.2,-268.0,348.8,4.3999999999999995,432.8,13.2,348.8,576.0,1,22,1,1
13.2,0.0,2793.6,227.2,576.0,1758.8,0,0,1,1,1,1,-13.2,2793.6,348.8,1182.8,935.5999999999999,854.0,2793.6,1531.6,0.6293566163314964,1,22,1,1
0.0,2793.6,170.6,576.0,1758.8,934.4,0,1,1,1,1,1,2793.6,-2623.0,1182.8,-824.4,988.0666666666666,1089.7333333333333,2793.6,1182.8,5.445221445221446,1,22,0,1
2793.6,170.6,13.2,1758.8,934.4,227.2,1,1,0,1,1,1,-2623.0,-157.4,-824.4,-707.2,992.4666666666666,973.4666666666666,2780.4,1531.6,16.0,1,22,0,1
170.6,13.2,0.0,934.4,227.2,495.2,1,0,0,1,1,1,-157.4,-13.2,-707.2,268.0,61.26666666666666,552.2666666666667,170.6,707.2,495.2,1,22,0,1
13.2,0.0,0.0,227.2,495.2,926.4,0,0,0,1,1,1,-13.2,0.0,268.0,431.2,4.3999999999999995,549.6,13.2,699.2,926.4,1,22,0,1
0.0,0.0,31.2,495.2,926.4,180.8,0,0,0,1,1,1,0.0,31.2,431.2,-745.5999999999999,10.4,534.1333333333333,31.2,745.5999999999999,5.614906832298137,1,22,0,1
0.0,31.2,0.0,926.4,180.8,1303.2,0,0,0,1,1,1,31.2,-31.2,-745.5999999999999,1122.4,10.4,803.4666666666667,31.2,1122.4,1303.2,1,22,0,0
31.2,0.0,0.0,180.8,1303.2,49.2,0,0,0,1,1,0,-31.2,0.0,1122.4,-1254.0,10.4,511.06666666666666,31.2,1254.0,49.2,1,22,1,1
0.0,0.0,3021.8,1303.2,49.2,3462.6,0,0,1,1,0,1,0.0,3021.8,-1254.0,3413.4,1007.2666666666668,1605.0,3021.8,3413.4,1.1454942437475188,1,22,1,1
0.0,3021.8,2314.4,49.2,3462.6,2690.6,0,1,1,0,1,1,3021.8,-707.4000000000001,3413.4,-772.0,1778.7333333333336,2067.4666666666667,3021.8,3413.4,1.1620454349140537,1,22,1,1
3021.8,2314.4,211.0,3462.6,2690.6,294.4,1,1,1,1,1,1,-707.4000000000001,-2103.4,-772.0,-2396.2,1849.0666666666668,2149.2,2810.8,3168.2,1.3886792452830188,1,22,0,1
2314.4,211.0,31.2,2690.6,294.4,180.8,1,1,0,1,1,1,-2103.4,-179.8,-2396.2,-113.59999999999997,852.1999999999999,1055.2666666666667,2283.2000000000003,2509.7999999999997,5.614906832298137,1,22,0,1
211.0,31.2,0.0,294.4,180.8,1340.8,1,0,0,1,1,1,-179.8,-31.2,-113.59999999999997,1160.0,80.73333333333333,605.3333333333334,211.0,1160.0,1340.8,1,22,0,1
31.2,0.0,0.0,180.8,1340.8,341.2,0,0,0,1,1,1,-31.2,0.0,1160.0,-999.5999999999999,10.4,620.9333333333333,31.2,1160.0,341.2,1,22,0,0
0.0,0.0,13.2,1340.8,341.2,0.0,0,0,0,1,1,0,0.0,13.2,-999.5999999999999,-341.2,4.3999999999999995,560.6666666666666,13.2,1340.8,0.0,1,22,0,1
0.0,13.2,0.0,341.2,0.0,852.8,0,0,0,1,0,1,13.2,-13.2,-341.2,852.8,4.3999999999999995,398.0,13.2,852.8,852.8,1,22,0,1
13.2,0.0,18.0,0.0,852.8,880.8,0,0,0,0,1,1,-13.2,18.0,852.8,28.0,10.4,577.8666666666667,18.0,880.8,46.357894736842105,1,22,0,1
0.0,18.0,13.2,852.8,880.8,803.2,0,0,0,1,1,1,18.0,-4.800000000000001,28.0,-77.59999999999991,10.4,845.6,18.0,77.59999999999991,56.563380281690144,1,22,2,1
18.0,13.2,10836.0,880.8,803.2,4565.4,0,0,2,1,1,1,-4.800000000000001,10822.8,-77.59999999999991,3762.2,3622.4,2083.133333333333,10822.8,3762.2,0.42127895173941127,1,22,0,1
13.2,10836.0,26.4,803.2,4565.4,218.6,0,2,0,1,1,1,10822.8,-10809.6,3762.2,-4346.799999999999,3625.2000000000003,1862.3999999999999,10822.8,4346.799999999999,7.978102189781022,1,22,0,0
10836.0,26.4,0.0,4565.4,218.6,0.0,2,0,0,1,1,0,-10809.6,-26.4,-4346.799999999999,-218.6,3620.7999999999997,1594.6666666666667,10836.0,4565.4,0.0,1,22,1,1
26.4,0.0,161.8,218.6,0.0,5724.4,0,0,1,1,0,1,-26.4,161.8,-218.6,5724.4,62.73333333333334,1981.0,161.8,5724.4,35.162162162162154,2,3,1,1
